{
"elements":[
{
"from":[7.0312,-4.9638,7.0312],
"to":[8.9995,-4.65625,8.9995],
"faces":{
"down":{"uv":[7,6,9,8],"texture":"#LightGunModel"},
"up":{"uv":[7,6,9,8],"texture":"#LightGunModel"},
"north":{"uv":[7,6,9,8],"texture":"#LightGunModel"},
"south":{"uv":[7,6,9,8],"texture":"#LightGunModel"},
"west":{"uv":[7,6,9,8],"texture":"#LightGunModel"},
"east":{"uv":[7,6,9,8],"texture":"#LightGunModel"}
}
},
{
"from":[7.5079,-4.6747,7.0158],
"to":[8.492041,-2.21432,8.9841],
"faces":{
"down":{"uv":[7,6,9,8],"texture":"#LightGunModel"},
"up":{"uv":[7,6,9,8],"texture":"#LightGunModel"},
"north":{"uv":[7,6,9,8],"texture":"#LightGunModel"},
"south":{"uv":[7,6,9,8],"texture":"#LightGunModel"},
"west":{"uv":[7,6,9,8],"texture":"#LightGunModel"},
"east":{"uv":[7,6,9,8],"texture":"#LightGunModel"}
}
},
{
"from":[7.0158,-4.6747,7.5079],
"to":[8.9841,-2.21432,8.492041],
"faces":{
"down":{"uv":[7,6,9,8],"texture":"#LightGunModel"},
"up":{"uv":[7,6,9,8],"texture":"#LightGunModel"},
"north":{"uv":[7,6,9,8],"texture":"#LightGunModel"},
"south":{"uv":[7,6,9,8],"texture":"#LightGunModel"},
"west":{"uv":[7,6,9,8],"texture":"#LightGunModel"},
"east":{"uv":[7,6,9,8],"texture":"#LightGunModel"}
}
},
{
"from":[7.1406,-5.3378,7.1406],
"to":[8.86286,-4.96874,8.86286],
"faces":{
"down":{"uv":[7,6,9,8],"texture":"#LightGunModel"},
"up":{"uv":[7,6,9,8],"texture":"#LightGunModel"},
"north":{"uv":[7,6,9,8],"texture":"#LightGunModel"},
"south":{"uv":[7,6,9,8],"texture":"#LightGunModel"},
"west":{"uv":[7,6,9,8],"texture":"#LightGunModel"},
"east":{"uv":[7,6,9,8],"texture":"#LightGunModel"}
}
},
{
"from":[8.4921,-4.6747,8.4921],
"to":[8.861159,-2.21432,8.799649],
"faces":{
"down":{"uv":[7,6,9,8],"texture":"#LightGunModel"},
"up":{"uv":[7,6,9,8],"texture":"#LightGunModel"},
"north":{"uv":[7,6,9,8],"texture":"#LightGunModel"},
"south":{"uv":[7,6,9,8],"texture":"#LightGunModel"},
"west":{"uv":[7,6,9,8],"texture":"#LightGunModel"},
"east":{"uv":[7,6,9,8],"texture":"#LightGunModel"}
}
},
{
"from":[8.4844,-4.6791,8.5781],
"to":[8.79194,-2.21872,8.88564],
"faces":{
"down":{"uv":[7,6,9,8],"texture":"#LightGunModel"},
"up":{"uv":[7,6,9,8],"texture":"#LightGunModel"},
"north":{"uv":[7,6,9,8],"texture":"#LightGunModel"},
"south":{"uv":[7,6,9,8],"texture":"#LightGunModel"},
"west":{"uv":[7,6,9,8],"texture":"#LightGunModel"},
"east":{"uv":[7,6,9,8],"texture":"#LightGunModel"}
}
},
{
"from":[8.4921,-4.6747,7.2619],
"to":[8.861159,-2.21432,7.56944],
"faces":{
"down":{"uv":[7,6,9,8],"texture":"#LightGunModel"},
"up":{"uv":[7,6,9,8],"texture":"#LightGunModel"},
"north":{"uv":[7,6,9,8],"texture":"#LightGunModel"},
"south":{"uv":[7,6,9,8],"texture":"#LightGunModel"},
"west":{"uv":[7,6,9,8],"texture":"#LightGunModel"},
"east":{"uv":[7,6,9,8],"texture":"#LightGunModel"}
}
},
{
"from":[8.4921,-4.6747,7.1389],
"to":[8.799649,-2.21432,7.44645],
"faces":{
"down":{"uv":[7,6,9,8],"texture":"#LightGunModel"},
"up":{"uv":[7,6,9,8],"texture":"#LightGunModel"},
"north":{"uv":[7,6,9,8],"texture":"#LightGunModel"},
"south":{"uv":[7,6,9,8],"texture":"#LightGunModel"},
"west":{"uv":[7,6,9,8],"texture":"#LightGunModel"},
"east":{"uv":[7,6,9,8],"texture":"#LightGunModel"}
}
},
{
"from":[7.2619,-4.6747,7.1389],
"to":[7.56944,-2.21432,7.44645],
"faces":{
"down":{"uv":[7,6,9,8],"texture":"#LightGunModel"},
"up":{"uv":[7,6,9,8],"texture":"#LightGunModel"},
"north":{"uv":[7,6,9,8],"texture":"#LightGunModel"},
"south":{"uv":[7,6,9,8],"texture":"#LightGunModel"},
"west":{"uv":[7,6,9,8],"texture":"#LightGunModel"},
"east":{"uv":[7,6,9,8],"texture":"#LightGunModel"}
}
},
{
"from":[7.1389,-4.6747,7.2619],
"to":[7.50796,-2.21432,7.56944],
"faces":{
"down":{"uv":[7,6,9,8],"texture":"#LightGunModel"},
"up":{"uv":[7,6,9,8],"texture":"#LightGunModel"},
"north":{"uv":[7,6,9,8],"texture":"#LightGunModel"},
"south":{"uv":[7,6,9,8],"texture":"#LightGunModel"},
"west":{"uv":[7,6,9,8],"texture":"#LightGunModel"},
"east":{"uv":[7,6,9,8],"texture":"#LightGunModel"}
}
},
{
"from":[7.1389,-4.6747,8.4921],
"to":[7.50796,-2.21432,8.799649],
"faces":{
"down":{"uv":[7,6,9,8],"texture":"#LightGunModel"},
"up":{"uv":[7,6,9,8],"texture":"#LightGunModel"},
"north":{"uv":[7,6,9,8],"texture":"#LightGunModel"},
"south":{"uv":[7,6,9,8],"texture":"#LightGunModel"},
"west":{"uv":[7,6,9,8],"texture":"#LightGunModel"},
"east":{"uv":[7,6,9,8],"texture":"#LightGunModel"}
}
},
{
"from":[7.2656,-4.6791,8.5781],
"to":[7.57314,-2.21872,8.88564],
"faces":{
"down":{"uv":[7,6,9,8],"texture":"#LightGunModel"},
"up":{"uv":[7,6,9,8],"texture":"#LightGunModel"},
"north":{"uv":[7,6,9,8],"texture":"#LightGunModel"},
"south":{"uv":[7,6,9,8],"texture":"#LightGunModel"},
"west":{"uv":[7,6,9,8],"texture":"#LightGunModel"},
"east":{"uv":[7,6,9,8],"texture":"#LightGunModel"}
}
},
{
"from":[7.2619,-2.2143,7.2619],
"to":[8.738119,5.16682,8.738119],
"faces":{
"down":{"uv":[7,6,9,8],"texture":"#LightGunModel"},
"up":{"uv":[7,6,9,8],"texture":"#LightGunModel"},
"north":{"uv":[7,6,9,8],"texture":"#LightGunModel"},
"south":{"uv":[7,6,9,8],"texture":"#LightGunModel"},
"west":{"uv":[7,6,9,8],"texture":"#LightGunModel"},
"east":{"uv":[7,6,9,8],"texture":"#LightGunModel"}
}
},
{
"from":[7.5079,-2.2143,7.1389],
"to":[8.492041,5.16682,8.86116],
"faces":{
"down":{"uv":[7,6,9,8],"texture":"#LightGunModel"},
"up":{"uv":[7,6,9,8],"texture":"#LightGunModel"},
"north":{"uv":[7,6,9,8],"texture":"#LightGunModel"},
"south":{"uv":[7,6,9,8],"texture":"#LightGunModel"},
"west":{"uv":[7,6,9,8],"texture":"#LightGunModel"},
"east":{"uv":[7,6,9,8],"texture":"#LightGunModel"}
}
},
{
"from":[7.1389,-2.2143,7.5079],
"to":[8.86116,5.16682,8.492041],
"faces":{
"down":{"uv":[7,6,9,8],"texture":"#LightGunModel"},
"up":{"uv":[7,6,9,8],"texture":"#LightGunModel"},
"north":{"uv":[7,6,9,8],"texture":"#LightGunModel"},
"south":{"uv":[7,6,9,8],"texture":"#LightGunModel"},
"west":{"uv":[7,6,9,8],"texture":"#LightGunModel"},
"east":{"uv":[7,6,9,8],"texture":"#LightGunModel"}
}
},
{
"from":[7.0158,-1.9683,7.5079],
"to":[8.9841,-0.738112,7.87695],
"faces":{
"down":{"uv":[7,6,9,8],"texture":"#LightGunModel"},
"up":{"uv":[7,6,9,8],"texture":"#LightGunModel"},
"north":{"uv":[7,6,9,8],"texture":"#LightGunModel"},
"south":{"uv":[7,6,9,8],"texture":"#LightGunModel"},
"west":{"uv":[7,6,9,8],"texture":"#LightGunModel"},
"east":{"uv":[7,6,9,8],"texture":"#LightGunModel"}
}
},
{
"from":[7.0158,-1.9683,8.123],
"to":[8.9841,-0.738112,8.49206],
"faces":{
"down":{"uv":[7,6,9,8],"texture":"#LightGunModel"},
"up":{"uv":[7,6,9,8],"texture":"#LightGunModel"},
"north":{"uv":[7,6,9,8],"texture":"#LightGunModel"},
"south":{"uv":[7,6,9,8],"texture":"#LightGunModel"},
"west":{"uv":[7,6,9,8],"texture":"#LightGunModel"},
"east":{"uv":[7,6,9,8],"texture":"#LightGunModel"}
}
},
{
"from":[7.5079,-1.9683,7.0158],
"to":[7.87695,-0.738112,8.9841],
"faces":{
"down":{"uv":[7,6,9,8],"texture":"#LightGunModel"},
"up":{"uv":[7,6,9,8],"texture":"#LightGunModel"},
"north":{"uv":[7,6,9,8],"texture":"#LightGunModel"},
"south":{"uv":[7,6,9,8],"texture":"#LightGunModel"},
"west":{"uv":[7,6,9,8],"texture":"#LightGunModel"},
"east":{"uv":[7,6,9,8],"texture":"#LightGunModel"}
}
},
{
"from":[8.123,-1.9683,7.0158],
"to":[8.49206,-0.738112,8.9841],
"faces":{
"down":{"uv":[7,6,9,8],"texture":"#LightGunModel"},
"up":{"uv":[7,6,9,8],"texture":"#LightGunModel"},
"north":{"uv":[7,6,9,8],"texture":"#LightGunModel"},
"south":{"uv":[7,6,9,8],"texture":"#LightGunModel"},
"west":{"uv":[7,6,9,8],"texture":"#LightGunModel"},
"east":{"uv":[7,6,9,8],"texture":"#LightGunModel"}
}
},
{
"from":[7.2619,-1.9683,7.1389],
"to":[7.56944,-0.738112,8.86116],
"faces":{
"down":{"uv":[7,6,9,8],"texture":"#LightGunModel"},
"up":{"uv":[7,6,9,8],"texture":"#LightGunModel"},
"north":{"uv":[7,6,9,8],"texture":"#LightGunModel"},
"south":{"uv":[7,6,9,8],"texture":"#LightGunModel"},
"west":{"uv":[7,6,9,8],"texture":"#LightGunModel"},
"east":{"uv":[7,6,9,8],"texture":"#LightGunModel"}
}
},
{
"from":[8.4921,-1.9683,7.1389],
"to":[8.799649,-0.738112,8.86116],
"faces":{
"down":{"uv":[7,6,9,8],"texture":"#LightGunModel"},
"up":{"uv":[7,6,9,8],"texture":"#LightGunModel"},
"north":{"uv":[7,6,9,8],"texture":"#LightGunModel"},
"south":{"uv":[7,6,9,8],"texture":"#LightGunModel"},
"west":{"uv":[7,6,9,8],"texture":"#LightGunModel"},
"east":{"uv":[7,6,9,8],"texture":"#LightGunModel"}
}
},
{
"from":[8.4921,-1.9683,7.1389],
"to":[8.799649,-0.738112,8.86116],
"faces":{
"down":{"uv":[7,6,9,8],"texture":"#LightGunModel"},
"up":{"uv":[7,6,9,8],"texture":"#LightGunModel"},
"north":{"uv":[7,6,9,8],"texture":"#LightGunModel"},
"south":{"uv":[7,6,9,8],"texture":"#LightGunModel"},
"west":{"uv":[7,6,9,8],"texture":"#LightGunModel"},
"east":{"uv":[7,6,9,8],"texture":"#LightGunModel"}
}
},
{
"from":[8.4921,-1.9683,7.1389],
"to":[8.799649,-0.738112,8.86116],
"faces":{
"down":{"uv":[7,6,9,8],"texture":"#LightGunModel"},
"up":{"uv":[7,6,9,8],"texture":"#LightGunModel"},
"north":{"uv":[7,6,9,8],"texture":"#LightGunModel"},
"south":{"uv":[7,6,9,8],"texture":"#LightGunModel"},
"west":{"uv":[7,6,9,8],"texture":"#LightGunModel"},
"east":{"uv":[7,6,9,8],"texture":"#LightGunModel"}
}
},
{
"from":[7.1389,-1.9683,7.2619],
"to":[8.86116,-0.738112,7.56944],
"faces":{
"down":{"uv":[7,6,9,8],"texture":"#LightGunModel"},
"up":{"uv":[7,6,9,8],"texture":"#LightGunModel"},
"north":{"uv":[7,6,9,8],"texture":"#LightGunModel"},
"south":{"uv":[7,6,9,8],"texture":"#LightGunModel"},
"west":{"uv":[7,6,9,8],"texture":"#LightGunModel"},
"east":{"uv":[7,6,9,8],"texture":"#LightGunModel"}
}
},
{
"from":[7.1389,-1.9683,8.4921],
"to":[8.86116,-0.738112,8.799649],
"faces":{
"down":{"uv":[7,6,9,8],"texture":"#LightGunModel"},
"up":{"uv":[7,6,9,8],"texture":"#LightGunModel"},
"north":{"uv":[7,6,9,8],"texture":"#LightGunModel"},
"south":{"uv":[7,6,9,8],"texture":"#LightGunModel"},
"west":{"uv":[7,6,9,8],"texture":"#LightGunModel"},
"east":{"uv":[7,6,9,8],"texture":"#LightGunModel"}
}
},
{
"from":[8.123,-0.4921,7.0158],
"to":[8.49206,0.73809,8.9841],
"faces":{
"down":{"uv":[7,6,9,8],"texture":"#LightGunModel"},
"up":{"uv":[7,6,9,8],"texture":"#LightGunModel"},
"north":{"uv":[7,6,9,8],"texture":"#LightGunModel"},
"south":{"uv":[7,6,9,8],"texture":"#LightGunModel"},
"west":{"uv":[7,6,9,8],"texture":"#LightGunModel"},
"east":{"uv":[7,6,9,8],"texture":"#LightGunModel"}
}
},
{
"from":[7.5079,-0.4921,7.0158],
"to":[7.87695,0.73809,8.9841],
"faces":{
"down":{"uv":[7,6,9,8],"texture":"#LightGunModel"},
"up":{"uv":[7,6,9,8],"texture":"#LightGunModel"},
"north":{"uv":[7,6,9,8],"texture":"#LightGunModel"},
"south":{"uv":[7,6,9,8],"texture":"#LightGunModel"},
"west":{"uv":[7,6,9,8],"texture":"#LightGunModel"},
"east":{"uv":[7,6,9,8],"texture":"#LightGunModel"}
}
},
{
"from":[8.4921,-0.4921,7.1389],
"to":[8.799649,0.73809,8.86116],
"faces":{
"down":{"uv":[7,6,9,8],"texture":"#LightGunModel"},
"up":{"uv":[7,6,9,8],"texture":"#LightGunModel"},
"north":{"uv":[7,6,9,8],"texture":"#LightGunModel"},
"south":{"uv":[7,6,9,8],"texture":"#LightGunModel"},
"west":{"uv":[7,6,9,8],"texture":"#LightGunModel"},
"east":{"uv":[7,6,9,8],"texture":"#LightGunModel"}
}
},
{
"from":[7.2619,-0.4921,7.1389],
"to":[7.56944,0.73809,8.86116],
"faces":{
"down":{"uv":[7,6,9,8],"texture":"#LightGunModel"},
"up":{"uv":[7,6,9,8],"texture":"#LightGunModel"},
"north":{"uv":[7,6,9,8],"texture":"#LightGunModel"},
"south":{"uv":[7,6,9,8],"texture":"#LightGunModel"},
"west":{"uv":[7,6,9,8],"texture":"#LightGunModel"},
"east":{"uv":[7,6,9,8],"texture":"#LightGunModel"}
}
},
{
"from":[7.1389,-0.4921,8.4921],
"to":[8.86116,0.73809,8.799649],
"faces":{
"down":{"uv":[7,6,9,8],"texture":"#LightGunModel"},
"up":{"uv":[7,6,9,8],"texture":"#LightGunModel"},
"north":{"uv":[7,6,9,8],"texture":"#LightGunModel"},
"south":{"uv":[7,6,9,8],"texture":"#LightGunModel"},
"west":{"uv":[7,6,9,8],"texture":"#LightGunModel"},
"east":{"uv":[7,6,9,8],"texture":"#LightGunModel"}
}
},
{
"from":[7.0158,-0.4921,8.123],
"to":[8.9841,0.73809,8.49206],
"faces":{
"down":{"uv":[7,6,9,8],"texture":"#LightGunModel"},
"up":{"uv":[7,6,9,8],"texture":"#LightGunModel"},
"north":{"uv":[7,6,9,8],"texture":"#LightGunModel"},
"south":{"uv":[7,6,9,8],"texture":"#LightGunModel"},
"west":{"uv":[7,6,9,8],"texture":"#LightGunModel"},
"east":{"uv":[7,6,9,8],"texture":"#LightGunModel"}
}
},
{
"from":[7.0158,-0.4921,7.5079],
"to":[8.9841,0.73809,7.87695],
"faces":{
"down":{"uv":[7,6,9,8],"texture":"#LightGunModel"},
"up":{"uv":[7,6,9,8],"texture":"#LightGunModel"},
"north":{"uv":[7,6,9,8],"texture":"#LightGunModel"},
"south":{"uv":[7,6,9,8],"texture":"#LightGunModel"},
"west":{"uv":[7,6,9,8],"texture":"#LightGunModel"},
"east":{"uv":[7,6,9,8],"texture":"#LightGunModel"}
}
},
{
"from":[7.1389,-0.4921,7.2619],
"to":[8.86116,0.73809,7.56944],
"faces":{
"down":{"uv":[7,6,9,8],"texture":"#LightGunModel"},
"up":{"uv":[7,6,9,8],"texture":"#LightGunModel"},
"north":{"uv":[7,6,9,8],"texture":"#LightGunModel"},
"south":{"uv":[7,6,9,8],"texture":"#LightGunModel"},
"west":{"uv":[7,6,9,8],"texture":"#LightGunModel"},
"east":{"uv":[7,6,9,8],"texture":"#LightGunModel"}
}
},
{
"from":[7.0158,0.9842,7.5079],
"to":[8.9841,2.214386,7.87695],
"faces":{
"down":{"uv":[7,6,9,8],"texture":"#LightGunModel"},
"up":{"uv":[7,6,9,8],"texture":"#LightGunModel"},
"north":{"uv":[7,6,9,8],"texture":"#LightGunModel"},
"south":{"uv":[7,6,9,8],"texture":"#LightGunModel"},
"west":{"uv":[7,6,9,8],"texture":"#LightGunModel"},
"east":{"uv":[7,6,9,8],"texture":"#LightGunModel"}
}
},
{
"from":[7.0158,0.9842,8.123],
"to":[8.9841,2.214386,8.49206],
"faces":{
"down":{"uv":[7,6,9,8],"texture":"#LightGunModel"},
"up":{"uv":[7,6,9,8],"texture":"#LightGunModel"},
"north":{"uv":[7,6,9,8],"texture":"#LightGunModel"},
"south":{"uv":[7,6,9,8],"texture":"#LightGunModel"},
"west":{"uv":[7,6,9,8],"texture":"#LightGunModel"},
"east":{"uv":[7,6,9,8],"texture":"#LightGunModel"}
}
},
{
"from":[7.1389,0.9842,8.4921],
"to":[8.86116,2.214386,8.799649],
"faces":{
"down":{"uv":[7,6,9,8],"texture":"#LightGunModel"},
"up":{"uv":[7,6,9,8],"texture":"#LightGunModel"},
"north":{"uv":[7,6,9,8],"texture":"#LightGunModel"},
"south":{"uv":[7,6,9,8],"texture":"#LightGunModel"},
"west":{"uv":[7,6,9,8],"texture":"#LightGunModel"},
"east":{"uv":[7,6,9,8],"texture":"#LightGunModel"}
}
},
{
"from":[7.1389,0.9842,7.2619],
"to":[8.86116,2.214386,7.56944],
"faces":{
"down":{"uv":[7,6,9,8],"texture":"#LightGunModel"},
"up":{"uv":[7,6,9,8],"texture":"#LightGunModel"},
"north":{"uv":[7,6,9,8],"texture":"#LightGunModel"},
"south":{"uv":[7,6,9,8],"texture":"#LightGunModel"},
"west":{"uv":[7,6,9,8],"texture":"#LightGunModel"},
"east":{"uv":[7,6,9,8],"texture":"#LightGunModel"}
}
},
{
"from":[7.5079,0.9842,7.0158],
"to":[7.87695,2.214386,8.9841],
"faces":{
"down":{"uv":[7,6,9,8],"texture":"#LightGunModel"},
"up":{"uv":[7,6,9,8],"texture":"#LightGunModel"},
"north":{"uv":[7,6,9,8],"texture":"#LightGunModel"},
"south":{"uv":[7,6,9,8],"texture":"#LightGunModel"},
"west":{"uv":[7,6,9,8],"texture":"#LightGunModel"},
"east":{"uv":[7,6,9,8],"texture":"#LightGunModel"}
}
},
{
"from":[8.123,0.9842,7.0158],
"to":[8.49206,2.214386,8.9841],
"faces":{
"down":{"uv":[7,6,9,8],"texture":"#LightGunModel"},
"up":{"uv":[7,6,9,8],"texture":"#LightGunModel"},
"north":{"uv":[7,6,9,8],"texture":"#LightGunModel"},
"south":{"uv":[7,6,9,8],"texture":"#LightGunModel"},
"west":{"uv":[7,6,9,8],"texture":"#LightGunModel"},
"east":{"uv":[7,6,9,8],"texture":"#LightGunModel"}
}
},
{
"from":[8.4921,0.9842,7.1389],
"to":[8.799649,2.214386,8.86116],
"faces":{
"down":{"uv":[7,6,9,8],"texture":"#LightGunModel"},
"up":{"uv":[7,6,9,8],"texture":"#LightGunModel"},
"north":{"uv":[7,6,9,8],"texture":"#LightGunModel"},
"south":{"uv":[7,6,9,8],"texture":"#LightGunModel"},
"west":{"uv":[7,6,9,8],"texture":"#LightGunModel"},
"east":{"uv":[7,6,9,8],"texture":"#LightGunModel"}
}
},
{
"from":[7.2619,0.9842,7.1389],
"to":[7.56944,2.214386,8.86116],
"faces":{
"down":{"uv":[7,6,9,8],"texture":"#LightGunModel"},
"up":{"uv":[7,6,9,8],"texture":"#LightGunModel"},
"north":{"uv":[7,6,9,8],"texture":"#LightGunModel"},
"south":{"uv":[7,6,9,8],"texture":"#LightGunModel"},
"west":{"uv":[7,6,9,8],"texture":"#LightGunModel"},
"east":{"uv":[7,6,9,8],"texture":"#LightGunModel"}
}
},
{
"from":[8.123,2.4604,7.0158],
"to":[8.49206,3.69059,8.9841],
"faces":{
"down":{"uv":[7,6,9,8],"texture":"#LightGunModel"},
"up":{"uv":[7,6,9,8],"texture":"#LightGunModel"},
"north":{"uv":[7,6,9,8],"texture":"#LightGunModel"},
"south":{"uv":[7,6,9,8],"texture":"#LightGunModel"},
"west":{"uv":[7,6,9,8],"texture":"#LightGunModel"},
"east":{"uv":[7,6,9,8],"texture":"#LightGunModel"}
}
},
{
"from":[7.5079,2.4604,7.0158],
"to":[7.87695,3.69059,8.9841],
"faces":{
"down":{"uv":[7,6,9,8],"texture":"#LightGunModel"},
"up":{"uv":[7,6,9,8],"texture":"#LightGunModel"},
"north":{"uv":[7,6,9,8],"texture":"#LightGunModel"},
"south":{"uv":[7,6,9,8],"texture":"#LightGunModel"},
"west":{"uv":[7,6,9,8],"texture":"#LightGunModel"},
"east":{"uv":[7,6,9,8],"texture":"#LightGunModel"}
}
},
{
"from":[8.4921,2.4604,7.1389],
"to":[8.799649,3.69059,8.86116],
"faces":{
"down":{"uv":[7,6,9,8],"texture":"#LightGunModel"},
"up":{"uv":[7,6,9,8],"texture":"#LightGunModel"},
"north":{"uv":[7,6,9,8],"texture":"#LightGunModel"},
"south":{"uv":[7,6,9,8],"texture":"#LightGunModel"},
"west":{"uv":[7,6,9,8],"texture":"#LightGunModel"},
"east":{"uv":[7,6,9,8],"texture":"#LightGunModel"}
}
},
{
"from":[7.1389,2.4604,8.4921],
"to":[8.86116,3.69059,8.799649],
"faces":{
"down":{"uv":[7,6,9,8],"texture":"#LightGunModel"},
"up":{"uv":[7,6,9,8],"texture":"#LightGunModel"},
"north":{"uv":[7,6,9,8],"texture":"#LightGunModel"},
"south":{"uv":[7,6,9,8],"texture":"#LightGunModel"},
"west":{"uv":[7,6,9,8],"texture":"#LightGunModel"},
"east":{"uv":[7,6,9,8],"texture":"#LightGunModel"}
}
},
{
"from":[7.0158,2.4604,8.123],
"to":[8.9841,3.69059,8.49206],
"faces":{
"down":{"uv":[7,6,9,8],"texture":"#LightGunModel"},
"up":{"uv":[7,6,9,8],"texture":"#LightGunModel"},
"north":{"uv":[7,6,9,8],"texture":"#LightGunModel"},
"south":{"uv":[7,6,9,8],"texture":"#LightGunModel"},
"west":{"uv":[7,6,9,8],"texture":"#LightGunModel"},
"east":{"uv":[7,6,9,8],"texture":"#LightGunModel"}
}
},
{
"from":[7.1389,2.4604,7.2619],
"to":[8.86116,3.69059,7.56944],
"faces":{
"down":{"uv":[7,6,9,8],"texture":"#LightGunModel"},
"up":{"uv":[7,6,9,8],"texture":"#LightGunModel"},
"north":{"uv":[7,6,9,8],"texture":"#LightGunModel"},
"south":{"uv":[7,6,9,8],"texture":"#LightGunModel"},
"west":{"uv":[7,6,9,8],"texture":"#LightGunModel"},
"east":{"uv":[7,6,9,8],"texture":"#LightGunModel"}
}
},
{
"from":[7.0158,2.4604,7.5079],
"to":[8.9841,3.69059,7.87695],
"faces":{
"down":{"uv":[7,6,9,8],"texture":"#LightGunModel"},
"up":{"uv":[7,6,9,8],"texture":"#LightGunModel"},
"north":{"uv":[7,6,9,8],"texture":"#LightGunModel"},
"south":{"uv":[7,6,9,8],"texture":"#LightGunModel"},
"west":{"uv":[7,6,9,8],"texture":"#LightGunModel"},
"east":{"uv":[7,6,9,8],"texture":"#LightGunModel"}
}
},
{
"from":[7.2619,2.4604,7.1389],
"to":[7.56944,3.69059,8.86116],
"faces":{
"down":{"uv":[7,6,9,8],"texture":"#LightGunModel"},
"up":{"uv":[7,6,9,8],"texture":"#LightGunModel"},
"north":{"uv":[7,6,9,8],"texture":"#LightGunModel"},
"south":{"uv":[7,6,9,8],"texture":"#LightGunModel"},
"west":{"uv":[7,6,9,8],"texture":"#LightGunModel"},
"east":{"uv":[7,6,9,8],"texture":"#LightGunModel"}
}
},
{
"from":[7.5079,3.9366,7.0158],
"to":[8.492041,5.16679,8.9841],
"faces":{
"down":{"uv":[7,6,9,8],"texture":"#LightGunModel"},
"up":{"uv":[7,6,9,8],"texture":"#LightGunModel"},
"north":{"uv":[7,6,9,8],"texture":"#LightGunModel"},
"south":{"uv":[7,6,9,8],"texture":"#LightGunModel"},
"west":{"uv":[7,6,9,8],"texture":"#LightGunModel"},
"east":{"uv":[7,6,9,8],"texture":"#LightGunModel"}
}
},
{
"from":[7.0158,3.9366,7.5079],
"to":[8.9841,5.16679,8.492041],
"faces":{
"down":{"uv":[7,6,9,8],"texture":"#LightGunModel"},
"up":{"uv":[7,6,9,8],"texture":"#LightGunModel"},
"north":{"uv":[7,6,9,8],"texture":"#LightGunModel"},
"south":{"uv":[7,6,9,8],"texture":"#LightGunModel"},
"west":{"uv":[7,6,9,8],"texture":"#LightGunModel"},
"east":{"uv":[7,6,9,8],"texture":"#LightGunModel"}
}
},
{
"from":[7.1389,3.9366,8.4921],
"to":[8.86116,5.16679,8.799649],
"faces":{
"down":{"uv":[7,6,9,8],"texture":"#LightGunModel"},
"up":{"uv":[7,6,9,8],"texture":"#LightGunModel"},
"north":{"uv":[7,6,9,8],"texture":"#LightGunModel"},
"south":{"uv":[7,6,9,8],"texture":"#LightGunModel"},
"west":{"uv":[7,6,9,8],"texture":"#LightGunModel"},
"east":{"uv":[7,6,9,8],"texture":"#LightGunModel"}
}
},
{
"from":[7.2619,3.9366,7.1389],
"to":[7.56944,5.16679,8.86116],
"faces":{
"down":{"uv":[7,6,9,8],"texture":"#LightGunModel"},
"up":{"uv":[7,6,9,8],"texture":"#LightGunModel"},
"north":{"uv":[7,6,9,8],"texture":"#LightGunModel"},
"south":{"uv":[7,6,9,8],"texture":"#LightGunModel"},
"west":{"uv":[7,6,9,8],"texture":"#LightGunModel"},
"east":{"uv":[7,6,9,8],"texture":"#LightGunModel"}
}
},
{
"from":[8.4921,3.9366,7.1389],
"to":[8.799649,5.16679,8.86116],
"faces":{
"down":{"uv":[7,6,9,8],"texture":"#LightGunModel"},
"up":{"uv":[7,6,9,8],"texture":"#LightGunModel"},
"north":{"uv":[7,6,9,8],"texture":"#LightGunModel"},
"south":{"uv":[7,6,9,8],"texture":"#LightGunModel"},
"west":{"uv":[7,6,9,8],"texture":"#LightGunModel"},
"east":{"uv":[7,6,9,8],"texture":"#LightGunModel"}
}
},
{
"from":[7.1389,3.9366,7.2619],
"to":[8.86116,5.16679,7.56944],
"faces":{
"down":{"uv":[7,6,9,8],"texture":"#LightGunModel"},
"up":{"uv":[7,6,9,8],"texture":"#LightGunModel"},
"north":{"uv":[7,6,9,8],"texture":"#LightGunModel"},
"south":{"uv":[7,6,9,8],"texture":"#LightGunModel"},
"west":{"uv":[7,6,9,8],"texture":"#LightGunModel"},
"east":{"uv":[7,6,9,8],"texture":"#LightGunModel"}
}
},
{
"from":[7.0156,5.1463,7.25],
"to":[9.0156,5.45385,8.75],
"faces":{
"down":{"uv":[7,6,9,8],"texture":"#IronCover"},
"up":{"uv":[7,6,9,8],"texture":"#IronCover"},
"north":{"uv":[7,6,9,8],"texture":"#IronCover"},
"south":{"uv":[7,6,9,8],"texture":"#IronCover"},
"west":{"uv":[7,6,9,8],"texture":"#IronCover"},
"east":{"uv":[7,6,9,8],"texture":"#IronCover"}
}
},
{
"from":[7.2656,5.1463,6.5],
"to":[7.7656,5.45385,6.92188],
"faces":{
"down":{"uv":[7,6,9,8],"texture":"#IronCover"},
"up":{"uv":[7,6,9,8],"texture":"#IronCover"},
"north":{"uv":[7,6,9,8],"texture":"#IronCover"},
"south":{"uv":[7,6,9,8],"texture":"#IronCover"},
"west":{"uv":[7,6,9,8],"texture":"#IronCover"},
"east":{"uv":[7,6,9,8],"texture":"#IronCover"}
}
},
{
"from":[7.0938,5.1463,6.9219],
"to":[8.8438,5.45385,7.2969],
"faces":{
"down":{"uv":[7,6,9,8],"texture":"#IronCover"},
"up":{"uv":[7,6,9,8],"texture":"#IronCover"},
"north":{"uv":[7,6,9,8],"texture":"#IronCover"},
"south":{"uv":[7,6,9,8],"texture":"#IronCover"},
"west":{"uv":[7,6,9,8],"texture":"#IronCover"},
"east":{"uv":[7,6,9,8],"texture":"#IronCover"}
}
},
{
"from":[7.3849,5.1463,6.1547],
"to":[7.75395,5.45385,6.52376],
"faces":{
"down":{"uv":[7,6,9,8],"texture":"#IronCover"},
"up":{"uv":[7,6,9,8],"texture":"#IronCover"},
"north":{"uv":[7,6,9,8],"texture":"#IronCover"},
"south":{"uv":[7,6,9,8],"texture":"#IronCover"},
"west":{"uv":[7,6,9,8],"texture":"#IronCover"},
"east":{"uv":[7,6,9,8],"texture":"#IronCover"}
}
},
{
"from":[8.25,5.1463,6.5],
"to":[8.75,5.45385,6.95313],
"faces":{
"down":{"uv":[7,6,9,8],"texture":"#IronCover"},
"up":{"uv":[7,6,9,8],"texture":"#IronCover"},
"north":{"uv":[7,6,9,8],"texture":"#IronCover"},
"south":{"uv":[7,6,9,8],"texture":"#IronCover"},
"west":{"uv":[7,6,9,8],"texture":"#IronCover"},
"east":{"uv":[7,6,9,8],"texture":"#IronCover"}
}
},
{
"from":[7.754,5.1463,6.1547],
"to":[8.24608,5.45385,6.46225],
"faces":{
"down":{"uv":[7,6,9,8],"texture":"#IronCover"},
"up":{"uv":[7,6,9,8],"texture":"#IronCover"},
"north":{"uv":[7,6,9,8],"texture":"#IronCover"},
"south":{"uv":[7,6,9,8],"texture":"#IronCover"},
"west":{"uv":[7,6,9,8],"texture":"#IronCover"},
"east":{"uv":[7,6,9,8],"texture":"#IronCover"}
}
},
{
"from":[8.245999,5.1463,6.1547],
"to":[8.615049,5.45385,6.52376],
"faces":{
"down":{"uv":[7,6,9,8],"texture":"#IronCover"},
"up":{"uv":[7,6,9,8],"texture":"#IronCover"},
"north":{"uv":[7,6,9,8],"texture":"#IronCover"},
"south":{"uv":[7,6,9,8],"texture":"#IronCover"},
"west":{"uv":[7,6,9,8],"texture":"#IronCover"},
"east":{"uv":[7,6,9,8],"texture":"#IronCover"}
}
},
{
"from":[7.125,5.1463,8.7344],
"to":[8.875,5.45385,9.1094],
"faces":{
"down":{"uv":[7,6,9,8],"texture":"#IronCover"},
"up":{"uv":[7,6,9,8],"texture":"#IronCover"},
"north":{"uv":[7,6,9,8],"texture":"#IronCover"},
"south":{"uv":[7,6,9,8],"texture":"#IronCover"},
"west":{"uv":[7,6,9,8],"texture":"#IronCover"},
"east":{"uv":[7,6,9,8],"texture":"#IronCover"}
}
},
{
"from":[7.5079,5.1463,10.5771],
"to":[8.492041,5.45385,10.8847],
"faces":{
"down":{"uv":[7,6,9,8],"texture":"#IronCover"},
"up":{"uv":[7,6,9,8],"texture":"#IronCover"},
"north":{"uv":[7,6,9,8],"texture":"#IronCover"},
"south":{"uv":[7,6,9,8],"texture":"#IronCover"},
"west":{"uv":[7,6,9,8],"texture":"#IronCover"},
"east":{"uv":[7,6,9,8],"texture":"#IronCover"}
}
},
{
"from":[7.1406,5.1463,10.3281],
"to":[7.3281,5.45385,10.5781],
"faces":{
"down":{"uv":[7,6,9,8],"texture":"#IronCover"},
"up":{"uv":[7,6,9,8],"texture":"#IronCover"},
"north":{"uv":[7,6,9,8],"texture":"#IronCover"},
"south":{"uv":[7,6,9,8],"texture":"#IronCover"},
"west":{"uv":[7,6,9,8],"texture":"#IronCover"},
"east":{"uv":[7,6,9,8],"texture":"#IronCover"}
}
},
{
"from":[8.7381,5.1463,9.1072],
"to":[9.04565,5.45385,10.33743],
"faces":{
"down":{"uv":[7,6,9,8],"texture":"#IronCover"},
"up":{"uv":[7,6,9,8],"texture":"#IronCover"},
"north":{"uv":[7,6,9,8],"texture":"#IronCover"},
"south":{"uv":[7,6,9,8],"texture":"#IronCover"},
"west":{"uv":[7,6,9,8],"texture":"#IronCover"},
"east":{"uv":[7,6,9,8],"texture":"#IronCover"}
}
},
{
"from":[7.0158,5.1463,9.1072],
"to":[7.32335,5.45385,10.33743],
"faces":{
"down":{"uv":[7,6,9,8],"texture":"#IronCover"},
"up":{"uv":[7,6,9,8],"texture":"#IronCover"},
"north":{"uv":[7,6,9,8],"texture":"#IronCover"},
"south":{"uv":[7,6,9,8],"texture":"#IronCover"},
"west":{"uv":[7,6,9,8],"texture":"#IronCover"},
"east":{"uv":[7,6,9,8],"texture":"#IronCover"}
}
},
{
"from":[8.7344,5.1463,10.3281],
"to":[8.8594,5.45385,10.5781],
"faces":{
"down":{"uv":[7,6,9,8],"texture":"#IronCover"},
"up":{"uv":[7,6,9,8],"texture":"#IronCover"},
"north":{"uv":[7,6,9,8],"texture":"#IronCover"},
"south":{"uv":[7,6,9,8],"texture":"#IronCover"},
"west":{"uv":[7,6,9,8],"texture":"#IronCover"},
"east":{"uv":[7,6,9,8],"texture":"#IronCover"}
}
},
{
"from":[7.3125,5.1463,9.1069],
"to":[7.6875,5.45385,9.2319],
"faces":{
"down":{"uv":[7,6,9,8],"texture":"#IronCover"},
"up":{"uv":[7,6,9,8],"texture":"#IronCover"},
"north":{"uv":[7,6,9,8],"texture":"#IronCover"},
"south":{"uv":[7,6,9,8],"texture":"#IronCover"},
"west":{"uv":[7,6,9,8],"texture":"#IronCover"},
"east":{"uv":[7,6,9,8],"texture":"#IronCover"}
}
},
{
"from":[8.375,5.1463,9.1094],
"to":[8.75,5.45385,9.2344],
"faces":{
"down":{"uv":[7,6,9,8],"texture":"#IronCover"},
"up":{"uv":[7,6,9,8],"texture":"#IronCover"},
"north":{"uv":[7,6,9,8],"texture":"#IronCover"},
"south":{"uv":[7,6,9,8],"texture":"#IronCover"},
"west":{"uv":[7,6,9,8],"texture":"#IronCover"},
"east":{"uv":[7,6,9,8],"texture":"#IronCover"}
}
},
{
"from":[7.2656,5.1463,10.5781],
"to":[7.5156,5.45385,10.7031],
"faces":{
"down":{"uv":[7,6,9,8],"texture":"#IronCover"},
"up":{"uv":[7,6,9,8],"texture":"#IronCover"},
"north":{"uv":[7,6,9,8],"texture":"#IronCover"},
"south":{"uv":[7,6,9,8],"texture":"#IronCover"},
"west":{"uv":[7,6,9,8],"texture":"#IronCover"},
"east":{"uv":[7,6,9,8],"texture":"#IronCover"}
}
},
{
"from":[8.4844,5.1463,10.5781],
"to":[8.7344,5.45385,10.7031],
"faces":{
"down":{"uv":[7,6,9,8],"texture":"#IronCover"},
"up":{"uv":[7,6,9,8],"texture":"#IronCover"},
"north":{"uv":[7,6,9,8],"texture":"#IronCover"},
"south":{"uv":[7,6,9,8],"texture":"#IronCover"},
"west":{"uv":[7,6,9,8],"texture":"#IronCover"},
"east":{"uv":[7,6,9,8],"texture":"#IronCover"}
}
},
{
"from":[8.3644,5.1463,10.4531],
"to":[8.6144,5.45385,10.5781],
"faces":{
"down":{"uv":[7,6,9,8],"texture":"#IronCover"},
"up":{"uv":[7,6,9,8],"texture":"#IronCover"},
"north":{"uv":[7,6,9,8],"texture":"#IronCover"},
"south":{"uv":[7,6,9,8],"texture":"#IronCover"},
"west":{"uv":[7,6,9,8],"texture":"#IronCover"},
"east":{"uv":[7,6,9,8],"texture":"#IronCover"}
}
},
{
"from":[7.3281,5.1463,10.4531],
"to":[7.7031,5.45385,10.5781],
"faces":{
"down":{"uv":[7,6,9,8],"texture":"#IronCover"},
"up":{"uv":[7,6,9,8],"texture":"#IronCover"},
"north":{"uv":[7,6,9,8],"texture":"#IronCover"},
"south":{"uv":[7,6,9,8],"texture":"#IronCover"},
"west":{"uv":[7,6,9,8],"texture":"#IronCover"},
"east":{"uv":[7,6,9,8],"texture":"#IronCover"}
}
},
{
"from":[7.3125,5.1463,9.2188],
"to":[7.4375,5.45385,9.4688],
"faces":{
"down":{"uv":[7,6,9,8],"texture":"#IronCover"},
"up":{"uv":[7,6,9,8],"texture":"#IronCover"},
"north":{"uv":[7,6,9,8],"texture":"#IronCover"},
"south":{"uv":[7,6,9,8],"texture":"#IronCover"},
"west":{"uv":[7,6,9,8],"texture":"#IronCover"},
"east":{"uv":[7,6,9,8],"texture":"#IronCover"}
}
},
{
"from":[8.6144,5.1463,10.2031],
"to":[8.7394,5.45385,10.5781],
"faces":{
"down":{"uv":[7,6,9,8],"texture":"#IronCover"},
"up":{"uv":[7,6,9,8],"texture":"#IronCover"},
"north":{"uv":[7,6,9,8],"texture":"#IronCover"},
"south":{"uv":[7,6,9,8],"texture":"#IronCover"},
"west":{"uv":[7,6,9,8],"texture":"#IronCover"},
"east":{"uv":[7,6,9,8],"texture":"#IronCover"}
}
},
{
"from":[8.625,5.1463,9.2344],
"to":[8.75,5.45385,9.4844],
"faces":{
"down":{"uv":[7,6,9,8],"texture":"#IronCover"},
"up":{"uv":[7,6,9,8],"texture":"#IronCover"},
"north":{"uv":[7,6,9,8],"texture":"#IronCover"},
"south":{"uv":[7,6,9,8],"texture":"#IronCover"},
"west":{"uv":[7,6,9,8],"texture":"#IronCover"},
"east":{"uv":[7,6,9,8],"texture":"#IronCover"}
}
},
{
"from":[7.3231,5.1463,10.2031],
"to":[7.4481,5.45385,10.4531],
"faces":{
"down":{"uv":[7,6,9,8],"texture":"#IronCover"},
"up":{"uv":[7,6,9,8],"texture":"#IronCover"},
"north":{"uv":[7,6,9,8],"texture":"#IronCover"},
"south":{"uv":[7,6,9,8],"texture":"#IronCover"},
"west":{"uv":[7,6,9,8],"texture":"#IronCover"},
"east":{"uv":[7,6,9,8],"texture":"#IronCover"}
}
},
{
"from":[7.75,5.1463,6.4375],
"to":[7.875,5.45385,6.5625],
"faces":{
"down":{"uv":[7,6,9,8],"texture":"#IronCover"},
"up":{"uv":[7,6,9,8],"texture":"#IronCover"},
"north":{"uv":[7,6,9,8],"texture":"#IronCover"},
"south":{"uv":[7,6,9,8],"texture":"#IronCover"},
"west":{"uv":[7,6,9,8],"texture":"#IronCover"},
"east":{"uv":[7,6,9,8],"texture":"#IronCover"}
}
},
{
"from":[8.125,5.1463,6.4531],
"to":[8.25,5.45385,6.5781],
"faces":{
"down":{"uv":[7,6,9,8],"texture":"#IronCover"},
"up":{"uv":[7,6,9,8],"texture":"#IronCover"},
"north":{"uv":[7,6,9,8],"texture":"#IronCover"},
"south":{"uv":[7,6,9,8],"texture":"#IronCover"},
"west":{"uv":[7,6,9,8],"texture":"#IronCover"},
"east":{"uv":[7,6,9,8],"texture":"#IronCover"}
}
},
{
"from":[8.125,5.1463,6.7969],
"to":[8.25,5.45385,6.9219],
"faces":{
"down":{"uv":[7,6,9,8],"texture":"#IronCover"},
"up":{"uv":[7,6,9,8],"texture":"#IronCover"},
"north":{"uv":[7,6,9,8],"texture":"#IronCover"},
"south":{"uv":[7,6,9,8],"texture":"#IronCover"},
"west":{"uv":[7,6,9,8],"texture":"#IronCover"},
"east":{"uv":[7,6,9,8],"texture":"#IronCover"}
}
},
{
"from":[7.7656,5.1463,6.7969],
"to":[7.8906,5.45385,6.9219],
"faces":{
"down":{"uv":[7,6,9,8],"texture":"#IronCover"},
"up":{"uv":[7,6,9,8],"texture":"#IronCover"},
"north":{"uv":[7,6,9,8],"texture":"#IronCover"},
"south":{"uv":[7,6,9,8],"texture":"#IronCover"},
"west":{"uv":[7,6,9,8],"texture":"#IronCover"},
"east":{"uv":[7,6,9,8],"texture":"#IronCover"}
}
},
{
"from":[7.6309,5.4128,7.2619],
"to":[8.36902,7.3811,8.738119],
"faces":{
"down":{"uv":[7,6,9,8],"texture":"#IronCover"},
"up":{"uv":[7,6,9,8],"texture":"#IronCover"},
"north":{"uv":[7,6,9,8],"texture":"#IronCover"},
"south":{"uv":[7,6,9,8],"texture":"#IronCover"},
"west":{"uv":[7,6,9,8],"texture":"#IronCover"},
"east":{"uv":[7,6,9,8],"texture":"#IronCover"}
}
},
{
"from":[7.7656,7.3812,7.2812],
"to":[8.257669,17.0312,7.76558],
"faces":{
"down":{"uv":[7,6,9,8],"texture":"#IronCover"},
"up":{"uv":[7,6,9,8],"texture":"#IronCover"},
"north":{"uv":[7,6,9,8],"texture":"#IronCover"},
"south":{"uv":[7,6,9,8],"texture":"#IronCover"},
"west":{"uv":[7,6,9,8],"texture":"#IronCover"},
"east":{"uv":[7,6,9,8],"texture":"#IronCover"}
}
},
{
"from":[7.6309,7.3741,7.754],
"to":[8.122971,17.0241,8.238379],
"faces":{
"down":{"uv":[7,6,9,8],"texture":"#IronCover"},
"up":{"uv":[7,6,9,8],"texture":"#IronCover"},
"north":{"uv":[7,6,9,8],"texture":"#IronCover"},
"south":{"uv":[7,6,9,8],"texture":"#IronCover"},
"west":{"uv":[7,6,9,8],"texture":"#IronCover"},
"east":{"uv":[7,6,9,8],"texture":"#IronCover"}
}
},
{
"from":[7.877,7.3741,8.123],
"to":[8.36907,17.0241,8.60738],
"faces":{
"down":{"uv":[7,6,9,8],"texture":"#IronCover"},
"up":{"uv":[7,6,9,8],"texture":"#IronCover"},
"north":{"uv":[7,6,9,8],"texture":"#IronCover"},
"south":{"uv":[7,6,9,8],"texture":"#IronCover"},
"west":{"uv":[7,6,9,8],"texture":"#IronCover"},
"east":{"uv":[7,6,9,8],"texture":"#IronCover"}
}
},
{
"from":[7.6309,7.3741,8.4921],
"to":[8.122971,17.0241,8.97648],
"faces":{
"down":{"uv":[7,6,9,8],"texture":"#IronCover"},
"up":{"uv":[7,6,9,8],"texture":"#IronCover"},
"north":{"uv":[7,6,9,8],"texture":"#IronCover"},
"south":{"uv":[7,6,9,8],"texture":"#IronCover"},
"west":{"uv":[7,6,9,8],"texture":"#IronCover"},
"east":{"uv":[7,6,9,8],"texture":"#IronCover"}
}
},
{
"from":[7.6309,7.0061,8.7381],
"to":[8.36902,7.3811,8.8631],
"faces":{
"down":{"uv":[7,6,9,8],"texture":"#IronCover"},
"up":{"uv":[7,6,9,8],"texture":"#IronCover"},
"north":{"uv":[7,6,9,8],"texture":"#IronCover"},
"south":{"uv":[7,6,9,8],"texture":"#IronCover"},
"west":{"uv":[7,6,9,8],"texture":"#IronCover"},
"east":{"uv":[7,6,9,8],"texture":"#IronCover"}
}
},
{
"from":[7.6309,17.0202,7.754],
"to":[8.36902,17.2702,8.754],
"faces":{
"down":{"uv":[7,6,9,8],"texture":"#IronCover"},
"up":{"uv":[7,6,9,8],"texture":"#IronCover"},
"north":{"uv":[7,6,9,8],"texture":"#IronCover"},
"south":{"uv":[7,6,9,8],"texture":"#IronCover"},
"west":{"uv":[7,6,9,8],"texture":"#IronCover"},
"east":{"uv":[7,6,9,8],"texture":"#IronCover"}
}
},
{
"from":[7.754,17.0241,7.3849],
"to":[8.24608,17.8852,7.75395],
"faces":{
"down":{"uv":[7,6,9,8],"texture":"#IronCover"},
"up":{"uv":[7,6,9,8],"texture":"#IronCover"},
"north":{"uv":[7,6,9,8],"texture":"#IronCover"},
"south":{"uv":[7,6,9,8],"texture":"#IronCover"},
"west":{"uv":[7,6,9,8],"texture":"#IronCover"},
"east":{"uv":[7,6,9,8],"texture":"#IronCover"}
}
},
{
"from":[7.754,17.8853,7.5079],
"to":[8.24608,18.7464,7.87695],
"faces":{
"down":{"uv":[7,6,9,8],"texture":"#IronCover"},
"up":{"uv":[7,6,9,8],"texture":"#IronCover"},
"north":{"uv":[7,6,9,8],"texture":"#IronCover"},
"south":{"uv":[7,6,9,8],"texture":"#IronCover"},
"west":{"uv":[7,6,9,8],"texture":"#IronCover"},
"east":{"uv":[7,6,9,8],"texture":"#IronCover"}
}
},
{
"from":[7.754,18.7464,7.6309],
"to":[8.24608,19.1155,7.99996],
"faces":{
"down":{"uv":[7,6,9,8],"texture":"#IronCover"},
"up":{"uv":[7,6,9,8],"texture":"#IronCover"},
"north":{"uv":[7,6,9,8],"texture":"#IronCover"},
"south":{"uv":[7,6,9,8],"texture":"#IronCover"},
"west":{"uv":[7,6,9,8],"texture":"#IronCover"},
"east":{"uv":[7,6,9,8],"texture":"#IronCover"}
}
},
{
"from":[7.754,19.1116,7.7552],
"to":[8.24608,19.3616,8.130199],
"faces":{
"down":{"uv":[7,6,9,8],"texture":"#IronCover"},
"up":{"uv":[7,6,9,8],"texture":"#IronCover"},
"north":{"uv":[7,6,9,8],"texture":"#IronCover"},
"south":{"uv":[7,6,9,8],"texture":"#IronCover"},
"west":{"uv":[7,6,9,8],"texture":"#IronCover"},
"east":{"uv":[7,6,9,8],"texture":"#IronCover"}
}
},
{
"from":[7.6306,17.26,8.5025],
"to":[8.36871,18.135,8.7525],
"faces":{
"down":{"uv":[7,6,9,8],"texture":"#IronCover"},
"up":{"uv":[7,6,9,8],"texture":"#IronCover"},
"north":{"uv":[7,6,9,8],"texture":"#IronCover"},
"south":{"uv":[7,6,9,8],"texture":"#IronCover"},
"west":{"uv":[7,6,9,8],"texture":"#IronCover"},
"east":{"uv":[7,6,9,8],"texture":"#IronCover"}
}
},
{
"from":[7.6309,18.1314,8.3691],
"to":[8.36902,18.9925,8.676641],
"faces":{
"down":{"uv":[7,6,9,8],"texture":"#IronCover"},
"up":{"uv":[7,6,9,8],"texture":"#IronCover"},
"north":{"uv":[7,6,9,8],"texture":"#IronCover"},
"south":{"uv":[7,6,9,8],"texture":"#IronCover"},
"west":{"uv":[7,6,9,8],"texture":"#IronCover"},
"east":{"uv":[7,6,9,8],"texture":"#IronCover"}
}
},
{
"from":[7.6309,18.9924,8.245999],
"to":[8.36902,19.6075,8.553539],
"faces":{
"down":{"uv":[7,6,9,8],"texture":"#IronCover"},
"up":{"uv":[7,6,9,8],"texture":"#IronCover"},
"north":{"uv":[7,6,9,8],"texture":"#IronCover"},
"south":{"uv":[7,6,9,8],"texture":"#IronCover"},
"west":{"uv":[7,6,9,8],"texture":"#IronCover"},
"east":{"uv":[7,6,9,8],"texture":"#IronCover"}
}
},
{
"from":[7.754,19.3,7.877],
"to":[8.24608,19.6075,8.24606],
"faces":{
"down":{"uv":[7,6,9,8],"texture":"#IronCover"},
"up":{"uv":[7,6,9,8],"texture":"#IronCover"},
"north":{"uv":[7,6,9,8],"texture":"#IronCover"},
"south":{"uv":[7,6,9,8],"texture":"#IronCover"},
"west":{"uv":[7,6,9,8],"texture":"#IronCover"},
"east":{"uv":[7,6,9,8],"texture":"#IronCover"}
}
},
{
"from":[7.754,19.5461,8.123],
"to":[8.24608,19.8536,8.43055],
"faces":{
"down":{"uv":[7,6,9,8],"texture":"#IronCover"},
"up":{"uv":[7,6,9,8],"texture":"#IronCover"},
"north":{"uv":[7,6,9,8],"texture":"#IronCover"},
"south":{"uv":[7,6,9,8],"texture":"#IronCover"},
"west":{"uv":[7,6,9,8],"texture":"#IronCover"},
"east":{"uv":[7,6,9,8],"texture":"#IronCover"}
}
},
{
"from":[7.754,19.4231,8],
"to":[8.24608,19.7306,8.30755],
"faces":{
"down":{"uv":[7,6,9,8],"texture":"#IronCover"},
"up":{"uv":[7,6,9,8],"texture":"#IronCover"},
"north":{"uv":[7,6,9,8],"texture":"#IronCover"},
"south":{"uv":[7,6,9,8],"texture":"#IronCover"},
"west":{"uv":[7,6,9,8],"texture":"#IronCover"},
"east":{"uv":[7,6,9,8],"texture":"#IronCover"}
}
},
{
"from":[7.7531,19.8487,8.3056],
"to":[8.24518,19.9737,8.4306],
"faces":{
"down":{"uv":[7,6,9,8],"texture":"#IronCover"},
"up":{"uv":[7,6,9,8],"texture":"#IronCover"},
"north":{"uv":[7,6,9,8],"texture":"#IronCover"},
"south":{"uv":[7,6,9,8],"texture":"#IronCover"},
"west":{"uv":[7,6,9,8],"texture":"#IronCover"},
"east":{"uv":[7,6,9,8],"texture":"#IronCover"}
}
},
{
"from":[7.6309,17.2602,7.754],
"to":[8.36902,17.8852,8.129],
"faces":{
"down":{"uv":[7,6,9,8],"texture":"#IronCover"},
"up":{"uv":[7,6,9,8],"texture":"#IronCover"},
"north":{"uv":[7,6,9,8],"texture":"#IronCover"},
"south":{"uv":[7,6,9,8],"texture":"#IronCover"},
"west":{"uv":[7,6,9,8],"texture":"#IronCover"},
"east":{"uv":[7,6,9,8],"texture":"#IronCover"}
}
},
{
"from":[7.6309,17.8714,7.877],
"to":[8.36902,18.7464,8.377],
"faces":{
"down":{"uv":[7,6,9,8],"texture":"#IronCover"},
"up":{"uv":[7,6,9,8],"texture":"#IronCover"},
"north":{"uv":[7,6,9,8],"texture":"#IronCover"},
"south":{"uv":[7,6,9,8],"texture":"#IronCover"},
"west":{"uv":[7,6,9,8],"texture":"#IronCover"},
"east":{"uv":[7,6,9,8],"texture":"#IronCover"}
}
},
{
"from":[7.6307,17.7563,8.3776],
"to":[8.368819,18.1313,8.5026],
"faces":{
"down":{"uv":[7,6,9,8],"texture":"#IronCover"},
"up":{"uv":[7,6,9,8],"texture":"#IronCover"},
"north":{"uv":[7,6,9,8],"texture":"#IronCover"},
"south":{"uv":[7,6,9,8],"texture":"#IronCover"},
"west":{"uv":[7,6,9,8],"texture":"#IronCover"},
"east":{"uv":[7,6,9,8],"texture":"#IronCover"}
}
},
{
"from":[7.6375,17.25,8.375],
"to":[8.37561,17.375,8.5],
"faces":{
"down":{"uv":[7,6,9,8],"texture":"#IronCover"},
"up":{"uv":[7,6,9,8],"texture":"#IronCover"},
"north":{"uv":[7,6,9,8],"texture":"#IronCover"},
"south":{"uv":[7,6,9,8],"texture":"#IronCover"},
"west":{"uv":[7,6,9,8],"texture":"#IronCover"},
"east":{"uv":[7,6,9,8],"texture":"#IronCover"}
}
},
{
"from":[7.6375,17.25,8.125],
"to":[8.37561,17.375,8.25],
"faces":{
"down":{"uv":[7,6,9,8],"texture":"#IronCover"},
"up":{"uv":[7,6,9,8],"texture":"#IronCover"},
"north":{"uv":[7,6,9,8],"texture":"#IronCover"},
"south":{"uv":[7,6,9,8],"texture":"#IronCover"},
"west":{"uv":[7,6,9,8],"texture":"#IronCover"},
"east":{"uv":[7,6,9,8],"texture":"#IronCover"}
}
},
{
"from":[7.6375,17.75,8.125],
"to":[8.37561,17.875,8.25],
"faces":{
"down":{"uv":[7,6,9,8],"texture":"#IronCover"},
"up":{"uv":[7,6,9,8],"texture":"#IronCover"},
"north":{"uv":[7,6,9,8],"texture":"#IronCover"},
"south":{"uv":[7,6,9,8],"texture":"#IronCover"},
"west":{"uv":[7,6,9,8],"texture":"#IronCover"},
"east":{"uv":[7,6,9,8],"texture":"#IronCover"}
}
},
{
"from":[7.6309,18.685,8],
"to":[8.36902,18.9925,8.36906],
"faces":{
"down":{"uv":[7,6,9,8],"texture":"#IronCover"},
"up":{"uv":[7,6,9,8],"texture":"#IronCover"},
"north":{"uv":[7,6,9,8],"texture":"#IronCover"},
"south":{"uv":[7,6,9,8],"texture":"#IronCover"},
"west":{"uv":[7,6,9,8],"texture":"#IronCover"},
"east":{"uv":[7,6,9,8],"texture":"#IronCover"}
}
},
{
"from":[7.6309,18.9925,8.123],
"to":[8.36902,19.3616,8.43055],
"faces":{
"down":{"uv":[7,6,9,8],"texture":"#IronCover"},
"up":{"uv":[7,6,9,8],"texture":"#IronCover"},
"north":{"uv":[7,6,9,8],"texture":"#IronCover"},
"south":{"uv":[7,6,9,8],"texture":"#IronCover"},
"west":{"uv":[7,6,9,8],"texture":"#IronCover"},
"east":{"uv":[7,6,9,8],"texture":"#IronCover"}
}
},
{
"from":[7.6309,18.808,8],
"to":[8.36902,19.1155,8.30755],
"faces":{
"down":{"uv":[7,6,9,8],"texture":"#IronCover"},
"up":{"uv":[7,6,9,8],"texture":"#IronCover"},
"north":{"uv":[7,6,9,8],"texture":"#IronCover"},
"south":{"uv":[7,6,9,8],"texture":"#IronCover"},
"west":{"uv":[7,6,9,8],"texture":"#IronCover"},
"east":{"uv":[7,6,9,8],"texture":"#IronCover"}
}
}
],
"display":{
"thirdperson_righthand":{
"rotation":[0,0,0],
"translation":[0,1.7,1],
"scale":[0.5,0.5,0.5]
},
"thirdperson_lefthand":{
"rotation":[0,0,0],
"translation":[0,1.7,1],
"scale":[0.5,0.5,0.5]
},
"head":{
"rotation":[0,0,0],
"translation":[0,12,0],
"scale":[0.6,0.6,0.6]
},
"ground":{
"rotation":[0,0,90],
"translation":[0,1,0],
"scale":[0.6,0.6,0.6]
},
"fixed":{
"rotation":[0,-90,0],
"translation":[0,2,-1],
"scale":[0.7,0.7,0.7]
},
"firstperson_righthand":{
"rotation":[-10,20,0],
"translation":[0,4,0],
"scale":[0.8,0.8,0.8]
},
"firstperson_lefthand":{
"rotation":[-10,20,0],
"translation":[0,4,0],
"scale":[0.8,0.8,0.8]
},
"gui":{
"rotation":[-10,45,10],
"translation":[0,1.5,0],
"scale":[0.7,0.7,0.7]
}
}
}