{
"elements":[
{
"from":[6.5,0,7],
"to":[7.5,2,8],
"faces":{
"down":{"uv":[12.125,15.5,12.625,16],"texture":"#Karambit"},
"up":{"uv":[12.125,14.875,12.625,15.375],"texture":"#Karambit"},
"north":{"uv":[2.25,14.125,2.75,15.125],"texture":"#Karambit"},
"south":{"uv":[2.75,14.125,2.25,15.125],"texture":"#Karambit"},
"west":{"uv":[12.75,13.75,13.25,14.75],"texture":"#Karambit"},
"east":{"uv":[12.125,13.75,12.625,14.75],"texture":"#Karambit"}
}
},
{
"from":[7.5,2,7],
"to":[9.5,3,8],
"faces":{
"down":{"uv":[13.375,14.375,14.375,14.875],"texture":"#Karambit"},
"up":{"uv":[14.375,13.75,13.375,14.25],"texture":"#Karambit"},
"north":{"uv":[1.25,13.625,2.25,14.125],"texture":"#Karambit"},
"south":{"uv":[2.25,13.625,1.25,14.125],"texture":"#Karambit"},
"west":{"uv":[13.375,15,13.875,15.5],"texture":"#Karambit"},
"east":{"uv":[13.375,15,13.875,15.5],"texture":"#Karambit"}
}
},
{
"from":[9.5,-0.5,7],
"to":[10.5,2,8],
"faces":{
"down":{"uv":[9.5,7,10.5,8],"texture":"#Karambit"},
"up":{"uv":[9.5,7,10.5,8],"texture":"#Karambit"},
"north":{"uv":[0.75,14.125,1.25,15.375],"texture":"#Karambit"},
"south":{"uv":[1.25,14.125,0.75,15.375],"texture":"#Karambit"},
"west":{"uv":[3.5,14.125,4,15.375],"texture":"#Karambit"},
"east":{"uv":[2.875,14.125,3.375,15.375],"texture":"#Karambit"}
}
},
{
"from":[7.5,-1,7],
"to":[9.5,0,8],
"faces":{
"down":{"uv":[5.625,15.5,4.5,16],"texture":"#Karambit"},
"up":{"uv":[4.5,14.25,5.625,14.75],"texture":"#Karambit"},
"north":{"uv":[1.25,15.125,2.25,15.625],"texture":"#Karambit"},
"south":{"uv":[2.25,15.125,1.25,15.625],"texture":"#Karambit"},
"west":{"uv":[4.125,14.875,4.625,15.375],"texture":"#Karambit"},
"east":{"uv":[3.875,15.5,4.375,16],"texture":"#Karambit"}
}
},
{
"from":[10,-1,7],
"to":[11,0,8],
"rotation":{"origin":[10,0,7],"axis":"z","angle":-45},
"faces":{
"down":{"uv":[0.125,15.375,0.625,15.875],"texture":"#Karambit"},
"up":{"uv":[0.125,15.375,0.625,15.875],"rotation":180,"texture":"#Karambit"},
"north":{"uv":[0.125,15.375,0.625,15.875],"texture":"#Karambit"},
"south":{"uv":[0.625,15.375,0.125,15.875],"texture":"#Karambit"},
"west":{"uv":[8,15.125,8.5,15.625],"rotation":90,"texture":"#Karambit"},
"east":{"uv":[5.75,15.125,6.25,15.625],"rotation":270,"texture":"#Karambit"}
}
},
{
"from":[9.5,3,7],
"to":[11.5,8.5,8],
"faces":{
"down":{"uv":[0.25,13.5,1.25,13.625],"texture":"#Karambit"},
"up":{"uv":[0.25,13.5,1.25,13.625],"texture":"#Karambit"},
"north":{"uv":[0.25,10.875,1.25,13.625],"texture":"#Karambit"},
"south":{"uv":[1.25,10.875,0.25,13.625],"texture":"#Karambit"},
"west":{"uv":[3.125,10.875,3.625,13.625],"texture":"#Karambit"},
"east":{"uv":[6.375,10.875,6.875,13.625],"texture":"#Karambit"}
}
},
{
"from":[9.5,2,7],
"to":[11,3,8],
"faces":{
"down":{"uv":[0.5,14,1.25,14.125],"texture":"#Karambit"},
"up":{"uv":[0.5,14,1.25,14.125],"texture":"#Karambit"},
"north":{"uv":[0.5,13.625,1.25,14.125],"texture":"#Karambit"},
"south":{"uv":[1.25,13.625,0.5,14.125],"texture":"#Karambit"},
"west":{"uv":[0.5,13.625,0.625,14.125],"texture":"#Karambit"},
"east":{"uv":[0.5,13.625,0.625,14.125],"texture":"#Karambit"}
}
},
{
"from":[8,8.5,7],
"to":[11.5,9.5,8],
"faces":{
"down":{"uv":[3.75,10.75,4.375,10.875],"texture":"#Karambit"},
"up":{"uv":[0.25,10.375,2,10.5],"texture":"#Karambit"},
"north":{"uv":[0.25,10.375,2,10.875],"texture":"#Karambit"},
"south":{"uv":[2,10.375,0.25,10.875],"texture":"#Karambit"},
"west":{"uv":[7.375,10.375,7.875,10.875],"texture":"#Karambit"},
"east":{"uv":[6.375,10.375,6.875,10.875],"texture":"#Karambit"}
}
},
{
"from":[8,9.5,7],
"to":[11,10.5,8],
"faces":{
"down":{"uv":[0.5,10.25,2,10.375],"texture":"#Karambit"},
"up":{"uv":[0.5,9.875,2,10],"texture":"#Karambit"},
"north":{"uv":[0.5,9.875,2,10.375],"texture":"#Karambit"},
"south":{"uv":[2,9.875,0.5,10.375],"texture":"#Karambit"},
"west":{"uv":[7.375,9.875,7.875,10.375],"texture":"#Karambit"},
"east":{"uv":[6.375,9.875,6.875,10.375],"texture":"#Karambit"}
}
},
{
"from":[9.5,10.5,7],
"to":[11,11.5,8],
"faces":{
"down":{"uv":[0.5,9.625,1.25,9.75],"texture":"#Karambit"},
"up":{"uv":[0.5,9.375,1.25,9.5],"texture":"#Karambit"},
"north":{"uv":[0.5,9.375,1.25,9.875],"texture":"#Karambit"},
"south":{"uv":[1.25,9.375,0.5,9.875],"texture":"#Karambit"},
"west":{"uv":[6.375,9.375,6.875,9.875],"texture":"#Karambit"},
"east":{"uv":[6.375,9.375,6.875,9.875],"texture":"#Karambit"}
}
},
{
"from":[9,11,7],
"to":[9.5,11.5,8],
"faces":{
"down":{"uv":[1.25,9.375,1.5,9.625],"texture":"#Karambit"},
"up":{"uv":[1.25,9.375,1.5,9.625],"texture":"#Karambit"},
"north":{"uv":[1.25,9.375,1.5,9.625],"texture":"#Karambit"},
"south":{"uv":[1.5,9.375,1.25,9.625],"texture":"#Karambit"},
"west":{"uv":[1.25,9.375,1.5,9.625],"texture":"#Karambit"},
"east":{"uv":[1.25,9.375,1.5,9.625],"texture":"#Karambit"}
}
},
{
"from":[7,12.5,7.025],
"to":[10.5,13.5,7.975],
"faces":{
"down":{"uv":[2.5,8.375,0.875,8.875],"texture":"#Karambit"},
"up":{"uv":[2.5,8.375,0.875,8.875],"texture":"#Karambit"},
"north":{"uv":[0.75,8.375,2.5,8.875],"texture":"#Karambit"},
"south":{"uv":[2.5,8.375,0.75,8.875],"texture":"#Karambit"},
"west":{"uv":[7.375,8.75,7.875,8.875],"texture":"#Karambit"},
"east":{"uv":[6.375,8.375,6.875,8.875],"texture":"#Karambit"}
}
},
{
"from":[8,13.5,7.025],
"to":[10,14.5,7.975],
"faces":{
"down":{"uv":[1.875,8.5,0.875,8.625],"texture":"#Karambit"},
"up":{"uv":[2,7.875,1,8],"texture":"#Karambit"},
"north":{"uv":[1,7.875,2,8.375],"texture":"#Karambit"},
"south":{"uv":[2,7.875,1,8.375],"texture":"#Karambit"},
"west":{"uv":[2,7.75,2.125,8.25],"texture":"#Karambit"},
"east":{"uv":[6.375,7.875,6.875,8.375],"texture":"#Karambit"}
}
},
{
"from":[9,14.5,7.125],
"to":[9.5,15,7.825],
"faces":{
"down":{"uv":[1.25,5.625,1.75,6.125],"texture":"#Karambit"},
"up":{"uv":[1.25,5.625,1.75,6.125],"texture":"#Karambit"},
"north":{"uv":[1.25,7.625,1.5,7.875],"texture":"#Karambit"},
"south":{"uv":[1.5,7.625,1.25,7.875],"texture":"#Karambit"},
"west":{"uv":[1.25,7.625,1.375,7.75],"texture":"#Karambit"},
"east":{"uv":[1.25,7.625,1.375,7.75],"texture":"#Karambit"}
}
},
{
"from":[8,14.5,7.125],
"to":[9,15.5,7.825],
"faces":{
"down":{"uv":[1.5,5.625,2,6.125],"texture":"#Karambit"},
"up":{"uv":[1.5,5.625,2,6.125],"texture":"#Karambit"},
"north":{"uv":[1.5,7.375,2,7.875],"texture":"#Karambit"},
"south":{"uv":[2,7.375,1.5,7.875],"texture":"#Karambit"},
"west":{"uv":[8.25,7.375,8.5,7.625],"texture":"#Karambit"},
"east":{"uv":[6.5,7.375,6.875,7.75],"texture":"#Karambit"}
}
},
{
"from":[8,10.5,7],
"to":[9,11.5,8],
"faces":{
"down":{"uv":[8,7,9,8],"texture":"#Karambit"},
"up":{"uv":[8,7,9,8],"texture":"#Karambit"},
"north":{"uv":[1.5,9.375,2,9.875],"texture":"#Karambit"},
"south":{"uv":[2,9.375,1.5,9.875],"texture":"#Karambit"},
"west":{"uv":[7.375,9.375,7.875,9.875],"texture":"#Karambit"},
"east":{"uv":[7.375,9.375,7.875,9.875],"texture":"#Karambit"}
}
},
{
"from":[7.5,11.5,7],
"to":[11,12.5,8],
"faces":{
"down":{"uv":[2.25,8.875,0.5,9.375],"texture":"#Karambit"},
"up":{"uv":[2.25,8.875,0.5,9.375],"texture":"#Karambit"},
"north":{"uv":[0.5,8.875,2.25,9.375],"texture":"#Karambit"},
"south":{"uv":[2.25,8.875,0.5,9.375],"texture":"#Karambit"},
"west":{"uv":[7.375,8.875,7.875,9.375],"texture":"#Karambit"},
"east":{"uv":[6.375,8.875,6.875,9.375],"texture":"#Karambit"}
}
},
{
"from":[1,13.5,7.35],
"to":[1.5,14,7.6],
"faces":{
"down":{"uv":[5.25,6.375,5.5,6.625],"texture":"#Karambit"},
"up":{"uv":[5.25,5.75,5.5,6],"texture":"#Karambit"},
"north":{"uv":[5.25,8.125,5.5,8.375],"texture":"#Karambit"},
"south":{"uv":[5.5,8.125,5.25,8.375],"texture":"#Karambit"},
"west":{"uv":[8.25,8.125,8.5,8.375],"texture":"#Karambit"},
"east":{"uv":[6.5,8.125,6.75,8.375],"texture":"#Karambit"}
}
},
{
"from":[6.5,13,7.125],
"to":[7,13.5,7.825],
"faces":{
"down":{"uv":[2.375,6.375,2.625,6.625],"texture":"#Karambit"},
"up":{"uv":[2.375,5.75,2.625,6],"texture":"#Karambit"},
"north":{"uv":[2.375,8.5,2.625,8.75],"texture":"#Karambit"},
"south":{"uv":[2.625,8.5,2.375,8.75],"texture":"#Karambit"},
"west":{"uv":[8.25,8.5,8.5,8.75],"texture":"#Karambit"},
"east":{"uv":[7.625,8.375,7.875,8.625],"texture":"#Karambit"}
}
},
{
"from":[4.5,14.5,7.2],
"to":[7,16.5,7.75],
"faces":{
"down":{"uv":[3.75,5.75,2.5,6.125],"texture":"#Karambit"},
"up":{"uv":[3.75,5.75,2.5,6.125],"texture":"#Karambit"},
"north":{"uv":[2.5,6.875,3.75,7.875],"texture":"#Karambit"},
"south":{"uv":[3.75,6.875,2.5,7.875],"texture":"#Karambit"},
"west":{"uv":[8.125,6.875,8.5,7.75],"texture":"#Karambit"},
"east":{"uv":[6.5,6.875,6.75,7.75],"texture":"#Karambit"}
}
},
{
"from":[5.5,13.5,7.125],
"to":[6.5,14.5,7.825],
"faces":{
"down":{"uv":[3.25,8.25,2.75,8.375],"texture":"#Karambit"},
"up":{"uv":[3.25,7.875,2.75,8],"texture":"#Karambit"},
"north":{"uv":[2.75,7.875,3.25,8.375],"texture":"#Karambit"},
"south":{"uv":[3.25,7.875,2.75,8.375],"texture":"#Karambit"},
"west":{"uv":[7.5,8,7.875,8.375],"texture":"#Karambit"},
"east":{"uv":[6.375,7.875,6.875,8.375],"texture":"#Karambit"}
}
},
{
"from":[7,14.5,7.125],
"to":[8,16,7.825],
"faces":{
"down":{"uv":[2,5.625,2.375,6.125],"texture":"#Karambit"},
"up":{"uv":[2,5.625,2.375,6.125],"texture":"#Karambit"},
"north":{"uv":[2,7.125,2.5,7.875],"texture":"#Karambit"},
"south":{"uv":[2.5,7.125,2,7.875],"texture":"#Karambit"},
"west":{"uv":[2.25,7.125,2.5,7.875],"texture":"#Karambit"},
"east":{"uv":[6.5,7.125,6.875,7.875],"texture":"#Karambit"}
}
},
{
"from":[3.5,14.5,7.2],
"to":[4.5,16,7.75],
"faces":{
"down":{"uv":[4.25,6.375,3.75,6.625],"texture":"#Karambit"},
"up":{"uv":[4.25,5.75,3.75,6],"texture":"#Karambit"},
"north":{"uv":[3.625,7.125,4.25,7.875],"texture":"#Karambit"},
"south":{"uv":[4.25,7.125,3.625,7.875],"texture":"#Karambit"},
"west":{"uv":[4.125,7.125,4.25,7.875],"texture":"#Karambit"},
"east":{"uv":[6.5,7.125,6.875,7.875],"texture":"#Karambit"}
}
},
{
"from":[3.5,14,7.2],
"to":[5.5,14.5,7.75],
"faces":{
"down":{"uv":[3.25,6.375,4.25,6.75],"texture":"#Karambit"},
"up":{"uv":[3.25,5.75,4.25,6.125],"texture":"#Karambit"},
"north":{"uv":[3.25,7.75,4.25,8.125],"texture":"#Karambit"},
"south":{"uv":[4.25,7.75,3.25,8.125],"texture":"#Karambit"},
"west":{"uv":[8.25,7.75,8.5,8.125],"texture":"#Karambit"},
"east":{"uv":[6.375,7.75,6.875,8.125],"texture":"#Karambit"}
}
},
{
"from":[2.5,14.5,7.275],
"to":[3.5,15.5,7.675],
"faces":{
"down":{"uv":[4.25,6.375,4.75,6.625],"texture":"#Karambit"},
"up":{"uv":[4.25,5.75,4.75,6],"texture":"#Karambit"},
"north":{"uv":[4.25,7.375,4.75,7.875],"texture":"#Karambit"},
"south":{"uv":[4.75,7.375,4.25,7.875],"texture":"#Karambit"},
"west":{"uv":[8.25,7.375,8.5,7.875],"texture":"#Karambit"},
"east":{"uv":[6.5,7.375,6.875,8.375],"texture":"#Karambit"}
}
},
{
"from":[2.5,13.5,7.275],
"to":[3.5,14.5,7.675],
"faces":{
"down":{"uv":[4.25,6.375,4.75,6.625],"texture":"#Karambit"},
"up":{"uv":[4.25,5.75,4.75,6],"texture":"#Karambit"},
"north":{"uv":[4.25,7.875,4.75,8.375],"texture":"#Karambit"},
"south":{"uv":[4.75,7.875,4.25,8.375],"texture":"#Karambit"},
"west":{"uv":[7.5,8,7.875,8.375],"texture":"#Karambit"},
"east":{"uv":[7.5,8,7.875,8.375],"texture":"#Karambit"}
}
},
{
"from":[2,14.5,7.275],
"to":[2.5,15,7.675],
"faces":{
"down":{"uv":[4.75,6.375,5,6.625],"texture":"#Karambit"},
"up":{"uv":[4.75,5.75,5,6],"texture":"#Karambit"},
"north":{"uv":[4.75,7.625,5,7.875],"texture":"#Karambit"},
"south":{"uv":[5,7.625,4.75,7.875],"texture":"#Karambit"},
"west":{"uv":[8.25,7.625,8.5,7.875],"texture":"#Karambit"},
"east":{"uv":[6.625,7.625,6.875,7.875],"texture":"#Karambit"}
}
},
{
"from":[1.5,13.5,7.275],
"to":[2.5,14.5,7.675],
"faces":{
"down":{"uv":[4.75,6.375,5.25,6.625],"texture":"#Karambit"},
"up":{"uv":[4.75,5.75,5.25,6],"texture":"#Karambit"},
"north":{"uv":[4.75,7.875,5.25,8.375],"texture":"#Karambit"},
"south":{"uv":[5.25,7.875,4.75,8.375],"texture":"#Karambit"},
"west":{"uv":[8.25,7.875,8.5,8.375],"texture":"#Karambit"},
"east":{"uv":[6.375,7.875,6.875,8.375],"texture":"#Karambit"}
}
},
{
"from":[1,13,7.35],
"to":[2,13.5,7.6],
"faces":{
"down":{"uv":[5,6.375,5.5,6.625],"texture":"#Karambit"},
"up":{"uv":[5,5.75,5.5,6],"texture":"#Karambit"},
"north":{"uv":[5,8.375,5.5,8.625],"texture":"#Karambit"},
"south":{"uv":[5.5,8.375,5,8.625],"texture":"#Karambit"},
"west":{"uv":[6.375,8.375,6.875,8.625],"texture":"#Karambit"},
"east":{"uv":[7.375,8.5,7.875,8.625],"texture":"#Karambit"}
}
},
{
"from":[8.5,3,7.25],
"to":[9.5,8.5,7.75],
"faces":{
"down":{"uv":[1.25,13.5,1.75,13.625],"texture":"#Karambit"},
"up":{"uv":[1.25,10.875,1.75,11],"texture":"#Karambit"},
"north":{"uv":[1.25,10.875,1.75,13.625],"texture":"#Karambit"},
"south":{"uv":[1.75,10.875,1.25,13.625],"texture":"#Karambit"},
"west":{"uv":[2.625,10.875,2.875,13.625],"texture":"#Karambit"},
"east":{"uv":[2.875,10.875,2.625,13.625],"texture":"#Karambit"}
}
},
{
"from":[8.5,6.5,7],
"to":[9.5,7.25,8],
"faces":{
"down":{"uv":[3.75,11.75,4.25,11.875],"texture":"#Karambit"},
"up":{"uv":[3.75,11.5,4.25,11.625],"texture":"#Karambit"},
"north":{"uv":[1.25,11.5,1.75,11.875],"texture":"#Karambit"},
"south":{"uv":[1.75,11.5,1.25,11.875],"texture":"#Karambit"},
"west":{"uv":[2.5,11.5,3,11.875],"texture":"#Karambit"},
"east":{"uv":[2.5,11.5,3,11.875],"texture":"#Karambit"}
}
},
{
"from":[8.5,4.5,7],
"to":[9.5,5.25,8],
"faces":{
"down":{"uv":[3.75,12.75,4.25,12.875],"texture":"#Karambit"},
"up":{"uv":[3.75,12.5,4.25,12.625],"texture":"#Karambit"},
"north":{"uv":[1.25,12.5,1.75,12.875],"texture":"#Karambit"},
"south":{"uv":[1.75,12.5,1.25,12.875],"texture":"#Karambit"},
"west":{"uv":[2.5,12.5,3,12.875],"texture":"#Karambit"},
"east":{"uv":[2.5,12.5,3,12.875],"texture":"#Karambit"}
}
},
{
"from":[8.5,3,7],
"to":[9.5,3.25,8],
"faces":{
"down":{"uv":[3.75,13.5,4.25,13.625],"texture":"#Karambit"},
"up":{"uv":[3.75,13.5,4.25,13.625],"texture":"#Karambit"},
"north":{"uv":[1.25,13.5,1.75,13.625],"texture":"#Karambit"},
"south":{"uv":[1.75,13.5,1.25,13.625],"texture":"#Karambit"},
"west":{"uv":[2.5,13.5,3,13.625],"texture":"#Karambit"},
"east":{"uv":[2.5,13.5,3,13.625],"texture":"#Karambit"}
}
},
{
"from":[11,2,7.25],
"to":[11.5,3,7.75],
"faces":{
"down":{"uv":[6,14.25,6.25,14.5],"texture":"#Karambit"},
"up":{"uv":[6,14.25,6.25,14.5],"texture":"#Karambit"},
"north":{"uv":[0.25,13.625,0.5,14.125],"texture":"#Karambit"},
"south":{"uv":[0.5,13.625,0.25,14.125],"texture":"#Karambit"},
"west":{"uv":[6,13.625,6.25,14.125],"texture":"#Karambit"},
"east":{"uv":[6,13.625,6.25,14.125],"texture":"#Karambit"}
}
},
{
"from":[8,8.25,7.25],
"to":[8.5,8.5,7.75],
"faces":{
"down":{"uv":[2.375,10.25,2.5,10.75],"texture":"#Karambit"},
"up":{"uv":[2.375,10.25,2.5,10.75],"rotation":90,"texture":"#Karambit"},
"north":{"uv":[1.75,10.875,2,11],"texture":"#Karambit"},
"south":{"uv":[2,10.875,1.75,11],"texture":"#Karambit"},
"west":{"uv":[2.125,10.25,2.25,10.75],"rotation":90,"texture":"#Karambit"},
"east":{"uv":[2.125,10.25,2.25,10.75],"texture":"#Karambit"}
}
},
{
"from":[11,9.5,7.25],
"to":[11.5,10.5,7.75],
"faces":{
"down":{"uv":[5.625,9.75,5.875,10],"texture":"#Karambit"},
"up":{"uv":[5.625,9.75,5.875,10],"texture":"#Karambit"},
"north":{"uv":[0.25,9.875,0.5,10.375],"texture":"#Karambit"},
"south":{"uv":[0.5,9.875,0.25,10.375],"texture":"#Karambit"},
"west":{"uv":[6,9.875,6.25,10.375],"texture":"#Karambit"},
"east":{"uv":[6.25,9.875,6,10.375],"texture":"#Karambit"}
}
},
{
"from":[7,2,7],
"to":[7.5,2.75,8],
"faces":{
"down":{"uv":[11.5,12.625,11.625,13.125],"texture":"#Karambit"},
"up":{"uv":[11.5,12.625,11.625,13.125],"rotation":90,"texture":"#Karambit"},
"north":{"uv":[2.25,13.75,2.5,14.125],"texture":"#Karambit"},
"south":{"uv":[2.5,13.75,2.25,14.125],"texture":"#Karambit"},
"west":{"uv":[11.125,12.625,11.375,13.125],"texture":"#Karambit"},
"east":{"uv":[11.125,12.625,11.375,13.125],"rotation":90,"texture":"#Karambit"}
}
},
{
"from":[7,-0.75,7],
"to":[7.5,0,8],
"faces":{
"down":{"uv":[11.5,15.375,11.625,15.875],"texture":"#Karambit"},
"up":{"uv":[11.5,15.375,11.625,15.875],"rotation":90,"texture":"#Karambit"},
"north":{"uv":[2.25,15.125,2.5,15.5],"texture":"#Karambit"},
"south":{"uv":[2.5,15.125,2.25,15.5],"texture":"#Karambit"},
"west":{"uv":[11.125,15.375,11.375,15.875],"texture":"#Karambit"},
"east":{"uv":[11.125,15.375,11.375,15.875],"rotation":90,"texture":"#Karambit"}
}
},
{
"from":[7.5,1.5,7],
"to":[7.75,2,8],
"faces":{
"down":{"uv":[10.875,13.5,11,14],"texture":"#Karambit"},
"up":{"uv":[10.875,13.5,11,14],"texture":"#Karambit"},
"north":{"uv":[2.125,14.125,2.25,14.375],"texture":"#Karambit"},
"south":{"uv":[2.125,14.125,2.25,14.375],"texture":"#Karambit"},
"west":{"uv":[11.125,13.5,11.25,14],"rotation":90,"texture":"#Karambit"},
"east":{"uv":[11.125,13.5,11.25,14],"texture":"#Karambit"}
}
},
{
"from":[7.5,0,7],
"to":[7.75,0.5,8],
"faces":{
"down":{"uv":[10.875,14.5,11,15],"texture":"#Karambit"},
"up":{"uv":[10.875,14.5,11,15],"texture":"#Karambit"},
"north":{"uv":[2.125,14.875,2.25,15.125],"texture":"#Karambit"},
"south":{"uv":[2.25,14.875,2.125,15.125],"texture":"#Karambit"},
"west":{"uv":[11.125,14.5,11.25,15],"rotation":90,"texture":"#Karambit"},
"east":{"uv":[11.125,14.5,11.25,15],"texture":"#Karambit"}
}
},
{
"from":[9.25,1.5,7],
"to":[9.5,2,8],
"faces":{
"down":{"uv":[9,13.5,9.125,14],"texture":"#Karambit"},
"up":{"uv":[9,13.5,9.125,14],"texture":"#Karambit"},
"north":{"uv":[1.25,14.125,1.375,14.375],"texture":"#Karambit"},
"south":{"uv":[1.375,14.125,1.25,14.375],"texture":"#Karambit"},
"west":{"uv":[9.25,13.5,9.375,14],"rotation":90,"texture":"#Karambit"},
"east":{"uv":[9.25,13.5,9.375,14],"texture":"#Karambit"}
}
},
{
"from":[9.25,0,7],
"to":[9.5,0.5,8],
"faces":{
"down":{"uv":[9,14.5,9.125,15],"texture":"#Karambit"},
"up":{"uv":[9,14.5,9.125,15],"texture":"#Karambit"},
"north":{"uv":[1.25,14.875,1.375,15.125],"texture":"#Karambit"},
"south":{"uv":[1.375,14.875,1.25,15.125],"texture":"#Karambit"},
"west":{"uv":[9.25,14.5,9.375,15],"rotation":90,"texture":"#Karambit"},
"east":{"uv":[9.25,14.5,9.375,15],"texture":"#Karambit"}
}
},
{
"from":[0.5,13,7.35],
"to":[1,13.5,7.6],
"faces":{
"down":{"uv":[5.5,6.375,5.75,6.625],"texture":"#Karambit"},
"up":{"uv":[5.5,5.75,5.75,6],"texture":"#Karambit"},
"north":{"uv":[5.5,8.375,5.75,8.625],"texture":"#Karambit"},
"south":{"uv":[5.75,8.375,5.5,8.625],"texture":"#Karambit"},
"west":{"uv":[8.25,8.375,8.5,8.625],"texture":"#Karambit"},
"east":{"uv":[6.5,8.375,6.75,8.625],"texture":"#Karambit"}
}
},
{
"from":[9,10.5,7],
"to":[9.5,11,8],
"faces":{
"down":{"uv":[9,7,9.5,8],"texture":"#Karambit"},
"up":{"uv":[9,7,9.5,8],"texture":"#Karambit"},
"north":{"uv":[1.25,9.625,1.5,9.875],"texture":"#Karambit"},
"south":{"uv":[1.5,9.625,1.25,9.875],"texture":"#Karambit"},
"west":{"uv":[7,5,8,5.5],"texture":"#Karambit"},
"east":{"uv":[7,5,8,5.5],"texture":"#Karambit"}
}
},
{
"from":[6.5,13.5,7.125],
"to":[8,14.5,7.825],
"faces":{
"down":{"uv":[2.75,7.875,2.125,8.375],"texture":"#Karambit"},
"up":{"uv":[2.75,7.875,2.125,8],"texture":"#Karambit"},
"north":{"uv":[2,7.875,2.75,8.375],"texture":"#Karambit"},
"south":{"uv":[2.75,7.875,2,8.375],"texture":"#Karambit"},
"west":{"uv":[8.25,7.875,8.5,8.375],"texture":"#Karambit"},
"east":{"uv":[6.375,7.875,6.875,8.375],"texture":"#Karambit"}
}
},
{
"from":[6.75,2,7],
"to":[7,2.5,8],
"faces":{
"down":{"uv":[11.375,13.25,11.5,13.75],"texture":"#Karambit"},
"up":{"uv":[11.375,13.25,11.5,13.75],"texture":"#Karambit"},
"north":{"uv":[2.5,13.875,2.625,14.125],"texture":"#Karambit"},
"south":{"uv":[2.625,13.875,2.5,14.125],"texture":"#Karambit"},
"west":{"uv":[11.625,13.25,11.875,13.75],"rotation":90,"texture":"#Karambit"},
"east":{"uv":[11.625,13.25,11.875,13.75],"texture":"#Karambit"}
}
},
{
"from":[6.75,-0.5,7],
"to":[7,0,8],
"faces":{
"down":{"uv":[11.375,14.75,11.5,15.25],"texture":"#Karambit"},
"up":{"uv":[11.375,14.75,11.5,15.25],"texture":"#Karambit"},
"north":{"uv":[2.5,15.125,2.625,15.375],"texture":"#Karambit"},
"south":{"uv":[2.625,15.125,2.5,15.375],"texture":"#Karambit"},
"west":{"uv":[11.625,14.75,11.875,15.25],"rotation":90,"texture":"#Karambit"},
"east":{"uv":[11.625,14.75,11.875,15.25],"texture":"#Karambit"}
}
},
{
"from":[9,1.75,7],
"to":[9.25,2,8],
"faces":{
"down":{"uv":[9.75,13.25,9.875,13.75],"texture":"#Karambit"},
"up":{"uv":[9.75,13.25,9.875,13.75],"texture":"#Karambit"},
"north":{"uv":[1.375,14.125,1.5,14.25],"texture":"#Karambit"},
"south":{"uv":[1.375,14.125,1.5,14.25],"texture":"#Karambit"},
"west":{"uv":[9.5,13.25,9.625,13.75],"rotation":90,"texture":"#Karambit"},
"east":{"uv":[9.5,13.25,9.625,13.75],"texture":"#Karambit"}
}
},
{
"from":[7.75,1.75,7],
"to":[8,2,8],
"faces":{
"down":{"uv":[10.625,13.25,10.75,13.75],"texture":"#Karambit"},
"up":{"uv":[10.625,13.25,10.75,13.75],"texture":"#Karambit"},
"north":{"uv":[2,14.125,2.125,14.25],"texture":"#Karambit"},
"south":{"uv":[2,14.125,2.125,14.25],"texture":"#Karambit"},
"west":{"uv":[10.375,13.25,10.5,13.75],"rotation":90,"texture":"#Karambit"},
"east":{"uv":[10.375,13.25,10.5,13.75],"texture":"#Karambit"}
}
},
{
"from":[7.75,0,7],
"to":[8,0.25,8],
"faces":{
"down":{"uv":[10.625,14.75,10.75,15.25],"texture":"#Karambit"},
"up":{"uv":[10.625,14.75,10.75,15.25],"texture":"#Karambit"},
"north":{"uv":[2,15,2.125,15.125],"texture":"#Karambit"},
"south":{"uv":[2,15,2.125,15.125],"texture":"#Karambit"},
"west":{"uv":[10.375,14.75,10.5,15.25],"rotation":90,"texture":"#Karambit"},
"east":{"uv":[10.375,14.75,10.5,15.25],"texture":"#Karambit"}
}
},
{
"from":[9,0,7],
"to":[9.25,0.25,8],
"faces":{
"down":{"uv":[9.75,14.75,9.875,15.25],"texture":"#Karambit"},
"up":{"uv":[9.75,14.75,9.875,15.25],"texture":"#Karambit"},
"north":{"uv":[1.375,15,1.5,15.125],"texture":"#Karambit"},
"south":{"uv":[1.375,15,1.5,15.125],"texture":"#Karambit"},
"west":{"uv":[9.5,14.75,9.625,15.25],"rotation":90,"texture":"#Karambit"},
"east":{"uv":[9.5,14.75,9.625,15.25],"texture":"#Karambit"}
}
},
{
"from":[11,10.5,7.25],
"to":[11.25,11,7.75],
"faces":{
"down":{"uv":[5.625,9.375,5.875,9.5],"texture":"#Karambit"},
"up":{"uv":[5.625,9.375,5.875,9.5],"rotation":90,"texture":"#Karambit"},
"north":{"uv":[0.375,9.625,0.5,9.875],"texture":"#Karambit"},
"south":{"uv":[0.375,9.625,0.5,9.875],"texture":"#Karambit"},
"west":{"uv":[6,9.5,6.25,9.75],"texture":"#Karambit"},
"east":{"uv":[6,9.5,6.25,9.75],"texture":"#Karambit"}
}
},
{
"from":[10.5,12.5,7.025],
"to":[10.75,13,7.975],
"faces":{
"down":{"uv":[0.625,5.625,0.75,6.125],"texture":"#Karambit"},
"up":{"uv":[0.625,5.625,0.75,6.125],"texture":"#Karambit"},
"north":{"uv":[0.625,8.625,0.75,8.875],"texture":"#Karambit"},
"south":{"uv":[0.75,8.625,0.625,8.875],"texture":"#Karambit"},
"west":{"uv":[8.25,8.5,8.5,8.75],"texture":"#Karambit"},
"east":{"uv":[6.375,8.5,6.875,8.75],"texture":"#Karambit"}
}
},
{
"from":[10,13.5,7.025],
"to":[10.25,14,7.975],
"faces":{
"down":{"uv":[0.875,5.625,1,6.125],"texture":"#Karambit"},
"up":{"uv":[0.875,5.625,1,6.125],"texture":"#Karambit"},
"north":{"uv":[0.875,8.125,1,8.375],"texture":"#Karambit"},
"south":{"uv":[1,8.125,0.875,8.375],"texture":"#Karambit"},
"west":{"uv":[8.25,8.125,8.5,8.375],"texture":"#Karambit"},
"east":{"uv":[6.375,8.125,6.875,8.375],"texture":"#Karambit"}
}
},
{
"from":[9.5,14.5,7.125],
"to":[9.75,14.75,7.825],
"faces":{
"down":{"uv":[1.125,5.625,1.25,6.125],"texture":"#Karambit"},
"up":{"uv":[1.125,5.625,1.25,6.125],"texture":"#Karambit"},
"north":{"uv":[1.125,7.75,1.25,7.875],"texture":"#Karambit"},
"south":{"uv":[1.25,7.75,1.125,7.875],"texture":"#Karambit"},
"west":{"uv":[8.25,7.75,8.5,7.875],"texture":"#Karambit"},
"east":{"uv":[6.375,7.75,6.875,7.875],"texture":"#Karambit"}
}
},
{
"from":[9,15,7.125],
"to":[9.25,15.25,7.825],
"faces":{
"down":{"uv":[1.375,5.625,1.5,6.125],"texture":"#Karambit"},
"up":{"uv":[1.375,5.625,1.5,6.125],"texture":"#Karambit"},
"north":{"uv":[1.375,7.5,1.5,7.625],"texture":"#Karambit"},
"south":{"uv":[1.5,7.5,1.375,7.625],"texture":"#Karambit"},
"west":{"uv":[8.25,7.5,8.5,7.625],"texture":"#Karambit"},
"east":{"uv":[6.5,7.5,6.875,7.625],"texture":"#Karambit"}
}
},
{
"from":[8,15.5,7.125],
"to":[8.5,15.75,7.825],
"faces":{
"down":{"uv":[1.75,5.625,2,6.125],"texture":"#Karambit"},
"up":{"uv":[1.75,5.625,2,6.125],"texture":"#Karambit"},
"north":{"uv":[1.75,7.25,2,7.375],"texture":"#Karambit"},
"south":{"uv":[2,7.25,1.75,7.375],"texture":"#Karambit"},
"west":{"uv":[8.25,7.25,8.5,7.375],"texture":"#Karambit"},
"east":{"uv":[6.5,7.25,6.875,7.375],"texture":"#Karambit"}
}
},
{
"from":[7,16,7.2],
"to":[7.5,16.25,7.75],
"faces":{
"down":{"uv":[2.25,6.375,2.5,6.75],"texture":"#Karambit"},
"up":{"uv":[2.25,5.75,2.5,6.125],"texture":"#Karambit"},
"north":{"uv":[2.25,7,2.5,7.125],"texture":"#Karambit"},
"south":{"uv":[2.5,7,2.25,7.125],"texture":"#Karambit"},
"west":{"uv":[8.125,7,8.5,7.125],"texture":"#Karambit"},
"east":{"uv":[6.5,7,6.75,7.125],"texture":"#Karambit"}
}
},
{
"from":[4,16,7.2],
"to":[4.5,16.25,7.75],
"faces":{
"down":{"uv":[4,6.375,3.75,6.75],"texture":"#Karambit"},
"up":{"uv":[4,5.75,3.75,6.125],"texture":"#Karambit"},
"north":{"uv":[3.75,7,4,7.125],"texture":"#Karambit"},
"south":{"uv":[4,7,3.75,7.125],"texture":"#Karambit"},
"west":{"uv":[8.125,7,8.5,7.125],"texture":"#Karambit"},
"east":{"uv":[6.5,6.875,6.75,7],"texture":"#Karambit"}
}
},
{
"from":[3,15.5,7.275],
"to":[3.5,15.75,7.675],
"faces":{
"down":{"uv":[4.25,6.375,4.5,6.625],"texture":"#Karambit"},
"up":{"uv":[4.25,5.75,4.5,6],"texture":"#Karambit"},
"north":{"uv":[4.25,7.25,4.5,7.375],"texture":"#Karambit"},
"south":{"uv":[4.5,7.25,4.25,7.375],"texture":"#Karambit"},
"west":{"uv":[8.25,7.25,8.5,7.375],"texture":"#Karambit"},
"east":{"uv":[6.5,7.25,6.875,7.375],"texture":"#Karambit"}
}
},
{
"from":[2.25,15,7.275],
"to":[2.5,15.25,7.675],
"faces":{
"down":{"uv":[4.75,6.375,4.875,6.625],"texture":"#Karambit"},
"up":{"uv":[4.75,5.75,4.875,6],"texture":"#Karambit"},
"north":{"uv":[4.75,7.5,4.875,7.625],"texture":"#Karambit"},
"south":{"uv":[4.875,7.5,4.75,7.625],"texture":"#Karambit"},
"west":{"uv":[8.25,7.5,8.5,7.625],"texture":"#Karambit"},
"east":{"uv":[6.5,7.5,6.875,7.625],"texture":"#Karambit"}
}
},
{
"from":[1.75,14.5,7.275],
"to":[2,14.75,7.675],
"faces":{
"down":{"uv":[5,6.375,5.125,6.625],"texture":"#Karambit"},
"up":{"uv":[5,5.75,5.125,6],"texture":"#Karambit"},
"north":{"uv":[5,7.75,5.125,7.875],"texture":"#Karambit"},
"south":{"uv":[5.125,7.75,5,7.875],"texture":"#Karambit"},
"west":{"uv":[8.25,7.75,8.5,7.875],"texture":"#Karambit"},
"east":{"uv":[6.375,7.75,6.875,7.875],"texture":"#Karambit"}
}
},
{
"from":[1.25,14,7.35],
"to":[1.5,14.25,7.6],
"faces":{
"down":{"uv":[5.25,6.375,5.375,6.625],"texture":"#Karambit"},
"up":{"uv":[5.25,5.75,5.375,6],"texture":"#Karambit"},
"north":{"uv":[5.25,8,5.375,8.125],"texture":"#Karambit"},
"south":{"uv":[5.375,8,5.25,8.125],"texture":"#Karambit"},
"west":{"uv":[8.25,8,8.5,8.125],"texture":"#Karambit"},
"east":{"uv":[8.25,8,8.5,8.125],"texture":"#Karambit"}
}
},
{
"from":[0.75,13.5,7.35],
"to":[1,13.75,7.6],
"faces":{
"down":{"uv":[5.5,6.375,5.625,6.625],"texture":"#Karambit"},
"up":{"uv":[5.5,5.75,5.625,6],"texture":"#Karambit"},
"north":{"uv":[5.5,8.25,5.625,8.375],"texture":"#Karambit"},
"south":{"uv":[5.625,8.25,5.5,8.375],"texture":"#Karambit"},
"west":{"uv":[8.25,8.25,8.5,8.375],"texture":"#Karambit"},
"east":{"uv":[8.25,8.25,8.5,8.375],"texture":"#Karambit"}
}
},
{
"from":[0.25,12.75,7.35],
"to":[0.75,13,7.6],
"faces":{
"down":{"uv":[5.625,6.375,5.875,6.625],"texture":"#Karambit"},
"up":{"uv":[5.625,5.75,5.875,6],"texture":"#Karambit"},
"north":{"uv":[5.625,8.625,5.875,8.75],"texture":"#Karambit"},
"south":{"uv":[5.875,8.625,5.625,8.75],"texture":"#Karambit"},
"west":{"uv":[8.25,8.625,8.5,8.75],"texture":"#Karambit"},
"east":{"uv":[8.25,8.625,8.5,8.75],"texture":"#Karambit"}
}
},
{
"from":[2,13.25,7.35],
"to":[2.5,13.5,7.6],
"faces":{
"down":{"uv":[4.875,6.375,5.125,6.625],"texture":"#Karambit"},
"up":{"uv":[4.875,5.75,5.125,6],"texture":"#Karambit"},
"north":{"uv":[4.75,8.375,5,8.5],"texture":"#Karambit"},
"south":{"uv":[5,8.375,4.75,8.5],"texture":"#Karambit"},
"west":{"uv":[8.25,8.375,8.5,8.5],"texture":"#Karambit"},
"east":{"uv":[7.5,8.375,7.75,8.5],"texture":"#Karambit"}
}
},
{
"from":[3.5,13.75,7.275],
"to":[4,14,7.675],
"faces":{
"down":{"uv":[4,6.375,4.25,6.625],"texture":"#Karambit"},
"up":{"uv":[4,5.75,4.25,6],"texture":"#Karambit"},
"north":{"uv":[4,8.125,4.25,8.25],"texture":"#Karambit"},
"south":{"uv":[4.25,8.125,4,8.25],"texture":"#Karambit"},
"west":{"uv":[8.25,8.125,8.5,8.25],"texture":"#Karambit"},
"east":{"uv":[7.5,8.125,7.75,8.25],"texture":"#Karambit"}
}
},
{
"from":[5,13.75,7.1875],
"to":[5.5,14,7.7375],
"faces":{
"down":{"uv":[3.25,6.375,3.5,6.75],"texture":"#Karambit"},
"up":{"uv":[3.25,5.75,3.5,6.125],"texture":"#Karambit"},
"north":{"uv":[3.25,8.125,3.5,8.25],"texture":"#Karambit"},
"south":{"uv":[3.5,8.125,3.25,8.25],"texture":"#Karambit"},
"west":{"uv":[8.25,8.125,8.5,8.25],"texture":"#Karambit"},
"east":{"uv":[7.5,8.125,7.75,8.25],"texture":"#Karambit"}
}
},
{
"from":[6,13.25,7.125],
"to":[6.5,13.5,7.825],
"faces":{
"down":{"uv":[2.75,6.375,3,6.75],"texture":"#Karambit"},
"up":{"uv":[2.75,5.75,3,6.125],"texture":"#Karambit"},
"north":{"uv":[2.75,8.375,3,8.5],"texture":"#Karambit"},
"south":{"uv":[3,8.375,2.75,8.5],"texture":"#Karambit"},
"west":{"uv":[8.25,8.375,8.5,8.5],"texture":"#Karambit"},
"east":{"uv":[7.5,8.375,7.75,8.5],"texture":"#Karambit"}
}
},
{
"from":[6.75,12.75,7.125],
"to":[7,13,7.825],
"faces":{
"down":{"uv":[2.5,6.375,2.625,6.75],"texture":"#Karambit"},
"up":{"uv":[2.5,5.75,2.625,6.125],"texture":"#Karambit"},
"north":{"uv":[2.5,8.625,2.625,8.75],"texture":"#Karambit"},
"south":{"uv":[2.5,8.625,2.625,8.75],"texture":"#Karambit"},
"west":{"uv":[7.375,8.75,7.875,8.875],"texture":"#Karambit"},
"east":{"uv":[6.375,8.625,6.875,8.75],"texture":"#Karambit"}
}
},
{
"from":[7.25,12,7],
"to":[7.5,12.5,8],
"faces":{
"down":{"uv":[2.25,6.25,2.375,6.75],"texture":"#Karambit"},
"up":{"uv":[2.25,5.625,2.375,6.125],"texture":"#Karambit"},
"north":{"uv":[2.25,8.875,2.375,9.125],"texture":"#Karambit"},
"south":{"uv":[2.375,8.875,2.25,9.125],"texture":"#Karambit"},
"west":{"uv":[7.375,8.75,7.875,9],"texture":"#Karambit"},
"east":{"uv":[6.375,8.75,6.875,9],"texture":"#Karambit"}
}
},
{
"from":[7.75,11,7],
"to":[8,11.5,8],
"faces":{
"down":{"uv":[2.125,6.25,2.25,6.625],"texture":"#Karambit"},
"up":{"uv":[2.125,5.625,2.25,6],"texture":"#Karambit"},
"north":{"uv":[2,9.375,2.125,9.625],"texture":"#Karambit"},
"south":{"uv":[2.125,9.375,2,9.625],"texture":"#Karambit"},
"west":{"uv":[7.375,9.375,7.875,9.625],"texture":"#Karambit"},
"east":{"uv":[7.375,9.375,7.875,9.625],"texture":"#Karambit"}
}
},
{
"from":[8.25,8,7.25],
"to":[8.5,8.25,7.75],
"faces":{
"down":{"uv":[1.25,10.75,1.75,11],"texture":"#Karambit"},
"up":{"uv":[1.25,10.75,1.75,11],"texture":"#Karambit"},
"north":{"uv":[1.25,10.75,1.75,11],"texture":"#Karambit"},
"south":{"uv":[1.25,10.75,1.75,11],"texture":"#Karambit"},
"west":{"uv":[1.25,10.75,1.75,11],"texture":"#Karambit"},
"east":{"uv":[1.25,10.75,1.75,11],"texture":"#Karambit"}
}
}
],
"display":{
"thirdperson_righthand":{
"rotation":[90,180,90],
"translation":[0.4,-2,0.1],
"scale":[0.5,0.5,0.5]
},
"thirdperson_lefthand":{
"rotation":[-90,180,90],
"translation":[0.4,-2,0.1],
"scale":[0.5,0.5,0.5]
},
"head":{
"rotation":[0,180,45],
"translation":[-9,5,0],
"scale":[0.5,0.5,0.5]
},
"ground":{
"rotation":[90,0,90],
"translation":[0,0,0],
"scale":[0.5,0.5,0.5]
},
"fixed":{
"rotation":[0,0,0],
"translation":[0,0,0],
"scale":[0.9,0.9,0.9]
},
"firstperson_righthand":{
"rotation":[90,185,90],
"translation":[0,2.75,0],
"scale":[0.8,0.8,0.8]
},
"firstperson_lefthand":{
"rotation":[-90,175,90],
"translation":[0,2,0],
"scale":[0.8,0.8,0.8]
},
"gui":{
"rotation":[-10,30,10],
"translation":[1,0,0],
"scale":[0.8,0.8,0.8]
}
}
}