{
"elements":[
{
"from":[7.25,0.9375,7.625],
"to":[8.75,1.9375,8.375],
"faces":{
"down":{"uv":[8.999,7.874001,7.501,7.125999],"texture":"#darksand"},
"up":{"uv":[7.001,7.125999,8.499,7.874001],"texture":"#darksand"},
"north":{"uv":[7.501,14.0635,8.999,15.0615],"texture":"#darksand"},
"south":{"uv":[7.001,14.0635,8.499,15.0615],"texture":"#darksand"},
"west":{"uv":[7.126,14.0635,7.874,15.0615],"texture":"#darksand"},
"east":{"uv":[8.126,14.0635,8.874,15.0615],"texture":"#darksand"}
}
},
{
"from":[7.625,0.9375,7.25],
"to":[8.375,1.9375,8.75],
"faces":{
"down":{"uv":[7.251,7.063499,8.1865,7.936501],"texture":"#darksand"},
"up":{"uv":[12.126,7.125999,12.874,7.874001],"texture":"#darksand"},
"north":{"uv":[12.126,7.125999,12.749,7.749001],"texture":"#darksand"},
"south":{"uv":[12.126,7.125999,12.749,7.749001],"texture":"#darksand"},
"west":{"uv":[12.126,7.125999,12.749,7.749001],"texture":"#darksand"},
"east":{"uv":[12.126,7.125999,12.749,7.749001],"texture":"#darksand"}
}
},
{
"from":[7.125,2,7.5625],
"to":[8.875,3,8.4375],
"faces":{
"down":{"uv":[7.251,7.063499,8.1865,7.936501],"texture":"#darksand"},
"up":{"uv":[12.126,7.125999,12.874,7.874001],"texture":"#darksand"},
"north":{"uv":[12.126,7.125999,12.749,7.749001],"texture":"#darksand"},
"south":{"uv":[12.126,7.125999,12.749,7.749001],"texture":"#darksand"},
"west":{"uv":[12.126,7.125999,12.749,7.749001],"texture":"#darksand"},
"east":{"uv":[12.126,7.125999,12.749,7.749001],"texture":"#darksand"}
}
},
{
"from":[7.5,2,7.1875],
"to":[8.5,3,8.8125],
"faces":{
"down":{"uv":[7.251,7.063499,8.1865,7.936501],"texture":"#darksand"},
"up":{"uv":[12.126,7.125999,12.874,7.874001],"texture":"#darksand"},
"north":{"uv":[12.126,7.125999,12.749,7.749001],"texture":"#darksand"},
"south":{"uv":[12.126,7.125999,12.749,7.749001],"texture":"#darksand"},
"west":{"uv":[12.126,7.125999,12.749,7.749001],"texture":"#darksand"},
"east":{"uv":[12.126,7.125999,12.749,7.749001],"texture":"#darksand"}
}
},
{
"from":[7.375,0.9375,7.375],
"to":[8.625,1.9375,8.625],
"faces":{
"down":{"uv":[7.251,7.063499,8.1865,7.936501],"texture":"#darksand"},
"up":{"uv":[12.126,7.125999,12.874,7.874001],"texture":"#darksand"},
"north":{"uv":[12.126,7.125999,12.749,7.749001],"texture":"#darksand"},
"south":{"uv":[12.126,7.125999,12.749,7.749001],"texture":"#darksand"},
"west":{"uv":[12.126,7.125999,12.749,7.749001],"texture":"#darksand"},
"east":{"uv":[12.126,7.125999,12.749,7.749001],"texture":"#darksand"}
}
},
{
"from":[7.3125,2,7.375],
"to":[8.6875,3,8.625],
"faces":{
"down":{"uv":[7.251,7.063499,8.1865,7.936501],"texture":"#darksand"},
"up":{"uv":[12.126,7.125999,12.874,7.874001],"texture":"#darksand"},
"north":{"uv":[12.126,7.125999,12.749,7.749001],"texture":"#darksand"},
"south":{"uv":[12.126,7.125999,12.749,7.749001],"texture":"#darksand"},
"west":{"uv":[12.126,7.125999,12.749,7.749001],"texture":"#darksand"},
"east":{"uv":[12.126,7.125999,12.749,7.749001],"texture":"#darksand"}
}
},
{
"from":[7.125,3.0625,7.5625],
"to":[8.875,4.0625,8.4375],
"faces":{
"down":{"uv":[7.251,7.063499,8.1865,7.936501],"texture":"#darksand"},
"up":{"uv":[12.126,7.125999,12.874,7.874001],"texture":"#darksand"},
"north":{"uv":[12.126,7.125999,12.749,7.749001],"texture":"#darksand"},
"south":{"uv":[12.126,7.125999,12.749,7.749001],"texture":"#darksand"},
"west":{"uv":[12.126,7.125999,12.749,7.749001],"texture":"#darksand"},
"east":{"uv":[12.126,7.125999,12.749,7.749001],"texture":"#darksand"}
}
},
{
"from":[7.5,3.0625,7.1875],
"to":[8.5,4.0625,8.8125],
"faces":{
"down":{"uv":[7.251,7.063499,8.1865,7.936501],"texture":"#darksand"},
"up":{"uv":[12.126,7.125999,12.874,7.874001],"texture":"#darksand"},
"north":{"uv":[12.126,7.125999,12.749,7.749001],"texture":"#darksand"},
"south":{"uv":[12.126,7.125999,12.749,7.749001],"texture":"#darksand"},
"west":{"uv":[12.126,7.125999,12.749,7.749001],"texture":"#darksand"},
"east":{"uv":[12.126,7.125999,12.749,7.749001],"texture":"#darksand"}
}
},
{
"from":[7.3125,3.0625,7.375],
"to":[8.6875,4.0625,8.625],
"faces":{
"down":{"uv":[7.251,7.063499,8.1865,7.936501],"texture":"#darksand"},
"up":{"uv":[12.126,7.125999,12.874,7.874001],"texture":"#darksand"},
"north":{"uv":[12.126,7.125999,12.749,7.749001],"texture":"#darksand"},
"south":{"uv":[12.126,7.125999,12.749,7.749001],"texture":"#darksand"},
"west":{"uv":[12.126,7.125999,12.749,7.749001],"texture":"#darksand"},
"east":{"uv":[12.126,7.125999,12.749,7.749001],"texture":"#darksand"}
}
},
{
"from":[7.25,4.125,7.625],
"to":[8.75,5.125,8.375],
"faces":{
"down":{"uv":[7.251,7.063499,8.1865,7.936501],"texture":"#darksand"},
"up":{"uv":[12.126,7.125999,12.874,7.874001],"texture":"#darksand"},
"north":{"uv":[12.126,7.125999,12.749,7.749001],"texture":"#darksand"},
"south":{"uv":[12.126,7.125999,12.749,7.749001],"texture":"#darksand"},
"west":{"uv":[12.126,7.125999,12.749,7.749001],"texture":"#darksand"},
"east":{"uv":[12.126,7.125999,12.749,7.749001],"texture":"#darksand"}
}
},
{
"from":[7.625,4.125,7.25],
"to":[8.375,5.125,8.75],
"faces":{
"down":{"uv":[7.251,7.063499,8.1865,7.936501],"texture":"#darksand"},
"up":{"uv":[12.126,7.125999,12.874,7.874001],"texture":"#darksand"},
"north":{"uv":[12.126,7.125999,12.749,7.749001],"texture":"#darksand"},
"south":{"uv":[12.126,7.125999,12.749,7.749001],"texture":"#darksand"},
"west":{"uv":[12.126,7.125999,12.749,7.749001],"texture":"#darksand"},
"east":{"uv":[12.126,7.125999,12.749,7.749001],"texture":"#darksand"}
}
},
{
"from":[7.375,4.125,7.375],
"to":[8.625,5.125,8.625],
"faces":{
"down":{"uv":[7.251,7.063499,8.1865,7.936501],"texture":"#darksand"},
"up":{"uv":[12.126,7.125999,12.874,7.874001],"texture":"#darksand"},
"north":{"uv":[12.126,7.125999,12.749,7.749001],"texture":"#darksand"},
"south":{"uv":[12.126,7.125999,12.749,7.749001],"texture":"#darksand"},
"west":{"uv":[12.126,7.125999,12.749,7.749001],"texture":"#darksand"},
"east":{"uv":[12.126,7.125999,12.749,7.749001],"texture":"#darksand"}
}
},
{
"from":[7.3125,0.625,7.625],
"to":[8.6875,0.875,8.375],
"faces":{
"down":{"uv":[7.251,7.063499,8.1865,7.936501],"texture":"#darksand"},
"up":{"uv":[12.126,7.125999,12.874,7.874001],"texture":"#darksand"},
"north":{"uv":[12.126,7.125999,12.749,7.749001],"texture":"#darksand"},
"south":{"uv":[12.126,7.125999,12.749,7.749001],"texture":"#darksand"},
"west":{"uv":[12.126,7.125999,12.749,7.749001],"texture":"#darksand"},
"east":{"uv":[12.126,7.125999,12.749,7.749001],"texture":"#darksand"}
}
},
{
"from":[7.6875,0.625,7.25],
"to":[8.3125,0.875,8.75],
"faces":{
"down":{"uv":[7.251,7.063499,8.1865,7.936501],"texture":"#darksand"},
"up":{"uv":[12.126,7.125999,12.874,7.874001],"texture":"#darksand"},
"north":{"uv":[12.126,7.125999,12.749,7.749001],"texture":"#darksand"},
"south":{"uv":[12.126,7.125999,12.749,7.749001],"texture":"#darksand"},
"west":{"uv":[12.126,7.125999,12.749,7.749001],"texture":"#darksand"},
"east":{"uv":[12.126,7.125999,12.749,7.749001],"texture":"#darksand"}
}
},
{
"from":[7.4375,0.625,7.375],
"to":[8.5625,0.875,8.625],
"faces":{
"down":{"uv":[7.251,7.063499,8.1865,7.936501],"texture":"#darksand"},
"up":{"uv":[12.126,7.125999,12.874,7.874001],"texture":"#darksand"},
"north":{"uv":[12.126,7.125999,12.749,7.749001],"texture":"#darksand"},
"south":{"uv":[12.126,7.125999,12.749,7.749001],"texture":"#darksand"},
"west":{"uv":[12.126,7.125999,12.749,7.749001],"texture":"#darksand"},
"east":{"uv":[12.126,7.125999,12.749,7.749001],"texture":"#darksand"}
}
},
{
"from":[7.3125,0.875,7.6875],
"to":[8.6875,5.375,8.3125],
"faces":{
"up":{"uv":[12.126,7.125999,12.874,7.874001],"texture":"#darksand"},
"north":{"uv":[12.126,7.125999,12.749,7.749001],"texture":"#darksand"},
"south":{"uv":[12.126,7.125999,12.749,7.749001],"texture":"#darksand"},
"west":{"uv":[12.126,7.125999,12.749,7.749001],"texture":"#darksand"},
"east":{"uv":[12.126,7.125999,12.749,7.749001],"texture":"#darksand"}
}
},
{
"from":[7.4375,0.875,7.4375],
"to":[8.5625,5.375,8.5625],
"faces":{
"up":{"uv":[12.126,7.125999,12.874,7.874001],"texture":"#darksand"},
"north":{"uv":[12.126,7.125999,12.749,7.749001],"texture":"#darksand"},
"south":{"uv":[12.126,7.125999,12.749,7.749001],"texture":"#darksand"},
"west":{"uv":[12.126,7.125999,12.749,7.749001],"texture":"#darksand"},
"east":{"uv":[12.126,7.125999,12.749,7.749001],"texture":"#darksand"}
}
},
{
"from":[7.6875,0.875,7.3125],
"to":[8.3125,5.375,8.6875],
"faces":{
"up":{"uv":[12.126,7.125999,12.874,7.874001],"texture":"#darksand"},
"north":{"uv":[12.126,7.125999,12.749,7.749001],"texture":"#darksand"},
"south":{"uv":[12.126,7.125999,12.749,7.749001],"texture":"#darksand"},
"west":{"uv":[12.126,7.125999,12.749,7.749001],"texture":"#darksand"},
"east":{"uv":[12.126,7.125999,12.749,7.749001],"texture":"#darksand"}
}
},
{
"from":[7.175,0.075,7.55],
"to":[8.824999,0.45,8.449999],
"faces":{
"down":{"uv":[7.251,7.063499,8.1865,7.936501],"texture":"#darksand"},
"up":{"uv":[12.126,7.125999,12.874,7.874001],"texture":"#darksand"},
"north":{"uv":[12.126,7.125999,12.749,7.749001],"texture":"#darksand"},
"south":{"uv":[12.126,7.125999,12.749,7.749001],"texture":"#darksand"},
"west":{"uv":[12.126,7.125999,12.749,7.749001],"texture":"#darksand"},
"east":{"uv":[12.126,7.125999,12.749,7.749001],"texture":"#darksand"}
}
},
{
"from":[7.625,0.075,7.1],
"to":[8.375,0.45,8.9],
"faces":{
"down":{"uv":[7.251,7.063499,8.1865,7.936501],"texture":"#darksand"},
"up":{"uv":[12.126,7.125999,12.874,7.874001],"texture":"#darksand"},
"north":{"uv":[12.126,7.125999,12.749,7.749001],"texture":"#darksand"},
"south":{"uv":[12.126,7.125999,12.749,7.749001],"texture":"#darksand"},
"west":{"uv":[12.126,7.125999,12.749,7.749001],"texture":"#darksand"},
"east":{"uv":[12.126,7.125999,12.749,7.749001],"texture":"#darksand"}
}
},
{
"from":[7.325,0.075,7.25],
"to":[8.675,0.45,8.75],
"faces":{
"down":{"uv":[7.251,7.063499,8.1865,7.936501],"texture":"#darksand"},
"up":{"uv":[12.126,7.125999,12.874,7.874001],"texture":"#darksand"},
"north":{"uv":[12.126,7.125999,12.749,7.749001],"texture":"#darksand"},
"south":{"uv":[12.126,7.125999,12.749,7.749001],"texture":"#darksand"},
"west":{"uv":[12.126,7.125999,12.749,7.749001],"texture":"#darksand"},
"east":{"uv":[12.126,7.125999,12.749,7.749001],"texture":"#darksand"}
}
},
{
"from":[7.2188,0.4125,7.5875],
"to":[8.731299,0.6875,8.412499],
"faces":{
"down":{"uv":[7.251,7.063499,8.1865,7.936501],"texture":"#darksand"},
"up":{"uv":[12.126,7.125999,12.874,7.874001],"texture":"#darksand"},
"north":{"uv":[12.126,7.125999,12.749,7.749001],"texture":"#darksand"},
"south":{"uv":[12.126,7.125999,12.749,7.749001],"texture":"#darksand"},
"west":{"uv":[12.126,7.125999,12.749,7.749001],"texture":"#darksand"},
"east":{"uv":[12.126,7.125999,12.749,7.749001],"texture":"#darksand"}
}
},
{
"from":[7.6562,0.4125,7.175],
"to":[8.3437,0.6875,8.824999],
"faces":{
"down":{"uv":[7.251,7.063499,8.1865,7.936501],"texture":"#darksand"},
"up":{"uv":[12.126,7.125999,12.874,7.874001],"texture":"#darksand"},
"north":{"uv":[12.126,7.125999,12.749,7.749001],"texture":"#darksand"},
"south":{"uv":[12.126,7.125999,12.749,7.749001],"texture":"#darksand"},
"west":{"uv":[12.126,7.125999,12.749,7.749001],"texture":"#darksand"},
"east":{"uv":[12.126,7.125999,12.749,7.749001],"texture":"#darksand"}
}
},
{
"from":[7.3812,0.4125,7.3125],
"to":[8.6187,0.6875,8.6875],
"faces":{
"down":{"uv":[7.251,7.063499,8.1865,7.936501],"texture":"#darksand"},
"up":{"uv":[12.126,7.125999,12.874,7.874001],"texture":"#darksand"},
"north":{"uv":[12.126,7.125999,12.749,7.749001],"texture":"#darksand"},
"south":{"uv":[12.126,7.125999,12.749,7.749001],"texture":"#darksand"},
"west":{"uv":[12.126,7.125999,12.749,7.749001],"texture":"#darksand"},
"east":{"uv":[12.126,7.125999,12.749,7.749001],"texture":"#darksand"}
}
},
{
"from":[7.3125,-0.05,7.6875],
"to":[8.6875,0.075,8.3125],
"faces":{
"down":{"uv":[7.251,7.063499,8.1865,7.936501],"texture":"#darksand"},
"up":{"uv":[12.126,7.125999,12.874,7.874001],"texture":"#darksand"},
"north":{"uv":[12.126,7.125999,12.749,7.749001],"texture":"#darksand"},
"south":{"uv":[12.126,7.125999,12.749,7.749001],"texture":"#darksand"},
"west":{"uv":[12.126,7.125999,12.749,7.749001],"texture":"#darksand"},
"east":{"uv":[12.126,7.125999,12.749,7.749001],"texture":"#darksand"}
}
},
{
"from":[7.4375,-0.05,7.4375],
"to":[8.5625,0.075,8.5625],
"faces":{
"down":{"uv":[7.251,7.063499,8.1865,7.936501],"texture":"#darksand"},
"up":{"uv":[12.126,7.125999,12.874,7.874001],"texture":"#darksand"},
"north":{"uv":[12.126,7.125999,12.749,7.749001],"texture":"#darksand"},
"south":{"uv":[12.126,7.125999,12.749,7.749001],"texture":"#darksand"},
"west":{"uv":[12.126,7.125999,12.749,7.749001],"texture":"#darksand"},
"east":{"uv":[12.126,7.125999,12.749,7.749001],"texture":"#darksand"}
}
},
{
"from":[7.6875,-0.05,7.3125],
"to":[8.3125,0.075,8.6875],
"faces":{
"down":{"uv":[7.251,7.063499,8.1865,7.936501],"texture":"#darksand"},
"up":{"uv":[12.126,7.125999,12.874,7.874001],"texture":"#darksand"},
"north":{"uv":[12.126,7.125999,12.749,7.749001],"texture":"#darksand"},
"south":{"uv":[12.126,7.125999,12.749,7.749001],"texture":"#darksand"},
"west":{"uv":[12.126,7.125999,12.749,7.749001],"texture":"#darksand"},
"east":{"uv":[12.126,7.125999,12.749,7.749001],"texture":"#darksand"}
}
},
{
"from":[7.3125,5.1875,7.625],
"to":[8.6875,5.4375,8.375],
"faces":{
"down":{"uv":[7.251,7.063499,8.1865,7.936501],"texture":"#darksand"},
"up":{"uv":[12.126,7.125999,12.874,7.874001],"texture":"#darksand"},
"north":{"uv":[12.126,7.125999,12.749,7.749001],"texture":"#darksand"},
"south":{"uv":[12.126,7.125999,12.749,7.749001],"texture":"#darksand"},
"west":{"uv":[12.126,7.125999,12.749,7.749001],"texture":"#darksand"},
"east":{"uv":[12.126,7.125999,12.749,7.749001],"texture":"#darksand"}
}
},
{
"from":[7.6875,5.1875,7.25],
"to":[8.3125,5.4375,8.75],
"faces":{
"down":{"uv":[7.251,7.063499,8.1865,7.936501],"texture":"#darksand"},
"north":{"uv":[12.126,7.125999,12.749,7.749001],"texture":"#darksand"},
"south":{"uv":[12.126,7.125999,12.749,7.749001],"texture":"#darksand"},
"west":{"uv":[12.126,7.125999,12.749,7.749001],"texture":"#darksand"},
"east":{"uv":[12.126,7.125999,12.749,7.749001],"texture":"#darksand"}
}
},
{
"from":[7.4375,5.1875,7.375],
"to":[8.5625,5.4375,8.625],
"faces":{
"down":{"uv":[7.251,7.063499,8.1865,7.936501],"texture":"#darksand"},
"north":{"uv":[12.126,7.125999,12.749,7.749001],"texture":"#darksand"},
"south":{"uv":[12.126,7.125999,12.749,7.749001],"texture":"#darksand"},
"west":{"uv":[12.126,7.125999,12.749,7.749001],"texture":"#darksand"},
"east":{"uv":[12.126,7.125999,12.749,7.749001],"texture":"#darksand"}
}
},
{
"from":[7.4375,5.4375,7.25],
"to":[8.5625,6,8.75],
"faces":{
"down":{"uv":[7.251,7.063499,8.1865,7.936501],"texture":"#brightguntexture"},
"up":{"uv":[12.126,7.125999,12.874,7.874001],"texture":"#brightguntexture"},
"north":{"uv":[12.126,7.125999,12.749,7.749001],"texture":"#brightguntexture"},
"south":{"uv":[12.126,7.125999,12.749,7.749001],"texture":"#brightguntexture"},
"west":{"uv":[12.126,7.125999,12.749,7.749001],"texture":"#brightguntexture"},
"east":{"uv":[12.126,7.125999,12.749,7.749001],"texture":"#brightguntexture"}
}
},
{
"from":[7.25,5.5625,7.25],
"to":[7.4375,6,8.75],
"faces":{
"down":{"uv":[7.251,7.063499,8.1865,7.936501],"texture":"#brightguntexture"},
"up":{"uv":[12.126,7.125999,12.874,7.874001],"texture":"#brightguntexture"},
"north":{"uv":[12.126,7.125999,12.749,7.749001],"texture":"#brightguntexture"},
"south":{"uv":[12.126,7.125999,12.749,7.749001],"texture":"#brightguntexture"},
"west":{"uv":[12.126,7.125999,12.749,7.749001],"texture":"#brightguntexture"}
}
},
{
"from":[8.5625,5.5625,7.25],
"to":[8.75,6,8.75],
"faces":{
"down":{"uv":[7.251,7.063499,8.1865,7.936501],"texture":"#brightguntexture"},
"up":{"uv":[12.126,7.125999,12.874,7.874001],"texture":"#brightguntexture"},
"north":{"uv":[12.126,7.125999,12.749,7.749001],"texture":"#brightguntexture"},
"south":{"uv":[12.126,7.125999,12.749,7.749001],"texture":"#brightguntexture"},
"east":{"uv":[12.126,7.125999,12.749,7.749001],"texture":"#brightguntexture"}
}
},
{
"from":[6.5625,5.4012,7.25],
"to":[7.3125,5.7137,8.75],
"rotation":{"origin":[6.5625,5.71375,7.25],"axis":"z","angle":22.5},
"faces":{
"down":{"uv":[7.251,7.063499,8.1865,7.936501],"texture":"#brightguntexture"},
"up":{"uv":[12.126,7.125999,12.874,7.874001],"texture":"#brightguntexture"},
"north":{"uv":[12.126,7.125999,12.749,7.749001],"texture":"#brightguntexture"},
"south":{"uv":[12.126,7.125999,12.749,7.749001],"texture":"#brightguntexture"},
"west":{"uv":[12.126,7.125999,12.749,7.749001],"texture":"#brightguntexture"},
"east":{"uv":[12.126,7.125999,12.749,7.749001],"texture":"#brightguntexture"}
}
},
{
"from":[8.625,5.6875,7.25],
"to":[9.3125,6,8.75],
"rotation":{"origin":[8.625,6,7.25],"axis":"z","angle":22.5},
"faces":{
"down":{"uv":[7.251,7.063499,8.1865,7.936501],"texture":"#brightguntexture"},
"up":{"uv":[12.126,7.125999,12.874,7.874001],"texture":"#brightguntexture"},
"north":{"uv":[12.126,7.125999,12.749,7.749001],"texture":"#brightguntexture"},
"south":{"uv":[12.126,7.125999,12.749,7.749001],"texture":"#brightguntexture"},
"west":{"uv":[12.126,7.125999,12.749,7.749001],"texture":"#brightguntexture"},
"east":{"uv":[12.126,7.125999,12.749,7.749001],"texture":"#brightguntexture"}
}
},
{
"from":[7.25,5.4375,7.375],
"to":[7.4375,5.5625,8.625],
"faces":{
"down":{"uv":[7.251,7.063499,8.1865,7.936501],"texture":"#brightguntexture"},
"north":{"uv":[12.126,7.125999,12.749,7.749001],"texture":"#brightguntexture"},
"south":{"uv":[12.126,7.125999,12.749,7.749001],"texture":"#brightguntexture"},
"west":{"uv":[12.126,7.125999,12.749,7.749001],"texture":"#brightguntexture"}
}
},
{
"from":[8.5625,5.4375,7.375],
"to":[8.75,5.5625,8.625],
"faces":{
"down":{"uv":[7.251,7.063499,8.1865,7.936501],"texture":"#brightguntexture"},
"north":{"uv":[12.126,7.125999,12.749,7.749001],"texture":"#brightguntexture"},
"south":{"uv":[12.126,7.125999,12.749,7.749001],"texture":"#brightguntexture"},
"east":{"uv":[12.126,7.125999,12.749,7.749001],"texture":"#brightguntexture"}
}
},
{
"from":[8.6875,5.5625,7.375],
"to":[8.8125,5.6875,8.625],
"rotation":{"origin":[8.6875,5.6875,7.375],"axis":"z","angle":22.5},
"faces":{
"down":{"uv":[7.251,7.063499,8.1865,7.936501],"texture":"#brightguntexture"},
"north":{"uv":[12.126,7.125999,12.749,7.749001],"texture":"#brightguntexture"},
"south":{"uv":[12.126,7.125999,12.749,7.749001],"texture":"#brightguntexture"},
"west":{"uv":[12.126,7.125999,12.749,7.749001],"texture":"#brightguntexture"},
"east":{"uv":[12.126,7.125999,12.749,7.749001],"texture":"#brightguntexture"}
}
},
{
"from":[7.125,5.5,7.375],
"to":[7.25,5.625,8.625],
"rotation":{"origin":[7.125,5.625,7.375],"axis":"z","angle":22.5},
"faces":{
"down":{"uv":[7.251,7.063499,8.1865,7.936501],"texture":"#brightguntexture"},
"up":{"uv":[12.126,7.125999,12.874,7.874001],"texture":"#brightguntexture"},
"north":{"uv":[12.126,7.125999,12.749,7.749001],"texture":"#brightguntexture"},
"south":{"uv":[12.126,7.125999,12.749,7.749001],"texture":"#brightguntexture"},
"west":{"uv":[12.126,7.125999,12.749,7.749001],"texture":"#brightguntexture"},
"east":{"uv":[12.126,7.125999,12.749,7.749001],"texture":"#brightguntexture"}
}
},
{
"from":[6.8675,5.5112,7.375],
"to":[7.18,5.6362,8.625],
"faces":{
"down":{"uv":[7.251,7.063499,8.1865,7.936501],"texture":"#brightguntexture"},
"up":{"uv":[12.126,7.125999,12.874,7.874001],"texture":"#brightguntexture"},
"north":{"uv":[12.126,7.125999,12.749,7.749001],"texture":"#brightguntexture"},
"south":{"uv":[12.126,7.125999,12.749,7.749001],"texture":"#brightguntexture"},
"west":{"uv":[12.126,7.125999,12.749,7.749001],"texture":"#brightguntexture"},
"east":{"uv":[12.126,7.125999,12.749,7.749001],"texture":"#brightguntexture"}
}
},
{
"from":[8.76,5.5837,7.375],
"to":[9.0725,5.7087,8.625],
"rotation":{"origin":[8.76,5.70875,7.375],"axis":"z","angle":45},
"faces":{
"down":{"uv":[7.251,7.063499,8.1865,7.936501],"texture":"#brightguntexture"},
"up":{"uv":[12.126,7.125999,12.874,7.874001],"texture":"#brightguntexture"},
"north":{"uv":[12.126,7.125999,12.749,7.749001],"texture":"#brightguntexture"},
"south":{"uv":[12.126,7.125999,12.749,7.749001],"texture":"#brightguntexture"},
"west":{"uv":[12.126,7.125999,12.749,7.749001],"texture":"#brightguntexture"},
"east":{"uv":[12.126,7.125999,12.749,7.749001],"texture":"#brightguntexture"}
}
},
{
"from":[7.5312,6,7.5625],
"to":[8.4687,6.1875,8.4375],
"faces":{
"up":{"uv":[12.126,7.125999,12.874,7.874001],"texture":"#brightguntexture"},
"north":{"uv":[12.126,7.125999,12.749,7.749001],"texture":"#brightguntexture"},
"south":{"uv":[12.126,7.125999,12.749,7.749001],"texture":"#brightguntexture"},
"west":{"uv":[12.126,7.125999,12.749,7.749001],"texture":"#brightguntexture"},
"east":{"uv":[12.126,7.125999,12.749,7.749001],"texture":"#brightguntexture"}
}
},
{
"from":[7.9688,6.1875,7.5625],
"to":[8.0313,12.1875,8.4375],
"faces":{
"up":{"uv":[12.126,7.125999,12.874,7.874001],"texture":"#brightguntexture"},
"north":{"uv":[12.126,7.125999,12.749,7.749001],"texture":"#brightguntexture"},
"south":{"uv":[12.126,7.125999,12.749,7.749001],"texture":"#brightguntexture"},
"west":{"uv":[12.126,7.125999,12.749,7.749001],"texture":"#brightguntexture"},
"east":{"uv":[12.126,7.125999,12.749,7.749001],"texture":"#brightguntexture"}
}
},
{
"from":[8.031199,6.1875,7.5625],
"to":[8.093699,10,8.4375],
"faces":{
"up":{"uv":[12.126,7.125999,12.874,7.874001],"texture":"#brightguntexture"},
"north":{"uv":[12.126,7.125999,12.749,7.749001],"texture":"#brightguntexture"},
"south":{"uv":[12.126,7.125999,12.749,7.749001],"texture":"#brightguntexture"},
"west":{"uv":[12.126,7.125999,12.749,7.749001],"texture":"#brightguntexture"},
"east":{"uv":[12.126,7.125999,12.749,7.749001],"texture":"#brightguntexture"}
}
},
{
"from":[7.9062,6.1875,7.5625],
"to":[7.9687,10,8.4375],
"faces":{
"up":{"uv":[12.126,7.125999,12.874,7.874001],"texture":"#brightguntexture"},
"north":{"uv":[12.126,7.125999,12.749,7.749001],"texture":"#brightguntexture"},
"south":{"uv":[12.126,7.125999,12.749,7.749001],"texture":"#brightguntexture"},
"west":{"uv":[12.126,7.125999,12.749,7.749001],"texture":"#brightguntexture"},
"east":{"uv":[12.126,7.125999,12.749,7.749001],"texture":"#brightguntexture"}
}
},
{
"from":[8.0938,6.1875,7.5625],
"to":[8.1563,8.5,8.4375],
"faces":{
"up":{"uv":[12.126,7.125999,12.874,7.874001],"texture":"#brightguntexture"},
"north":{"uv":[12.126,7.125999,12.749,7.749001],"texture":"#brightguntexture"},
"south":{"uv":[12.126,7.125999,12.749,7.749001],"texture":"#brightguntexture"},
"west":{"uv":[12.126,7.125999,12.749,7.749001],"texture":"#brightguntexture"},
"east":{"uv":[12.126,7.125999,12.749,7.749001],"texture":"#brightguntexture"}
}
},
{
"from":[7.8438,6.1875,7.5625],
"to":[7.9063,8.5,8.4375],
"faces":{
"up":{"uv":[12.126,7.125999,12.874,7.874001],"texture":"#brightguntexture"},
"north":{"uv":[12.126,7.125999,12.749,7.749001],"texture":"#brightguntexture"},
"south":{"uv":[12.126,7.125999,12.749,7.749001],"texture":"#brightguntexture"},
"west":{"uv":[12.126,7.125999,12.749,7.749001],"texture":"#brightguntexture"},
"east":{"uv":[12.126,7.125999,12.749,7.749001],"texture":"#brightguntexture"}
}
},
{
"from":[8.156199,6.1875,7.5625],
"to":[8.218699,7.5,8.4375],
"faces":{
"up":{"uv":[12.126,7.125999,12.874,7.874001],"texture":"#brightguntexture"},
"north":{"uv":[12.126,7.125999,12.749,7.749001],"texture":"#brightguntexture"},
"south":{"uv":[12.126,7.125999,12.749,7.749001],"texture":"#brightguntexture"},
"west":{"uv":[12.126,7.125999,12.749,7.749001],"texture":"#brightguntexture"},
"east":{"uv":[12.126,7.125999,12.749,7.749001],"texture":"#brightguntexture"}
}
},
{
"from":[7.7812,6.1875,7.5625],
"to":[7.8437,7.5,8.4375],
"faces":{
"up":{"uv":[12.126,7.125999,12.874,7.874001],"texture":"#brightguntexture"},
"north":{"uv":[12.126,7.125999,12.749,7.749001],"texture":"#brightguntexture"},
"south":{"uv":[12.126,7.125999,12.749,7.749001],"texture":"#brightguntexture"},
"west":{"uv":[12.126,7.125999,12.749,7.749001],"texture":"#brightguntexture"},
"east":{"uv":[12.126,7.125999,12.749,7.749001],"texture":"#brightguntexture"}
}
},
{
"from":[8.2188,6.1875,7.5625],
"to":[8.2813,6.75,8.4375],
"faces":{
"up":{"uv":[12.126,7.125999,12.874,7.874001],"texture":"#brightguntexture"},
"north":{"uv":[12.126,7.125999,12.749,7.749001],"texture":"#brightguntexture"},
"south":{"uv":[12.126,7.125999,12.749,7.749001],"texture":"#brightguntexture"},
"west":{"uv":[12.126,7.125999,12.749,7.749001],"texture":"#brightguntexture"},
"east":{"uv":[12.126,7.125999,12.749,7.749001],"texture":"#brightguntexture"}
}
},
{
"from":[7.7188,6.1875,7.5625],
"to":[7.7813,6.75,8.4375],
"faces":{
"up":{"uv":[12.126,7.125999,12.874,7.874001],"texture":"#brightguntexture"},
"north":{"uv":[12.126,7.125999,12.749,7.749001],"texture":"#brightguntexture"},
"south":{"uv":[12.126,7.125999,12.749,7.749001],"texture":"#brightguntexture"},
"west":{"uv":[12.126,7.125999,12.749,7.749001],"texture":"#brightguntexture"},
"east":{"uv":[12.126,7.125999,12.749,7.749001],"texture":"#brightguntexture"}
}
},
{
"from":[8.281199,6.1875,7.5625],
"to":[8.343699,6.5,8.4375],
"faces":{
"up":{"uv":[12.126,7.125999,12.874,7.874001],"texture":"#brightguntexture"},
"north":{"uv":[12.126,7.125999,12.749,7.749001],"texture":"#brightguntexture"},
"south":{"uv":[12.126,7.125999,12.749,7.749001],"texture":"#brightguntexture"},
"west":{"uv":[12.126,7.125999,12.749,7.749001],"texture":"#brightguntexture"},
"east":{"uv":[12.126,7.125999,12.749,7.749001],"texture":"#brightguntexture"}
}
},
{
"from":[7.6562,6.1875,7.5625],
"to":[7.7187,6.5,8.4375],
"faces":{
"up":{"uv":[12.126,7.125999,12.874,7.874001],"texture":"#brightguntexture"},
"north":{"uv":[12.126,7.125999,12.749,7.749001],"texture":"#brightguntexture"},
"south":{"uv":[12.126,7.125999,12.749,7.749001],"texture":"#brightguntexture"},
"west":{"uv":[12.126,7.125999,12.749,7.749001],"texture":"#brightguntexture"},
"east":{"uv":[12.126,7.125999,12.749,7.749001],"texture":"#brightguntexture"}
}
},
{
"from":[8.3438,6.1875,7.5625],
"to":[8.4063,6.3125,8.4375],
"faces":{
"up":{"uv":[12.126,7.125999,12.874,7.874001],"texture":"#brightguntexture"},
"north":{"uv":[12.126,7.125999,12.749,7.749001],"texture":"#brightguntexture"},
"south":{"uv":[12.126,7.125999,12.749,7.749001],"texture":"#brightguntexture"},
"west":{"uv":[12.126,7.125999,12.749,7.749001],"texture":"#brightguntexture"},
"east":{"uv":[12.126,7.125999,12.749,7.749001],"texture":"#brightguntexture"}
}
},
{
"from":[7.5938,6.1875,7.5625],
"to":[7.6563,6.3125,8.4375],
"faces":{
"up":{"uv":[12.126,7.125999,12.874,7.874001],"texture":"#brightguntexture"},
"north":{"uv":[12.126,7.125999,12.749,7.749001],"texture":"#brightguntexture"},
"south":{"uv":[12.126,7.125999,12.749,7.749001],"texture":"#brightguntexture"},
"west":{"uv":[12.126,7.125999,12.749,7.749001],"texture":"#brightguntexture"},
"east":{"uv":[12.126,7.125999,12.749,7.749001],"texture":"#brightguntexture"}
}
},
{
"from":[7.7812,7.5,7.6875],
"to":[8.2187,12.1875,8.3125],
"faces":{
"up":{"uv":[12.126,7.125999,12.874,7.874001],"texture":"#brightguntexture"},
"north":{"uv":[12.126,7.125999,12.749,7.749001],"texture":"#brightguntexture"},
"south":{"uv":[12.126,7.125999,12.749,7.749001],"texture":"#brightguntexture"},
"west":{"uv":[12.126,7.125999,12.749,7.749001],"texture":"#brightguntexture"},
"east":{"uv":[12.126,7.125999,12.749,7.749001],"texture":"#brightguntexture"}
}
},
{
"from":[7.625,6.3125,7.8125],
"to":[8.375,12.1875,8.1875],
"faces":{
"up":{"uv":[12.126,7.125999,12.874,7.874001],"texture":"#brightguntexture"},
"north":{"uv":[12.126,7.125999,12.749,7.749001],"texture":"#brightguntexture"},
"south":{"uv":[12.126,7.125999,12.749,7.749001],"texture":"#brightguntexture"},
"west":{"uv":[12.126,7.125999,12.749,7.749001],"texture":"#brightguntexture"},
"east":{"uv":[12.126,7.125999,12.749,7.749001],"texture":"#brightguntexture"}
}
},
{
"from":[7.5312,8.4375,7.9375],
"to":[8.4687,12.1875,8.0625],
"faces":{
"down":{"uv":[7.251,7.063499,8.1865,7.936501],"texture":"#brightguntexture"},
"up":{"uv":[12.126,7.125999,12.874,7.874001],"texture":"#brightguntexture"},
"north":{"uv":[12.126,7.125999,12.749,7.749001],"texture":"#brightguntexture"},
"south":{"uv":[12.126,7.125999,12.749,7.749001],"texture":"#brightguntexture"},
"west":{"uv":[12.126,7.125999,12.749,7.749001],"texture":"#brightguntexture"},
"east":{"uv":[12.126,7.125999,12.749,7.749001],"texture":"#brightguntexture"}
}
},
{
"from":[7.5312,6.1875,7.875],
"to":[8.4687,6.8125,8.125],
"faces":{
"down":{"uv":[7.251,7.063499,8.1865,7.936501],"texture":"#brightguntexture"},
"up":{"uv":[12.126,7.125999,12.874,7.874001],"texture":"#brightguntexture"},
"north":{"uv":[12.126,7.125999,12.749,7.749001],"texture":"#brightguntexture"},
"south":{"uv":[12.126,7.125999,12.749,7.749001],"texture":"#brightguntexture"},
"west":{"uv":[12.126,7.125999,12.749,7.749001],"texture":"#brightguntexture"},
"east":{"uv":[12.126,7.125999,12.749,7.749001],"texture":"#brightguntexture"}
}
},
{
"from":[7.7188,6.75,7.6875],
"to":[8.2813,7.5,8.3125],
"faces":{
"up":{"uv":[12.126,7.125999,12.874,7.874001],"texture":"#brightguntexture"},
"north":{"uv":[12.126,7.125999,12.749,7.749001],"texture":"#brightguntexture"},
"south":{"uv":[12.126,7.125999,12.749,7.749001],"texture":"#brightguntexture"},
"west":{"uv":[12.126,7.125999,12.749,7.749001],"texture":"#brightguntexture"},
"east":{"uv":[12.126,7.125999,12.749,7.749001],"texture":"#brightguntexture"}
}
},
{
"from":[7.6562,6.5,7.6875],
"to":[8.3437,7.125,8.3125],
"faces":{
"down":{"uv":[7.251,7.063499,8.1865,7.936501],"texture":"#brightguntexture"},
"up":{"uv":[12.126,7.125999,12.874,7.874001],"texture":"#brightguntexture"},
"north":{"uv":[12.126,7.125999,12.749,7.749001],"texture":"#brightguntexture"},
"south":{"uv":[12.126,7.125999,12.749,7.749001],"texture":"#brightguntexture"},
"west":{"uv":[12.126,7.125999,12.749,7.749001],"texture":"#brightguntexture"},
"east":{"uv":[12.126,7.125999,12.749,7.749001],"texture":"#brightguntexture"}
}
},
{
"from":[7.5938,6.3125,7.6875],
"to":[8.4063,6.75,8.3125],
"faces":{
"down":{"uv":[7.251,7.063499,8.1865,7.936501],"texture":"#brightguntexture"},
"up":{"uv":[12.126,7.125999,12.874,7.874001],"texture":"#brightguntexture"},
"north":{"uv":[12.126,7.125999,12.749,7.749001],"texture":"#brightguntexture"},
"south":{"uv":[12.126,7.125999,12.749,7.749001],"texture":"#brightguntexture"},
"west":{"uv":[12.126,7.125999,12.749,7.749001],"texture":"#brightguntexture"},
"east":{"uv":[12.126,7.125999,12.749,7.749001],"texture":"#brightguntexture"}
}
},
{
"from":[7.5312,6.1875,7.75],
"to":[8.4687,6.3125,8.25],
"faces":{
"down":{"uv":[7.251,7.063499,8.1865,7.936501],"texture":"#brightguntexture"},
"up":{"uv":[12.126,7.125999,12.874,7.874001],"texture":"#brightguntexture"},
"north":{"uv":[12.126,7.125999,12.749,7.749001],"texture":"#brightguntexture"},
"south":{"uv":[12.126,7.125999,12.749,7.749001],"texture":"#brightguntexture"},
"west":{"uv":[12.126,7.125999,12.749,7.749001],"texture":"#brightguntexture"},
"east":{"uv":[12.126,7.125999,12.749,7.749001],"texture":"#brightguntexture"}
}
},
{
"from":[7.5938,6.8125,7.9375],
"to":[8.4063,8.4375,8.0625],
"faces":{
"north":{"uv":[12.126,7.125999,12.749,7.749001],"texture":"#brightguntexture"},
"south":{"uv":[12.126,7.125999,12.749,7.749001],"texture":"#brightguntexture"},
"west":{"uv":[12.126,7.125999,12.749,7.749001],"texture":"#brightguntexture"},
"east":{"uv":[12.126,7.125999,12.749,7.749001],"texture":"#brightguntexture"}
}
},
{
"from":[7.5312,8.1875,7.9688],
"to":[7.5937,8.3125,8.0313],
"faces":{
"down":{"uv":[7.251,7.063499,8.1865,7.936501],"texture":"#brightguntexture"},
"up":{"uv":[12.126,7.125999,12.874,7.874001],"texture":"#brightguntexture"},
"north":{"uv":[12.126,7.125999,12.749,7.749001],"texture":"#brightguntexture"},
"south":{"uv":[12.126,7.125999,12.749,7.749001],"texture":"#brightguntexture"},
"west":{"uv":[12.126,7.125999,12.749,7.749001],"texture":"#brightguntexture"},
"east":{"uv":[12.126,7.125999,12.749,7.749001],"texture":"#brightguntexture"}
}
},
{
"from":[8.406199,8.1875,7.9688],
"to":[8.468699,8.3125,8.0313],
"faces":{
"down":{"uv":[7.251,7.063499,8.1865,7.936501],"texture":"#brightguntexture"},
"up":{"uv":[12.126,7.125999,12.874,7.874001],"texture":"#brightguntexture"},
"north":{"uv":[12.126,7.125999,12.749,7.749001],"texture":"#brightguntexture"},
"south":{"uv":[12.126,7.125999,12.749,7.749001],"texture":"#brightguntexture"},
"west":{"uv":[12.126,7.125999,12.749,7.749001],"texture":"#brightguntexture"},
"east":{"uv":[12.126,7.125999,12.749,7.749001],"texture":"#brightguntexture"}
}
},
{
"from":[8.406199,7.9375,7.9688],
"to":[8.468699,8.0625,8.0313],
"faces":{
"down":{"uv":[7.251,7.063499,8.1865,7.936501],"texture":"#brightguntexture"},
"up":{"uv":[12.126,7.125999,12.874,7.874001],"texture":"#brightguntexture"},
"north":{"uv":[12.126,7.125999,12.749,7.749001],"texture":"#brightguntexture"},
"south":{"uv":[12.126,7.125999,12.749,7.749001],"texture":"#brightguntexture"},
"west":{"uv":[12.126,7.125999,12.749,7.749001],"texture":"#brightguntexture"},
"east":{"uv":[12.126,7.125999,12.749,7.749001],"texture":"#brightguntexture"}
}
},
{
"from":[8.406199,7.6875,7.9688],
"to":[8.468699,7.8125,8.0313],
"faces":{
"down":{"uv":[7.251,7.063499,8.1865,7.936501],"texture":"#brightguntexture"},
"up":{"uv":[12.126,7.125999,12.874,7.874001],"texture":"#brightguntexture"},
"north":{"uv":[12.126,7.125999,12.749,7.749001],"texture":"#brightguntexture"},
"south":{"uv":[12.126,7.125999,12.749,7.749001],"texture":"#brightguntexture"},
"west":{"uv":[12.126,7.125999,12.749,7.749001],"texture":"#brightguntexture"},
"east":{"uv":[12.126,7.125999,12.749,7.749001],"texture":"#brightguntexture"}
}
},
{
"from":[8.406199,7.4375,7.9688],
"to":[8.468699,7.5625,8.0313],
"faces":{
"down":{"uv":[7.251,7.063499,8.1865,7.936501],"texture":"#brightguntexture"},
"up":{"uv":[12.126,7.125999,12.874,7.874001],"texture":"#brightguntexture"},
"north":{"uv":[12.126,7.125999,12.749,7.749001],"texture":"#brightguntexture"},
"south":{"uv":[12.126,7.125999,12.749,7.749001],"texture":"#brightguntexture"},
"west":{"uv":[12.126,7.125999,12.749,7.749001],"texture":"#brightguntexture"},
"east":{"uv":[12.126,7.125999,12.749,7.749001],"texture":"#brightguntexture"}
}
},
{
"from":[8.406199,7.1875,7.9688],
"to":[8.468699,7.3125,8.0313],
"faces":{
"down":{"uv":[7.251,7.063499,8.1865,7.936501],"texture":"#brightguntexture"},
"up":{"uv":[12.126,7.125999,12.874,7.874001],"texture":"#brightguntexture"},
"north":{"uv":[12.126,7.125999,12.749,7.749001],"texture":"#brightguntexture"},
"south":{"uv":[12.126,7.125999,12.749,7.749001],"texture":"#brightguntexture"},
"west":{"uv":[12.126,7.125999,12.749,7.749001],"texture":"#brightguntexture"},
"east":{"uv":[12.126,7.125999,12.749,7.749001],"texture":"#brightguntexture"}
}
},
{
"from":[8.406199,6.9375,7.9688],
"to":[8.468699,7.0625,8.0313],
"faces":{
"down":{"uv":[7.251,7.063499,8.1865,7.936501],"texture":"#brightguntexture"},
"up":{"uv":[12.126,7.125999,12.874,7.874001],"texture":"#brightguntexture"},
"north":{"uv":[12.126,7.125999,12.749,7.749001],"texture":"#brightguntexture"},
"south":{"uv":[12.126,7.125999,12.749,7.749001],"texture":"#brightguntexture"},
"west":{"uv":[12.126,7.125999,12.749,7.749001],"texture":"#brightguntexture"},
"east":{"uv":[12.126,7.125999,12.749,7.749001],"texture":"#brightguntexture"}
}
},
{
"from":[7.5312,6.9375,7.9688],
"to":[7.5937,7.0625,8.0313],
"faces":{
"down":{"uv":[7.251,7.063499,8.1865,7.936501],"texture":"#brightguntexture"},
"up":{"uv":[12.126,7.125999,12.874,7.874001],"texture":"#brightguntexture"},
"north":{"uv":[12.126,7.125999,12.749,7.749001],"texture":"#brightguntexture"},
"south":{"uv":[12.126,7.125999,12.749,7.749001],"texture":"#brightguntexture"},
"west":{"uv":[12.126,7.125999,12.749,7.749001],"texture":"#brightguntexture"},
"east":{"uv":[12.126,7.125999,12.749,7.749001],"texture":"#brightguntexture"}
}
},
{
"from":[7.5312,7.9375,7.9688],
"to":[7.5937,8.0625,8.0313],
"faces":{
"down":{"uv":[7.251,7.063499,8.1865,7.936501],"texture":"#brightguntexture"},
"up":{"uv":[12.126,7.125999,12.874,7.874001],"texture":"#brightguntexture"},
"north":{"uv":[12.126,7.125999,12.749,7.749001],"texture":"#brightguntexture"},
"south":{"uv":[12.126,7.125999,12.749,7.749001],"texture":"#brightguntexture"},
"west":{"uv":[12.126,7.125999,12.749,7.749001],"texture":"#brightguntexture"},
"east":{"uv":[12.126,7.125999,12.749,7.749001],"texture":"#brightguntexture"}
}
},
{
"from":[7.5312,7.6875,7.9688],
"to":[7.5937,7.8125,8.0313],
"faces":{
"down":{"uv":[7.251,7.063499,8.1865,7.936501],"texture":"#brightguntexture"},
"up":{"uv":[12.126,7.125999,12.874,7.874001],"texture":"#brightguntexture"},
"north":{"uv":[12.126,7.125999,12.749,7.749001],"texture":"#brightguntexture"},
"south":{"uv":[12.126,7.125999,12.749,7.749001],"texture":"#brightguntexture"},
"west":{"uv":[12.126,7.125999,12.749,7.749001],"texture":"#brightguntexture"},
"east":{"uv":[12.126,7.125999,12.749,7.749001],"texture":"#brightguntexture"}
}
},
{
"from":[7.5312,7.4375,7.9688],
"to":[7.5937,7.5625,8.0313],
"faces":{
"down":{"uv":[7.251,7.063499,8.1865,7.936501],"texture":"#brightguntexture"},
"up":{"uv":[12.126,7.125999,12.874,7.874001],"texture":"#brightguntexture"},
"north":{"uv":[12.126,7.125999,12.749,7.749001],"texture":"#brightguntexture"},
"south":{"uv":[12.126,7.125999,12.749,7.749001],"texture":"#brightguntexture"},
"west":{"uv":[12.126,7.125999,12.749,7.749001],"texture":"#brightguntexture"},
"east":{"uv":[12.126,7.125999,12.749,7.749001],"texture":"#brightguntexture"}
}
},
{
"from":[7.5312,7.1875,7.9688],
"to":[7.5937,7.3125,8.0313],
"faces":{
"down":{"uv":[7.251,7.063499,8.1865,7.936501],"texture":"#brightguntexture"},
"up":{"uv":[12.126,7.125999,12.874,7.874001],"texture":"#brightguntexture"},
"north":{"uv":[12.126,7.125999,12.749,7.749001],"texture":"#brightguntexture"},
"south":{"uv":[12.126,7.125999,12.749,7.749001],"texture":"#brightguntexture"},
"west":{"uv":[12.126,7.125999,12.749,7.749001],"texture":"#brightguntexture"},
"east":{"uv":[12.126,7.125999,12.749,7.749001],"texture":"#brightguntexture"}
}
},
{
"from":[7.9688,12.1875,7.625],
"to":[8.0313,13,8.375],
"faces":{
"down":{"uv":[7.251,7.063499,8.1865,7.936501],"texture":"#brightguntexture"},
"up":{"uv":[12.126,7.125999,12.874,7.874001],"texture":"#brightguntexture"},
"north":{"uv":[12.126,7.125999,12.749,7.749001],"texture":"#brightguntexture"},
"south":{"uv":[12.126,7.125999,12.749,7.749001],"texture":"#brightguntexture"},
"west":{"uv":[12.126,7.125999,12.749,7.749001],"texture":"#brightguntexture"},
"east":{"uv":[12.126,7.125999,12.749,7.749001],"texture":"#brightguntexture"}
}
},
{
"from":[7.9688,14.25,7.8125],
"to":[8.0313,14.6875,8.1875],
"faces":{
"down":{"uv":[7.251,7.063499,8.1865,7.936501],"texture":"#brightguntexture"},
"up":{"uv":[12.126,7.125999,12.874,7.874001],"texture":"#brightguntexture"},
"north":{"uv":[12.126,7.125999,12.749,7.749001],"texture":"#brightguntexture"},
"south":{"uv":[12.126,7.125999,12.749,7.749001],"texture":"#brightguntexture"},
"west":{"uv":[12.126,7.125999,12.749,7.749001],"texture":"#brightguntexture"},
"east":{"uv":[12.126,7.125999,12.749,7.749001],"texture":"#brightguntexture"}
}
},
{
"from":[7.9688,14.6875,7.875],
"to":[8.0313,15,8.125],
"faces":{
"down":{"uv":[7.251,7.063499,8.1865,7.936501],"texture":"#brightguntexture"},
"up":{"uv":[12.126,7.125999,12.874,7.874001],"texture":"#brightguntexture"},
"north":{"uv":[12.126,7.125999,12.749,7.749001],"texture":"#brightguntexture"},
"south":{"uv":[12.126,7.125999,12.749,7.749001],"texture":"#brightguntexture"},
"west":{"uv":[12.126,7.125999,12.749,7.749001],"texture":"#brightguntexture"},
"east":{"uv":[12.126,7.125999,12.749,7.749001],"texture":"#brightguntexture"}
}
},
{
"from":[7.9688,15,7.9375],
"to":[8.0313,15.25,8.0625],
"faces":{
"down":{"uv":[7.251,7.063499,8.1865,7.936501],"texture":"#brightguntexture"},
"up":{"uv":[12.126,7.125999,12.874,7.874001],"texture":"#brightguntexture"},
"north":{"uv":[12.126,7.125999,12.749,7.749001],"texture":"#brightguntexture"},
"south":{"uv":[12.126,7.125999,12.749,7.749001],"texture":"#brightguntexture"},
"west":{"uv":[12.126,7.125999,12.749,7.749001],"texture":"#brightguntexture"},
"east":{"uv":[12.126,7.125999,12.749,7.749001],"texture":"#brightguntexture"}
}
},
{
"from":[7.9688,13.6875,7.75],
"to":[8.0313,14.25,8.25],
"faces":{
"down":{"uv":[7.251,7.063499,8.1865,7.936501],"texture":"#brightguntexture"},
"up":{"uv":[12.126,7.125999,12.874,7.874001],"texture":"#brightguntexture"},
"north":{"uv":[12.126,7.125999,12.749,7.749001],"texture":"#brightguntexture"},
"south":{"uv":[12.126,7.125999,12.749,7.749001],"texture":"#brightguntexture"},
"west":{"uv":[12.126,7.125999,12.749,7.749001],"texture":"#brightguntexture"},
"east":{"uv":[12.126,7.125999,12.749,7.749001],"texture":"#brightguntexture"}
}
},
{
"from":[7.9688,13,7.6875],
"to":[8.0313,13.6875,8.3125],
"faces":{
"down":{"uv":[7.251,7.063499,8.1865,7.936501],"texture":"#brightguntexture"},
"up":{"uv":[12.126,7.125999,12.874,7.874001],"texture":"#brightguntexture"},
"north":{"uv":[12.126,7.125999,12.749,7.749001],"texture":"#brightguntexture"},
"south":{"uv":[12.126,7.125999,12.749,7.749001],"texture":"#brightguntexture"},
"west":{"uv":[12.126,7.125999,12.749,7.749001],"texture":"#brightguntexture"},
"east":{"uv":[12.126,7.125999,12.749,7.749001],"texture":"#brightguntexture"}
}
},
{
"from":[7.8125,12.1875,7.75],
"to":[8.1875,13,8.25],
"faces":{
"up":{"uv":[12.126,7.125999,12.874,7.874001],"texture":"#brightguntexture"},
"north":{"uv":[12.126,7.125999,12.749,7.749001],"texture":"#brightguntexture"},
"south":{"uv":[12.126,7.125999,12.749,7.749001],"texture":"#brightguntexture"},
"west":{"uv":[12.126,7.125999,12.749,7.749001],"texture":"#brightguntexture"},
"east":{"uv":[12.126,7.125999,12.749,7.749001],"texture":"#brightguntexture"}
}
},
{
"from":[7.8438,13,7.8125],
"to":[8.1563,13.6875,8.1875],
"faces":{
"up":{"uv":[12.126,7.125999,12.874,7.874001],"texture":"#brightguntexture"},
"north":{"uv":[12.126,7.125999,12.749,7.749001],"texture":"#brightguntexture"},
"south":{"uv":[12.126,7.125999,12.749,7.749001],"texture":"#brightguntexture"},
"west":{"uv":[12.126,7.125999,12.749,7.749001],"texture":"#brightguntexture"},
"east":{"uv":[12.126,7.125999,12.749,7.749001],"texture":"#brightguntexture"}
}
},
{
"from":[7.875,13.6875,7.875],
"to":[8.125,14.25,8.125],
"faces":{
"up":{"uv":[12.126,7.125999,12.874,7.874001],"texture":"#brightguntexture"},
"north":{"uv":[12.126,7.125999,12.749,7.749001],"texture":"#brightguntexture"},
"south":{"uv":[12.126,7.125999,12.749,7.749001],"texture":"#brightguntexture"},
"west":{"uv":[12.126,7.125999,12.749,7.749001],"texture":"#brightguntexture"},
"east":{"uv":[12.126,7.125999,12.749,7.749001],"texture":"#brightguntexture"}
}
},
{
"from":[7.9062,14.25,7.9375],
"to":[8.0937,14.6875,8.0625],
"faces":{
"up":{"uv":[12.126,7.125999,12.874,7.874001],"texture":"#brightguntexture"},
"north":{"uv":[12.126,7.125999,12.749,7.749001],"texture":"#brightguntexture"},
"south":{"uv":[12.126,7.125999,12.749,7.749001],"texture":"#brightguntexture"},
"west":{"uv":[12.126,7.125999,12.749,7.749001],"texture":"#brightguntexture"},
"east":{"uv":[12.126,7.125999,12.749,7.749001],"texture":"#brightguntexture"}
}
},
{
"from":[7.9375,14.6875,7.9875],
"to":[8.0625,15,8.049999],
"faces":{
"up":{"uv":[12.126,7.125999,12.874,7.874001],"texture":"#brightguntexture"},
"north":{"uv":[12.126,7.125999,12.749,7.749001],"texture":"#brightguntexture"},
"south":{"uv":[12.126,7.125999,12.749,7.749001],"texture":"#brightguntexture"},
"west":{"uv":[12.126,7.125999,12.749,7.749001],"texture":"#brightguntexture"},
"east":{"uv":[12.126,7.125999,12.749,7.749001],"texture":"#brightguntexture"}
}
},
{
"from":[7.6562,12.1875,7.875],
"to":[8.3437,13,8.125],
"faces":{
"up":{"uv":[12.126,7.125999,12.874,7.874001],"texture":"#brightguntexture"},
"north":{"uv":[12.126,7.125999,12.749,7.749001],"texture":"#brightguntexture"},
"south":{"uv":[12.126,7.125999,12.749,7.749001],"texture":"#brightguntexture"},
"west":{"uv":[12.126,7.125999,12.749,7.749001],"texture":"#brightguntexture"},
"east":{"uv":[12.126,7.125999,12.749,7.749001],"texture":"#brightguntexture"}
}
},
{
"from":[7.7188,13,7.9375],
"to":[8.2813,13.6875,8.0625],
"faces":{
"up":{"uv":[12.126,7.125999,12.874,7.874001],"texture":"#brightguntexture"},
"north":{"uv":[12.126,7.125999,12.749,7.749001],"texture":"#brightguntexture"},
"south":{"uv":[12.126,7.125999,12.749,7.749001],"texture":"#brightguntexture"},
"west":{"uv":[12.126,7.125999,12.749,7.749001],"texture":"#brightguntexture"},
"east":{"uv":[12.126,7.125999,12.749,7.749001],"texture":"#brightguntexture"}
}
},
{
"from":[7.7812,13.6875,7.9875],
"to":[8.2187,14.25,8.049999],
"faces":{
"up":{"uv":[12.126,7.125999,12.874,7.874001],"texture":"#brightguntexture"},
"north":{"uv":[12.126,7.125999,12.749,7.749001],"texture":"#brightguntexture"},
"south":{"uv":[12.126,7.125999,12.749,7.749001],"texture":"#brightguntexture"},
"west":{"uv":[12.126,7.125999,12.749,7.749001],"texture":"#brightguntexture"},
"east":{"uv":[12.126,7.125999,12.749,7.749001],"texture":"#brightguntexture"}
}
},
{
"from":[7.875,14.25,8],
"to":[8.125,14.6875,8.0625],
"faces":{
"up":{"uv":[12.126,7.125999,12.874,7.874001],"texture":"#brightguntexture"},
"north":{"uv":[12.126,7.125999,12.749,7.749001],"texture":"#brightguntexture"},
"south":{"uv":[12.126,7.125999,12.749,7.749001],"texture":"#brightguntexture"},
"west":{"uv":[12.126,7.125999,12.749,7.749001],"texture":"#brightguntexture"},
"east":{"uv":[12.126,7.125999,12.749,7.749001],"texture":"#brightguntexture"}
}
},
{
"from":[7.5938,12.1875,7.9688],
"to":[8.4063,13,8.0313],
"faces":{
"up":{"uv":[12.126,7.125999,12.874,7.874001],"texture":"#brightguntexture"},
"north":{"uv":[12.126,7.125999,12.749,7.749001],"texture":"#brightguntexture"},
"south":{"uv":[12.126,7.125999,12.749,7.749001],"texture":"#brightguntexture"},
"west":{"uv":[12.126,7.125999,12.749,7.749001],"texture":"#brightguntexture"},
"east":{"uv":[12.126,7.125999,12.749,7.749001],"texture":"#brightguntexture"}
}
},
{
"from":[7.6562,13,7.9938],
"to":[8.3437,13.6875,8.056299],
"faces":{
"down":{"uv":[7.251,7.063499,8.1865,7.936501],"texture":"#brightguntexture"},
"up":{"uv":[12.126,7.125999,12.874,7.874001],"texture":"#brightguntexture"},
"north":{"uv":[12.126,7.125999,12.749,7.749001],"texture":"#brightguntexture"},
"south":{"uv":[12.126,7.125999,12.749,7.749001],"texture":"#brightguntexture"},
"west":{"uv":[12.126,7.125999,12.749,7.749001],"texture":"#brightguntexture"},
"east":{"uv":[12.126,7.125999,12.749,7.749001],"texture":"#brightguntexture"}
}
}
],
"display":{
"thirdperson_righthand":{
"rotation":[0,180,0],
"translation":[0,2.9,1]
},
"thirdperson_lefthand":{
"translation":[-0.2,2.9,2]
},
"firstperson_righthand":{
"rotation":[-15,110,0],
"translation":[0,5,0],
"scale":[0.8,0.8,0.8]
},
"firstperson_lefthand":{
"rotation":[-15,110,0],
"translation":[0,5,0],
"scale":[0.8,0.8,0.8]
},
"gui":{
"rotation":[-10,30,10],
"translation":[0,0.5,0]
},
"head":{
"rotation":[180,0,-45],
"translation":[-9,5,0]
},
"ground":{
"rotation":[90,0,0],
"translation":[0,0,1],
"scale":[0.8,0.8,0.8]
},
"fixed":{
"translation":[0,0,-1]
}
}
}