{
"elements":[
{
"from":[-3.5,1.875,8],
"to":[-0.375,2.5,9.25],
"faces":{
"down":{"uv":[10,9,7.5,8],"texture":"#anvil_base"},
"up":{"uv":[6,8,8.5,9],"texture":"#anvil_base"},
"north":{"uv":[7.5,15.5,10,16],"texture":"#anvil_base"},
"south":{"uv":[6,15.5,8.5,16],"texture":"#anvil_base"},
"west":{"uv":[8,15.5,9,16],"texture":"#anvil_base"},
"east":{"uv":[7,15.5,8,16],"texture":"#anvil_base"}
}
},
{
"from":[-4.98438,2.57813,8],
"to":[-3.10938,3.20313,9.25],
"rotation":{"origin":[-4.98438,3.20313,8],"axis":"z","angle":-22.5},
"faces":{
"down":{"uv":[7,5,5.5,4],"texture":"#anvil_base"},
"up":{"uv":[9,4,10.5,5],"texture":"#anvil_base"},
"north":{"uv":[5.5,14.5,7,15],"texture":"#anvil_base"},
"south":{"uv":[9,14.5,10.5,15],"texture":"#anvil_base"},
"west":{"uv":[4,14.5,5,15],"texture":"#anvil_base"},
"east":{"uv":[11,14.5,12,15],"texture":"#anvil_base"}
}
},
{
"from":[-0.609375,1.83594,8],
"to":[1.26563,2.46094,9.25],
"rotation":{"origin":[-0.609375,2.46094,8],"axis":"z","angle":22.5},
"faces":{
"down":{"uv":[1.5,5,0.5,4],"texture":"#anvil_base"},
"up":{"uv":[14.5,4,15.5,5],"texture":"#anvil_base"},
"north":{"uv":[0.5,12.5,1.5,13.5],"texture":"#anvil_base"},
"south":{"uv":[14.5,12.5,15.5,13.5],"texture":"#anvil_base"},
"west":{"uv":[4,12.5,5,13.5],"texture":"#anvil_base"},
"east":{"uv":[11,12.5,12,13.5],"texture":"#anvil_base"}
}
},
{
"from":[-5.21875,2.61719,8],
"to":[-4.59375,3.86719,9.25],
"faces":{
"down":{"uv":[11.1875,9,10.6875,8],"texture":"#anvil_base"},
"up":{"uv":[4.8125,8,5.3125,9],"texture":"#anvil_base"},
"north":{"uv":[10.6875,14.4375,11.1875,15.4375],"texture":"#anvil_base"},
"south":{"uv":[4.8125,14.4375,5.3125,15.4375],"texture":"#anvil_base"},
"west":{"uv":[8,14.4375,9,15.4375],"texture":"#anvil_base"},
"east":{"uv":[7,14.4375,8,15.4375],"texture":"#anvil_base"}
}
},
{
"from":[0.71875,2.65625,8],
"to":[1.34375,3.90625,9.25],
"faces":{
"down":{"uv":[6.625,9,6.125,8],"texture":"#anvil_base"},
"up":{"uv":[9.375,8,9.875,9],"texture":"#anvil_base"},
"north":{"uv":[6.125,14.375,6.625,15.375],"texture":"#anvil_base"},
"south":{"uv":[9.375,14.375,9.875,15.375],"texture":"#anvil_base"},
"west":{"uv":[8,14.375,9,15.375],"texture":"#anvil_base"},
"east":{"uv":[7,14.375,8,15.375],"texture":"#anvil_base"}
}
},
{
"from":[-5.21875,3.24219,8],
"to":[-3.96875,3.86719,9.25],
"rotation":{"origin":[-5.21875,3.86719,8],"axis":"z","angle":45},
"faces":{
"down":{"uv":[11,5,10,4],"texture":"#anvil_base"},
"up":{"uv":[5,4,6,5],"texture":"#anvil_base"},
"north":{"uv":[10,9.5,11,10],"texture":"#anvil_base"},
"south":{"uv":[5,9.5,6,10],"texture":"#anvil_base"},
"west":{"uv":[4,9.5,5,10],"texture":"#anvil_base"},
"east":{"uv":[11,9.5,12,10],"texture":"#anvil_base"}
}
},
{
"from":[0.445313,4.17969,8],
"to":[1.69531,4.80469,9.25],
"rotation":{"origin":[0.445313,4.80469,8],"axis":"z","angle":-45},
"faces":{
"down":{"uv":[4,5,3,4],"texture":"#anvil_base"},
"up":{"uv":[12,4,13,5],"texture":"#anvil_base"},
"north":{"uv":[3,12.5,4,13],"texture":"#anvil_base"},
"south":{"uv":[12,12.5,13,13],"texture":"#anvil_base"},
"west":{"uv":[4,12.5,5,13],"texture":"#anvil_base"},
"east":{"uv":[11,12.5,12,13],"texture":"#anvil_base"}
}
},
{
"from":[-4.32031,4.13281,8],
"to":[-3.07031,4.75781,9.25],
"faces":{
"down":{"uv":[10.5,9,9.5,8],"texture":"#anvil_base"},
"up":{"uv":[5.5,8,6.5,9],"texture":"#anvil_base"},
"north":{"uv":[9.5,13.75,10.5,14.25],"texture":"#anvil_base"},
"south":{"uv":[5.5,13.75,6.5,14.25],"texture":"#anvil_base"},
"west":{"uv":[8,13.75,9,14.25],"texture":"#anvil_base"},
"east":{"uv":[7,13.75,8,14.25],"texture":"#anvil_base"}
}
},
{
"from":[-0.804688,4.17969,8],
"to":[0.445313,4.80469,9.25],
"faces":{
"down":{"uv":[7.875,9,6.875,8],"texture":"#anvil_base"},
"up":{"uv":[8.125,8,9.125,9],"texture":"#anvil_base"},
"north":{"uv":[6.875,13.6875,7.875,14.1875],"texture":"#anvil_base"},
"south":{"uv":[8.125,13.6875,9.125,14.1875],"texture":"#anvil_base"},
"west":{"uv":[8,13.6875,9,14.1875],"texture":"#anvil_base"},
"east":{"uv":[7,13.6875,8,14.1875],"texture":"#anvil_base"}
}
},
{
"from":[-2.48438,2.46094,8],
"to":[-1.85938,6.21094,9.25],
"rotation":{"origin":[-2.48438,6.21094,8],"axis":"z","angle":-22.5},
"faces":{
"down":{"uv":[11.5,5,10.5,4],"texture":"#anvil_base"},
"up":{"uv":[4.5,4,5.5,5],"texture":"#anvil_base"},
"north":{"uv":[10.5,12.5,11.5,13.5],"texture":"#anvil_base"},
"south":{"uv":[4.5,12.5,5.5,13.5],"texture":"#anvil_base"},
"west":{"uv":[4,12.5,5,13.5],"texture":"#anvil_base"},
"east":{"uv":[11,12.5,12,13.5],"texture":"#anvil_base"}
}
},
{
"from":[-1.89844,2.22656,8],
"to":[-1.27344,5.97656,9.25],
"rotation":{"origin":[-1.89844,5.97656,8],"axis":"z","angle":22.5},
"faces":{
"down":{"uv":[9.5,5,8.5,4],"texture":"#anvil_base"},
"up":{"uv":[6.5,4,7.5,5],"texture":"#anvil_base"},
"north":{"uv":[8.5,10,9.5,15],"texture":"#anvil_base"},
"south":{"uv":[6.5,10,7.5,15],"texture":"#anvil_base"},
"west":{"uv":[4,10,5,15],"texture":"#anvil_base"},
"east":{"uv":[11,10,12,15],"texture":"#anvil_base"}
}
},
{
"from":[-2.67969,7.22656,8],
"to":[-2.05469,7.85156,9.25],
"rotation":{"origin":[-2.67969,7.85156,8],"axis":"z","angle":-45},
"faces":{
"down":{"uv":[15,10,14,8],"texture":"#anvil_base"},
"up":{"uv":[1,8,2,10],"texture":"#anvil_base"},
"north":{"uv":[12,6,13,7],"texture":"#anvil_base"},
"south":{"uv":[12,6,13,7],"texture":"#anvil_base"},
"west":{"uv":[12,6,14,7],"texture":"#anvil_base"},
"east":{"uv":[12,6,14,7],"texture":"#anvil_base"}
}
},
{
"from":[-2.5625,5.9375,8],
"to":[-1.3125,6.875,9.25],
"faces":{
"down":{"uv":[10.5,10,8.5,8],"texture":"#anvil_base"},
"up":{"uv":[5.5,8,7.5,10],"texture":"#anvil_base"},
"north":{"uv":[8.5,13,10.5,14.5],"texture":"#anvil_base"},
"south":{"uv":[5.5,13,7.5,14.5],"texture":"#anvil_base"},
"west":{"uv":[8,13,10,14.5],"texture":"#anvil_base"},
"east":{"uv":[6,13,8,14.5],"texture":"#anvil_base"}
}
},
{
"from":[-2.79688,6.5625,8],
"to":[-2.17188,7.1875,9.25],
"rotation":{"origin":[-2.79688,7.1875,8],"axis":"z","angle":22.5},
"faces":{
"down":{"uv":[12,5,11,4],"texture":"#anvil_base"},
"up":{"uv":[4,4,5,5],"texture":"#anvil_base"},
"north":{"uv":[11,7,12,9],"texture":"#anvil_base"},
"south":{"uv":[4,7,5,9],"texture":"#anvil_base"},
"west":{"uv":[4,7,5,9],"texture":"#anvil_base"},
"east":{"uv":[11,7,12,9],"texture":"#anvil_base"}
}
},
{
"from":[-1.66406,6.79688,8],
"to":[-1.03906,7.42188,9.25],
"rotation":{"origin":[-1.66406,7.42188,8],"axis":"z","angle":-22.5},
"faces":{
"down":{"uv":[8,5,7,4],"texture":"#anvil_base"},
"up":{"uv":[8,4,9,5],"texture":"#anvil_base"},
"north":{"uv":[7,6.5,8,7.5],"texture":"#anvil_base"},
"south":{"uv":[8,6.5,9,7.5],"texture":"#anvil_base"},
"west":{"uv":[4,6.5,5,7.5],"texture":"#anvil_base"},
"east":{"uv":[11,6.5,12,7.5],"texture":"#anvil_base"}
}
},
{
"from":[-1.625,6.79688,8],
"to":[-1,7.42188,9.25],
"rotation":{"origin":[-1.625,7.42188,8],"axis":"z","angle":45},
"faces":{
"down":{"uv":[16,10,15,8],"texture":"#anvil_base"},
"up":{"uv":[0,8,1,10],"texture":"#anvil_base"},
"north":{"uv":[15,0,16,1],"texture":"#anvil_base"},
"south":{"uv":[0,0,1,1],"texture":"#anvil_base"},
"west":{"uv":[8,0,10,1],"texture":"#anvil_base"},
"east":{"uv":[6,0,8,1],"texture":"#anvil_base"}
}
},
{
"from":[-3.26563,7.46094,8],
"to":[-2.64063,8.08594,9.25],
"rotation":{"origin":[-3.26563,8.08594,8],"axis":"z","angle":-22.5},
"faces":{
"down":{"uv":[12,5,11,4],"texture":"#anvil_base"},
"up":{"uv":[4,4,5,5],"texture":"#anvil_base"},
"north":{"uv":[11,6,12,7],"texture":"#anvil_base"},
"south":{"uv":[4,6,5,7],"texture":"#anvil_base"},
"west":{"uv":[4,6,5,7],"texture":"#anvil_base"},
"east":{"uv":[11,6,12,7],"texture":"#anvil_base"}
}
},
{
"from":[-1.15625,7.22656,8],
"to":[-0.53125,7.85156,9.25],
"rotation":{"origin":[-1.15625,7.85156,8],"axis":"z","angle":22.5},
"faces":{
"down":{"uv":[7,5,6,4],"texture":"#anvil_base"},
"up":{"uv":[9,4,10,5],"texture":"#anvil_base"},
"north":{"uv":[6,6,7,7],"texture":"#anvil_base"},
"south":{"uv":[9,6,10,7],"texture":"#anvil_base"},
"west":{"uv":[4,6,5,7],"texture":"#anvil_base"},
"east":{"uv":[11,6,12,7],"texture":"#anvil_base"}
}
},
{
"from":[-4.51563,7.46094,8],
"to":[-3.26563,8.08594,9.25],
"faces":{
"down":{"uv":[13.625,10,11.625,8],"texture":"#anvil_base"},
"up":{"uv":[2.375,8,4.375,10],"texture":"#anvil_base"},
"north":{"uv":[11.625,11.0625,13.625,12.0625],"texture":"#anvil_base"},
"south":{"uv":[2.375,11.0625,4.375,12.0625],"texture":"#anvil_base"},
"west":{"uv":[8,11.0625,10,12.0625],"texture":"#anvil_base"},
"east":{"uv":[6,11.0625,8,12.0625],"texture":"#anvil_base"}
}
},
{
"from":[-0.570313,7.46094,8],
"to":[0.679688,8.08594,9.25],
"faces":{
"down":{"uv":[7.3125,10,5.3125,8],"texture":"#anvil_base"},
"up":{"uv":[8.6875,8,10.6875,10],"texture":"#anvil_base"},
"north":{"uv":[12,5,14,6],"texture":"#anvil_base"},
"south":{"uv":[12,5,14,6],"texture":"#anvil_base"},
"west":{"uv":[12,5,14,6],"texture":"#anvil_base"},
"east":{"uv":[12,5,14,6],"texture":"#anvil_base"}
}
},
{
"from":[-4.86719,7.65625,8],
"to":[-4.24219,8.28125,9.25],
"rotation":{"origin":[-4.86719,8.28125,8],"axis":"z","angle":-22.5},
"faces":{
"down":{"uv":[14.5,5,13.5,4],"texture":"#anvil_base"},
"up":{"uv":[1.5,4,2.5,5],"texture":"#anvil_base"},
"north":{"uv":[13.5,4,14.5,5],"texture":"#anvil_base"},
"south":{"uv":[1.5,4,2.5,5],"texture":"#anvil_base"},
"west":{"uv":[4,4,5,5],"texture":"#anvil_base"},
"east":{"uv":[11,4,12,5],"texture":"#anvil_base"}
}
},
{
"from":[0.445313,7.42188,8],
"to":[1.07031,8.04688,9.25],
"rotation":{"origin":[0.445313,8.04688,8],"axis":"z","angle":22.5},
"faces":{
"down":{"uv":[16,5,16,4],"texture":"#anvil_base"},
"up":{"uv":[0,4,0,5],"texture":"#anvil_base"},
"north":{"uv":[16,0,16,1],"texture":"#anvil_base"},
"south":{"uv":[0,0,0,1],"texture":"#anvil_base"},
"west":{"uv":[4,0,5,1],"texture":"#anvil_base"},
"east":{"uv":[11,0,12,1],"texture":"#anvil_base"}
}
},
{
"from":[-4.86719,7.65625,8],
"to":[-4.24219,8.28125,9.25],
"rotation":{"origin":[-4.86719,8.28125,8],"axis":"z","angle":22.5},
"faces":{
"down":{"uv":[15.5,5,14.5,4],"texture":"#anvil_base"},
"up":{"uv":[0.5,4,1.5,5],"texture":"#anvil_base"},
"north":{"uv":[14.5,4,15.5,5],"texture":"#anvil_base"},
"south":{"uv":[0.5,4,1.5,5],"texture":"#anvil_base"},
"west":{"uv":[4,4,5,5],"texture":"#anvil_base"},
"east":{"uv":[11,4,12,5],"texture":"#anvil_base"}
}
},
{
"from":[0.445313,7.89063,8],
"to":[1.07031,8.51563,9.25],
"rotation":{"origin":[0.445313,8.51563,8],"axis":"z","angle":-22.5},
"faces":{
"down":{"uv":[13,10,12,8],"texture":"#anvil_base"},
"up":{"uv":[3,8,4,10],"texture":"#anvil_base"},
"north":{"uv":[12,0,13,1],"texture":"#anvil_base"},
"south":{"uv":[3,0,4,1],"texture":"#anvil_base"},
"west":{"uv":[8,0,10,1],"texture":"#anvil_base"},
"east":{"uv":[6,0,8,1],"texture":"#anvil_base"}
}
},
{
"from":[-4.28125,8.08594,8.15625],
"to":[-3.65625,13.8359,9.09375],
"faces":{
"down":{"uv":[8.5,9.8125,7.5,8.125],"texture":"#cauldron_inner"},
"up":{"uv":[7.5,8.125,8.5,9.8125],"texture":"#cauldron_inner"},
"north":{"uv":[7.5,5.0625,8.5,11.0625],"texture":"#cauldron_inner"},
"south":{"uv":[7.5,5.0625,8.5,11.0625],"texture":"#cauldron_inner"},
"west":{"uv":[8.125,5.0625,9.8125,11.0625],"texture":"#cauldron_inner"},
"east":{"uv":[6.125,5.0625,7.8125,11.0625],"texture":"#cauldron_inner"}
}
},
{
"from":[-0.179688,8.08594,8.15625],
"to":[0.445313,13.8359,9.09375],
"faces":{
"down":{"uv":[6.6875,9.75,5.6875,8.25],"texture":"#cauldron_inner"},
"up":{"uv":[9.3125,8.25,10.3125,9.75],"texture":"#cauldron_inner"},
"north":{"uv":[5.6875,5.0625,6.6875,11.0625],"texture":"#cauldron_inner"},
"south":{"uv":[9.3125,5.0625,10.3125,11.0625],"texture":"#cauldron_inner"},
"west":{"uv":[8.25,5.0625,9.75,11.0625],"texture":"#cauldron_inner"},
"east":{"uv":[6.25,5.0625,7.75,11.0625],"texture":"#cauldron_inner"}
}
},
{
"from":[-3.46094,13.6016,8.15625],
"to":[-2.83594,15.7891,9.09375],
"rotation":{"origin":[-3.46094,15.7891,8.15625],"axis":"z","angle":-22.5},
"faces":{
"down":{"uv":[8.5,9.8125,7.5,8.125],"texture":"#cauldron_inner"},
"up":{"uv":[7.5,8.125,8.5,9.8125],"texture":"#cauldron_inner"},
"north":{"uv":[7.5,5.0625,8.5,11.0625],"texture":"#cauldron_inner"},
"south":{"uv":[7.5,5.0625,8.5,11.0625],"texture":"#cauldron_inner"},
"west":{"uv":[8.125,5.0625,9.8125,11.0625],"texture":"#cauldron_inner"},
"east":{"uv":[6.125,5.0625,7.8125,11.0625],"texture":"#cauldron_inner"}
}
},
{
"from":[-0.960938,13.4063,8.15625],
"to":[-0.335938,15.5938,9.09375],
"rotation":{"origin":[-0.960938,15.5938,8.15625],"axis":"z","angle":22.5},
"faces":{
"down":{"uv":[8.5,9.8125,7.5,8.125],"texture":"#cauldron_inner"},
"up":{"uv":[7.5,8.125,8.5,9.8125],"texture":"#cauldron_inner"},
"north":{"uv":[7.5,5.0625,8.5,11.0625],"texture":"#cauldron_inner"},
"south":{"uv":[7.5,5.0625,8.5,11.0625],"texture":"#cauldron_inner"},
"west":{"uv":[8.125,5.0625,9.8125,11.0625],"texture":"#cauldron_inner"},
"east":{"uv":[6.125,5.0625,7.8125,11.0625],"texture":"#cauldron_inner"}
}
},
{
"from":[-2.13281,15.2422,8.15625],
"to":[-1.50781,17.1172,9.09375],
"rotation":{"origin":[-2.13281,17.1172,8.15625],"axis":"z","angle":-45},
"faces":{
"down":{"uv":[8.5,9.8125,7.5,8.125],"texture":"#cauldron_inner"},
"up":{"uv":[7.5,8.125,8.5,9.8125],"texture":"#cauldron_inner"},
"north":{"uv":[7.5,5.0625,8.5,11.0625],"texture":"#cauldron_inner"},
"south":{"uv":[7.5,5.0625,8.5,11.0625],"texture":"#cauldron_inner"},
"west":{"uv":[8.125,5.0625,9.8125,11.0625],"texture":"#cauldron_inner"},
"east":{"uv":[6.125,5.0625,7.8125,11.0625],"texture":"#cauldron_inner"}
}
},
{
"from":[-2.34688,14.7203,8.15625],
"to":[-1.72188,16.9078,9.09375],
"rotation":{"origin":[-2.34688,16.9078,8.15625],"axis":"z","angle":45},
"faces":{
"down":{"uv":[8.5,9.8125,7.5,8.125],"texture":"#cauldron_inner"},
"up":{"uv":[7.5,8.125,8.5,9.8125],"texture":"#cauldron_inner"},
"north":{"uv":[7.5,5.0625,8.5,11.0625],"texture":"#cauldron_inner"},
"south":{"uv":[7.5,5.0625,8.5,11.0625],"texture":"#cauldron_inner"},
"west":{"uv":[8.125,5.0625,9.8125,11.0625],"texture":"#cauldron_inner"},
"east":{"uv":[6.125,5.0625,7.8125,11.0625],"texture":"#cauldron_inner"}
}
},
{
"from":[-3.34375,7.46094,8],
"to":[-0.53125,8.08594,9.25],
"faces":{
"down":{"uv":[11.75,10,7.25,8],"texture":"#anvil_base"},
"up":{"uv":[4.25,8,8.75,10],"texture":"#anvil_base"},
"north":{"uv":[9.5,4,14,5],"texture":"#anvil_base"},
"south":{"uv":[9.5,4,14,5],"texture":"#anvil_base"},
"west":{"uv":[9,4,14,5],"texture":"#anvil_base"},
"east":{"uv":[9,4,14,5],"texture":"#anvil_base"}
}
},
{
"from":[-2.40625,6.875,8],
"to":[-1.46875,7.5,9.25],
"faces":{
"down":{"uv":[10.25,10,8.75,8],"texture":"#anvil_base"},
"up":{"uv":[5.75,8,7.25,10],"texture":"#anvil_base"},
"north":{"uv":[8.75,12,10.25,13],"texture":"#anvil_base"},
"south":{"uv":[5.75,12,7.25,13],"texture":"#anvil_base"},
"west":{"uv":[8,12,10,13],"texture":"#anvil_base"},
"east":{"uv":[6,12,8,13],"texture":"#anvil_base"}
}
},
{
"from":[-2.21094,5.625,8],
"to":[-1.58594,6.25,9.25],
"faces":{
"down":{"uv":[9.9375,10,8.9375,8],"texture":"#anvil_base"},
"up":{"uv":[6.0625,8,7.0625,10],"texture":"#anvil_base"},
"north":{"uv":[8.9375,14,9.9375,15],"texture":"#anvil_base"},
"south":{"uv":[6.0625,14,7.0625,15],"texture":"#anvil_base"},
"west":{"uv":[8,14,10,15],"texture":"#anvil_base"},
"east":{"uv":[6,14,8,15],"texture":"#anvil_base"}
}
},
{
"from":[-2.0625,6.25,7.9375],
"to":[-1.75,6.875,9.3125],
"faces":{
"down":{"uv":[9.75,10.075,9.25,7.875],"texture":"#IronCover"},
"up":{"uv":[6.25,7.875,6.75,10.075],"texture":"#IronCover"},
"north":{"uv":[9.25,13,9.75,14],"texture":"#IronCover"},
"south":{"uv":[6.25,13,6.75,14],"texture":"#IronCover"},
"west":{"uv":[7.875,13,10.075,14],"texture":"#IronCover"},
"east":{"uv":[5.925,13,8.125,14],"texture":"#IronCover"}
}
},
{
"from":[-2.5625,8.08594,8],
"to":[-1.3125,13.8359,9.25],
"faces":{
"down":{"uv":[10.5,10,8.5,8],"texture":"#anvil_base"},
"up":{"uv":[5.5,8,7.5,10],"texture":"#anvil_base"},
"north":{"uv":[0,0,1.5,5],"texture":"#anvil_base"},
"south":{"uv":[0,0,1.5,5],"texture":"#anvil_base"},
"west":{"uv":[0,0,1.5,5],"texture":"#anvil_base"},
"east":{"uv":[0,0,1.5,5],"texture":"#anvil_base"}
}
},
{
"from":[-2.21094,13.7578,8],
"to":[-1.58594,14.6953,9.25],
"rotation":{"origin":[-2.21094,14.6953,8],"axis":"z","angle":-22.5},
"faces":{
"down":{"uv":[9,5,8,4],"texture":"#anvil_base"},
"up":{"uv":[7,4,8,5],"texture":"#anvil_base"},
"north":{"uv":[0,0,1,1],"texture":"#anvil_base"},
"south":{"uv":[0,0,1,1],"texture":"#anvil_base"},
"west":{"uv":[0,0,1,1],"texture":"#anvil_base"},
"east":{"uv":[0,0,1,1],"texture":"#anvil_base"}
}
},
{
"from":[-2.25,13.5234,8],
"to":[-1.625,14.4609,9.25],
"rotation":{"origin":[-2.25,14.4609,8],"axis":"z","angle":22.5},
"faces":{
"down":{"uv":[12,6.5,11,5.5],"texture":"#anvil_base"},
"up":{"uv":[4,5.5,5,6.5],"texture":"#anvil_base"},
"north":{"uv":[0,0,1,1],"texture":"#anvil_base"},
"south":{"uv":[0,0,1,1],"texture":"#anvil_base"},
"west":{"uv":[0,0,1,1],"texture":"#anvil_base"},
"east":{"uv":[0,0,1,1],"texture":"#anvil_base"}
}
},
{
"from":[-2.21094,14.3203,8],
"to":[-1.83594,14.6953,9.25],
"rotation":{"origin":[-2.21094,14.6953,8],"axis":"z","angle":45},
"faces":{
"down":{"uv":[16,5,15,4],"texture":"#anvil_base"},
"up":{"uv":[0,4,1,5],"texture":"#anvil_base"},
"north":{"uv":[0,0,1,1],"texture":"#anvil_base"},
"south":{"uv":[0,0,1,1],"texture":"#anvil_base"},
"west":{"uv":[0,0,1,1],"texture":"#anvil_base"},
"east":{"uv":[0,0,1,1],"texture":"#anvil_base"}
}
},
{
"from":[-3.65625,8.08594,8.11719],
"to":[-3.03125,13.8359,9.11719],
"faces":{
"down":{"uv":[8.5,9.8125,7.5,8.125],"texture":"#cauldron_inner"},
"up":{"uv":[7.5,8.125,8.5,9.8125],"texture":"#cauldron_inner"},
"north":{"uv":[7.5,5.0625,8.5,11.0625],"texture":"#cauldron_inner"},
"south":{"uv":[7.5,5.0625,8.5,11.0625],"texture":"#cauldron_inner"},
"west":{"uv":[8.125,5.0625,9.8125,11.0625],"texture":"#cauldron_inner"},
"east":{"uv":[6.125,5.0625,7.8125,11.0625],"texture":"#cauldron_inner"}
}
},
{
"from":[-3.1875,8.08594,8.07813],
"to":[-2.5625,13.8359,9.14063],
"faces":{
"down":{"uv":[8.5,9.8125,7.5,8.125],"texture":"#cauldron_inner"},
"up":{"uv":[7.5,8.125,8.5,9.8125],"texture":"#cauldron_inner"},
"north":{"uv":[7.5,5.0625,8.5,11.0625],"texture":"#cauldron_inner"},
"south":{"uv":[7.5,5.0625,8.5,11.0625],"texture":"#cauldron_inner"},
"west":{"uv":[8.125,5.0625,9.8125,11.0625],"texture":"#cauldron_inner"},
"east":{"uv":[6.125,5.0625,7.8125,11.0625],"texture":"#cauldron_inner"}
}
},
{
"from":[-0.804688,8.08594,8.11719],
"to":[-0.179688,13.8359,9.11719],
"faces":{
"down":{"uv":[8.5,9.8125,7.5,8.125],"texture":"#cauldron_inner"},
"up":{"uv":[7.5,8.125,8.5,9.8125],"texture":"#cauldron_inner"},
"north":{"uv":[7.5,5.0625,8.5,11.0625],"texture":"#cauldron_inner"},
"south":{"uv":[7.5,5.0625,8.5,11.0625],"texture":"#cauldron_inner"},
"west":{"uv":[8.125,5.0625,9.8125,11.0625],"texture":"#cauldron_inner"},
"east":{"uv":[6.125,5.0625,7.8125,11.0625],"texture":"#cauldron_inner"}
}
},
{
"from":[-1.3125,8.08594,8.07813],
"to":[-0.6875,13.8359,9.14063],
"faces":{
"down":{"uv":[8.5,9.8125,7.5,8.125],"texture":"#cauldron_inner"},
"up":{"uv":[7.5,8.125,8.5,9.8125],"texture":"#cauldron_inner"},
"north":{"uv":[7.5,5.0625,8.5,11.0625],"texture":"#cauldron_inner"},
"south":{"uv":[7.5,5.0625,8.5,11.0625],"texture":"#cauldron_inner"},
"west":{"uv":[8.125,5.0625,9.8125,11.0625],"texture":"#cauldron_inner"},
"east":{"uv":[6.125,5.0625,7.8125,11.0625],"texture":"#cauldron_inner"}
}
},
{
"from":[-2.83594,13.6406,8.11719],
"to":[-2.21094,15.8281,9.11719],
"rotation":{"origin":[-2.83594,15.8281,8.11719],"axis":"z","angle":-22.5},
"faces":{
"down":{"uv":[8.5,9.8125,7.5,8.125],"texture":"#cauldron_inner"},
"up":{"uv":[7.5,8.125,8.5,9.8125],"texture":"#cauldron_inner"},
"north":{"uv":[7.5,5.0625,8.5,11.0625],"texture":"#cauldron_inner"},
"south":{"uv":[7.5,5.0625,8.5,11.0625],"texture":"#cauldron_inner"},
"west":{"uv":[8.125,5.0625,9.8125,11.0625],"texture":"#cauldron_inner"},
"east":{"uv":[6.125,5.0625,7.8125,11.0625],"texture":"#cauldron_inner"}
}
},
{
"from":[-2.34688,13.6406,8.08437],
"to":[-1.72188,15.8281,9.14687],
"rotation":{"origin":[-2.34688,15.8281,8.08437],"axis":"z","angle":-22.5},
"faces":{
"down":{"uv":[8.5,9.8125,7.5,8.125],"texture":"#cauldron_inner"},
"up":{"uv":[7.5,8.125,8.5,9.8125],"texture":"#cauldron_inner"},
"north":{"uv":[7.5,5.0625,8.5,11.0625],"texture":"#cauldron_inner"},
"south":{"uv":[7.5,5.0625,8.5,11.0625],"texture":"#cauldron_inner"},
"west":{"uv":[8.125,5.0625,9.8125,11.0625],"texture":"#cauldron_inner"},
"east":{"uv":[6.125,5.0625,7.8125,11.0625],"texture":"#cauldron_inner"}
}
},
{
"from":[-1.59375,13.4063,8.11719],
"to":[-0.96875,15.5938,9.11719],
"rotation":{"origin":[-1.59375,15.5938,8.11719],"axis":"z","angle":22.5},
"faces":{
"down":{"uv":[8.5,9.8125,7.5,8.125],"texture":"#cauldron_inner"},
"up":{"uv":[7.5,8.125,8.5,9.8125],"texture":"#cauldron_inner"},
"north":{"uv":[7.5,5.0625,8.5,11.0625],"texture":"#cauldron_inner"},
"south":{"uv":[7.5,5.0625,8.5,11.0625],"texture":"#cauldron_inner"},
"west":{"uv":[8.125,5.0625,9.8125,11.0625],"texture":"#cauldron_inner"},
"east":{"uv":[6.125,5.0625,7.8125,11.0625],"texture":"#cauldron_inner"}
}
},
{
"from":[-2.10156,13.4063,8.07813],
"to":[-1.47656,15.5938,9.14063],
"rotation":{"origin":[-2.10156,15.5938,8.07813],"axis":"z","angle":22.5},
"faces":{
"down":{"uv":[8.5,9.8125,7.5,8.125],"texture":"#cauldron_inner"},
"up":{"uv":[7.5,8.125,8.5,9.8125],"texture":"#cauldron_inner"},
"north":{"uv":[7.5,5.0625,8.5,11.0625],"texture":"#cauldron_inner"},
"south":{"uv":[7.5,5.0625,8.5,11.0625],"texture":"#cauldron_inner"},
"west":{"uv":[8.125,5.0625,9.8125,11.0625],"texture":"#cauldron_inner"},
"east":{"uv":[6.125,5.0625,7.8125,11.0625],"texture":"#cauldron_inner"}
}
},
{
"from":[-2.25,14.5781,8.08594],
"to":[-1.625,15.2031,9.14844],
"faces":{
"down":{"uv":[8.5,9.8125,7.5,8.125],"texture":"#cauldron_inner"},
"up":{"uv":[7.5,8.125,8.5,9.8125],"texture":"#cauldron_inner"},
"north":{"uv":[7.5,5.0625,8.5,11.0625],"texture":"#cauldron_inner"},
"south":{"uv":[7.5,5.0625,8.5,11.0625],"texture":"#cauldron_inner"},
"west":{"uv":[8.125,5.0625,9.8125,11.0625],"texture":"#cauldron_inner"},
"east":{"uv":[6.125,5.0625,7.8125,11.0625],"texture":"#cauldron_inner"}
}
},
{
"from":[-1.9375,15.4375,8.11875],
"to":[-1.3125,16.6875,9.11875],
"rotation":{"origin":[-1.9375,16.6875,8.11875],"axis":"z","angle":-45},
"faces":{
"down":{"uv":[8.5,9.8125,7.5,8.125],"texture":"#cauldron_inner"},
"up":{"uv":[7.5,8.125,8.5,9.8125],"texture":"#cauldron_inner"},
"north":{"uv":[7.5,5.0625,8.5,11.0625],"texture":"#cauldron_inner"},
"south":{"uv":[7.5,5.0625,8.5,11.0625],"texture":"#cauldron_inner"},
"west":{"uv":[8.125,5.0625,9.8125,11.0625],"texture":"#cauldron_inner"},
"east":{"uv":[6.125,5.0625,7.8125,11.0625],"texture":"#cauldron_inner"}
}
},
{
"from":[-2.32813,15.0078,8.11719],
"to":[-1.70313,16.2578,9.11719],
"rotation":{"origin":[-2.32813,16.2578,8.11719],"axis":"z","angle":45},
"faces":{
"down":{"uv":[8.5,9.8125,7.5,8.125],"texture":"#cauldron_inner"},
"up":{"uv":[7.5,8.125,8.5,9.8125],"texture":"#cauldron_inner"},
"north":{"uv":[7.5,5.0625,8.5,11.0625],"texture":"#cauldron_inner"},
"south":{"uv":[7.5,5.0625,8.5,11.0625],"texture":"#cauldron_inner"},
"west":{"uv":[8.125,5.0625,9.8125,11.0625],"texture":"#cauldron_inner"},
"east":{"uv":[6.125,5.0625,7.8125,11.0625],"texture":"#cauldron_inner"}
}
},
{
"from":[-1.9375,15.5938,8.07813],
"to":[-1.3125,16.2188,9.14063],
"rotation":{"origin":[-1.9375,16.2188,8.07813],"axis":"z","angle":-45},
"faces":{
"down":{"uv":[8.5,9.8125,7.5,8.125],"texture":"#cauldron_inner"},
"up":{"uv":[7.5,8.125,8.5,9.8125],"texture":"#cauldron_inner"},
"north":{"uv":[7.5,5.0625,8.5,11.0625],"texture":"#cauldron_inner"},
"south":{"uv":[7.5,5.0625,8.5,11.0625],"texture":"#cauldron_inner"},
"west":{"uv":[8.125,5.0625,9.8125,11.0625],"texture":"#cauldron_inner"},
"east":{"uv":[6.125,5.0625,7.8125,11.0625],"texture":"#cauldron_inner"}
}
},
{
"from":[-2.16,6.125,7.9375],
"to":[-1.66,6.375,9.3125],
"faces":{
"down":{"uv":[9.75,10.075,9.25,7.875],"texture":"#IronCover"},
"up":{"uv":[6.25,7.875,6.75,10.075],"texture":"#IronCover"},
"north":{"uv":[9.25,13,9.75,14],"texture":"#IronCover"},
"south":{"uv":[6.25,13,6.75,14],"texture":"#IronCover"},
"west":{"uv":[7.875,13,10.075,14],"texture":"#IronCover"},
"east":{"uv":[5.925,13,8.125,14],"texture":"#IronCover"}
}
},
{
"from":[-2.16,6.75,7.9375],
"to":[-1.66,6.875,9.3125],
"faces":{
"down":{"uv":[9.75,10.075,9.25,7.875],"texture":"#IronCover"},
"up":{"uv":[6.25,7.875,6.75,10.075],"texture":"#IronCover"},
"north":{"uv":[9.25,13,9.75,14],"texture":"#IronCover"},
"south":{"uv":[6.25,13,6.75,14],"texture":"#IronCover"},
"west":{"uv":[7.875,13,10.075,14],"texture":"#IronCover"},
"east":{"uv":[5.925,13,8.125,14],"texture":"#IronCover"}
}
},
{
"from":[16.5,1.875,8],
"to":[19.625,2.5,9.25],
"faces":{
"down":{"uv":[10,9,7.5,8],"texture":"#anvil_base"},
"up":{"uv":[6,8,8.5,9],"texture":"#anvil_base"},
"north":{"uv":[7.5,15.5,10,16],"texture":"#anvil_base"},
"south":{"uv":[6,15.5,8.5,16],"texture":"#anvil_base"},
"west":{"uv":[8,15.5,9,16],"texture":"#anvil_base"},
"east":{"uv":[7,15.5,8,16],"texture":"#anvil_base"}
}
},
{
"from":[15.0156,2.57813,8],
"to":[16.8906,3.20313,9.25],
"rotation":{"origin":[15.0156,3.20313,8],"axis":"z","angle":-22.5},
"faces":{
"down":{"uv":[7,5,5.5,4],"texture":"#anvil_base"},
"up":{"uv":[9,4,10.5,5],"texture":"#anvil_base"},
"north":{"uv":[5.5,14.5,7,15],"texture":"#anvil_base"},
"south":{"uv":[9,14.5,10.5,15],"texture":"#anvil_base"},
"west":{"uv":[4,14.5,5,15],"texture":"#anvil_base"},
"east":{"uv":[11,14.5,12,15],"texture":"#anvil_base"}
}
},
{
"from":[19.3906,1.83594,8],
"to":[21.2656,2.46094,9.25],
"rotation":{"origin":[19.3906,2.46094,8],"axis":"z","angle":22.5},
"faces":{
"down":{"uv":[1.5,5,0.5,4],"texture":"#anvil_base"},
"up":{"uv":[14.5,4,15.5,5],"texture":"#anvil_base"},
"north":{"uv":[0.5,12.5,1.5,13.5],"texture":"#anvil_base"},
"south":{"uv":[14.5,12.5,15.5,13.5],"texture":"#anvil_base"},
"west":{"uv":[4,12.5,5,13.5],"texture":"#anvil_base"},
"east":{"uv":[11,12.5,12,13.5],"texture":"#anvil_base"}
}
},
{
"from":[14.7813,2.61719,8],
"to":[15.4063,3.86719,9.25],
"faces":{
"down":{"uv":[11.1875,9,10.6875,8],"texture":"#anvil_base"},
"up":{"uv":[4.8125,8,5.3125,9],"texture":"#anvil_base"},
"north":{"uv":[10.6875,14.4375,11.1875,15.4375],"texture":"#anvil_base"},
"south":{"uv":[4.8125,14.4375,5.3125,15.4375],"texture":"#anvil_base"},
"west":{"uv":[8,14.4375,9,15.4375],"texture":"#anvil_base"},
"east":{"uv":[7,14.4375,8,15.4375],"texture":"#anvil_base"}
}
},
{
"from":[20.7188,2.65625,8],
"to":[21.3438,3.90625,9.25],
"faces":{
"down":{"uv":[6.625,9,6.125,8],"texture":"#anvil_base"},
"up":{"uv":[9.375,8,9.875,9],"texture":"#anvil_base"},
"north":{"uv":[6.125,14.375,6.625,15.375],"texture":"#anvil_base"},
"south":{"uv":[9.375,14.375,9.875,15.375],"texture":"#anvil_base"},
"west":{"uv":[8,14.375,9,15.375],"texture":"#anvil_base"},
"east":{"uv":[7,14.375,8,15.375],"texture":"#anvil_base"}
}
},
{
"from":[14.7813,3.24219,8],
"to":[16.0313,3.86719,9.25],
"rotation":{"origin":[14.7813,3.86719,8],"axis":"z","angle":45},
"faces":{
"down":{"uv":[11,5,10,4],"texture":"#anvil_base"},
"up":{"uv":[5,4,6,5],"texture":"#anvil_base"},
"north":{"uv":[10,9.5,11,10],"texture":"#anvil_base"},
"south":{"uv":[5,9.5,6,10],"texture":"#anvil_base"},
"west":{"uv":[4,9.5,5,10],"texture":"#anvil_base"},
"east":{"uv":[11,9.5,12,10],"texture":"#anvil_base"}
}
},
{
"from":[20.4453,4.17969,8],
"to":[21.6953,4.80469,9.25],
"rotation":{"origin":[20.4453,4.80469,8],"axis":"z","angle":-45},
"faces":{
"down":{"uv":[4,5,3,4],"texture":"#anvil_base"},
"up":{"uv":[12,4,13,5],"texture":"#anvil_base"},
"north":{"uv":[3,12.5,4,13],"texture":"#anvil_base"},
"south":{"uv":[12,12.5,13,13],"texture":"#anvil_base"},
"west":{"uv":[4,12.5,5,13],"texture":"#anvil_base"},
"east":{"uv":[11,12.5,12,13],"texture":"#anvil_base"}
}
},
{
"from":[15.6797,4.13281,8],
"to":[16.9297,4.75781,9.25],
"faces":{
"down":{"uv":[10.5,9,9.5,8],"texture":"#anvil_base"},
"up":{"uv":[5.5,8,6.5,9],"texture":"#anvil_base"},
"north":{"uv":[9.5,13.75,10.5,14.25],"texture":"#anvil_base"},
"south":{"uv":[5.5,13.75,6.5,14.25],"texture":"#anvil_base"},
"west":{"uv":[8,13.75,9,14.25],"texture":"#anvil_base"},
"east":{"uv":[7,13.75,8,14.25],"texture":"#anvil_base"}
}
},
{
"from":[19.1953,4.17969,8],
"to":[20.4453,4.80469,9.25],
"faces":{
"down":{"uv":[7.875,9,6.875,8],"texture":"#anvil_base"},
"up":{"uv":[8.125,8,9.125,9],"texture":"#anvil_base"},
"north":{"uv":[6.875,13.6875,7.875,14.1875],"texture":"#anvil_base"},
"south":{"uv":[8.125,13.6875,9.125,14.1875],"texture":"#anvil_base"},
"west":{"uv":[8,13.6875,9,14.1875],"texture":"#anvil_base"},
"east":{"uv":[7,13.6875,8,14.1875],"texture":"#anvil_base"}
}
},
{
"from":[17.5156,2.46094,8],
"to":[18.1406,6.21094,9.25],
"rotation":{"origin":[17.5156,6.21094,8],"axis":"z","angle":-22.5},
"faces":{
"down":{"uv":[11.5,5,10.5,4],"texture":"#anvil_base"},
"up":{"uv":[4.5,4,5.5,5],"texture":"#anvil_base"},
"north":{"uv":[10.5,12.5,11.5,13.5],"texture":"#anvil_base"},
"south":{"uv":[4.5,12.5,5.5,13.5],"texture":"#anvil_base"},
"west":{"uv":[4,12.5,5,13.5],"texture":"#anvil_base"},
"east":{"uv":[11,12.5,12,13.5],"texture":"#anvil_base"}
}
},
{
"from":[18.1016,2.22656,8],
"to":[18.7266,5.97656,9.25],
"rotation":{"origin":[18.1016,5.97656,8],"axis":"z","angle":22.5},
"faces":{
"down":{"uv":[9.5,5,8.5,4],"texture":"#anvil_base"},
"up":{"uv":[6.5,4,7.5,5],"texture":"#anvil_base"},
"north":{"uv":[8.5,10,9.5,15],"texture":"#anvil_base"},
"south":{"uv":[6.5,10,7.5,15],"texture":"#anvil_base"},
"west":{"uv":[4,10,5,15],"texture":"#anvil_base"},
"east":{"uv":[11,10,12,15],"texture":"#anvil_base"}
}
},
{
"from":[17.3203,7.22656,8],
"to":[17.9453,7.85156,9.25],
"rotation":{"origin":[17.3203,7.85156,8],"axis":"z","angle":-45},
"faces":{
"down":{"uv":[15,10,14,8],"texture":"#anvil_base"},
"up":{"uv":[1,8,2,10],"texture":"#anvil_base"},
"north":{"uv":[12,6,13,7],"texture":"#anvil_base"},
"south":{"uv":[12,6,13,7],"texture":"#anvil_base"},
"west":{"uv":[12,6,14,7],"texture":"#anvil_base"},
"east":{"uv":[12,6,14,7],"texture":"#anvil_base"}
}
},
{
"from":[17.4375,5.9375,8],
"to":[18.6875,6.875,9.25],
"faces":{
"down":{"uv":[10.5,10,8.5,8],"texture":"#anvil_base"},
"up":{"uv":[5.5,8,7.5,10],"texture":"#anvil_base"},
"north":{"uv":[8.5,13,10.5,14.5],"texture":"#anvil_base"},
"south":{"uv":[5.5,13,7.5,14.5],"texture":"#anvil_base"},
"west":{"uv":[8,13,10,14.5],"texture":"#anvil_base"},
"east":{"uv":[6,13,8,14.5],"texture":"#anvil_base"}
}
},
{
"from":[17.2031,6.5625,8],
"to":[17.8281,7.1875,9.25],
"rotation":{"origin":[17.2031,7.1875,8],"axis":"z","angle":22.5},
"faces":{
"down":{"uv":[12,5,11,4],"texture":"#anvil_base"},
"up":{"uv":[4,4,5,5],"texture":"#anvil_base"},
"north":{"uv":[11,7,12,9],"texture":"#anvil_base"},
"south":{"uv":[4,7,5,9],"texture":"#anvil_base"},
"west":{"uv":[4,7,5,9],"texture":"#anvil_base"},
"east":{"uv":[11,7,12,9],"texture":"#anvil_base"}
}
},
{
"from":[18.3359,6.79688,8],
"to":[18.9609,7.42188,9.25],
"rotation":{"origin":[18.3359,7.42188,8],"axis":"z","angle":-22.5},
"faces":{
"down":{"uv":[8,5,7,4],"texture":"#anvil_base"},
"up":{"uv":[8,4,9,5],"texture":"#anvil_base"},
"north":{"uv":[7,6.5,8,7.5],"texture":"#anvil_base"},
"south":{"uv":[8,6.5,9,7.5],"texture":"#anvil_base"},
"west":{"uv":[4,6.5,5,7.5],"texture":"#anvil_base"},
"east":{"uv":[11,6.5,12,7.5],"texture":"#anvil_base"}
}
},
{
"from":[18.375,6.79688,8],
"to":[19,7.42188,9.25],
"rotation":{"origin":[18.375,7.42188,8],"axis":"z","angle":45},
"faces":{
"down":{"uv":[16,10,15,8],"texture":"#anvil_base"},
"up":{"uv":[0,8,1,10],"texture":"#anvil_base"},
"north":{"uv":[15,0,16,1],"texture":"#anvil_base"},
"south":{"uv":[0,0,1,1],"texture":"#anvil_base"},
"west":{"uv":[8,0,10,1],"texture":"#anvil_base"},
"east":{"uv":[6,0,8,1],"texture":"#anvil_base"}
}
},
{
"from":[16.7344,7.46094,8],
"to":[17.3594,8.08594,9.25],
"rotation":{"origin":[16.7344,8.08594,8],"axis":"z","angle":-22.5},
"faces":{
"down":{"uv":[12,5,11,4],"texture":"#anvil_base"},
"up":{"uv":[4,4,5,5],"texture":"#anvil_base"},
"north":{"uv":[11,6,12,7],"texture":"#anvil_base"},
"south":{"uv":[4,6,5,7],"texture":"#anvil_base"},
"west":{"uv":[4,6,5,7],"texture":"#anvil_base"},
"east":{"uv":[11,6,12,7],"texture":"#anvil_base"}
}
},
{
"from":[18.8438,7.22656,8],
"to":[19.4688,7.85156,9.25],
"rotation":{"origin":[18.8438,7.85156,8],"axis":"z","angle":22.5},
"faces":{
"down":{"uv":[7,5,6,4],"texture":"#anvil_base"},
"up":{"uv":[9,4,10,5],"texture":"#anvil_base"},
"north":{"uv":[6,6,7,7],"texture":"#anvil_base"},
"south":{"uv":[9,6,10,7],"texture":"#anvil_base"},
"west":{"uv":[4,6,5,7],"texture":"#anvil_base"},
"east":{"uv":[11,6,12,7],"texture":"#anvil_base"}
}
},
{
"from":[15.4844,7.46094,8],
"to":[16.7344,8.08594,9.25],
"faces":{
"down":{"uv":[13.625,10,11.625,8],"texture":"#anvil_base"},
"up":{"uv":[2.375,8,4.375,10],"texture":"#anvil_base"},
"north":{"uv":[11.625,11.0625,13.625,12.0625],"texture":"#anvil_base"},
"south":{"uv":[2.375,11.0625,4.375,12.0625],"texture":"#anvil_base"},
"west":{"uv":[8,11.0625,10,12.0625],"texture":"#anvil_base"},
"east":{"uv":[6,11.0625,8,12.0625],"texture":"#anvil_base"}
}
},
{
"from":[19.4297,7.46094,8],
"to":[20.6797,8.08594,9.25],
"faces":{
"down":{"uv":[7.3125,10,5.3125,8],"texture":"#anvil_base"},
"up":{"uv":[8.6875,8,10.6875,10],"texture":"#anvil_base"},
"north":{"uv":[12,5,14,6],"texture":"#anvil_base"},
"south":{"uv":[12,5,14,6],"texture":"#anvil_base"},
"west":{"uv":[12,5,14,6],"texture":"#anvil_base"},
"east":{"uv":[12,5,14,6],"texture":"#anvil_base"}
}
},
{
"from":[15.1328,7.65625,8],
"to":[15.7578,8.28125,9.25],
"rotation":{"origin":[15.1328,8.28125,8],"axis":"z","angle":-22.5},
"faces":{
"down":{"uv":[14.5,5,13.5,4],"texture":"#anvil_base"},
"up":{"uv":[1.5,4,2.5,5],"texture":"#anvil_base"},
"north":{"uv":[13.5,4,14.5,5],"texture":"#anvil_base"},
"south":{"uv":[1.5,4,2.5,5],"texture":"#anvil_base"},
"west":{"uv":[4,4,5,5],"texture":"#anvil_base"},
"east":{"uv":[11,4,12,5],"texture":"#anvil_base"}
}
},
{
"from":[20.4453,7.42188,8],
"to":[21.0703,8.04688,9.25],
"rotation":{"origin":[20.4453,8.04688,8],"axis":"z","angle":22.5},
"faces":{
"down":{"uv":[16,5,16,4],"texture":"#anvil_base"},
"up":{"uv":[0,4,0,5],"texture":"#anvil_base"},
"north":{"uv":[16,0,16,1],"texture":"#anvil_base"},
"south":{"uv":[0,0,0,1],"texture":"#anvil_base"},
"west":{"uv":[4,0,5,1],"texture":"#anvil_base"},
"east":{"uv":[11,0,12,1],"texture":"#anvil_base"}
}
},
{
"from":[15.1328,7.65625,8],
"to":[15.7578,8.28125,9.25],
"rotation":{"origin":[15.1328,8.28125,8],"axis":"z","angle":22.5},
"faces":{
"down":{"uv":[15.5,5,14.5,4],"texture":"#anvil_base"},
"up":{"uv":[0.5,4,1.5,5],"texture":"#anvil_base"},
"north":{"uv":[14.5,4,15.5,5],"texture":"#anvil_base"},
"south":{"uv":[0.5,4,1.5,5],"texture":"#anvil_base"},
"west":{"uv":[4,4,5,5],"texture":"#anvil_base"},
"east":{"uv":[11,4,12,5],"texture":"#anvil_base"}
}
},
{
"from":[20.4453,7.89063,8],
"to":[21.0703,8.51563,9.25],
"rotation":{"origin":[20.4453,8.51563,8],"axis":"z","angle":-22.5},
"faces":{
"down":{"uv":[13,10,12,8],"texture":"#anvil_base"},
"up":{"uv":[3,8,4,10],"texture":"#anvil_base"},
"north":{"uv":[12,0,13,1],"texture":"#anvil_base"},
"south":{"uv":[3,0,4,1],"texture":"#anvil_base"},
"west":{"uv":[8,0,10,1],"texture":"#anvil_base"},
"east":{"uv":[6,0,8,1],"texture":"#anvil_base"}
}
},
{
"from":[15.7188,8.08594,8.15625],
"to":[16.3438,13.8359,9.09375],
"faces":{
"down":{"uv":[8.5,9.8125,7.5,8.125],"texture":"#cauldron_inner"},
"up":{"uv":[7.5,8.125,8.5,9.8125],"texture":"#cauldron_inner"},
"north":{"uv":[7.5,5.0625,8.5,11.0625],"texture":"#cauldron_inner"},
"south":{"uv":[7.5,5.0625,8.5,11.0625],"texture":"#cauldron_inner"},
"west":{"uv":[8.125,5.0625,9.8125,11.0625],"texture":"#cauldron_inner"},
"east":{"uv":[6.125,5.0625,7.8125,11.0625],"texture":"#cauldron_inner"}
}
},
{
"from":[19.8203,8.08594,8.15625],
"to":[20.4453,13.8359,9.09375],
"faces":{
"down":{"uv":[6.6875,9.75,5.6875,8.25],"texture":"#cauldron_inner"},
"up":{"uv":[9.3125,8.25,10.3125,9.75],"texture":"#cauldron_inner"},
"north":{"uv":[5.6875,5.0625,6.6875,11.0625],"texture":"#cauldron_inner"},
"south":{"uv":[9.3125,5.0625,10.3125,11.0625],"texture":"#cauldron_inner"},
"west":{"uv":[8.25,5.0625,9.75,11.0625],"texture":"#cauldron_inner"},
"east":{"uv":[6.25,5.0625,7.75,11.0625],"texture":"#cauldron_inner"}
}
},
{
"from":[16.5391,13.6016,8.15625],
"to":[17.1641,15.7891,9.09375],
"rotation":{"origin":[16.5391,15.7891,8.15625],"axis":"z","angle":-22.5},
"faces":{
"down":{"uv":[8.5,9.8125,7.5,8.125],"texture":"#cauldron_inner"},
"up":{"uv":[7.5,8.125,8.5,9.8125],"texture":"#cauldron_inner"},
"north":{"uv":[7.5,5.0625,8.5,11.0625],"texture":"#cauldron_inner"},
"south":{"uv":[7.5,5.0625,8.5,11.0625],"texture":"#cauldron_inner"},
"west":{"uv":[8.125,5.0625,9.8125,11.0625],"texture":"#cauldron_inner"},
"east":{"uv":[6.125,5.0625,7.8125,11.0625],"texture":"#cauldron_inner"}
}
},
{
"from":[19.0391,13.4063,8.15625],
"to":[19.6641,15.5938,9.09375],
"rotation":{"origin":[19.0391,15.5938,8.15625],"axis":"z","angle":22.5},
"faces":{
"down":{"uv":[8.5,9.8125,7.5,8.125],"texture":"#cauldron_inner"},
"up":{"uv":[7.5,8.125,8.5,9.8125],"texture":"#cauldron_inner"},
"north":{"uv":[7.5,5.0625,8.5,11.0625],"texture":"#cauldron_inner"},
"south":{"uv":[7.5,5.0625,8.5,11.0625],"texture":"#cauldron_inner"},
"west":{"uv":[8.125,5.0625,9.8125,11.0625],"texture":"#cauldron_inner"},
"east":{"uv":[6.125,5.0625,7.8125,11.0625],"texture":"#cauldron_inner"}
}
},
{
"from":[17.8672,15.2422,8.15625],
"to":[18.4922,17.1172,9.09375],
"rotation":{"origin":[17.8672,17.1172,8.15625],"axis":"z","angle":-45},
"faces":{
"down":{"uv":[8.5,9.8125,7.5,8.125],"texture":"#cauldron_inner"},
"up":{"uv":[7.5,8.125,8.5,9.8125],"texture":"#cauldron_inner"},
"north":{"uv":[7.5,5.0625,8.5,11.0625],"texture":"#cauldron_inner"},
"south":{"uv":[7.5,5.0625,8.5,11.0625],"texture":"#cauldron_inner"},
"west":{"uv":[8.125,5.0625,9.8125,11.0625],"texture":"#cauldron_inner"},
"east":{"uv":[6.125,5.0625,7.8125,11.0625],"texture":"#cauldron_inner"}
}
},
{
"from":[17.6531,14.7203,8.15625],
"to":[18.2781,16.9078,9.09375],
"rotation":{"origin":[17.6531,16.9078,8.15625],"axis":"z","angle":45},
"faces":{
"down":{"uv":[8.5,9.8125,7.5,8.125],"texture":"#cauldron_inner"},
"up":{"uv":[7.5,8.125,8.5,9.8125],"texture":"#cauldron_inner"},
"north":{"uv":[7.5,5.0625,8.5,11.0625],"texture":"#cauldron_inner"},
"south":{"uv":[7.5,5.0625,8.5,11.0625],"texture":"#cauldron_inner"},
"west":{"uv":[8.125,5.0625,9.8125,11.0625],"texture":"#cauldron_inner"},
"east":{"uv":[6.125,5.0625,7.8125,11.0625],"texture":"#cauldron_inner"}
}
},
{
"from":[16.6563,7.46094,8],
"to":[19.4688,8.08594,9.25],
"faces":{
"down":{"uv":[11.75,10,7.25,8],"texture":"#anvil_base"},
"up":{"uv":[4.25,8,8.75,10],"texture":"#anvil_base"},
"north":{"uv":[9.5,4,14,5],"texture":"#anvil_base"},
"south":{"uv":[9.5,4,14,5],"texture":"#anvil_base"},
"west":{"uv":[9,4,14,5],"texture":"#anvil_base"},
"east":{"uv":[9,4,14,5],"texture":"#anvil_base"}
}
},
{
"from":[17.5938,6.875,8],
"to":[18.5313,7.5,9.25],
"faces":{
"down":{"uv":[10.25,10,8.75,8],"texture":"#anvil_base"},
"up":{"uv":[5.75,8,7.25,10],"texture":"#anvil_base"},
"north":{"uv":[8.75,12,10.25,13],"texture":"#anvil_base"},
"south":{"uv":[5.75,12,7.25,13],"texture":"#anvil_base"},
"west":{"uv":[8,12,10,13],"texture":"#anvil_base"},
"east":{"uv":[6,12,8,13],"texture":"#anvil_base"}
}
},
{
"from":[17.7891,5.625,8],
"to":[18.4141,6.25,9.25],
"faces":{
"down":{"uv":[9.9375,10,8.9375,8],"texture":"#anvil_base"},
"up":{"uv":[6.0625,8,7.0625,10],"texture":"#anvil_base"},
"north":{"uv":[8.9375,14,9.9375,15],"texture":"#anvil_base"},
"south":{"uv":[6.0625,14,7.0625,15],"texture":"#anvil_base"},
"west":{"uv":[8,14,10,15],"texture":"#anvil_base"},
"east":{"uv":[6,14,8,15],"texture":"#anvil_base"}
}
},
{
"from":[17.9375,6.25,7.9375],
"to":[18.25,6.875,9.3125],
"faces":{
"down":{"uv":[9.75,10.075,9.25,7.875],"texture":"#IronCover"},
"up":{"uv":[6.25,7.875,6.75,10.075],"texture":"#IronCover"},
"north":{"uv":[9.25,13,9.75,14],"texture":"#IronCover"},
"south":{"uv":[6.25,13,6.75,14],"texture":"#IronCover"},
"west":{"uv":[7.875,13,10.075,14],"texture":"#IronCover"},
"east":{"uv":[5.925,13,8.125,14],"texture":"#IronCover"}
}
},
{
"from":[17.4375,8.08594,8],
"to":[18.6875,13.8359,9.25],
"faces":{
"down":{"uv":[10.5,10,8.5,8],"texture":"#anvil_base"},
"up":{"uv":[5.5,8,7.5,10],"texture":"#anvil_base"},
"north":{"uv":[0,0,1.5,5],"texture":"#anvil_base"},
"south":{"uv":[0,0,1.5,5],"texture":"#anvil_base"},
"west":{"uv":[0,0,1.5,5],"texture":"#anvil_base"},
"east":{"uv":[0,0,1.5,5],"texture":"#anvil_base"}
}
},
{
"from":[17.7891,13.7578,8],
"to":[18.4141,14.6953,9.25],
"rotation":{"origin":[17.7891,14.6953,8],"axis":"z","angle":-22.5},
"faces":{
"down":{"uv":[9,5,8,4],"texture":"#anvil_base"},
"up":{"uv":[7,4,8,5],"texture":"#anvil_base"},
"north":{"uv":[0,0,1,1],"texture":"#anvil_base"},
"south":{"uv":[0,0,1,1],"texture":"#anvil_base"},
"west":{"uv":[0,0,1,1],"texture":"#anvil_base"},
"east":{"uv":[0,0,1,1],"texture":"#anvil_base"}
}
},
{
"from":[17.75,13.5234,8],
"to":[18.375,14.4609,9.25],
"rotation":{"origin":[17.75,14.4609,8],"axis":"z","angle":22.5},
"faces":{
"down":{"uv":[12,6.5,11,5.5],"texture":"#anvil_base"},
"up":{"uv":[4,5.5,5,6.5],"texture":"#anvil_base"},
"north":{"uv":[0,0,1,1],"texture":"#anvil_base"},
"south":{"uv":[0,0,1,1],"texture":"#anvil_base"},
"west":{"uv":[0,0,1,1],"texture":"#anvil_base"},
"east":{"uv":[0,0,1,1],"texture":"#anvil_base"}
}
},
{
"from":[17.7891,14.3203,8],
"to":[18.1641,14.6953,9.25],
"rotation":{"origin":[17.7891,14.6953,8],"axis":"z","angle":45},
"faces":{
"down":{"uv":[16,5,15,4],"texture":"#anvil_base"},
"up":{"uv":[0,4,1,5],"texture":"#anvil_base"},
"north":{"uv":[0,0,1,1],"texture":"#anvil_base"},
"south":{"uv":[0,0,1,1],"texture":"#anvil_base"},
"west":{"uv":[0,0,1,1],"texture":"#anvil_base"},
"east":{"uv":[0,0,1,1],"texture":"#anvil_base"}
}
},
{
"from":[16.3438,8.08594,8.11719],
"to":[16.9688,13.8359,9.11719],
"faces":{
"down":{"uv":[8.5,9.8125,7.5,8.125],"texture":"#cauldron_inner"},
"up":{"uv":[7.5,8.125,8.5,9.8125],"texture":"#cauldron_inner"},
"north":{"uv":[7.5,5.0625,8.5,11.0625],"texture":"#cauldron_inner"},
"south":{"uv":[7.5,5.0625,8.5,11.0625],"texture":"#cauldron_inner"},
"west":{"uv":[8.125,5.0625,9.8125,11.0625],"texture":"#cauldron_inner"},
"east":{"uv":[6.125,5.0625,7.8125,11.0625],"texture":"#cauldron_inner"}
}
},
{
"from":[16.8125,8.08594,8.07813],
"to":[17.4375,13.8359,9.14063],
"faces":{
"down":{"uv":[8.5,9.8125,7.5,8.125],"texture":"#cauldron_inner"},
"up":{"uv":[7.5,8.125,8.5,9.8125],"texture":"#cauldron_inner"},
"north":{"uv":[7.5,5.0625,8.5,11.0625],"texture":"#cauldron_inner"},
"south":{"uv":[7.5,5.0625,8.5,11.0625],"texture":"#cauldron_inner"},
"west":{"uv":[8.125,5.0625,9.8125,11.0625],"texture":"#cauldron_inner"},
"east":{"uv":[6.125,5.0625,7.8125,11.0625],"texture":"#cauldron_inner"}
}
},
{
"from":[19.1953,8.08594,8.11719],
"to":[19.8203,13.8359,9.11719],
"faces":{
"down":{"uv":[8.5,9.8125,7.5,8.125],"texture":"#cauldron_inner"},
"up":{"uv":[7.5,8.125,8.5,9.8125],"texture":"#cauldron_inner"},
"north":{"uv":[7.5,5.0625,8.5,11.0625],"texture":"#cauldron_inner"},
"south":{"uv":[7.5,5.0625,8.5,11.0625],"texture":"#cauldron_inner"},
"west":{"uv":[8.125,5.0625,9.8125,11.0625],"texture":"#cauldron_inner"},
"east":{"uv":[6.125,5.0625,7.8125,11.0625],"texture":"#cauldron_inner"}
}
},
{
"from":[18.6875,8.08594,8.07813],
"to":[19.3125,13.8359,9.14063],
"faces":{
"down":{"uv":[8.5,9.8125,7.5,8.125],"texture":"#cauldron_inner"},
"up":{"uv":[7.5,8.125,8.5,9.8125],"texture":"#cauldron_inner"},
"north":{"uv":[7.5,5.0625,8.5,11.0625],"texture":"#cauldron_inner"},
"south":{"uv":[7.5,5.0625,8.5,11.0625],"texture":"#cauldron_inner"},
"west":{"uv":[8.125,5.0625,9.8125,11.0625],"texture":"#cauldron_inner"},
"east":{"uv":[6.125,5.0625,7.8125,11.0625],"texture":"#cauldron_inner"}
}
},
{
"from":[17.1641,13.6406,8.11719],
"to":[17.7891,15.8281,9.11719],
"rotation":{"origin":[17.1641,15.8281,8.11719],"axis":"z","angle":-22.5},
"faces":{
"down":{"uv":[8.5,9.8125,7.5,8.125],"texture":"#cauldron_inner"},
"up":{"uv":[7.5,8.125,8.5,9.8125],"texture":"#cauldron_inner"},
"north":{"uv":[7.5,5.0625,8.5,11.0625],"texture":"#cauldron_inner"},
"south":{"uv":[7.5,5.0625,8.5,11.0625],"texture":"#cauldron_inner"},
"west":{"uv":[8.125,5.0625,9.8125,11.0625],"texture":"#cauldron_inner"},
"east":{"uv":[6.125,5.0625,7.8125,11.0625],"texture":"#cauldron_inner"}
}
},
{
"from":[17.6531,13.6406,8.08437],
"to":[18.2781,15.8281,9.14687],
"rotation":{"origin":[17.6531,15.8281,8.08437],"axis":"z","angle":-22.5},
"faces":{
"down":{"uv":[8.5,9.8125,7.5,8.125],"texture":"#cauldron_inner"},
"up":{"uv":[7.5,8.125,8.5,9.8125],"texture":"#cauldron_inner"},
"north":{"uv":[7.5,5.0625,8.5,11.0625],"texture":"#cauldron_inner"},
"south":{"uv":[7.5,5.0625,8.5,11.0625],"texture":"#cauldron_inner"},
"west":{"uv":[8.125,5.0625,9.8125,11.0625],"texture":"#cauldron_inner"},
"east":{"uv":[6.125,5.0625,7.8125,11.0625],"texture":"#cauldron_inner"}
}
},
{
"from":[18.4063,13.4063,8.11719],
"to":[19.0313,15.5938,9.11719],
"rotation":{"origin":[18.4063,15.5938,8.11719],"axis":"z","angle":22.5},
"faces":{
"down":{"uv":[8.5,9.8125,7.5,8.125],"texture":"#cauldron_inner"},
"up":{"uv":[7.5,8.125,8.5,9.8125],"texture":"#cauldron_inner"},
"north":{"uv":[7.5,5.0625,8.5,11.0625],"texture":"#cauldron_inner"},
"south":{"uv":[7.5,5.0625,8.5,11.0625],"texture":"#cauldron_inner"},
"west":{"uv":[8.125,5.0625,9.8125,11.0625],"texture":"#cauldron_inner"},
"east":{"uv":[6.125,5.0625,7.8125,11.0625],"texture":"#cauldron_inner"}
}
},
{
"from":[17.8984,13.4063,8.07813],
"to":[18.5234,15.5938,9.14063],
"rotation":{"origin":[17.8984,15.5938,8.07813],"axis":"z","angle":22.5},
"faces":{
"down":{"uv":[8.5,9.8125,7.5,8.125],"texture":"#cauldron_inner"},
"up":{"uv":[7.5,8.125,8.5,9.8125],"texture":"#cauldron_inner"},
"north":{"uv":[7.5,5.0625,8.5,11.0625],"texture":"#cauldron_inner"},
"south":{"uv":[7.5,5.0625,8.5,11.0625],"texture":"#cauldron_inner"},
"west":{"uv":[8.125,5.0625,9.8125,11.0625],"texture":"#cauldron_inner"},
"east":{"uv":[6.125,5.0625,7.8125,11.0625],"texture":"#cauldron_inner"}
}
},
{
"from":[17.75,14.5781,8.08594],
"to":[18.375,15.2031,9.14844],
"faces":{
"down":{"uv":[8.5,9.8125,7.5,8.125],"texture":"#cauldron_inner"},
"up":{"uv":[7.5,8.125,8.5,9.8125],"texture":"#cauldron_inner"},
"north":{"uv":[7.5,5.0625,8.5,11.0625],"texture":"#cauldron_inner"},
"south":{"uv":[7.5,5.0625,8.5,11.0625],"texture":"#cauldron_inner"},
"west":{"uv":[8.125,5.0625,9.8125,11.0625],"texture":"#cauldron_inner"},
"east":{"uv":[6.125,5.0625,7.8125,11.0625],"texture":"#cauldron_inner"}
}
},
{
"from":[18.0625,15.4375,8.11875],
"to":[18.6875,16.6875,9.11875],
"rotation":{"origin":[18.0625,16.6875,8.11875],"axis":"z","angle":-45},
"faces":{
"down":{"uv":[8.5,9.8125,7.5,8.125],"texture":"#cauldron_inner"},
"up":{"uv":[7.5,8.125,8.5,9.8125],"texture":"#cauldron_inner"},
"north":{"uv":[7.5,5.0625,8.5,11.0625],"texture":"#cauldron_inner"},
"south":{"uv":[7.5,5.0625,8.5,11.0625],"texture":"#cauldron_inner"},
"west":{"uv":[8.125,5.0625,9.8125,11.0625],"texture":"#cauldron_inner"},
"east":{"uv":[6.125,5.0625,7.8125,11.0625],"texture":"#cauldron_inner"}
}
},
{
"from":[17.6719,15.0078,8.11719],
"to":[18.2969,16.2578,9.11719],
"rotation":{"origin":[17.6719,16.2578,8.11719],"axis":"z","angle":45},
"faces":{
"down":{"uv":[8.5,9.8125,7.5,8.125],"texture":"#cauldron_inner"},
"up":{"uv":[7.5,8.125,8.5,9.8125],"texture":"#cauldron_inner"},
"north":{"uv":[7.5,5.0625,8.5,11.0625],"texture":"#cauldron_inner"},
"south":{"uv":[7.5,5.0625,8.5,11.0625],"texture":"#cauldron_inner"},
"west":{"uv":[8.125,5.0625,9.8125,11.0625],"texture":"#cauldron_inner"},
"east":{"uv":[6.125,5.0625,7.8125,11.0625],"texture":"#cauldron_inner"}
}
},
{
"from":[18.0625,15.5938,8.07813],
"to":[18.6875,16.2188,9.14063],
"rotation":{"origin":[18.0625,16.2188,8.07813],"axis":"z","angle":-45},
"faces":{
"down":{"uv":[8.5,9.8125,7.5,8.125],"texture":"#cauldron_inner"},
"up":{"uv":[7.5,8.125,8.5,9.8125],"texture":"#cauldron_inner"},
"north":{"uv":[7.5,5.0625,8.5,11.0625],"texture":"#cauldron_inner"},
"south":{"uv":[7.5,5.0625,8.5,11.0625],"texture":"#cauldron_inner"},
"west":{"uv":[8.125,5.0625,9.8125,11.0625],"texture":"#cauldron_inner"},
"east":{"uv":[6.125,5.0625,7.8125,11.0625],"texture":"#cauldron_inner"}
}
},
{
"from":[17.84,6.125,7.9375],
"to":[18.34,6.375,9.3125],
"faces":{
"down":{"uv":[9.75,10.075,9.25,7.875],"texture":"#IronCover"},
"up":{"uv":[6.25,7.875,6.75,10.075],"texture":"#IronCover"},
"north":{"uv":[9.25,13,9.75,14],"texture":"#IronCover"},
"south":{"uv":[6.25,13,6.75,14],"texture":"#IronCover"},
"west":{"uv":[7.875,13,10.075,14],"texture":"#IronCover"},
"east":{"uv":[5.925,13,8.125,14],"texture":"#IronCover"}
}
},
{
"from":[17.84,6.75,7.9375],
"to":[18.34,6.875,9.3125],
"faces":{
"down":{"uv":[9.75,10.075,9.25,7.875],"texture":"#IronCover"},
"up":{"uv":[6.25,7.875,6.75,10.075],"texture":"#IronCover"},
"north":{"uv":[9.25,13,9.75,14],"texture":"#IronCover"},
"south":{"uv":[6.25,13,6.75,14],"texture":"#IronCover"},
"west":{"uv":[7.875,13,10.075,14],"texture":"#IronCover"},
"east":{"uv":[5.925,13,8.125,14],"texture":"#IronCover"}
}
}
],
"display":{
"thirdperson_righthand":{
"rotation":[0,0,0],
"translation":[-5.5,1,1],
"scale":[0.5,0.5,0.3]
},
"thirdperson_lefthand":{
"rotation":[0,0,0],
"translation":[-5.5,1,1],
"scale":[0.5,0.5,0.3]
},
"head":{
"rotation":[0,-90,0],
"translation":[0,12,0],
"scale":[0.6,0.6,0.3]
},
"ground":{
"rotation":[90,0,90],
"translation":[0,0,0],
"scale":[0.5,0.5,0.2]
},
"fixed":{
"rotation":[0,0,0],
"translation":[0,0,-2],
"scale":[1,1,0.7]
},
"firstperson_righthand":{
"rotation":[-75,0,0],
"translation":[-9,3,1],
"scale":[0.8,0.8,0.5]
},
"firstperson_lefthand":{
"rotation":[-75,0,0],
"translation":[-9,3,1],
"scale":[0.8,0.8,0.5]
},
"gui":{
"rotation":[-60,-10,100],
"translation":[1,0,0],
"scale":[0.8,0.8,0.5]
}
}
}