{
"__comment":"Made by pale1, guncolony.com ©",
"textures":{
"1":"guns/normalguntexture",
"0":"guns/lightguntexture",
"2":"guns/brightguntexture",
"3":"guns/greencover",
"00":"guns/lightguntexture",
"11":"guns/normalguntexture",
"21":"guns/brightguntexture",
"22":"guns/brightguntexture",
"23":"guns/brightguntexture",
"24":"guns/brightguntexture",
"25":"guns/brightguntexture",
"26":"guns/brightguntexture",
"27":"guns/brightguntexture",
"28":"guns/brightguntexture",
"29":"guns/brightguntexture"
},
"elements":[
{
"from":[7.7868,8.1032,-14.7988],
"to":[8.195299,8.842199,0.4512005],
"rotation":{"origin":[7.59333,9.565201,7.326151],"axis":"z","angle":22.5},
"faces":{
"down":{"uv":[11,1,12,2],"texture":"#26"},
"up":{"uv":[11,1,12,2],"texture":"#26"},
"north":{"uv":[11,1,12,2],"texture":"#26"},
"south":{"uv":[11,1,12,2],"texture":"#26"},
"west":{"uv":[11,1,12,2],"texture":"#26"},
"east":{"uv":[11,1,12,2],"texture":"#26"}
}
},
{
"from":[7.1005,9.1111,-14.7988],
"to":[7.886499,9.51959,0.4512005],
"faces":{
"down":{"uv":[11,1,12,2],"texture":"#26"},
"up":{"uv":[11,1,12,2],"texture":"#26"},
"north":{"uv":[11,1,12,2],"texture":"#26"},
"south":{"uv":[11,1,12,2],"texture":"#26"},
"west":{"uv":[11,1,12,2],"texture":"#26"},
"east":{"uv":[11,1,12,2],"texture":"#26"}
}
},
{
"from":[6.9152,8.9749,-14.7988],
"to":[7.5292,9.38341,0.4512005],
"rotation":{"origin":[8.37716,8.78137,7.326151],"axis":"z","angle":-22.5},
"faces":{
"down":{"uv":[11,1,12,2],"texture":"#26"},
"up":{"uv":[11,1,12,2],"texture":"#26"},
"north":{"uv":[11,1,12,2],"texture":"#26"},
"south":{"uv":[11,1,12,2],"texture":"#26"},
"west":{"uv":[11,1,12,2],"texture":"#26"},
"east":{"uv":[11,1,12,2],"texture":"#26"}
}
},
{
"from":[6.6918,8.9199,-14.7988],
"to":[7.4698,9.3284,0.4512005],
"rotation":{"origin":[8.15379,8.72641,7.326151],"axis":"z","angle":-45},
"faces":{
"down":{"uv":[11,1,12,2],"texture":"#26"},
"up":{"uv":[11,1,12,2],"texture":"#26"},
"north":{"uv":[11,1,12,2],"texture":"#26"},
"south":{"uv":[11,1,12,2],"texture":"#26"},
"west":{"uv":[11,1,12,2],"texture":"#26"},
"east":{"uv":[11,1,12,2],"texture":"#26"}
}
},
{
"from":[8.1199,9.531099,-14.7988],
"to":[8.528399,10.2231,0.4512005],
"rotation":{"origin":[7.92639,8.76112,7.326151],"axis":"z","angle":22.5},
"faces":{
"down":{"uv":[11,1,12,2],"texture":"#26"},
"up":{"uv":[11,1,12,2],"texture":"#26"},
"north":{"uv":[11,1,12,2],"texture":"#26"},
"south":{"uv":[11,1,12,2],"texture":"#26"},
"west":{"uv":[11,1,12,2],"texture":"#26"},
"east":{"uv":[11,1,12,2],"texture":"#26"}
}
},
{
"from":[8.557799,8.9183,-14.7988],
"to":[9.1248,9.326809,0.4512005],
"rotation":{"origin":[7.62804,9.29294,7.326151],"axis":"z","angle":22.5},
"faces":{
"down":{"uv":[11,1,12,2],"texture":"#26"},
"up":{"uv":[11,1,12,2],"texture":"#26"},
"north":{"uv":[11,1,12,2],"texture":"#26"},
"south":{"uv":[11,1,12,2],"texture":"#26"},
"west":{"uv":[11,1,12,2],"texture":"#26"},
"east":{"uv":[11,1,12,2],"texture":"#26"}
}
},
{
"from":[7.9231,9.5562,-14.7988],
"to":[8.33161,10.3422,0.4512005],
"faces":{
"down":{"uv":[11,1,12,2],"texture":"#26"},
"up":{"uv":[11,1,12,2],"texture":"#26"},
"north":{"uv":[11,1,12,2],"texture":"#26"},
"south":{"uv":[11,1,12,2],"texture":"#26"},
"west":{"uv":[11,1,12,2],"texture":"#26"},
"east":{"uv":[11,1,12,2],"texture":"#26"}
}
},
{
"from":[7.7868,9.7885,-14.7988],
"to":[8.195299,10.5275,0.4512005],
"rotation":{"origin":[7.59333,9.06554,7.326151],"axis":"z","angle":-22.5},
"faces":{
"down":{"uv":[11,1,12,2],"texture":"#26"},
"up":{"uv":[11,1,12,2],"texture":"#26"},
"north":{"uv":[11,1,12,2],"texture":"#26"},
"south":{"uv":[11,1,12,2],"texture":"#26"},
"west":{"uv":[11,1,12,2],"texture":"#26"},
"east":{"uv":[11,1,12,2],"texture":"#26"}
}
},
{
"from":[7.7053,9.7989,-14.7988],
"to":[8.1138,10.5769,0.4512005],
"rotation":{"origin":[7.73518,9.169821,7.326151],"axis":"z","angle":-45},
"faces":{
"down":{"uv":[11,1,12,2],"texture":"#26"},
"up":{"uv":[11,1,12,2],"texture":"#26"},
"north":{"uv":[11,1,12,2],"texture":"#26"},
"south":{"uv":[11,1,12,2],"texture":"#26"},
"west":{"uv":[11,1,12,2],"texture":"#26"},
"east":{"uv":[11,1,12,2],"texture":"#26"}
}
},
{
"from":[8.368199,9.1111,-14.7988],
"to":[9.1542,9.51959,0.4512005],
"faces":{
"down":{"uv":[11,1,12,2],"texture":"#26"},
"up":{"uv":[11,1,12,2],"texture":"#26"},
"north":{"uv":[11,1,12,2],"texture":"#26"},
"south":{"uv":[11,1,12,2],"texture":"#26"},
"west":{"uv":[11,1,12,2],"texture":"#26"},
"east":{"uv":[11,1,12,2],"texture":"#26"}
}
},
{
"from":[7.7053,8.0539,-14.7988],
"to":[8.1138,8.8319,0.4512005],
"rotation":{"origin":[7.73518,9.460911,7.326151],"axis":"z","angle":45},
"faces":{
"down":{"uv":[11,1,12,2],"texture":"#26"},
"up":{"uv":[11,1,12,2],"texture":"#26"},
"north":{"uv":[11,1,12,2],"texture":"#26"},
"south":{"uv":[11,1,12,2],"texture":"#26"},
"west":{"uv":[11,1,12,2],"texture":"#26"},
"east":{"uv":[11,1,12,2],"texture":"#26"}
}
},
{
"from":[6.9152,9.247399,-14.7988],
"to":[7.6542,9.655899,0.4512005],
"rotation":{"origin":[8.37716,9.849371,7.326151],"axis":"z","angle":22.5},
"faces":{
"down":{"uv":[11,1,12,2],"texture":"#26"},
"up":{"uv":[11,1,12,2],"texture":"#26"},
"north":{"uv":[11,1,12,2],"texture":"#26"},
"south":{"uv":[11,1,12,2],"texture":"#26"},
"west":{"uv":[11,1,12,2],"texture":"#26"},
"east":{"uv":[11,1,12,2],"texture":"#26"}
}
},
{
"from":[6.6918,9.302299,-14.7988],
"to":[7.4698,9.7108,0.4512005],
"rotation":{"origin":[8.15379,9.904329,7.326151],"axis":"z","angle":45},
"faces":{
"down":{"uv":[11,1,12,2],"texture":"#26"},
"up":{"uv":[11,1,12,2],"texture":"#26"},
"north":{"uv":[11,1,12,2],"texture":"#26"},
"south":{"uv":[11,1,12,2],"texture":"#26"},
"west":{"uv":[11,1,12,2],"texture":"#26"},
"east":{"uv":[11,1,12,2],"texture":"#26"}
}
},
{
"from":[8.1199,8.407599,-14.7988],
"to":[8.528399,9.0996,0.4512005],
"rotation":{"origin":[7.92639,9.869619,7.326151],"axis":"z","angle":-22.5},
"faces":{
"down":{"uv":[11,1,12,2],"texture":"#26"},
"up":{"uv":[11,1,12,2],"texture":"#26"},
"north":{"uv":[11,1,12,2],"texture":"#26"},
"south":{"uv":[11,1,12,2],"texture":"#26"},
"west":{"uv":[11,1,12,2],"texture":"#26"},
"east":{"uv":[11,1,12,2],"texture":"#26"}
}
},
{
"from":[8.432799,9.3039,-14.7988],
"to":[9.1248,9.71241,0.4512005],
"rotation":{"origin":[7.62804,9.337801,7.326151],"axis":"z","angle":-22.5},
"faces":{
"down":{"uv":[11,1,12,2],"texture":"#26"},
"up":{"uv":[11,1,12,2],"texture":"#26"},
"north":{"uv":[11,1,12,2],"texture":"#26"},
"south":{"uv":[11,1,12,2],"texture":"#26"},
"west":{"uv":[11,1,12,2],"texture":"#26"},
"east":{"uv":[11,1,12,2],"texture":"#26"}
}
},
{
"from":[7.9231,8.2885,-14.7988],
"to":[8.33161,9.0745,0.4512005],
"faces":{
"down":{"uv":[11,1,12,2],"texture":"#26"},
"up":{"uv":[11,1,12,2],"texture":"#26"},
"north":{"uv":[11,1,12,2],"texture":"#26"},
"south":{"uv":[11,1,12,2],"texture":"#26"},
"west":{"uv":[11,1,12,2],"texture":"#26"},
"east":{"uv":[11,1,12,2],"texture":"#26"}
}
},
{
"from":[7.6471,7.8058,-6.1738],
"to":[8.16998,9.07172,-0.04879999],
"rotation":{"origin":[7.39946,9.67721,6.826151],"axis":"z","angle":22.5},
"faces":{
"down":{"uv":[11,1,12,2],"texture":"#26"},
"up":{"uv":[11,1,12,2],"texture":"#26"},
"north":{"uv":[11,1,12,2],"texture":"#26"},
"south":{"uv":[11,1,12,2],"texture":"#26"},
"west":{"uv":[11,1,12,2],"texture":"#26"},
"east":{"uv":[11,1,12,2],"texture":"#26"}
}
},
{
"from":[6.7686,9.096,-6.1738],
"to":[8.25468,9.61887,-0.04879999],
"faces":{
"down":{"uv":[11,1,12,2],"texture":"#26"},
"up":{"uv":[11,1,12,2],"texture":"#26"},
"north":{"uv":[11,1,12,2],"texture":"#26"},
"south":{"uv":[11,1,12,2],"texture":"#26"},
"west":{"uv":[11,1,12,2],"texture":"#26"},
"east":{"uv":[11,1,12,2],"texture":"#26"}
}
},
{
"from":[6.5314,8.921599,-6.1738],
"to":[7.797319,9.444489,-0.04879999],
"rotation":{"origin":[8.40276,8.673901,6.826151],"axis":"z","angle":-22.5},
"faces":{
"down":{"uv":[11,1,12,2],"texture":"#26"},
"up":{"uv":[11,1,12,2],"texture":"#26"},
"north":{"uv":[11,1,12,2],"texture":"#26"},
"south":{"uv":[11,1,12,2],"texture":"#26"},
"west":{"uv":[11,1,12,2],"texture":"#26"},
"east":{"uv":[11,1,12,2],"texture":"#26"}
}
},
{
"from":[6.2455,8.8512,-6.1738],
"to":[7.40134,9.374081,-0.04879999],
"rotation":{"origin":[8.11685,8.60355,6.826151],"axis":"z","angle":-45},
"faces":{
"down":{"uv":[11,1,12,2],"texture":"#26"},
"up":{"uv":[11,1,12,2],"texture":"#26"},
"north":{"uv":[11,1,12,2],"texture":"#26"},
"south":{"uv":[11,1,12,2],"texture":"#26"},
"west":{"uv":[11,1,12,2],"texture":"#26"},
"east":{"uv":[11,1,12,2],"texture":"#26"}
}
},
{
"from":[8.0735,9.473599,-6.1738],
"to":[8.59638,10.51936,-0.04879999],
"rotation":{"origin":[7.82578,8.64798,6.826151],"axis":"z","angle":22.5},
"faces":{
"down":{"uv":[11,1,12,2],"texture":"#26"},
"up":{"uv":[11,1,12,2],"texture":"#26"},
"north":{"uv":[11,1,12,2],"texture":"#26"},
"south":{"uv":[11,1,12,2],"texture":"#26"},
"west":{"uv":[11,1,12,2],"texture":"#26"},
"east":{"uv":[11,1,12,2],"texture":"#26"}
}
},
{
"from":[8.3139,8.8492,-6.1738],
"to":[9.35966,9.372101,-0.04879999],
"rotation":{"origin":[7.44389,9.328711,6.826151],"axis":"z","angle":22.5},
"faces":{
"down":{"uv":[11,1,12,2],"texture":"#26"},
"up":{"uv":[11,1,12,2],"texture":"#26"},
"north":{"uv":[11,1,12,2],"texture":"#26"},
"south":{"uv":[11,1,12,2],"texture":"#26"},
"west":{"uv":[11,1,12,2],"texture":"#26"},
"east":{"uv":[11,1,12,2],"texture":"#26"}
}
},
{
"from":[7.8215,9.185699,-6.1738],
"to":[8.3444,10.67178,-0.04879999],
"faces":{
"down":{"uv":[11,1,12,2],"texture":"#26"},
"up":{"uv":[11,1,12,2],"texture":"#26"},
"north":{"uv":[11,1,12,2],"texture":"#26"},
"south":{"uv":[11,1,12,2],"texture":"#26"},
"west":{"uv":[11,1,12,2],"texture":"#26"},
"east":{"uv":[11,1,12,2],"texture":"#26"}
}
},
{
"from":[7.6471,9.6431,-6.1738],
"to":[8.16998,10.90902,-0.04879999],
"rotation":{"origin":[7.39946,9.03764,6.826151],"axis":"z","angle":-22.5},
"faces":{
"down":{"uv":[11,1,12,2],"texture":"#26"},
"up":{"uv":[11,1,12,2],"texture":"#26"},
"north":{"uv":[11,1,12,2],"texture":"#26"},
"south":{"uv":[11,1,12,2],"texture":"#26"},
"west":{"uv":[11,1,12,2],"texture":"#26"},
"east":{"uv":[11,1,12,2],"texture":"#26"}
}
},
{
"from":[7.5428,9.816299,-6.1738],
"to":[8.06568,10.97214,-0.04879999],
"rotation":{"origin":[7.58103,9.17112,6.826151],"axis":"z","angle":-45},
"faces":{
"down":{"uv":[11,1,12,2],"texture":"#26"},
"up":{"uv":[11,1,12,2],"texture":"#26"},
"north":{"uv":[11,1,12,2],"texture":"#26"},
"south":{"uv":[11,1,12,2],"texture":"#26"},
"west":{"uv":[11,1,12,2],"texture":"#26"},
"east":{"uv":[11,1,12,2],"texture":"#26"}
}
},
{
"from":[7.9113,9.096,-6.1738],
"to":[9.397379,9.61887,-0.04879999],
"faces":{
"down":{"uv":[11,1,12,2],"texture":"#26"},
"up":{"uv":[11,1,12,2],"texture":"#26"},
"north":{"uv":[11,1,12,2],"texture":"#26"},
"south":{"uv":[11,1,12,2],"texture":"#26"},
"west":{"uv":[11,1,12,2],"texture":"#26"},
"east":{"uv":[11,1,12,2],"texture":"#26"}
}
},
{
"from":[7.5428,7.7427,-6.1738],
"to":[8.06568,8.89854,-0.04879999],
"rotation":{"origin":[7.58103,9.543711,6.826151],"axis":"z","angle":45},
"faces":{
"down":{"uv":[11,1,12,2],"texture":"#26"},
"up":{"uv":[11,1,12,2],"texture":"#26"},
"north":{"uv":[11,1,12,2],"texture":"#26"},
"south":{"uv":[11,1,12,2],"texture":"#26"},
"west":{"uv":[11,1,12,2],"texture":"#26"},
"east":{"uv":[11,1,12,2],"texture":"#26"}
}
},
{
"from":[6.5314,9.2704,-6.1738],
"to":[7.797319,9.79328,-0.04879999],
"rotation":{"origin":[8.40276,10.04094,6.826151],"axis":"z","angle":22.5},
"faces":{
"down":{"uv":[11,1,12,2],"texture":"#26"},
"up":{"uv":[11,1,12,2],"texture":"#26"},
"north":{"uv":[11,1,12,2],"texture":"#26"},
"south":{"uv":[11,1,12,2],"texture":"#26"},
"west":{"uv":[11,1,12,2],"texture":"#26"},
"east":{"uv":[11,1,12,2],"texture":"#26"}
}
},
{
"from":[6.2455,9.3407,-6.1738],
"to":[7.40134,9.86358,-0.04879999],
"rotation":{"origin":[8.11685,10.11129,6.826151],"axis":"z","angle":45},
"faces":{
"down":{"uv":[11,1,12,2],"texture":"#26"},
"up":{"uv":[11,1,12,2],"texture":"#26"},
"north":{"uv":[11,1,12,2],"texture":"#26"},
"south":{"uv":[11,1,12,2],"texture":"#26"},
"west":{"uv":[11,1,12,2],"texture":"#26"},
"east":{"uv":[11,1,12,2],"texture":"#26"}
}
},
{
"from":[8.0735,8.195499,-6.1738],
"to":[8.59638,9.24126,-0.04879999],
"rotation":{"origin":[7.82578,10.06686,6.826151],"axis":"z","angle":-22.5},
"faces":{
"down":{"uv":[11,1,12,2],"texture":"#26"},
"up":{"uv":[11,1,12,2],"texture":"#26"},
"north":{"uv":[11,1,12,2],"texture":"#26"},
"south":{"uv":[11,1,12,2],"texture":"#26"},
"west":{"uv":[11,1,12,2],"texture":"#26"},
"east":{"uv":[11,1,12,2],"texture":"#26"}
}
},
{
"from":[8.3139,9.3427,-6.1738],
"to":[9.35966,9.86559,-0.04879999],
"rotation":{"origin":[7.44389,9.386129,6.826151],"axis":"z","angle":-22.5},
"faces":{
"down":{"uv":[11,1,12,2],"texture":"#26"},
"up":{"uv":[11,1,12,2],"texture":"#26"},
"north":{"uv":[11,1,12,2],"texture":"#26"},
"south":{"uv":[11,1,12,2],"texture":"#26"},
"west":{"uv":[11,1,12,2],"texture":"#26"},
"east":{"uv":[11,1,12,2],"texture":"#26"}
}
},
{
"from":[7.8215,8.043099,-6.1738],
"to":[8.3444,9.52918,-0.04879999],
"faces":{
"down":{"uv":[11,1,12,2],"texture":"#26"},
"up":{"uv":[11,1,12,2],"texture":"#26"},
"north":{"uv":[11,1,12,2],"texture":"#26"},
"south":{"uv":[11,1,12,2],"texture":"#26"},
"west":{"uv":[11,1,12,2],"texture":"#26"},
"east":{"uv":[11,1,12,2],"texture":"#26"}
}
},
{
"from":[7.125,7.5,8.25],
"to":[8.875,10.625,12.125],
"faces":{
"up":{"uv":[11.01,12.01,11.99,12.99],"texture":"#2"},
"north":{"uv":[11.01,12.01,11.99,12.99],"texture":"#2"},
"south":{"uv":[11.01,12.01,11.99,12.99],"texture":"#2"},
"west":{"uv":[11.01,12.01,11.99,12.99],"texture":"#2"},
"east":{"uv":[11.01,12.01,11.99,12.99],"texture":"#2"}
}
},
{
"from":[7.125,7.5,0.625],
"to":[8.875,10.375,5.875],
"faces":{
"down":{"uv":[11.01,12.01,11.99,12.99],"texture":"#2"},
"up":{"uv":[11.01,12.01,11.99,12.99],"texture":"#2"},
"north":{"uv":[11.01,12.01,11.99,12.99],"texture":"#2"},
"south":{"uv":[11.01,12.01,11.99,12.99],"texture":"#2"},
"west":{"uv":[11.01,12.01,11.99,12.99],"texture":"#2"},
"east":{"uv":[11.01,12.01,11.99,12.99],"texture":"#2"}
}
},
{
"from":[7.125,8.875,5.875],
"to":[8.875,8.9375,8.25],
"faces":{
"up":{"uv":[11.01,12.01,11.99,12.99],"texture":"#2"},
"east":{"uv":[11.01,12.01,11.99,12.99],"texture":"#2"}
}
},
{
"from":[7.125,10.25,7.375],
"to":[8.875,10.625,8.25],
"faces":{
"down":{"uv":[11.01,12.01,11.99,12.99],"texture":"#2"},
"up":{"uv":[11.01,12.01,11.99,12.99],"texture":"#2"},
"north":{"uv":[11.01,12.01,11.99,12.99],"texture":"#2"}
}
},
{
"from":[8.25,10.25,3.5],
"to":[8.875,10.625,8.25],
"faces":{
"down":{"uv":[11.01,12.01,11.99,12.99],"texture":"#2"},
"up":{"uv":[11.01,12.01,11.99,12.99],"texture":"#2"},
"west":{"uv":[11.01,12.01,11.99,12.99],"texture":"#2"},
"east":{"uv":[11.01,12.01,11.99,12.99],"texture":"#2"}
}
},
{
"from":[7.125,10.25,3.5],
"to":[7.75,10.625,8.25],
"faces":{
"down":{"uv":[11.01,12.01,11.99,12.99],"texture":"#2"},
"up":{"uv":[11.01,12.01,11.99,12.99],"texture":"#2"},
"west":{"uv":[11.01,12.01,11.99,12.99],"texture":"#2"},
"east":{"uv":[11.01,12.01,11.99,12.99],"texture":"#2"}
}
},
{
"from":[7.125,10.25,0.625],
"to":[8.875,10.625,3.5],
"faces":{
"up":{"uv":[11.01,12.01,11.99,12.99],"texture":"#2"},
"north":{"uv":[11.01,12.01,11.99,12.99],"texture":"#2"},
"south":{"uv":[11.01,12.01,11.99,12.99],"texture":"#2"},
"west":{"uv":[11.01,12.01,11.99,12.99],"texture":"#2"},
"east":{"uv":[11.01,12.01,11.99,12.99],"texture":"#2"}
}
},
{
"from":[7.125,8.75,5.875],
"to":[7.875,10.375,8.25],
"faces":{
"up":{"uv":[11.01,12.01,11.99,12.99],"texture":"#2"},
"west":{"uv":[11.01,12.01,11.99,12.99],"texture":"#2"},
"east":{"uv":[11.01,12.01,11.99,12.99],"texture":"#2"}
}
},
{
"from":[7.875,8.75,5.875],
"to":[8.625,10.28125,8.25],
"faces":{
"up":{"uv":[11.01,14.01,11.99,14.99],"texture":"#1"},
"east":{"uv":[11.01,14.01,11.99,14.99],"texture":"#1"}
}
},
{
"from":[7.75,10.25,3.5],
"to":[8.375,10.5,8.25],
"faces":{
"down":{"uv":[11.01,13.01,11.99,13.99],"texture":"#1"},
"up":{"uv":[11.01,13.01,11.99,13.99],"texture":"#1"}
}
},
{
"from":[7.1768,7.3232,0.6875],
"to":[8.8232,8.8232,8.6875],
"faces":{
"down":{"uv":[8.01,9.01,8.99,9.99],"texture":"#22"},
"north":{"uv":[8.01,9.01,8.99,9.99],"texture":"#22"},
"south":{"uv":[8.01,9.01,8.99,9.99],"texture":"#22"},
"west":{"uv":[8.01,9.01,8.99,9.99],"texture":"#22"},
"east":{"uv":[8.01,9.01,8.99,9.99],"texture":"#22"}
}
},
{
"from":[7,7.5,0.6875],
"to":[9,8.875,8.6875],
"faces":{
"down":{"uv":[8.01,9.01,8.99,9.99],"texture":"#22"},
"up":{"uv":[8.01,9.01,8.99,9.99],"texture":"#22"},
"north":{"uv":[8.01,9.01,8.99,9.99],"texture":"#22"},
"south":{"uv":[8.01,9.01,8.99,9.99],"texture":"#22"},
"west":{"uv":[8.01,9.01,8.99,9.99],"texture":"#22"},
"east":{"uv":[8.01,9.01,8.99,9.99],"texture":"#22"}
}
},
{
"from":[8.4697,7.6768,0.6875],
"to":[8.9697,7.9268,8.6875],
"rotation":{"origin":[8.4697,7.6768,0.6875],"axis":"z","angle":-45},
"faces":{
"north":{"uv":[8.01,9.01,8.99,9.99],"texture":"#22"},
"south":{"uv":[8.01,9.01,8.99,9.99],"texture":"#22"},
"east":{"uv":[8.01,9.01,8.99,9.99],"texture":"#22"}
}
},
{
"from":[7.1768,7.3232,0.6875],
"to":[7.6768,7.5732,8.6875],
"rotation":{"origin":[7.1768,7.3232,0.6875],"axis":"z","angle":45},
"faces":{
"north":{"uv":[8.01,9.01,8.99,9.99],"texture":"#22"},
"south":{"uv":[8.01,9.01,8.99,9.99],"texture":"#22"},
"west":{"uv":[8.01,9.01,8.99,9.99],"texture":"#22"}
}
},
{
"from":[7,8.75,10.8125],
"to":[9,10.75,12.25],
"faces":{
"up":{"uv":[8.01,9.01,8.99,9.99],"texture":"#23"},
"north":{"uv":[8.01,9.01,8.99,9.99],"texture":"#23"},
"south":{"uv":[8.01,9.01,8.99,9.99],"texture":"#23"},
"west":{"uv":[8.01,9.01,8.99,9.99],"texture":"#23"},
"east":{"uv":[8.01,9.01,8.99,9.99],"texture":"#23"}
}
},
{
"from":[7,7.4905,9.876599],
"to":[9,10.4905,11.4391],
"rotation":{"origin":[8,9.49047,10.65782],"axis":"x","angle":45},
"faces":{
"north":{"uv":[8.01,9.01,8.99,9.99],"texture":"#23"},
"south":{"uv":[8.01,9.01,8.99,9.99],"texture":"#23"},
"west":{"uv":[8.01,9.01,8.99,9.99],"texture":"#23"},
"east":{"uv":[8.01,9.01,8.99,9.99],"texture":"#23"}
}
},
{
"from":[7.3232,2.9482,6.6875],
"to":[8.6982,7.3232,8.375],
"faces":{
"down":{"uv":[8.01,9.01,8.99,9.99],"texture":"#21"},
"north":{"uv":[8.01,9.01,8.99,9.99],"texture":"#21"},
"south":{"uv":[8.01,9.01,8.99,9.99],"texture":"#21"},
"west":{"uv":[8.01,9.01,8.99,9.99],"texture":"#21"},
"east":{"uv":[8.01,9.01,8.99,9.99],"texture":"#21"}
}
},
{
"from":[7.4482,2.9482,7.6875],
"to":[8.5732,4.4482,9.375],
"faces":{
"down":{"uv":[11.01,13.01,11.99,13.99],"texture":"#11"},
"up":{"uv":[11.01,13.01,11.99,13.99],"texture":"#11"},
"south":{"uv":[11.01,13.01,11.99,13.99],"texture":"#11"},
"west":{"uv":[11.01,13.01,11.99,13.99],"texture":"#11"},
"east":{"uv":[11.01,13.01,11.99,13.99],"texture":"#11"}
}
},
{
"from":[7.4482,4.0682,7.4647],
"to":[8.5732,5.5682,9.152199],
"rotation":{"origin":[8.13572,4.81824,8.30846],"axis":"x","angle":-22.5},
"faces":{
"up":{"uv":[11.01,13.01,11.99,13.99],"texture":"#11"},
"south":{"uv":[11.01,13.01,11.99,13.99],"texture":"#11"},
"west":{"uv":[11.01,13.01,11.99,13.99],"texture":"#11"},
"east":{"uv":[11.01,13.01,11.99,13.99],"texture":"#11"}
}
},
{
"from":[7.4482,5.3182,7.2147],
"to":[8.5732,6.8182,8.902199],
"faces":{
"down":{"uv":[11.01,13.01,11.99,13.99],"texture":"#11"},
"up":{"uv":[11.01,13.01,11.99,13.99],"texture":"#11"},
"south":{"uv":[11.01,13.01,11.99,13.99],"texture":"#11"},
"west":{"uv":[11.01,13.01,11.99,13.99],"texture":"#11"},
"east":{"uv":[11.01,13.01,11.99,13.99],"texture":"#11"}
}
},
{
"from":[7.4482,6.1932,5.7147],
"to":[8.5732,7.6932,7.4022],
"rotation":{"origin":[8.13572,4.81824,8.30846],"axis":"x","angle":45},
"faces":{
"down":{"uv":[11.01,13.01,11.99,13.99],"texture":"#11"},
"south":{"uv":[11.01,13.01,11.99,13.99],"texture":"#11"},
"west":{"uv":[11.01,13.01,11.99,13.99],"texture":"#11"},
"east":{"uv":[11.01,13.01,11.99,13.99],"texture":"#11"}
}
},
{
"from":[7.4482,6.5057,6.5897],
"to":[8.5732,7.1307,8.214699],
"rotation":{"origin":[8.13572,4.81824,8.30846],"axis":"x","angle":22.5},
"faces":{
"down":{"uv":[11.01,13.01,11.99,13.99],"texture":"#11"},
"up":{"uv":[11.01,13.01,11.99,13.99],"texture":"#11"},
"north":{"uv":[11.01,13.01,11.99,13.99],"texture":"#11"},
"south":{"uv":[11.01,13.01,11.99,13.99],"texture":"#11"},
"west":{"uv":[11.01,13.01,11.99,13.99],"texture":"#11"},
"east":{"uv":[11.01,13.01,11.99,13.99],"texture":"#11"}
}
},
{
"from":[7.966,2.9482,6.395],
"to":[8.466,7.3232,6.9575],
"rotation":{"origin":[7.90349,5.88572,6.23872],"axis":"y","angle":22.5},
"faces":{
"down":{"uv":[8.01,9.01,8.99,9.99],"texture":"#21"},
"west":{"uv":[8.01,9.01,8.99,9.99],"texture":"#21"},
"east":{"uv":[8.01,9.01,8.99,9.99],"texture":"#21"}
}
},
{
"from":[7.4413,2.9482,6.969],
"to":[7.9413,7.3232,7.5315],
"rotation":{"origin":[9.50378,5.88572,6.81275],"axis":"y","angle":-22.5},
"faces":{
"down":{"uv":[8.01,9.01,8.99,9.99],"texture":"#21"},
"west":{"uv":[8.01,9.01,8.99,9.99],"texture":"#21"},
"east":{"uv":[8.01,9.01,8.99,9.99],"texture":"#21"}
}
},
{
"from":[7.5385,2.9482,6.1678],
"to":[8.476,7.3232,6.7303],
"faces":{
"down":{"uv":[8.01,9.01,8.99,9.99],"texture":"#21"},
"north":{"uv":[8.01,9.01,8.99,9.99],"texture":"#21"},
"west":{"uv":[8.01,9.01,8.99,9.99],"texture":"#21"},
"east":{"uv":[8.01,9.01,8.99,9.99],"texture":"#21"}
}
},
{
"from":[7.6635,4.9722,2.1739],
"to":[8.351,5.4722,2.4239],
"rotation":{"origin":[8.00881,7.41446,2.305201],"axis":"x","angle":-45},
"faces":{
"north":{"uv":[13.01,4.01,13.99,4.99],"texture":"#25"},
"south":{"uv":[13.01,4.01,13.99,4.99],"texture":"#25"},
"west":{"uv":[13.01,4.01,13.99,4.99],"texture":"#25"},
"east":{"uv":[13.01,4.01,13.99,4.99],"texture":"#25"}
}
},
{
"from":[7.6635,5.5947,3.9393],
"to":[8.351,5.8447,5.8143],
"faces":{
"down":{"uv":[13.01,4.01,13.99,4.99],"texture":"#25","rotation":270},
"up":{"uv":[13.01,4.01,13.99,4.99],"texture":"#25","rotation":270},
"north":{"uv":[13.01,4.01,13.99,4.99],"texture":"#25","rotation":270},
"south":{"uv":[13.01,4.01,13.99,4.99],"texture":"#25","rotation":270},
"west":{"uv":[13.01,4.01,13.99,4.99],"texture":"#25","rotation":270},
"east":{"uv":[13.01,4.01,13.99,4.99],"texture":"#25","rotation":270}
}
},
{
"from":[7.6635,5.9482,3.5857],
"to":[8.351,7.573198,3.8357],
"faces":{
"down":{"uv":[13.01,4.01,13.99,4.99],"texture":"#25"},
"north":{"uv":[13.01,4.01,13.99,4.99],"texture":"#25"},
"south":{"uv":[13.01,4.01,13.99,4.99],"texture":"#25"},
"west":{"uv":[13.01,4.01,13.99,4.99],"texture":"#25"},
"east":{"uv":[13.01,4.01,13.99,4.99],"texture":"#25"}
}
},
{
"from":[7.6635,5.9482,5.9178],
"to":[8.351,7.573198,6.1678],
"faces":{
"down":{"uv":[13.01,4.01,13.99,4.99],"texture":"#25"},
"north":{"uv":[13.01,4.01,13.99,4.99],"texture":"#25"},
"south":{"uv":[13.01,4.01,13.99,4.99],"texture":"#25"},
"west":{"uv":[13.01,4.01,13.99,4.99],"texture":"#25"},
"east":{"uv":[13.01,4.01,13.99,4.99],"texture":"#25"}
}
},
{
"from":[7.6635,6.8232,5.2928],
"to":[8.351,7.5732,5.5428],
"faces":{
"down":{"uv":[13.01,4.01,13.99,4.99],"texture":"#25"},
"north":{"uv":[13.01,4.01,13.99,4.99],"texture":"#25"},
"south":{"uv":[13.01,4.01,13.99,4.99],"texture":"#25"},
"west":{"uv":[13.01,4.01,13.99,4.99],"texture":"#25"},
"east":{"uv":[13.01,4.01,13.99,4.99],"texture":"#25"}
}
},
{
"from":[8.3501,7.0741,3.9803],
"to":[8.6626,7.5741,4.4803],
"faces":{
"down":{"uv":[13.01,4.01,13.99,4.99],"texture":"#25"},
"north":{"uv":[13.01,4.01,13.99,4.99],"texture":"#25"},
"south":{"uv":[13.01,4.01,13.99,4.99],"texture":"#25"},
"west":{"uv":[13.01,4.01,13.99,4.99],"texture":"#25"},
"east":{"uv":[13.01,4.01,13.99,4.99],"texture":"#25"}
}
},
{
"from":[8.3501,7.1709,3.7262],
"to":[8.6626,7.6709,4.2262],
"rotation":{"origin":[8.50412,7.42924,3.97011],"axis":"x","angle":-45},
"faces":{
"north":{"uv":[13.01,4.01,13.99,4.99],"texture":"#25"},
"west":{"uv":[13.01,4.01,13.99,4.99],"texture":"#25"},
"east":{"uv":[13.01,4.01,13.99,4.99],"texture":"#25"}
}
},
{
"from":[8.3501,7.1709,4.2262],
"to":[8.6626,7.6709,4.7262],
"rotation":{"origin":[8.50412,7.42924,4.47011],"axis":"x","angle":-45},
"faces":{
"down":{"uv":[13.01,4.01,13.99,4.99],"texture":"#25"},
"west":{"uv":[13.01,4.01,13.99,4.99],"texture":"#25"},
"east":{"uv":[13.01,4.01,13.99,4.99],"texture":"#25"}
}
},
{
"from":[7.6635,4.4643,6.3154],
"to":[8.351,5.3393,6.5654],
"rotation":{"origin":[9.60097,8.651831,9.78419],"axis":"x","angle":22.5},
"faces":{
"down":{"uv":[13.01,4.01,13.99,4.99],"texture":"#25"},
"north":{"uv":[13.01,4.01,13.99,4.99],"texture":"#25"},
"south":{"uv":[13.01,4.01,13.99,4.99],"texture":"#25"},
"west":{"uv":[13.01,4.01,13.99,4.99],"texture":"#25"},
"east":{"uv":[13.01,4.01,13.99,4.99],"texture":"#25"}
}
},
{
"from":[7.6635,4.9722,7.3297],
"to":[8.351,5.4722,7.5797],
"rotation":{"origin":[8.00881,7.41446,7.448339],"axis":"x","angle":45},
"faces":{
"north":{"uv":[13.01,4.01,13.99,4.99],"texture":"#25"},
"south":{"uv":[13.01,4.01,13.99,4.99],"texture":"#25"},
"west":{"uv":[13.01,4.01,13.99,4.99],"texture":"#25"},
"east":{"uv":[13.01,4.01,13.99,4.99],"texture":"#25"}
}
},
{
"from":[7.375,10.8281,0.9985999],
"to":[7.5,11.3281,1.59235],
"rotation":{"origin":[7.42332,11.09234,1.09231],"axis":"x","angle":22.5},
"faces":{
"up":{"uv":[11.01,12.01,11.99,12.99],"texture":"#2"},
"south":{"uv":[11.01,12.01,11.99,12.99],"texture":"#2"},
"west":{"uv":[11.01,12.01,11.99,12.99],"texture":"#2"},
"east":{"uv":[11.01,12.01,11.99,12.99],"texture":"#2"}
}
},
{
"from":[7.375,10.625,0.6875],
"to":[7.5,11.125,1.625],
"faces":{
"up":{"uv":[11.01,12.01,11.99,12.99],"texture":"#2"},
"north":{"uv":[11.01,12.01,11.99,12.99],"texture":"#2"},
"south":{"uv":[11.01,12.01,11.99,12.99],"texture":"#2"},
"west":{"uv":[11.01,12.01,11.99,12.99],"texture":"#2"},
"east":{"uv":[11.01,12.01,11.99,12.99],"texture":"#2"}
}
},
{
"from":[7.375,10.8489,0.7899],
"to":[7.5,11.3489,1.1024],
"rotation":{"origin":[7.42272,11.11337,1.00894],"axis":"x","angle":-45},
"faces":{
"up":{"uv":[11.01,12.01,11.99,12.99],"texture":"#2"},
"south":{"uv":[11.01,12.01,11.99,12.99],"texture":"#2"},
"west":{"uv":[11.01,12.01,11.99,12.99],"texture":"#2"},
"east":{"uv":[11.01,12.01,11.99,12.99],"texture":"#2"}
}
},
{
"from":[7.375,10.846,0.9085],
"to":[7.5,11.346,1.096],
"faces":{
"up":{"uv":[11.01,12.01,11.99,12.99],"texture":"#2"},
"north":{"uv":[11.01,12.01,11.99,12.99],"texture":"#2"},
"south":{"uv":[11.01,12.01,11.99,12.99],"texture":"#2"},
"west":{"uv":[11.01,12.01,11.99,12.99],"texture":"#2"},
"east":{"uv":[11.01,12.01,11.99,12.99],"texture":"#2"}
}
},
{
"from":[7.9375,10.5781,0.9049],
"to":[8.0625,11.0781,1.49865],
"rotation":{"origin":[7.98582,10.84234,0.99856],"axis":"x","angle":22.5},
"faces":{
"up":{"uv":[11.01,12.01,11.99,12.99],"texture":"#2"},
"south":{"uv":[11.01,12.01,11.99,12.99],"texture":"#2"},
"west":{"uv":[11.01,12.01,11.99,12.99],"texture":"#2"},
"east":{"uv":[11.01,12.01,11.99,12.99],"texture":"#2"}
}
},
{
"from":[7.9375,10.596,0.8147],
"to":[8.0625,11.096,1.0022],
"faces":{
"up":{"uv":[11.01,12.01,11.99,12.99],"texture":"#2"},
"north":{"uv":[11.01,12.01,11.99,12.99],"texture":"#2"},
"south":{"uv":[11.01,12.01,11.99,12.99],"texture":"#2"},
"west":{"uv":[11.01,12.01,11.99,12.99],"texture":"#2"},
"east":{"uv":[11.01,12.01,11.99,12.99],"texture":"#2"}
}
},
{
"from":[7.375,10.625,0.6875],
"to":[8.625,10.75,1.625],
"faces":{
"up":{"uv":[11.01,12.01,11.99,12.99],"texture":"#2"},
"north":{"uv":[11.01,12.01,11.99,12.99],"texture":"#2"},
"south":{"uv":[11.01,12.01,11.99,12.99],"texture":"#2"}
}
},
{
"from":[8.5,10.625,0.6875],
"to":[8.625,11.125,1.625],
"faces":{
"up":{"uv":[11.01,12.01,11.99,12.99],"texture":"#2"},
"north":{"uv":[11.01,12.01,11.99,12.99],"texture":"#2"},
"south":{"uv":[11.01,12.01,11.99,12.99],"texture":"#2"},
"west":{"uv":[11.01,12.01,11.99,12.99],"texture":"#2"},
"east":{"uv":[11.01,12.01,11.99,12.99],"texture":"#2"}
}
},
{
"from":[8.5,10.8281,0.9985999],
"to":[8.625,11.3281,1.59235],
"rotation":{"origin":[8.54832,11.09234,1.09231],"axis":"x","angle":22.5},
"faces":{
"up":{"uv":[11.01,12.01,11.99,12.99],"texture":"#2"},
"south":{"uv":[11.01,12.01,11.99,12.99],"texture":"#2"},
"west":{"uv":[11.01,12.01,11.99,12.99],"texture":"#2"},
"east":{"uv":[11.01,12.01,11.99,12.99],"texture":"#2"}
}
},
{
"from":[8.5,10.846,0.9085],
"to":[8.625,11.346,1.096],
"faces":{
"up":{"uv":[11.01,12.01,11.99,12.99],"texture":"#2"},
"north":{"uv":[11.01,12.01,11.99,12.99],"texture":"#2"},
"south":{"uv":[11.01,12.01,11.99,12.99],"texture":"#2"},
"west":{"uv":[11.01,12.01,11.99,12.99],"texture":"#2"},
"east":{"uv":[11.01,12.01,11.99,12.99],"texture":"#2"}
}
},
{
"from":[8.5,10.8489,0.7899],
"to":[8.625,11.3489,1.1024],
"rotation":{"origin":[8.54772,11.11337,1.00894],"axis":"x","angle":-45},
"faces":{
"up":{"uv":[11.01,12.01,11.99,12.99],"texture":"#2"},
"south":{"uv":[11.01,12.01,11.99,12.99],"texture":"#2"},
"west":{"uv":[11.01,12.01,11.99,12.99],"texture":"#2"},
"east":{"uv":[11.01,12.01,11.99,12.99],"texture":"#2"}
}
},
{
"from":[8.3536,11.4063,12.0625],
"to":[8.4786,11.4688,12.25],
"rotation":{"origin":[8.22861,10.09384,12.15625],"axis":"z","angle":22.5},
"faces":{
"down":{"uv":[8.01,9.01,8.99,9.99],"texture":"#23"},
"up":{"uv":[8.01,9.01,8.99,9.99],"texture":"#23"},
"north":{"uv":[8.01,9.01,8.99,9.99],"texture":"#23"},
"south":{"uv":[8.01,9.01,8.99,9.99],"texture":"#23"},
"west":{"uv":[8.01,9.01,8.99,9.99],"texture":"#23"}
}
},
{
"from":[7.125,10.75,12.0625],
"to":[8.875,11.125,12.25],
"faces":{
"up":{"uv":[8.01,9.01,8.99,9.99],"texture":"#23"},
"north":{"uv":[8.01,9.01,8.99,9.99],"texture":"#23"},
"south":{"uv":[8.01,9.01,8.99,9.99],"texture":"#23"},
"west":{"uv":[8.01,9.01,8.99,9.99],"texture":"#23"},
"east":{"uv":[8.01,9.01,8.99,9.99],"texture":"#23"}
}
},
{
"from":[7.9375,11.125,12.0625],
"to":[8.25,11.375,12.25],
"rotation":{"origin":[7.9375,11,12.15625],"axis":"z","angle":-45},
"faces":{
"up":{"uv":[8.01,9.01,8.99,9.99],"texture":"#23"},
"north":{"uv":[8.01,9.01,8.99,9.99],"texture":"#23"},
"south":{"uv":[8.01,9.01,8.99,9.99],"texture":"#23"},
"west":{"uv":[8.01,9.01,8.99,9.99],"texture":"#23"}
}
},
{
"from":[7.9375,11.125,12.0625],
"to":[8,11.375,12.25],
"rotation":{"origin":[7.9375,11.5,12.15625],"axis":"z","angle":45},
"faces":{
"north":{"uv":[8.01,9.01,8.99,9.99],"texture":"#23"},
"south":{"uv":[8.01,9.01,8.99,9.99],"texture":"#23"},
"west":{"uv":[8.01,9.01,8.99,9.99],"texture":"#23"},
"east":{"uv":[8.01,9.01,8.99,9.99],"texture":"#23"}
}
},
{
"from":[7.6875,10.6875,12.0625],
"to":[7.9375,11,12.25],
"rotation":{"origin":[8.0625,11,12.15625],"axis":"z","angle":-45},
"faces":{
"up":{"uv":[8.01,9.01,8.99,9.99],"texture":"#23"},
"north":{"uv":[8.01,9.01,8.99,9.99],"texture":"#23"},
"south":{"uv":[8.01,9.01,8.99,9.99],"texture":"#23"},
"west":{"uv":[8.01,9.01,8.99,9.99],"texture":"#23"}
}
},
{
"from":[7.6875,11.5,12.0625],
"to":[7.9375,11.5625,12.25],
"rotation":{"origin":[8.0625,11.5,12.15625],"axis":"z","angle":45},
"faces":{
"down":{"uv":[8.01,9.01,8.99,9.99],"texture":"#23"},
"up":{"uv":[8.01,9.01,8.99,9.99],"texture":"#23"},
"north":{"uv":[8.01,9.01,8.99,9.99],"texture":"#23"},
"south":{"uv":[8.01,9.01,8.99,9.99],"texture":"#23"}
}
},
{
"from":[7.75,11.125,12.0625],
"to":[7.875,11.375,12.25],
"faces":{
"up":{"uv":[8.01,9.01,8.99,9.99],"texture":"#23"},
"north":{"uv":[8.01,9.01,8.99,9.99],"texture":"#23"},
"south":{"uv":[8.01,9.01,8.99,9.99],"texture":"#23"},
"west":{"uv":[8.01,9.01,8.99,9.99],"texture":"#23"},
"east":{"uv":[8.01,9.01,8.99,9.99],"texture":"#23"}
}
},
{
"from":[7.9062,11.375,12.0625],
"to":[8.0937,11.46875,12.25],
"faces":{
"down":{"uv":[8.01,9.01,8.99,9.99],"texture":"#23"},
"up":{"uv":[8.01,9.01,8.99,9.99],"texture":"#23"},
"north":{"uv":[8.01,9.01,8.99,9.99],"texture":"#23"},
"south":{"uv":[8.01,9.01,8.99,9.99],"texture":"#23"},
"west":{"uv":[8.01,9.01,8.99,9.99],"texture":"#23"},
"east":{"uv":[8.01,9.01,8.99,9.99],"texture":"#23"}
}
},
{
"from":[8.125,11.125,12.0625],
"to":[8.25,11.375,12.25],
"faces":{
"up":{"uv":[8.01,9.01,8.99,9.99],"texture":"#23"},
"north":{"uv":[8.01,9.01,8.99,9.99],"texture":"#23"},
"south":{"uv":[8.01,9.01,8.99,9.99],"texture":"#23"},
"west":{"uv":[8.01,9.01,8.99,9.99],"texture":"#23"},
"east":{"uv":[8.01,9.01,8.99,9.99],"texture":"#23"}
}
},
{
"from":[7.5846,11.3145,12.0625],
"to":[8.2096,11.5645,12.25],
"rotation":{"origin":[8.45958,10.18951,12.15625],"axis":"z","angle":22.5},
"faces":{
"up":{"uv":[8.01,9.01,8.99,9.99],"texture":"#23"},
"north":{"uv":[8.01,9.01,8.99,9.99],"texture":"#23"},
"south":{"uv":[8.01,9.01,8.99,9.99],"texture":"#23"},
"east":{"uv":[8.01,9.01,8.99,9.99],"texture":"#23"}
}
},
{
"from":[7.7904,11.3145,12.0625],
"to":[8.4154,11.5645,12.25],
"rotation":{"origin":[7.54042,10.18951,12.15625],"axis":"z","angle":-22.5},
"faces":{
"up":{"uv":[8.01,9.01,8.99,9.99],"texture":"#23"},
"north":{"uv":[8.01,9.01,8.99,9.99],"texture":"#23"},
"south":{"uv":[8.01,9.01,8.99,9.99],"texture":"#23"},
"west":{"uv":[8.01,9.01,8.99,9.99],"texture":"#23"}
}
},
{
"from":[7.6654,11.4395,12.0625],
"to":[7.7904,11.5645,12.25],
"rotation":{"origin":[7.54042,10.18951,12.15625],"axis":"z","angle":-22.5},
"faces":{
"up":{"uv":[8.01,9.01,8.99,9.99],"texture":"#23"},
"north":{"uv":[8.01,9.01,8.99,9.99],"texture":"#23"},
"south":{"uv":[8.01,9.01,8.99,9.99],"texture":"#23"},
"west":{"uv":[8.01,9.01,8.99,9.99],"texture":"#23"},
"east":{"uv":[8.01,9.01,8.99,9.99],"texture":"#23"}
}
},
{
"from":[7.5404,11.502,12.0625],
"to":[7.6654,11.5645,12.25],
"rotation":{"origin":[7.54042,10.18951,12.15625],"axis":"z","angle":-22.5},
"faces":{
"down":{"uv":[8.01,9.01,8.99,9.99],"texture":"#23"},
"up":{"uv":[8.01,9.01,8.99,9.99],"texture":"#23"},
"north":{"uv":[8.01,9.01,8.99,9.99],"texture":"#23"},
"south":{"uv":[8.01,9.01,8.99,9.99],"texture":"#23"},
"east":{"uv":[8.01,9.01,8.99,9.99],"texture":"#23"}
}
},
{
"from":[8.2286,11.3438,12.0625],
"to":[8.3536,11.4688,12.25],
"rotation":{"origin":[8.22861,10.09384,12.15625],"axis":"z","angle":22.5},
"faces":{
"up":{"uv":[8.01,9.01,8.99,9.99],"texture":"#23"},
"north":{"uv":[8.01,9.01,8.99,9.99],"texture":"#23"},
"south":{"uv":[8.01,9.01,8.99,9.99],"texture":"#23"},
"west":{"uv":[8.01,9.01,8.99,9.99],"texture":"#23"},
"east":{"uv":[8.01,9.01,8.99,9.99],"texture":"#23"}
}
},
{
"from":[8.688,6.7215,12.4948],
"to":[8.8755,8.2965,13.3698],
"rotation":{"origin":[8.76119,7.85143,12.88099],"axis":"x","angle":-22.5},
"faces":{
"north":{"uv":[10.01,12.01,10.99,12.99],"texture":"#29"},
"south":{"uv":[10.01,12.01,10.99,12.99],"texture":"#29"},
"west":{"uv":[10.01,12.01,10.99,12.99],"texture":"#29"},
"east":{"uv":[10.01,12.01,10.99,12.99],"texture":"#29"}
}
},
{
"from":[7.1254,6.7215,12.4948],
"to":[7.3129,8.2965,13.3698],
"rotation":{"origin":[7.26119,7.85143,12.88099],"axis":"x","angle":-22.5},
"faces":{
"north":{"uv":[10.01,12.01,10.99,12.99],"texture":"#29"},
"south":{"uv":[10.01,12.01,10.99,12.99],"texture":"#29"},
"west":{"uv":[10.01,12.01,10.99,12.99],"texture":"#29"},
"east":{"uv":[10.01,12.01,10.99,12.99],"texture":"#29"}
}
},
{
"from":[8.688,6.2945,12.6275],
"to":[8.8755,6.9945,13.765],
"faces":{
"down":{"uv":[10.01,12.01,10.99,12.99],"texture":"#29"},
"up":{"uv":[10.01,12.01,10.99,12.99],"texture":"#29"},
"south":{"uv":[10.01,12.01,10.99,12.99],"texture":"#29"},
"west":{"uv":[10.01,12.01,10.99,12.99],"texture":"#29"},
"east":{"uv":[10.01,12.01,10.99,12.99],"texture":"#29"}
}
},
{
"from":[7.1254,6.2945,12.6275],
"to":[7.3129,6.9945,13.765],
"faces":{
"down":{"uv":[10.01,12.01,10.99,12.99],"texture":"#29"},
"up":{"uv":[10.01,12.01,10.99,12.99],"texture":"#29"},
"south":{"uv":[10.01,12.01,10.99,12.99],"texture":"#29"},
"west":{"uv":[10.01,12.01,10.99,12.99],"texture":"#29"},
"east":{"uv":[10.01,12.01,10.99,12.99],"texture":"#29"}
}
},
{
"from":[7.1254,6.2945,12.6275],
"to":[8.875399,7.8695,12.84625],
"faces":{
"down":{"uv":[10.01,12.01,10.99,12.99],"texture":"#29"},
"up":{"uv":[10.01,12.01,10.99,12.99],"texture":"#29"},
"north":{"uv":[10.01,12.01,10.99,12.99],"texture":"#29"},
"south":{"uv":[10.01,12.01,10.99,12.99],"texture":"#29"},
"west":{"uv":[10.01,12.01,10.99,12.99],"texture":"#29"},
"east":{"uv":[10.01,12.01,10.99,12.99],"texture":"#29"}
}
},
{
"from":[8.6875,7.575,12.2],
"to":[8.875,8.45,13.1625],
"faces":{
"down":{"uv":[10.01,12.01,10.99,12.99],"texture":"#29"},
"up":{"uv":[10.01,12.01,10.99,12.99],"texture":"#29"},
"south":{"uv":[10.01,12.01,10.99,12.99],"texture":"#29"},
"west":{"uv":[10.01,12.01,10.99,12.99],"texture":"#29"},
"east":{"uv":[10.01,12.01,10.99,12.99],"texture":"#29"}
}
},
{
"from":[7.125,7.575,12.2],
"to":[7.3125,8.45,13.1625],
"faces":{
"down":{"uv":[10.01,12.01,10.99,12.99],"texture":"#29"},
"up":{"uv":[10.01,12.01,10.99,12.99],"texture":"#29"},
"south":{"uv":[10.01,12.01,10.99,12.99],"texture":"#29"},
"west":{"uv":[10.01,12.01,10.99,12.99],"texture":"#29"},
"east":{"uv":[10.01,12.01,10.99,12.99],"texture":"#29"}
}
},
{
"from":[8.5004,6.3979,13.0553],
"to":[8.6879,7.4604,13.5553],
"faces":{
"down":{"uv":[12.01,7.01,12.99,7.99],"texture":"#0"},
"up":{"uv":[12.01,7.01,12.99,7.99],"texture":"#0"},
"north":{"uv":[12.01,7.01,12.99,7.99],"texture":"#0"},
"south":{"uv":[12.01,7.01,12.99,7.99],"texture":"#0"},
"west":{"uv":[12.01,7.01,12.99,7.99],"texture":"#0"},
"east":{"uv":[12.01,7.01,12.99,7.99],"texture":"#0"}
}
},
{
"from":[8.5004,7.4604,13.0553],
"to":[8.6879,8.7729,13.3678],
"faces":{
"up":{"uv":[12.01,7.01,12.99,7.99],"texture":"#0"},
"north":{"uv":[12.01,7.01,12.99,7.99],"texture":"#0"},
"south":{"uv":[12.01,7.01,12.99,7.99],"texture":"#0"},
"west":{"uv":[12.01,7.01,12.99,7.99],"texture":"#0"},
"east":{"uv":[12.01,7.01,12.99,7.99],"texture":"#0"}
}
},
{
"from":[8.5004,7.1479,13.7116],
"to":[8.6879,8.1479,14.05535],
"rotation":{"origin":[7.26119,6.51748,13.26872],"axis":"x","angle":-22.5},
"faces":{
"down":{"uv":[12.01,7.01,12.99,7.99],"texture":"#0"},
"north":{"uv":[12.01,7.01,12.99,7.99],"texture":"#0"},
"south":{"uv":[12.01,7.01,12.99,7.99],"texture":"#0"},
"west":{"uv":[12.01,7.01,12.99,7.99],"texture":"#0"},
"east":{"uv":[12.01,7.01,12.99,7.99],"texture":"#0"}
}
},
{
"from":[8.462999,8.7399,13.0914],
"to":[8.762999,10.8024,13.3914],
"faces":{
"down":{"uv":[12.01,7.01,12.99,7.99],"texture":"#0"},
"up":{"uv":[12.01,7.01,12.99,7.99],"texture":"#0"},
"north":{"uv":[12.01,7.01,12.99,7.99],"texture":"#0"},
"south":{"uv":[12.01,7.01,12.99,7.99],"texture":"#0"},
"west":{"uv":[12.01,7.01,12.99,7.99],"texture":"#0"},
"east":{"uv":[12.01,7.01,12.99,7.99],"texture":"#0"}
}
},
{
"from":[8.4633,10.9059,13.8489],
"to":[8.7633,11.3559,14.1489],
"rotation":{"origin":[7.01368,8.949409,14.02996],"axis":"x","angle":-22.5},
"faces":{
"up":{"uv":[12.01,7.01,12.99,7.99],"texture":"#0"},
"north":{"uv":[12.01,7.01,12.99,7.99],"texture":"#0"},
"south":{"uv":[12.01,7.01,12.99,7.99],"texture":"#0"},
"west":{"uv":[12.01,7.01,12.99,7.99],"texture":"#0"},
"east":{"uv":[12.01,7.01,12.99,7.99],"texture":"#0"}
}
},
{
"from":[8.4636,11.0248,12.7562],
"to":[8.7636,11.3248,13.0562],
"rotation":{"origin":[8.62033,11.31757,12.90403],"axis":"x","angle":-45},
"faces":{
"down":{"uv":[12.01,7.01,12.99,7.99],"texture":"#0"},
"up":{"uv":[12.01,7.01,12.99,7.99],"texture":"#0"},
"north":{"uv":[12.01,7.01,12.99,7.99],"texture":"#0"},
"south":{"uv":[12.01,7.01,12.99,7.99],"texture":"#0"},
"west":{"uv":[12.01,7.01,12.99,7.99],"texture":"#0"},
"east":{"uv":[12.01,7.01,12.99,7.99],"texture":"#0"}
}
},
{
"from":[8.464,11.2537,12.6704],
"to":[8.764,11.5537,12.9704],
"rotation":{"origin":[8.6207,11.40154,12.6776],"axis":"x","angle":22.5},
"faces":{
"down":{"uv":[12.01,7.01,12.99,7.99],"texture":"#0"},
"up":{"uv":[12.01,7.01,12.99,7.99],"texture":"#0"},
"south":{"uv":[12.01,7.01,12.99,7.99],"texture":"#0"},
"west":{"uv":[12.01,7.01,12.99,7.99],"texture":"#0"},
"east":{"uv":[12.01,7.01,12.99,7.99],"texture":"#0"}
}
},
{
"from":[8.4647,11.2444,10.5539],
"to":[8.7647,11.5444,12.7289],
"faces":{
"down":{"uv":[12.01,7.01,12.99,7.99],"texture":"#0"},
"up":{"uv":[12.01,7.01,12.99,7.99],"texture":"#0"},
"north":{"uv":[12.01,7.01,12.99,7.99],"texture":"#0"},
"south":{"uv":[12.01,7.01,12.99,7.99],"texture":"#0"},
"west":{"uv":[12.01,7.01,12.99,7.99],"texture":"#0"},
"east":{"uv":[12.01,7.01,12.99,7.99],"texture":"#0"}
}
},
{
"from":[8.465199,11.4176,10.6371],
"to":[8.765199,11.7176,12.0121],
"rotation":{"origin":[8.62187,7.965401,11.71926],"axis":"x","angle":-22.5},
"faces":{
"down":{"uv":[12.01,7.01,12.99,7.99],"texture":"#0"},
"up":{"uv":[12.01,7.01,12.99,7.99],"texture":"#0"},
"west":{"uv":[12.01,7.01,12.99,7.99],"texture":"#0"},
"east":{"uv":[12.01,7.01,12.99,7.99],"texture":"#0"}
}
},
{
"from":[8.4654,10.7406,8.4227],
"to":[8.7654,11.0406,9.397699],
"faces":{
"down":{"uv":[12.01,7.01,12.99,7.99],"texture":"#0"},
"up":{"uv":[12.01,7.01,12.99,7.99],"texture":"#0"},
"north":{"uv":[12.01,7.01,12.99,7.99],"texture":"#0"},
"south":{"uv":[12.01,7.01,12.99,7.99],"texture":"#0"},
"west":{"uv":[12.01,7.01,12.99,7.99],"texture":"#0"},
"east":{"uv":[12.01,7.01,12.99,7.99],"texture":"#0"}
}
},
{
"from":[8.3827,10.7406,8.0514],
"to":[8.9077,11.0406,8.3514],
"rotation":{"origin":[8.3827,10.7406,8.0514],"axis":"y","angle":-45},
"faces":{
"down":{"uv":[12.01,7.01,12.99,7.99],"texture":"#0","rotation":90},
"up":{"uv":[12.01,7.01,12.99,7.99],"texture":"#0","rotation":270},
"north":{"uv":[12.01,7.01,12.99,7.99],"texture":"#0"},
"south":{"uv":[12.01,7.01,12.99,7.99],"texture":"#0"}
}
},
{
"from":[7.6077,10.7406,8.0514],
"to":[8.3889,11.0406,8.3639],
"faces":{
"down":{"uv":[12.01,7.01,12.99,7.99],"texture":"#0","rotation":270},
"up":{"uv":[12.01,7.01,12.99,7.99],"texture":"#0","rotation":270},
"north":{"uv":[12.01,7.01,12.99,7.99],"texture":"#0","rotation":270},
"south":{"uv":[12.01,7.01,12.99,7.99],"texture":"#0","rotation":270},
"west":{"uv":[12.01,7.01,12.99,7.99],"texture":"#0","rotation":270},
"east":{"uv":[12.01,7.01,12.99,7.99],"texture":"#0","rotation":270}
}
},
{
"from":[7.2364,10.7406,8.4227],
"to":[7.536398,11.0406,9.3977],
"faces":{
"down":{"uv":[12.01,7.01,12.99,7.99],"texture":"#0"},
"up":{"uv":[12.01,7.01,12.99,7.99],"texture":"#0"},
"north":{"uv":[12.01,7.01,12.99,7.99],"texture":"#0"},
"south":{"uv":[12.01,7.01,12.99,7.99],"texture":"#0"},
"west":{"uv":[12.01,7.01,12.99,7.99],"texture":"#0"},
"east":{"uv":[12.01,7.01,12.99,7.99],"texture":"#0"}
}
},
{
"from":[7.2357,11.4176,10.6371],
"to":[7.535698,11.7176,12.0121],
"rotation":{"origin":[7.37902,7.96539,11.71926],"axis":"x","angle":-22.5},
"faces":{
"down":{"uv":[12.01,7.01,12.99,7.99],"texture":"#0"},
"up":{"uv":[12.01,7.01,12.99,7.99],"texture":"#0"},
"west":{"uv":[12.01,7.01,12.99,7.99],"texture":"#0"},
"east":{"uv":[12.01,7.01,12.99,7.99],"texture":"#0"}
}
},
{
"from":[7.2353,11.2444,10.5539],
"to":[7.535299,11.5444,12.7289],
"faces":{
"down":{"uv":[12.01,7.01,12.99,7.99],"texture":"#0"},
"up":{"uv":[12.01,7.01,12.99,7.99],"texture":"#0"},
"north":{"uv":[12.01,7.01,12.99,7.99],"texture":"#0"},
"south":{"uv":[12.01,7.01,12.99,7.99],"texture":"#0"},
"west":{"uv":[12.01,7.01,12.99,7.99],"texture":"#0"},
"east":{"uv":[12.01,7.01,12.99,7.99],"texture":"#0"}
}
},
{
"from":[7.236,11.2537,12.6704],
"to":[7.535998,11.5537,12.9704],
"rotation":{"origin":[7.3793,11.40154,12.6776],"axis":"x","angle":22.5},
"faces":{
"down":{"uv":[12.01,7.01,12.99,7.99],"texture":"#0"},
"up":{"uv":[12.01,7.01,12.99,7.99],"texture":"#0"},
"south":{"uv":[12.01,7.01,12.99,7.99],"texture":"#0"},
"west":{"uv":[12.01,7.01,12.99,7.99],"texture":"#0"},
"east":{"uv":[12.01,7.01,12.99,7.99],"texture":"#0"}
}
},
{
"from":[7.2364,11.0248,12.7562],
"to":[7.536398,11.3248,13.0562],
"rotation":{"origin":[7.37967,11.31757,12.90403],"axis":"x","angle":-45},
"faces":{
"down":{"uv":[12.01,7.01,12.99,7.99],"texture":"#0"},
"up":{"uv":[12.01,7.01,12.99,7.99],"texture":"#0"},
"north":{"uv":[12.01,7.01,12.99,7.99],"texture":"#0"},
"south":{"uv":[12.01,7.01,12.99,7.99],"texture":"#0"},
"west":{"uv":[12.01,7.01,12.99,7.99],"texture":"#0"},
"east":{"uv":[12.01,7.01,12.99,7.99],"texture":"#0"}
}
},
{
"from":[7.2367,10.9059,13.8489],
"to":[7.536698,11.3559,14.1489],
"rotation":{"origin":[8.98632,8.949409,14.02996],"axis":"x","angle":-22.5},
"faces":{
"up":{"uv":[12.01,7.01,12.99,7.99],"texture":"#0"},
"north":{"uv":[12.01,7.01,12.99,7.99],"texture":"#0"},
"south":{"uv":[12.01,7.01,12.99,7.99],"texture":"#0"},
"west":{"uv":[12.01,7.01,12.99,7.99],"texture":"#0"},
"east":{"uv":[12.01,7.01,12.99,7.99],"texture":"#0"}
}
},
{
"from":[7.237,8.7399,13.0914],
"to":[7.537,10.8024,13.3914],
"faces":{
"down":{"uv":[12.01,7.01,12.99,7.99],"texture":"#0"},
"up":{"uv":[12.01,7.01,12.99,7.99],"texture":"#0"},
"north":{"uv":[12.01,7.01,12.99,7.99],"texture":"#0"},
"south":{"uv":[12.01,7.01,12.99,7.99],"texture":"#0"},
"west":{"uv":[12.01,7.01,12.99,7.99],"texture":"#0"},
"east":{"uv":[12.01,7.01,12.99,7.99],"texture":"#0"}
}
},
{
"from":[7.312,7.1479,13.7116],
"to":[7.4995,8.1479,14.05535],
"rotation":{"origin":[8.73881,6.51748,13.26872],"axis":"x","angle":-22.5},
"faces":{
"down":{"uv":[12.01,7.01,12.99,7.99],"texture":"#0"},
"north":{"uv":[12.01,7.01,12.99,7.99],"texture":"#0"},
"south":{"uv":[12.01,7.01,12.99,7.99],"texture":"#0"},
"west":{"uv":[12.01,7.01,12.99,7.99],"texture":"#0"},
"east":{"uv":[12.01,7.01,12.99,7.99],"texture":"#0"}
}
},
{
"from":[7.312,7.4604,13.0553],
"to":[7.4995,8.7729,13.3678],
"faces":{
"up":{"uv":[12.01,7.01,12.99,7.99],"texture":"#0"},
"north":{"uv":[12.01,7.01,12.99,7.99],"texture":"#0"},
"south":{"uv":[12.01,7.01,12.99,7.99],"texture":"#0"},
"west":{"uv":[12.01,7.01,12.99,7.99],"texture":"#0"},
"east":{"uv":[12.01,7.01,12.99,7.99],"texture":"#0"}
}
},
{
"from":[7.312,6.3979,13.0553],
"to":[7.4995,7.4604,13.5553],
"faces":{
"down":{"uv":[12.01,7.01,12.99,7.99],"texture":"#0"},
"up":{"uv":[12.01,7.01,12.99,7.99],"texture":"#0"},
"north":{"uv":[12.01,7.01,12.99,7.99],"texture":"#0"},
"south":{"uv":[12.01,7.01,12.99,7.99],"texture":"#0"},
"west":{"uv":[12.01,7.01,12.99,7.99],"texture":"#0"},
"east":{"uv":[12.01,7.01,12.99,7.99],"texture":"#0"}
}
},
{
"from":[7.6077,10.7406,8.0514],
"to":[7.9077,11.0406,8.5764],
"rotation":{"origin":[7.6077,10.7406,8.0514],"axis":"y","angle":-45},
"faces":{
"down":{"uv":[12.01,7.01,12.99,7.99],"texture":"#0"},
"up":{"uv":[12.01,7.01,12.99,7.99],"texture":"#0"},
"west":{"uv":[12.01,7.01,12.99,7.99],"texture":"#0"},
"east":{"uv":[12.01,7.01,12.99,7.99],"texture":"#0"}
}
},
{
"from":[7.489,10.7126,3.7238],
"to":[7.62335,11.2451,4.0178],
"rotation":{"origin":[7.58974,12.96039,3.76555],"axis":"y","angle":45},
"faces":{
"down":{"uv":[11.01,12.01,11.99,12.99],"texture":"#1"},
"up":{"uv":[11.01,12.01,11.99,12.99],"texture":"#1"},
"west":{"uv":[11.01,12.01,11.99,12.99],"texture":"#1"},
"east":{"uv":[11.01,12.01,11.99,12.99],"texture":"#1"}
}
},
{
"from":[7.489,10.7126,3.3633],
"to":[8.5546,10.8701,3.8073],
"faces":{
"down":{"uv":[11.01,12.01,11.99,12.99],"texture":"#1","rotation":180},
"up":{"uv":[11.01,12.01,11.99,12.99],"texture":"#1","rotation":180},
"north":{"uv":[11.01,12.01,11.99,12.99],"texture":"#1","rotation":180},
"south":{"uv":[11.01,12.01,11.99,12.99],"texture":"#1","rotation":180}
}
},
{
"from":[8.314,10.7126,3.3633],
"to":[8.5546,11.2451,3.8073],
"faces":{
"up":{"uv":[11.01,12.01,11.99,12.99],"texture":"#1","rotation":180},
"north":{"uv":[11.01,12.01,11.99,12.99],"texture":"#1","rotation":180},
"south":{"uv":[11.01,12.01,11.99,12.99],"texture":"#1","rotation":180},
"east":{"uv":[11.01,12.01,11.99,12.99],"texture":"#1","rotation":180}
}
},
{
"from":[7.4954,10.7126,3.3633],
"to":[7.736,11.2451,3.8073],
"faces":{
"up":{"uv":[11.01,12.01,11.99,12.99],"texture":"#1"},
"north":{"uv":[11.01,12.01,11.99,12.99],"texture":"#1"},
"south":{"uv":[11.01,12.01,11.99,12.99],"texture":"#1"},
"west":{"uv":[11.01,12.01,11.99,12.99],"texture":"#1"}
}
},
{
"from":[7.6968,10.7126,3.1587],
"to":[7.7999,11.2451,4.0152],
"faces":{
"down":{"uv":[11.01,12.01,11.99,12.99],"texture":"#1"},
"up":{"uv":[11.01,12.01,11.99,12.99],"texture":"#1"},
"north":{"uv":[11.01,12.01,11.99,12.99],"texture":"#1"},
"south":{"uv":[11.01,12.01,11.99,12.99],"texture":"#1"},
"west":{"uv":[11.01,12.01,11.99,12.99],"texture":"#1"},
"east":{"uv":[11.01,12.01,11.99,12.99],"texture":"#1"}
}
},
{
"from":[8.25,10.7126,3.1586],
"to":[8.3531,11.2451,4.0151],
"faces":{
"down":{"uv":[11.01,12.01,11.99,12.99],"texture":"#1"},
"up":{"uv":[11.01,12.01,11.99,12.99],"texture":"#1"},
"north":{"uv":[11.01,12.01,11.99,12.99],"texture":"#1"},
"south":{"uv":[11.01,12.01,11.99,12.99],"texture":"#1"},
"west":{"uv":[11.01,12.01,11.99,12.99],"texture":"#1"},
"east":{"uv":[11.01,12.01,11.99,12.99],"texture":"#1"}
}
},
{
"from":[8.9671,10.7126,7.0204],
"to":[10.0327,10.8701,7.4644],
"rotation":{"origin":[4.34949,10.15764,7.19798],"axis":"y","angle":45},
"faces":{
"down":{"uv":[11.01,12.01,11.99,12.99],"texture":"#1","rotation":180},
"up":{"uv":[11.01,12.01,11.99,12.99],"texture":"#1","rotation":180},
"north":{"uv":[11.01,12.01,11.99,12.99],"texture":"#1","rotation":180},
"south":{"uv":[11.01,12.01,11.99,12.99],"texture":"#1","rotation":180},
"west":{"uv":[11.01,12.01,11.99,12.99],"texture":"#1","rotation":180},
"east":{"uv":[11.01,12.01,11.99,12.99],"texture":"#1","rotation":180}
}
},
{
"from":[9.8983,10.7126,7.1704],
"to":[10.03265,11.2451,7.464398],
"rotation":{"origin":[4.34949,10.15764,7.19798],"axis":"y","angle":45},
"faces":{
"down":{"uv":[11.01,12.01,11.99,12.99],"texture":"#1","rotation":180},
"up":{"uv":[11.01,12.01,11.99,12.99],"texture":"#1","rotation":180},
"west":{"uv":[11.01,12.01,11.99,12.99],"texture":"#1","rotation":180},
"east":{"uv":[11.01,12.01,11.99,12.99],"texture":"#1","rotation":180}
}
},
{
"from":[6.0173,10.7126,7.1704],
"to":[6.151649,11.2451,7.464398],
"rotation":{"origin":[11.70051,10.15764,7.19798],"axis":"y","angle":-45},
"faces":{
"down":{"uv":[11.01,12.01,11.99,12.99],"texture":"#1"},
"up":{"uv":[11.01,12.01,11.99,12.99],"texture":"#1"},
"west":{"uv":[11.01,12.01,11.99,12.99],"texture":"#1"},
"east":{"uv":[11.01,12.01,11.99,12.99],"texture":"#1"}
}
},
{
"from":[7.803,10.7126,3.0556],
"to":[8.247,10.8701,4.1212],
"faces":{
"down":{"uv":[11.01,12.01,11.99,12.99],"texture":"#1","rotation":270},
"up":{"uv":[11.01,12.01,11.99,12.99],"texture":"#1","rotation":270},
"north":{"uv":[11.01,12.01,11.99,12.99],"texture":"#1","rotation":270},
"south":{"uv":[11.01,12.01,11.99,12.99],"texture":"#1","rotation":270},
"west":{"uv":[11.01,12.01,11.99,12.99],"texture":"#1","rotation":270},
"east":{"uv":[11.01,12.01,11.99,12.99],"texture":"#1","rotation":270}
}
},
{
"from":[7.728,10.1126,3.2806],
"to":[8.321999,10.7201,3.8962],
"faces":{
"up":{"uv":[11.01,12.01,11.99,12.99],"texture":"#1","rotation":270},
"north":{"uv":[11.01,12.01,11.99,12.99],"texture":"#1","rotation":270},
"south":{"uv":[11.01,12.01,11.99,12.99],"texture":"#1","rotation":270},
"west":{"uv":[11.01,12.01,11.99,12.99],"texture":"#1","rotation":270},
"east":{"uv":[11.01,12.01,11.99,12.99],"texture":"#1","rotation":270}
}
},
{
"from":[7.4954,10.7126,3.7238],
"to":[8.561,10.8701,4.1678],
"rotation":{"origin":[8.46026,12.96039,3.76555],"axis":"y","angle":-45},
"faces":{
"down":{"uv":[11.01,12.01,11.99,12.99],"texture":"#1","rotation":180},
"up":{"uv":[11.01,12.01,11.99,12.99],"texture":"#1","rotation":180},
"north":{"uv":[11.01,12.01,11.99,12.99],"texture":"#1","rotation":180},
"south":{"uv":[11.01,12.01,11.99,12.99],"texture":"#1","rotation":180},
"west":{"uv":[11.01,12.01,11.99,12.99],"texture":"#1","rotation":180},
"east":{"uv":[11.01,12.01,11.99,12.99],"texture":"#1","rotation":180}
}
},
{
"from":[8.4266,10.7126,3.7238],
"to":[8.560948,11.2451,4.0178],
"rotation":{"origin":[8.46026,12.96039,3.76555],"axis":"y","angle":-45},
"faces":{
"down":{"uv":[11.01,12.01,11.99,12.99],"texture":"#1","rotation":180},
"up":{"uv":[11.01,12.01,11.99,12.99],"texture":"#1","rotation":180},
"west":{"uv":[11.01,12.01,11.99,12.99],"texture":"#1","rotation":180},
"east":{"uv":[11.01,12.01,11.99,12.99],"texture":"#1","rotation":180}
}
},
{
"from":[7.063,6.4695,13.1525],
"to":[8.938,6.8195,13.5025],
"faces":{
"down":{"uv":[13.01,10.01,13.99,10.99],"texture":"#29"},
"up":{"uv":[13.01,10.01,13.99,10.99],"texture":"#29"},
"north":{"uv":[13.01,10.01,13.99,10.99],"texture":"#29"},
"south":{"uv":[13.01,10.01,13.99,10.99],"texture":"#29"},
"west":{"uv":[13.01,10.01,13.99,10.99],"texture":"#29"},
"east":{"uv":[13.01,10.01,13.99,10.99],"texture":"#29"}
}
},
{
"from":[6.988,7.8445,0.9025],
"to":[9.013,8.1945,1.2525],
"faces":{
"down":{"uv":[13.01,10.01,13.99,10.99],"texture":"#28"},
"up":{"uv":[13.01,10.01,13.99,10.99],"texture":"#28"},
"north":{"uv":[13.01,10.01,13.99,10.99],"texture":"#28"},
"south":{"uv":[13.01,10.01,13.99,10.99],"texture":"#28"},
"west":{"uv":[13.01,10.01,13.99,10.99],"texture":"#28"},
"east":{"uv":[13.01,10.01,13.99,10.99],"texture":"#28"}
}
},
{
"from":[6.8124,8.0625,1.9375],
"to":[7.3124,8.3125,2.6875],
"faces":{
"down":{"uv":[13.01,10.01,13.99,10.99],"texture":"#28"},
"up":{"uv":[13.01,10.01,13.99,10.99],"texture":"#28"},
"north":{"uv":[13.01,10.01,13.99,10.99],"texture":"#28"},
"south":{"uv":[13.01,10.01,13.99,10.99],"texture":"#28"},
"west":{"uv":[13.01,10.01,13.99,10.99],"texture":"#28"}
}
},
{
"from":[6.9062,8.093699,3.375],
"to":[7.3437,8.218699,3.5],
"rotation":{"origin":[6.90625,8.09375,3.375],"axis":"x","angle":-45},
"faces":{
"down":{"uv":[13.01,10.01,13.99,10.99],"texture":"#28"},
"south":{"uv":[13.01,10.01,13.99,10.99],"texture":"#28"},
"west":{"uv":[13.01,10.01,13.99,10.99],"texture":"#28"}
}
},
{
"from":[6.9062,7.8125,2.875],
"to":[7.4062,8.5625,3.125],
"faces":{
"down":{"uv":[13.01,10.01,13.99,10.99],"texture":"#28"},
"up":{"uv":[13.01,10.01,13.99,10.99],"texture":"#28"},
"north":{"uv":[13.01,10.01,13.99,10.99],"texture":"#28"},
"south":{"uv":[13.01,10.01,13.99,10.99],"texture":"#28"},
"west":{"uv":[13.01,10.01,13.99,10.99],"texture":"#28"}
}
},
{
"from":[7.313,8.2195,3.2775],
"to":[9.012999,8.4445,3.5025],
"faces":{
"down":{"uv":[13.01,10.01,13.99,10.99],"texture":"#28"},
"up":{"uv":[13.01,10.01,13.99,10.99],"texture":"#28"},
"north":{"uv":[13.01,10.01,13.99,10.99],"texture":"#28"},
"south":{"uv":[13.01,10.01,13.99,10.99],"texture":"#28"},
"east":{"uv":[13.01,10.01,13.99,10.99],"texture":"#28"}
}
},
{
"from":[7.1235,9.5945,0.965],
"to":[8.898499,9.8195,1.19],
"faces":{
"down":{"uv":[13.01,10.01,13.99,10.99],"texture":"#28"},
"up":{"uv":[13.01,10.01,13.99,10.99],"texture":"#28"},
"north":{"uv":[13.01,10.01,13.99,10.99],"texture":"#28"},
"south":{"uv":[13.01,10.01,13.99,10.99],"texture":"#28"},
"west":{"uv":[13.01,10.01,13.99,10.99],"texture":"#28"},
"east":{"uv":[13.01,10.01,13.99,10.99],"texture":"#28"}
}
},
{
"from":[6.988,8.2195,5.2775],
"to":[9.013,8.4445,5.5025],
"faces":{
"down":{"uv":[13.01,10.01,13.99,10.99],"texture":"#28"},
"up":{"uv":[13.01,10.01,13.99,10.99],"texture":"#28"},
"north":{"uv":[13.01,10.01,13.99,10.99],"texture":"#28"},
"south":{"uv":[13.01,10.01,13.99,10.99],"texture":"#28"},
"west":{"uv":[13.01,10.01,13.99,10.99],"texture":"#28"},
"east":{"uv":[13.01,10.01,13.99,10.99],"texture":"#28"}
}
},
{
"from":[6.988,8.2195,10.5275],
"to":[9.013,8.4445,10.7525],
"faces":{
"down":{"uv":[13.01,10.01,13.99,10.99],"texture":"#28"},
"up":{"uv":[13.01,10.01,13.99,10.99],"texture":"#28"},
"north":{"uv":[13.01,10.01,13.99,10.99],"texture":"#28"},
"south":{"uv":[13.01,10.01,13.99,10.99],"texture":"#28"},
"west":{"uv":[13.01,10.01,13.99,10.99],"texture":"#28"},
"east":{"uv":[13.01,10.01,13.99,10.99],"texture":"#28"}
}
},
{
"from":[7.4795,-1.5,6.5625],
"to":[8.542,2.94822,8.3125],
"faces":{
"up":{"uv":[12.01,7.01,12.99,7.99],"texture":"#00"},
"north":{"uv":[12.01,7.01,12.99,7.99],"texture":"#00"},
"south":{"uv":[12.01,7.01,12.99,7.99],"texture":"#00"},
"west":{"uv":[12.01,7.01,12.99,7.99],"texture":"#00"},
"east":{"uv":[12.01,7.01,12.99,7.99],"texture":"#00"}
}
},
{
"from":[7.4482,-1.5,6.5312],
"to":[8.5732,-1.4375,8.3437],
"faces":{
"down":{"uv":[12.01,7.01,12.99,7.99],"texture":"#00"},
"up":{"uv":[12.01,7.01,12.99,7.99],"texture":"#00"},
"north":{"uv":[12.01,7.01,12.99,7.99],"texture":"#00"},
"south":{"uv":[12.01,7.01,12.99,7.99],"texture":"#00"},
"west":{"uv":[12.01,7.01,12.99,7.99],"texture":"#00"},
"east":{"uv":[12.01,7.01,12.99,7.99],"texture":"#00"}
}
},
{
"from":[7.1938,8.05,0.4406],
"to":[8.8188,9.55,0.6844],
"faces":{
"down":{"uv":[8.01,11.99,8.99,11.01],"texture":"#0"},
"up":{"uv":[8.01,11.99,8.99,11.01],"texture":"#0"},
"north":{"uv":[8.01,11.99,8.99,11.01],"texture":"#0"},
"west":{"uv":[8.01,11.99,8.99,11.01],"texture":"#0"},
"east":{"uv":[8.01,11.99,8.99,11.01],"texture":"#0"}
}
},
{
"from":[7.1938,-2.0284,2.7951],
"to":[8.8188,-1.5409,3.03885],
"rotation":{"origin":[7.84375,6.096621,13.43881],"axis":"x","angle":45},
"faces":{
"down":{"uv":[8.01,11.99,8.99,11.01],"texture":"#0"},
"north":{"uv":[8.01,11.99,8.99,11.01],"texture":"#0"},
"south":{"uv":[8.01,11.99,8.99,11.01],"texture":"#0"},
"west":{"uv":[8.01,11.99,8.99,11.01],"texture":"#0"},
"east":{"uv":[8.01,11.99,8.99,11.01],"texture":"#0"}
}
},
{
"from":[7.1938,-2.5159,2.7951],
"to":[8.8188,-2.3534,3.03885],
"rotation":{"origin":[7.84375,6.096621,13.43881],"axis":"x","angle":45},
"faces":{
"down":{"uv":[8.01,11.99,8.99,11.01],"texture":"#0"},
"up":{"uv":[8.01,11.99,8.99,11.01],"texture":"#0"},
"north":{"uv":[8.01,11.99,8.99,11.01],"texture":"#0"},
"south":{"uv":[8.01,11.99,8.99,11.01],"texture":"#0"},
"west":{"uv":[8.01,11.99,8.99,11.01],"texture":"#0"},
"east":{"uv":[8.01,11.99,8.99,11.01],"texture":"#0"}
}
},
{
"from":[8.656199,-2.3534,2.7951],
"to":[8.8187,-2.0284,3.03885],
"rotation":{"origin":[7.84375,6.096621,13.43881],"axis":"x","angle":45},
"faces":{
"down":{"uv":[8.01,11.99,8.99,11.01],"texture":"#0"},
"up":{"uv":[8.01,11.99,8.99,11.01],"texture":"#0"},
"north":{"uv":[8.01,11.99,8.99,11.01],"texture":"#0"},
"south":{"uv":[8.01,11.99,8.99,11.01],"texture":"#0"},
"west":{"uv":[8.01,11.99,8.99,11.01],"texture":"#0"},
"east":{"uv":[8.01,11.99,8.99,11.01],"texture":"#0"}
}
},
{
"from":[7.1938,-2.3534,2.7951],
"to":[7.3563,-2.0284,3.03885],
"rotation":{"origin":[6.38125,6.096621,13.43881],"axis":"x","angle":45},
"faces":{
"down":{"uv":[8.01,11.99,8.99,11.01],"texture":"#0"},
"up":{"uv":[8.01,11.99,8.99,11.01],"texture":"#0"},
"north":{"uv":[8.01,11.99,8.99,11.01],"texture":"#0"},
"south":{"uv":[8.01,11.99,8.99,11.01],"texture":"#0"},
"west":{"uv":[8.01,11.99,8.99,11.01],"texture":"#0"},
"east":{"uv":[8.01,11.99,8.99,11.01],"texture":"#0"}
}
},
{
"from":[4.273,8.490399,0.4406],
"to":[5.4105,8.896649,0.68435],
"rotation":{"origin":[4.43555,17.59044,11.08438],"axis":"z","angle":22.5},
"faces":{
"up":{"uv":[8.01,11.99,8.99,11.01],"texture":"#0"},
"north":{"uv":[8.01,11.99,8.99,11.01],"texture":"#0"},
"east":{"uv":[8.01,11.99,8.99,11.01],"texture":"#0"}
}
},
{
"from":[10.602,8.490399,0.4406],
"to":[11.7395,8.896649,0.68435],
"rotation":{"origin":[11.57695,17.59044,11.08438],"axis":"z","angle":-22.5},
"faces":{
"up":{"uv":[8.01,11.99,8.99,11.01],"texture":"#0"},
"north":{"uv":[8.01,11.99,8.99,11.01],"texture":"#0"},
"west":{"uv":[8.01,11.99,8.99,11.01],"texture":"#0"}
}
},
{
"from":[8.057899,8.9306,0.4406],
"to":[8.464149,10.0681,0.68435],
"rotation":{"origin":[8.22044,9.4994,0.6031303],"axis":"z","angle":-22.5},
"faces":{
"up":{"uv":[8.01,11.99,8.99,11.01],"texture":"#0","rotation":270},
"north":{"uv":[8.01,11.99,8.99,11.01],"texture":"#0","rotation":270},
"east":{"uv":[8.01,11.99,8.99,11.01],"texture":"#0","rotation":270}
}
},
{
"from":[7.5483,8.930699,0.4406],
"to":[7.95455,10.0682,0.68435],
"rotation":{"origin":[7.79206,9.4994,0.6031303],"axis":"z","angle":22.5},
"faces":{
"up":{"uv":[8.01,11.99,8.99,11.01],"texture":"#0","rotation":270},
"north":{"uv":[8.01,11.99,8.99,11.01],"texture":"#0","rotation":270},
"west":{"uv":[8.01,11.99,8.99,11.01],"texture":"#0","rotation":270}
}
},
{
"from":[7.7245,8.9495,0.4406],
"to":[8.293249,10.087,0.68435],
"faces":{
"up":{"uv":[8.01,11.99,8.99,11.01],"texture":"#0","rotation":270},
"north":{"uv":[8.01,11.99,8.99,11.01],"texture":"#0","rotation":270},
"west":{"uv":[8.01,11.99,8.99,11.01],"texture":"#0","rotation":270},
"east":{"uv":[8.01,11.99,8.99,11.01],"texture":"#0","rotation":270}
}
},
{
"from":[6.9062,8.0625,2.625],
"to":[7.4062,8.3125,3.375],
"faces":{
"down":{"uv":[13.01,10.01,13.99,10.99],"texture":"#28"},
"up":{"uv":[13.01,10.01,13.99,10.99],"texture":"#28"},
"north":{"uv":[13.01,10.01,13.99,10.99],"texture":"#28"},
"south":{"uv":[13.01,10.01,13.99,10.99],"texture":"#28"},
"west":{"uv":[13.01,10.01,13.99,10.99],"texture":"#28"}
}
},
{
"from":[6.9062,8.3125,2.625],
"to":[7.4062,8.66605,2.875],
"rotation":{"origin":[6.90625,8.3125,2.625],"axis":"x","angle":45},
"faces":{
"north":{"uv":[13.01,10.01,13.99,10.99],"texture":"#28"},
"south":{"uv":[13.01,10.01,13.99,10.99],"texture":"#28"},
"west":{"uv":[13.01,10.01,13.99,10.99],"texture":"#28"}
}
},
{
"from":[6.9062,7.8125,2.875],
"to":[7.4062,8.16605,3.125],
"rotation":{"origin":[6.90625,7.8125,2.875],"axis":"x","angle":-45},
"faces":{
"north":{"uv":[13.01,10.01,13.99,10.99],"texture":"#28"},
"south":{"uv":[13.01,10.01,13.99,10.99],"texture":"#28"},
"west":{"uv":[13.01,10.01,13.99,10.99],"texture":"#28"}
}
},
{
"from":[6.9062,8.3125,3.125],
"to":[7.4062,8.5625,3.47855],
"rotation":{"origin":[6.90625,8.5625,3.125],"axis":"x","angle":45},
"faces":{
"down":{"uv":[13.01,10.01,13.99,10.99],"texture":"#28"},
"up":{"uv":[13.99,10.99,13.01,10.01],"texture":"#28"},
"west":{"uv":[13.01,10.01,13.99,10.99],"texture":"#28","rotation":90}
}
},
{
"from":[6.9062,8.0625,3.0214],
"to":[7.4062,8.3125,3.37495],
"rotation":{"origin":[6.90625,8.0625,3.375],"axis":"x","angle":-45},
"faces":{
"down":{"uv":[13.99,10.99,13.01,10.01],"texture":"#28"},
"up":{"uv":[13.01,10.01,13.99,10.99],"texture":"#28"},
"west":{"uv":[13.01,10.01,13.99,10.99],"texture":"#28","rotation":270}
}
},
{
"from":[7.0625,9,1.8125],
"to":[7.1875,9.4375,8.9375],
"faces":{
"down":{"uv":[7.01,9.01,7.99,9.99],"texture":"#24"},
"up":{"uv":[7.01,9.01,7.99,9.99],"texture":"#24"},
"north":{"uv":[7.01,9.01,7.99,9.99],"texture":"#24"},
"south":{"uv":[7.01,9.01,7.99,9.99],"texture":"#24"},
"west":{"uv":[7.01,9.01,7.99,9.99],"texture":"#24"}
}
},
{
"from":[7.0625,9.781199,1.8125],
"to":[7.1875,10.2187,8.9375],
"faces":{
"down":{"uv":[7.01,9.01,7.99,9.99],"texture":"#24"},
"up":{"uv":[7.01,9.01,7.99,9.99],"texture":"#24"},
"north":{"uv":[7.01,9.01,7.99,9.99],"texture":"#24"},
"south":{"uv":[7.01,9.01,7.99,9.99],"texture":"#24"},
"west":{"uv":[7.01,9.01,7.99,9.99],"texture":"#24"}
}
},
{
"from":[7,7.5,8.6875],
"to":[9,8.875,12.25],
"faces":{
"down":{"uv":[8.01,9.01,8.99,9.99],"texture":"#23"},
"up":{"uv":[8.01,9.01,8.99,9.99],"texture":"#23"},
"north":{"uv":[8.01,9.01,8.99,9.99],"texture":"#23"},
"south":{"uv":[8.01,9.01,8.99,9.99],"texture":"#23"},
"west":{"uv":[8.01,9.01,8.99,9.99],"texture":"#23"},
"east":{"uv":[8.01,9.01,8.99,9.99],"texture":"#23"}
}
},
{
"from":[7.1768,7.3232,8.6875],
"to":[7.6768,7.5732,12.25],
"rotation":{"origin":[7.1768,7.3232,8.6875],"axis":"z","angle":45},
"faces":{
"north":{"uv":[8.01,9.01,8.99,9.99],"texture":"#23"},
"south":{"uv":[8.01,9.01,8.99,9.99],"texture":"#23"},
"west":{"uv":[8.01,9.01,8.99,9.99],"texture":"#23"}
}
},
{
"from":[8.4697,7.6768,8.6875],
"to":[8.9697,7.9268,12.25],
"rotation":{"origin":[8.4697,7.6768,8.6875],"axis":"z","angle":-45},
"faces":{
"north":{"uv":[8.01,9.01,8.99,9.99],"texture":"#23"},
"south":{"uv":[8.01,9.01,8.99,9.99],"texture":"#23"},
"east":{"uv":[8.01,9.01,8.99,9.99],"texture":"#23"}
}
},
{
"from":[7.1768,7.3232,8.6875],
"to":[8.8232,8.8232,12.25],
"faces":{
"down":{"uv":[8.01,9.01,8.99,9.99],"texture":"#23"},
"north":{"uv":[8.01,9.01,8.99,9.99],"texture":"#23"},
"south":{"uv":[8.01,9.01,8.99,9.99],"texture":"#23"},
"west":{"uv":[8.01,9.01,8.99,9.99],"texture":"#23"},
"east":{"uv":[8.01,9.01,8.99,9.99],"texture":"#23"}
}
}
],
"display":{
"thirdperson_righthand":{
"rotation":[40,0,0],
"translation":[0,2,4],
"scale":[0.7,0.7,0.7]
},
"thirdperson_lefthand":{
"rotation":[40,0,0],
"translation":[0,2,4],
"scale":[0.7,0.7,0.7]
},
"firstperson_righthand":{
"translation":[-2.5,3.5,-2],
"scale":[0.9,0.9,0.9]
},
"firstperson_lefthand":{
"translation":[-2.5,3.5,-2],
"scale":[0.9,0.9,0.9]
},
"gui":{
"rotation":[-15,130,0],
"translation":[4.6,1,0],
"scale":[0.7,0.7,0.7]
},
"head":{
"translation":[0,15,0]
},
"ground":{
"rotation":[0,0,90],
"translation":[-2,0,5],
"scale":[0.8,0.8,0.8]
},
"fixed":{
"rotation":[0,90,0],
"translation":[7,2,-1]
}
}
}