{
"elements":[
{
"__comment":"Element",
"from":[-6.0625,9.5625,7.75],
"to":[4,10.0625,8.25],
"faces":{
"down":{"uv":[0,7.75,4,8.25],"texture":"#brightguntexture"},
"up":{"uv":[0,7.75,4,8.25],"texture":"#brightguntexture"},
"north":{"uv":[12,5.9375,16,6.4375],"texture":"#brightguntexture"},
"south":{"uv":[0,5.9375,4,6.4375],"texture":"#brightguntexture"},
"west":{"uv":[7.75,5.9375,8.25,6.4375],"texture":"#brightguntexture"}
}
},
{
"__comment":"Element",
"from":[12.5137,7.3631,7],
"to":[17.5137,8.9881,9],
"rotation":{"origin":[12.5137,8.988125,7.000025],"axis":"z","angle":-22.5},
"faces":{
"down":{"uv":[11.89184,6.999975,16,8.999975],"texture":"#wood"},
"up":{"uv":[11.89184,7.000025,16,9.000025],"texture":"#wood"},
"north":{"uv":[3.5,6.5,7.608162,8.125],"texture":"#wood"},
"south":{"uv":[8.5,8.5,12.60816,10.125],"texture":"#wood"}
}
},
{
"__comment":"Element",
"from":[13.3262,3.8162,7],
"to":[15.2012,6.6912,9],
"rotation":{"origin":[13.3262,6.691225,7.000025],"axis":"z","angle":22.5},
"faces":{
"down":{"uv":[14.42641,6.999975,16,8.999975],"texture":"#wood"},
"north":{"uv":[0,9.089929,1.573586,11.96493],"texture":"#wood"},
"south":{"uv":[14.42641,9.089929,16,11.96493],"texture":"#wood"},
"west":{"uv":[7.000025,9.089929,9.000025,11.96493],"texture":"#wood"}
}
},
{
"__comment":"Element",
"from":[12.5381,9.0019,7],
"to":[13.56935,9.3769,9],
"rotation":{"origin":[12.5381,9.376875,7.000025],"axis":"z","angle":-45},
"faces":{
"down":{"uv":[12.27293,6.999975,13.30418,8.999975],"texture":"#wood"},
"up":{"uv":[12.27293,7.000025,13.30418,9.000025],"texture":"#wood"},
"north":{"uv":[2.695816,6.51329,3.727066,6.88829],"texture":"#wood"},
"south":{"uv":[12.27293,6.51329,13.30418,6.88829],"texture":"#wood"},
"east":{"uv":[6.999975,6.51329,8.999975,6.88829],"texture":"#wood"}
}
},
{
"__comment":"Element",
"from":[16.7324,5.8006,7],
"to":[18.6699,7.8006,9],
"faces":{
"up":{"uv":[0.7324486,7.000025,2.669949,9.000025],"texture":"#wood"},
"north":{"uv":[13.33005,8.199375,15.26755,10.19938],"texture":"#wood"},
"south":{"uv":[0.7324486,8.199375,2.669949,10.19938],"texture":"#wood"},
"east":{"uv":[6.999975,8.199375,8.999975,10.19938],"texture":"#wood"}
}
},
{
"__comment":"Element",
"from":[23,2.375,7],
"to":[24.875,6.9375,9],
"faces":{
"down":{"uv":[7.000029,7,8.875029,9],"texture":"#wood"},
"up":{"uv":[7.000029,7,8.875029,9],"texture":"#wood"},
"north":{"uv":[7.124971,9.062504,8.999971,13.625],"texture":"#wood"},
"south":{"uv":[7.000029,9.062504,8.875029,13.625],"texture":"#wood"},
"west":{"uv":[7,9.062504,9,13.625],"texture":"#wood"},
"east":{"uv":[7,9.062504,9,13.625],"texture":"#wood"}
}
},
{
"__comment":"Element",
"from":[19.375,3.0625,7],
"to":[23,5.125,9],
"faces":{
"down":{"uv":[3.375,7,7,9],"texture":"#wood"},
"north":{"uv":[9,10.875,12.625,12.9375],"texture":"#wood"},
"south":{"uv":[3.375,10.875,7,12.9375],"texture":"#wood"},
"west":{"uv":[7,10.875,9,12.9375],"texture":"#wood"}
}
},
{
"__comment":"Element",
"from":[19.1699,5.1131,7],
"to":[23,7.1131,9],
"faces":{
"up":{"uv":[3.169949,7.000025,7.00005,9.000025],"texture":"#wood"},
"north":{"uv":[8.999951,8.886875,12.83005,10.88688],"texture":"#wood"},
"south":{"uv":[3.169949,8.886875,7.00005,10.88688],"texture":"#wood"}
}
},
{
"__comment":"Element",
"from":[15.625,4.2188,7],
"to":[16.125,5.9688,9],
"faces":{
"down":{"uv":[15.625,7,16,9],"texture":"#wood"},
"north":{"uv":[0,10.03125,0.375,11.78125],"texture":"#wood"},
"south":{"uv":[15.625,10.03125,16,11.78125],"texture":"#wood"},
"west":{"uv":[7,10.03125,9,11.78125],"texture":"#wood"}
}
},
{
"__comment":"Element",
"from":[18.6699,7.1131,7],
"to":[21.2324,7.4881,9],
"faces":{
"up":{"uv":[2.669949,7.000025,5.232449,9.000025],"texture":"#wood"},
"north":{"uv":[10.76755,8.511875,13.33005,8.886875],"texture":"#wood"},
"south":{"uv":[2.669949,8.511875,5.232449,8.886875],"texture":"#wood"},
"east":{"uv":[6.999975,8.511875,8.999975,8.886875],"texture":"#wood"}
}
},
{
"__comment":"Element",
"from":[21.2324,7.1131,7],
"to":[22.3574,7.3006,9],
"faces":{
"up":{"uv":[5.232449,7.000025,6.357449,9.000025],"texture":"#wood"},
"north":{"uv":[9.642551,8.699375,10.76755,8.886875],"texture":"#wood"},
"south":{"uv":[5.232449,8.699375,6.357449,8.886875],"texture":"#wood"},
"east":{"uv":[6.999975,8.699375,8.999975,8.886875],"texture":"#wood"}
}
},
{
"__comment":"Element",
"from":[18.6699,7.4881,7],
"to":[20.1699,7.6756,9],
"faces":{
"up":{"uv":[2.669949,7.000025,4.169949,9.000025],"texture":"#wood"},
"north":{"uv":[11.83005,8.324375,13.33005,8.511875],"texture":"#wood"},
"south":{"uv":[2.669949,8.324375,4.169949,8.511875],"texture":"#wood"},
"east":{"uv":[6.999975,8.324375,8.999975,8.511875],"texture":"#wood"}
}
},
{
"__comment":"Element",
"from":[18.6699,5.1131,7],
"to":[19.1699,7.1131,9],
"faces":{
"north":{"uv":[12.83005,8.886875,13.33005,10.88688],"texture":"#wood"},
"south":{"uv":[2.669949,8.886875,3.169949,10.88688],"texture":"#wood"},
"west":{"uv":[7.000025,8.886875,9.000025,10.88688],"texture":"#wood"}
}
},
{
"__comment":"Element",
"from":[17.5449,5.3631,7],
"to":[18.7324,5.8006,9],
"faces":{
"down":{"uv":[1.544949,6.999975,2.732449,8.999975],"texture":"#wood"},
"up":{"uv":[1.544949,7.000025,2.732449,9.000025],"texture":"#wood"},
"north":{"uv":[13.26755,10.19938,14.45505,10.63688],"texture":"#wood"},
"south":{"uv":[1.544949,10.19938,2.732449,10.63688],"texture":"#wood"},
"west":{"uv":[7.000025,10.19938,9.000025,10.63688],"texture":"#wood"}
}
},
{
"__comment":"Element",
"from":[16.0449,6.8269,7],
"to":[16.7949,7.5144,9],
"rotation":{"origin":[16.04495,7.514375,7.000025],"axis":"z","angle":22.5},
"faces":{
"up":{"uv":[0.3080425,7.000025,1.058043,9.000025],"texture":"#wood"},
"north":{"uv":[14.94196,8.433292,15.69196,9.120792],"texture":"#wood"},
"south":{"uv":[0.3080425,8.433292,1.058043,9.120792],"texture":"#wood"}
}
},
{
"__comment":"Element",
"from":[12.6875,6.0313,7],
"to":[13.0625,7.1563,9],
"rotation":{"origin":[12.6875,7.15625,7],"axis":"z","angle":45},
"faces":{
"north":{"uv":[2.188126,8.528801,2.563126,9.591301],"texture":"#wood"},
"south":{"uv":[13.43687,8.528801,13.81187,9.591301],"texture":"#wood"},
"west":{"uv":[7.000025,8.528801,9.000025,9.591301],"texture":"#wood"}
}
},
{
"__comment":"Element",
"from":[11.5948,6.9469,7.5],
"to":[11.7823,7.5094,8.5],
"rotation":{"origin":[11.59483,6.946876,7.500025],"axis":"z","angle":-22.5},
"faces":{
"north":{"uv":[4.217674,8.490624,4.405174,9.053124],"texture":"#brightguntexture"},
"south":{"uv":[11.59483,8.490624,11.78233,9.053124],"texture":"#brightguntexture"},
"west":{"uv":[7.500025,8.490624,8.500025,9.053124],"texture":"#brightguntexture"},
"east":{"uv":[7.499975,8.490624,8.499975,9.053124],"texture":"#brightguntexture"}
}
},
{
"__comment":"Element",
"from":[9.560599,6.6131,7.5],
"to":[9.748099,7.0506,8.5],
"rotation":{"origin":[9.560574,6.613125,7.500025],"axis":"z","angle":-22.5},
"faces":{
"north":{"uv":[6.251926,8.949375,6.439426,9.386875],"texture":"#brightguntexture"},
"south":{"uv":[9.560574,8.949375,9.748074,9.386875],"texture":"#brightguntexture"},
"west":{"uv":[7.500025,8.949375,8.500025,9.386875],"texture":"#brightguntexture"},
"east":{"uv":[7.499975,8.949375,8.499975,9.386875],"texture":"#brightguntexture"}
}
},
{
"__comment":"Element",
"from":[9.560599,6.3006,7.5],
"to":[9.748099,6.6131,8.5],
"rotation":{"origin":[9.560574,6.613125,7.500025],"axis":"z","angle":22.5},
"faces":{
"north":{"uv":[6.132338,9.363088,6.319838,9.675588],"texture":"#brightguntexture"},
"south":{"uv":[9.680162,9.363088,9.867662,9.675588],"texture":"#brightguntexture"},
"west":{"uv":[7.500025,9.363088,8.500025,9.675588],"texture":"#brightguntexture"},
"east":{"uv":[7.499975,9.363088,8.499975,9.675588],"texture":"#brightguntexture"}
}
},
{
"__comment":"Element",
"from":[9.685599,6.0094,7.5],
"to":[9.873099,6.3219,8.5],
"rotation":{"origin":[9.685574,6.321875,7.500025],"axis":"z","angle":45},
"faces":{
"north":{"uv":[5.905954,9.586596,6.093454,9.899096],"texture":"#brightguntexture"},
"south":{"uv":[9.906546,9.586596,10.09405,9.899096],"texture":"#brightguntexture"},
"west":{"uv":[7.500025,9.586596,8.500025,9.899096],"texture":"#brightguntexture"},
"east":{"uv":[7.499975,9.586596,8.499975,9.899096],"texture":"#brightguntexture"}
}
},
{
"__comment":"Element",
"from":[11.7631,6.3731,7.5],
"to":[11.9506,6.6856,8.5],
"rotation":{"origin":[11.76307,6.685625,7.500025],"axis":"z","angle":-22.5},
"faces":{
"north":{"uv":[4.169014,9.290587,4.356514,9.603087],"texture":"#brightguntexture"},
"south":{"uv":[11.64349,9.290587,11.83099,9.603087],"texture":"#brightguntexture"},
"west":{"uv":[7.500025,9.290587,8.500025,9.603087],"texture":"#brightguntexture"},
"east":{"uv":[7.499975,9.290587,8.499975,9.603087],"texture":"#brightguntexture"}
}
},
{
"__comment":"Element",
"from":[11.6856,6.1444,7.5],
"to":[11.8731,6.4569,8.5],
"rotation":{"origin":[11.68557,6.456875,7.500025],"axis":"z","angle":-45},
"faces":{
"north":{"uv":[4.347897,9.451595,4.535397,9.764095],"texture":"#brightguntexture"},
"south":{"uv":[11.4646,9.451595,11.6521,9.764095],"texture":"#brightguntexture"},
"west":{"uv":[7.500025,9.451595,8.500025,9.764095],"texture":"#brightguntexture"},
"east":{"uv":[7.499975,9.451595,8.499975,9.764095],"texture":"#brightguntexture"}
}
},
{
"__comment":"Element",
"from":[9.9668,6.0931,7.5],
"to":[10.2793,6.2806,8.5],
"rotation":{"origin":[9.966824,6.280624,7.500025],"axis":"z","angle":-22.5},
"faces":{
"down":{"uv":[9.895071,7.499975,10.20757,8.499975],"texture":"#brightguntexture"},
"up":{"uv":[9.895071,7.500025,10.20757,8.500025],"texture":"#brightguntexture"},
"north":{"uv":[5.792429,9.705103,6.104929,9.892603],"texture":"#brightguntexture"},
"south":{"uv":[9.895071,9.705103,10.20757,9.892603],"texture":"#brightguntexture"}
}
},
{
"__comment":"Element",
"from":[11.2331,5.9681,7.5],
"to":[11.5456,6.1556,8.5],
"rotation":{"origin":[11.23307,6.155624,7.500025],"axis":"z","angle":22.5},
"faces":{
"down":{"uv":[11.30483,7.499975,11.61733,8.499975],"texture":"#brightguntexture"},
"up":{"uv":[11.30483,7.500025,11.61733,8.500025],"texture":"#brightguntexture"},
"north":{"uv":[4.382673,9.830103,4.695173,10.0176],"texture":"#brightguntexture"},
"south":{"uv":[11.30483,9.830103,11.61733,10.0176],"texture":"#brightguntexture"}
}
},
{
"__comment":"Element",
"from":[10.1856,5.9881,7.5],
"to":[11.3106,6.1756,8.5],
"faces":{
"down":{"uv":[10.18557,7.499975,11.31057,8.499975],"texture":"#brightguntexture"},
"up":{"uv":[10.18557,7.500025,11.31057,8.500025],"texture":"#brightguntexture"},
"north":{"uv":[4.689426,9.824375,5.814426,10.01188],"texture":"#brightguntexture"},
"south":{"uv":[10.18557,9.824375,11.31057,10.01188],"texture":"#brightguntexture"}
}
},
{
"__comment":"Element",
"from":[10.7481,7.1131,7.5625],
"to":[10.9356,7.4881,8.4375],
"rotation":{"origin":[10.93557,7.113125,7.562525],"axis":"z","angle":22.5},
"faces":{
"down":{"uv":[10.76235,7.499975,10.94985,8.499975],"texture":"#brightguntexture"},
"north":{"uv":[5.050154,8.583628,5.237654,8.958628],"texture":"#brightguntexture"},
"south":{"uv":[10.76235,8.583628,10.94985,8.958628],"texture":"#brightguntexture"},
"west":{"uv":[7.500025,8.583628,8.500025,8.958628],"texture":"#brightguntexture"},
"east":{"uv":[7.499975,8.583628,8.499975,8.958628],"texture":"#brightguntexture"}
}
},
{
"__comment":"Element",
"from":[10.7481,6.6131,7.5625],
"to":[10.9356,7.1131,8.4375],
"faces":{
"north":{"uv":[5.064426,8.886875,5.251926,9.386875],"texture":"#brightguntexture"},
"south":{"uv":[10.74807,8.886875,10.93557,9.386875],"texture":"#brightguntexture"},
"west":{"uv":[7.562525,8.886875,8.437525,9.386875],"texture":"#brightguntexture"},
"east":{"uv":[7.562475,8.886875,8.437475,9.386875],"texture":"#brightguntexture"}
}
},
{
"__comment":"Element",
"from":[10.7631,6.4994,7.5625],
"to":[10.9506,6.6869,8.4375],
"rotation":{"origin":[10.76307,6.686874,7.562525],"axis":"z","angle":-22.5},
"faces":{
"north":{"uv":[5.12118,9.298853,5.30868,9.486353],"texture":"#brightguntexture"},
"south":{"uv":[10.69132,9.298853,10.87882,9.486353],"texture":"#brightguntexture"},
"west":{"uv":[7.562525,9.298853,8.437525,9.486353],"texture":"#brightguntexture"},
"east":{"uv":[7.562475,9.298853,8.437475,9.486353],"texture":"#brightguntexture"}
}
},
{
"__comment":"Element",
"from":[10.7344,6.3906,7.5625],
"to":[10.9219,6.5781,8.4375],
"rotation":{"origin":[10.73438,6.578125,7.562525],"axis":"z","angle":-45},
"faces":{
"down":{"uv":[10.60179,7.562475,10.78929,8.437475],"texture":"#brightguntexture"},
"north":{"uv":[5.210709,9.366958,5.398209,9.554458],"texture":"#brightguntexture"},
"south":{"uv":[10.60179,9.366958,10.78929,9.554458],"texture":"#brightguntexture"},
"west":{"uv":[7.562525,9.366958,8.437525,9.554458],"texture":"#brightguntexture"},
"east":{"uv":[7.562475,9.366958,8.437475,9.554458],"texture":"#brightguntexture"}
}
},
{
"__comment":"Element",
"from":[11.7481,6.6131,7.5],
"to":[11.9356,7.0506,8.5],
"rotation":{"origin":[11.93557,6.613125,7.500025],"axis":"z","angle":22.5},
"faces":{
"north":{"uv":[4.050154,9.021128,4.237654,9.458628],"texture":"#brightguntexture"},
"south":{"uv":[11.76235,9.021128,11.94985,9.458628],"texture":"#brightguntexture"},
"west":{"uv":[7.500025,9.021128,8.500025,9.458628],"texture":"#brightguntexture"},
"east":{"uv":[7.499975,9.021128,8.499975,9.458628],"texture":"#brightguntexture"}
}
},
{
"__comment":"Element",
"from":[9.713799,6.9449,7.5],
"to":[9.901299,7.5074,8.5],
"rotation":{"origin":[9.901327,6.944875,7.500025],"axis":"z","angle":22.5},
"faces":{
"north":{"uv":[6.0844,8.564379,6.2719,9.126879],"texture":"#brightguntexture"},
"south":{"uv":[9.7281,8.564379,9.9156,9.126879],"texture":"#brightguntexture"},
"west":{"uv":[7.500025,8.564379,8.500025,9.126879],"texture":"#brightguntexture"},
"east":{"uv":[7.499975,8.564379,8.499975,9.126879],"texture":"#brightguntexture"}
}
},
{
"__comment":"Element",
"from":[0,7.8769,7],
"to":[0.5,9.3769,9],
"faces":{
"down":{"uv":[0,7,0.5,9],"texture":"#wood"},
"up":{"uv":[0,7,0.5,9],"texture":"#wood"},
"north":{"uv":[15.5,6.6231,16,8.1231],"texture":"#wood"},
"south":{"uv":[0,6.6231,0.5,8.1231],"texture":"#wood"},
"west":{"uv":[7,6.6231,9,8.1231],"texture":"#wood"}
}
},
{
"__comment":"Element",
"from":[0.4947,7.3769,7],
"to":[6.6822,9.3769,9],
"faces":{
"down":{"uv":[0.4947407,7,6.68224,9],"texture":"#wood"},
"up":{"uv":[0.4947407,7,6.68224,9],"texture":"#wood"},
"north":{"uv":[9.31776,6.6231,15.50526,8.6231],"texture":"#wood"},
"south":{"uv":[0.4947407,6.6231,6.68224,8.6231],"texture":"#wood"},
"west":{"uv":[7,6.6231,9,8.6231],"texture":"#wood"},
"east":{"uv":[7,6.6231,9,8.6231],"texture":"#wood"}
}
},
{
"__comment":"Element",
"from":[0.002,7.872,7],
"to":[0.7090999,8.247,9],
"rotation":{"origin":[0.006849289,7.876875,7.000025],"axis":"z","angle":-45},
"faces":{
"down":{"uv":[0,7,0.7071,9],"texture":"#wood"},
"north":{"uv":[15.2929,7.7481,16,8.1231],"texture":"#wood"},
"south":{"uv":[0,7.7481,0.7071,8.1231],"texture":"#wood"}
}
},
{
"__comment":"Element",
"from":[6.6318,7.3769,7],
"to":[12.53805,9.3769,9],
"faces":{
"down":{"uv":[6.631849,6.999975,12.5381,8.999975],"texture":"#wood"},
"up":{"uv":[6.631849,7.000025,12.5381,9.000025],"texture":"#wood"},
"north":{"uv":[3.461901,6.623125,9.368151,8.623125],"texture":"#wood"},
"south":{"uv":[6.631849,6.623125,12.5381,8.623125],"texture":"#wood"},
"west":{"uv":[7.000025,6.623125,9.000025,8.623125],"texture":"#wood"}
}
},
{
"__comment":"Element",
"from":[4.5068,8.900599,7.6562],
"to":[13.0068,10.5506,8.3437],
"faces":{
"down":{"uv":[4.506849,7.656326,13.00685,8.343826],"texture":"#brightguntexture"},
"up":{"uv":[4.506849,7.656174,13.00685,8.343674],"texture":"#brightguntexture"},
"north":{"uv":[2.993151,5.449394,11.49315,7.099394],"texture":"#brightguntexture"},
"south":{"uv":[4.506849,5.449394,13.00685,7.099394],"texture":"#brightguntexture"}
}
},
{
"__comment":"Element",
"from":[4.5,8.8986,8.343599],
"to":[13,9.24235,9.024189],
"rotation":{"origin":[4.5,8.898599,8.343647],"axis":"x","angle":-45},
"faces":{
"down":{"uv":[4.5,6.975763,13,7.656353],"texture":"#brightguntexture"},
"up":{"uv":[4.5,8.343647,13,9.024237],"texture":"#brightguntexture"},
"west":{"uv":[8.343647,6.757651,9.024237,7.101401],"texture":"#brightguntexture"},
"east":{"uv":[6.975763,6.757651,7.656353,7.101401],"texture":"#brightguntexture"}
}
},
{
"__comment":"Element",
"from":[4.5,10.2048,8.343599],
"to":[13,10.5486,9.024189],
"rotation":{"origin":[4.5,10.5485,8.343599],"axis":"x","angle":45},
"faces":{
"down":{"uv":[4.5,7.21888,13,7.899469],"texture":"#brightguntexture"},
"up":{"uv":[4.5,8.100531,13,8.78112],"texture":"#brightguntexture"},
"west":{"uv":[8.100531,5.350767,8.78112,5.694567],"texture":"#brightguntexture"},
"east":{"uv":[7.218879,5.350767,7.899469,5.694567],"texture":"#brightguntexture"}
}
},
{
"__comment":"Element",
"from":[7,9.723599,7.1749],
"to":[13,10.06735,7.85547],
"rotation":{"origin":[7,10.06729,7.174897],"axis":"x","angle":-45},
"faces":{
"down":{"uv":[7,7.901472,13,8.582043],"texture":"#brightguntexture"},
"up":{"uv":[7,7.417957,13,8.098528],"texture":"#brightguntexture"},
"west":{"uv":[7.417958,5.832024,8.098528,6.175774],"texture":"#brightguntexture"},
"east":{"uv":[7.901472,5.832024,8.582043,6.175774],"texture":"#brightguntexture"}
}
},
{
"__comment":"Element",
"from":[4.5,9.3798,7.1749],
"to":[13,9.72355,7.85549],
"rotation":{"origin":[4.5,9.379794,7.174897],"axis":"x","angle":45},
"faces":{
"down":{"uv":[4.5,8.144513,13,8.825103],"texture":"#brightguntexture"},
"up":{"uv":[4.5,7.174897,13,7.855487],"texture":"#brightguntexture"},
"west":{"uv":[7.174897,6.276456,7.855487,6.620206],"texture":"#brightguntexture"},
"east":{"uv":[8.144513,6.276456,8.825103,6.620206],"texture":"#brightguntexture"}
}
},
{
"__comment":"Element",
"from":[13,8.7955,8.389999],
"to":[13.5,9.173735,9.138648],
"rotation":{"origin":[13,8.795474,8.390022],"axis":"x","angle":-45},
"faces":{
"down":{"uv":[13,6.861329,13.5,7.609978],"texture":"#brightguntexture"},
"up":{"uv":[13,8.390022,13.5,9.138671],"texture":"#brightguntexture"},
"west":{"uv":[8.390022,6.826291,9.138671,7.204526],"texture":"#brightguntexture"},
"east":{"uv":[6.861329,6.826291,7.609978,7.204526],"texture":"#brightguntexture"}
}
},
{
"__comment":"Element",
"from":[13,8.7977,7.6338],
"to":[13.5,10.61281,8.39005],
"faces":{
"down":{"uv":[13,7.60995,13.5,8.366199],"texture":"#brightguntexture"},
"up":{"uv":[13,7.633801,13.5,8.39005],"texture":"#brightguntexture"},
"north":{"uv":[2.5,5.38719,3,7.2023],"texture":"#brightguntexture"},
"south":{"uv":[13,5.38719,13.5,7.2023],"texture":"#brightguntexture"},
"west":{"uv":[7.6338,5.38719,8.39005,7.2023],"texture":"#brightguntexture"},
"east":{"uv":[7.60995,5.38719,8.366199,7.2023],"texture":"#brightguntexture"}
}
},
{
"__comment":"Element",
"from":[13,9.3248,7.1044],
"to":[13.5,9.703034,7.853048],
"rotation":{"origin":[13,9.324789,7.104397],"axis":"x","angle":45},
"faces":{
"down":{"uv":[13,8.146954,13.5,8.895603],"texture":"#brightguntexture"},
"up":{"uv":[13,7.104397,13.5,7.853046],"texture":"#brightguntexture"},
"west":{"uv":[7.104397,6.296976,7.853046,6.675211],"texture":"#brightguntexture"},
"east":{"uv":[8.146954,6.296976,8.895603,6.675211],"texture":"#brightguntexture"}
}
},
{
"__comment":"Element",
"from":[13,9.3271,7.1044],
"to":[13.5,10.08346,8.919399],
"faces":{
"north":{"uv":[2.5,5.91654,3,6.6729],"texture":"#brightguntexture"},
"south":{"uv":[13,5.91654,13.5,6.6729],"texture":"#brightguntexture"},
"west":{"uv":[7.1044,5.91654,8.9194,6.6729],"texture":"#brightguntexture"},
"east":{"uv":[7.0806,5.91654,8.895599,6.6729],"texture":"#brightguntexture"}
}
},
{
"__comment":"Element",
"from":[13,9.7029,7.1043],
"to":[13.5,10.08113,7.852949],
"rotation":{"origin":[13,10.08104,7.104397],"axis":"x","angle":-45},
"faces":{
"down":{"uv":[13,7.87958,13.5,8.628228],"texture":"#brightguntexture"},
"up":{"uv":[13,7.371772,13.5,8.12042],"texture":"#brightguntexture"},
"west":{"uv":[7.371772,5.80818,8.12042,6.186415],"texture":"#brightguntexture"},
"east":{"uv":[7.87958,5.80818,8.628228,6.186415],"texture":"#brightguntexture"}
}
},
{
"__comment":"Element",
"from":[13,10.2322,8.3901],
"to":[13.5,10.61043,9.138748],
"rotation":{"origin":[13,10.61041,8.390022],"axis":"x","angle":45},
"faces":{
"down":{"uv":[13,7.128705,13.5,7.877354],"texture":"#brightguntexture"},
"up":{"uv":[13,8.122646,13.5,8.871295],"texture":"#brightguntexture"},
"west":{"uv":[8.122646,5.278804,8.871295,5.657039],"texture":"#brightguntexture"},
"east":{"uv":[7.128705,5.278804,7.877354,5.657039],"texture":"#brightguntexture"}
}
},
{
"__comment":"Element",
"from":[4.5,9.723599,7.1749],
"to":[4.75,10.06735,7.85547],
"rotation":{"origin":[4.5,10.06729,7.174897],"axis":"x","angle":-45},
"faces":{
"down":{"uv":[4.5,7.901472,4.75,8.582043],"texture":"#brightguntexture"},
"up":{"uv":[4.5,7.417957,4.75,8.098528],"texture":"#brightguntexture"},
"west":{"uv":[7.417958,5.832024,8.098528,6.175774],"texture":"#brightguntexture"},
"east":{"uv":[7.901472,5.832024,8.582043,6.175774],"texture":"#brightguntexture"}
}
},
{
"__comment":"Element",
"from":[4,8.7977,7.6338],
"to":[4.5,10.61281,8.39005],
"faces":{
"up":{"uv":[4,7.633827,4.5,8.390078],"texture":"#brightguntexture"},
"west":{"uv":[7.633827,5.387217,8.390078,7.202327],"texture":"#brightguntexture"},
"east":{"uv":[7.609923,5.387217,8.366173,7.202327],"texture":"#brightguntexture"}
}
},
{
"__comment":"Element",
"from":[4,9.3271,7.1044],
"to":[4.5,10.08346,8.919399],
"faces":{
"north":{"uv":[11.5,5.916536,12,6.672896],"texture":"#brightguntexture"},
"south":{"uv":[4,5.916536,4.5,6.672896],"texture":"#brightguntexture"},
"west":{"uv":[7.104397,5.916536,8.919397,6.672896],"texture":"#brightguntexture"},
"east":{"uv":[7.080603,5.916536,8.895603,6.672896],"texture":"#brightguntexture"}
}
},
{
"__comment":"Element",
"from":[4,9.7029,7.1043],
"to":[4.5,10.08113,7.852949],
"rotation":{"origin":[4,10.08104,7.104397],"axis":"x","angle":-45},
"faces":{
"down":{"uv":[4,7.87958,4.5,8.628228],"texture":"#brightguntexture"},
"up":{"uv":[4,7.371772,4.5,8.12042],"texture":"#brightguntexture"},
"west":{"uv":[7.371772,5.80818,8.12042,6.186415],"texture":"#brightguntexture"},
"east":{"uv":[7.87958,5.80818,8.628228,6.186415],"texture":"#brightguntexture"}
}
},
{
"__comment":"Element",
"from":[4,10.2322,8.3901],
"to":[4.5,10.61043,9.138748],
"rotation":{"origin":[4,10.61041,8.390022],"axis":"x","angle":45},
"faces":{
"down":{"uv":[4,7.128705,4.5,7.877354],"texture":"#brightguntexture"},
"up":{"uv":[4,8.122646,4.5,8.871295],"texture":"#brightguntexture"},
"west":{"uv":[8.122646,5.278804,8.871295,5.657039],"texture":"#brightguntexture"},
"east":{"uv":[7.128705,5.278804,7.877354,5.657039],"texture":"#brightguntexture"}
}
},
{
"__comment":"Element",
"from":[4,8.576099,7.1044],
"to":[4.5,9.324748,7.482635],
"rotation":{"origin":[4,9.324789,7.104397],"axis":"x","angle":-45},
"faces":{
"north":{"uv":[11.5,6.455936,12,7.204585],"texture":"#brightguntexture"},
"south":{"uv":[4,6.455936,4.5,7.204585],"texture":"#brightguntexture"},
"west":{"uv":[7.633772,6.455936,8.012008,7.204585],"texture":"#brightguntexture"},
"east":{"uv":[7.987993,6.455936,8.366228,7.204585],"texture":"#brightguntexture"}
}
},
{
"__comment":"Element",
"from":[4,8.7955,8.389999],
"to":[4.5,9.173735,9.138648],
"rotation":{"origin":[4,8.795474,8.390022],"axis":"x","angle":-45},
"faces":{
"down":{"uv":[4,6.861329,4.5,7.609978],"texture":"#brightguntexture"},
"up":{"uv":[4,8.390022,4.5,9.138671],"texture":"#brightguntexture"},
"west":{"uv":[8.390022,6.826291,9.138671,7.204526],"texture":"#brightguntexture"},
"east":{"uv":[6.861329,6.826291,7.609978,7.204526],"texture":"#brightguntexture"}
}
},
{
"__comment":"Element",
"from":[7.375,9.625,6.5938],
"to":[7.625,9.75,7.2188],
"faces":{
"up":{"uv":[7.375,6.59375,7.625,7.21875],"texture":"#brightguntexture"},
"north":{"uv":[8.375,6.25,8.625,6.375],"texture":"#brightguntexture"},
"west":{"uv":[6.59375,6.25,7.21875,6.375],"texture":"#brightguntexture"},
"east":{"uv":[8.78125,6.25,9.40625,6.375],"texture":"#brightguntexture"}
}
},
{
"__comment":"Element",
"from":[7.25,9.375,6.4688],
"to":[7.625,9.625,7.2188],
"faces":{
"down":{"uv":[7.25,8.78125,7.625,9.53125],"texture":"#brightguntexture"},
"up":{"uv":[7.25,6.46875,7.625,7.21875],"texture":"#brightguntexture"},
"north":{"uv":[8.375,6.375,8.75,6.625],"texture":"#brightguntexture"},
"west":{"uv":[6.46875,6.375,7.21875,6.625],"texture":"#brightguntexture"},
"east":{"uv":[8.78125,6.375,9.53125,6.625],"texture":"#brightguntexture"}
}
},
{
"__comment":"Element",
"from":[4.5,9.375,7.1774],
"to":[13,10.0625,8.8274],
"faces":{
"up":{"uv":[4.5,7.177401,13,8.8274],"texture":"#brightguntexture"},
"north":{"uv":[3,5.9375,11.5,6.625],"texture":"#brightguntexture"},
"south":{"uv":[4.5,5.9375,13,6.625],"texture":"#brightguntexture"}
}
},
{
"__comment":"Element",
"from":[-6,9.5289,7.3217],
"to":[-4.625,10.09614,8.682962],
"faces":{
"north":{"uv":[4.625,5.903863,6,6.4711],"texture":"#brightguntexture"},
"south":{"uv":[10,5.903863,11.375,6.4711],"texture":"#brightguntexture"},
"west":{"uv":[7.3217,5.903863,8.682962,6.4711],"texture":"#brightguntexture"},
"east":{"uv":[7.317038,5.903863,8.6783,6.4711],"texture":"#brightguntexture"}
}
},
{
"__comment":"Element",
"from":[-6,9.130199,8.2859],
"to":[-4.625,9.413843,8.847399],
"rotation":{"origin":[-6,9.130211,8.285872],"axis":"x","angle":-45},
"faces":{
"down":{"uv":[10,7.152628,11.375,7.714128],"texture":"#brightguntexture"},
"up":{"uv":[10,8.285872,11.375,8.847372],"texture":"#brightguntexture"},
"west":{"uv":[8.285872,6.586145,8.847372,6.869789],"texture":"#brightguntexture"},
"east":{"uv":[7.152628,6.586145,7.714128,6.869789],"texture":"#brightguntexture"}
}
},
{
"__comment":"Element",
"from":[-6,9.1319,7.7187],
"to":[-4.625,10.4932,8.2859],
"faces":{
"down":{"uv":[10,7.7141,11.375,8.2813],"texture":"#brightguntexture"},
"up":{"uv":[10,7.7187,11.375,8.2859],"texture":"#brightguntexture"},
"west":{"uv":[7.7187,5.5068,8.2859,6.8681],"texture":"#brightguntexture"},
"east":{"uv":[7.7141,5.5068,8.2813,6.8681],"texture":"#brightguntexture"}
}
},
{
"__comment":"Element",
"from":[-6,9.5272,7.3217],
"to":[-4.625,9.810843,7.883199],
"rotation":{"origin":[-6,9.527198,7.321654],"axis":"x","angle":45},
"faces":{
"down":{"uv":[10,8.116847,11.375,8.678347],"texture":"#brightguntexture"},
"up":{"uv":[10,7.321653,11.375,7.883153],"texture":"#brightguntexture"},
"west":{"uv":[7.321654,6.189158,7.883153,6.472802],"texture":"#brightguntexture"},
"east":{"uv":[8.116847,6.189158,8.678347,6.472802],"texture":"#brightguntexture"}
}
},
{
"__comment":"Element",
"from":[-6,9.8108,7.3216],
"to":[-4.625,10.09444,7.883099],
"rotation":{"origin":[-6,10.09439,7.321654],"axis":"x","angle":-45},
"faces":{
"down":{"uv":[10,7.916312,11.375,8.477812],"texture":"#brightguntexture"},
"up":{"uv":[10,7.522188,11.375,8.083688],"texture":"#brightguntexture"},
"west":{"uv":[7.522189,5.822538,8.083688,6.106182],"texture":"#brightguntexture"},
"east":{"uv":[7.916312,5.822538,8.477812,6.106182],"texture":"#brightguntexture"}
}
},
{
"__comment":"Element",
"from":[-6,10.2078,8.2859],
"to":[-4.625,10.49144,8.847399],
"rotation":{"origin":[-6,10.49142,8.285872],"axis":"x","angle":45},
"faces":{
"down":{"uv":[10,7.353165,11.375,7.914664],"texture":"#brightguntexture"},
"up":{"uv":[10,8.085336,11.375,8.646835],"texture":"#brightguntexture"},
"west":{"uv":[8.085336,5.425507,8.646835,5.70915],"texture":"#brightguntexture"},
"east":{"uv":[7.353165,5.425507,7.914664,5.70915],"texture":"#brightguntexture"}
}
},
{
"__comment":"Element",
"from":[-5.9375,10.4688,7.75],
"to":[-5.1875,10.7188,8.25],
"faces":{
"up":{"uv":[10.0625,7.75,10.8125,8.25],"texture":"#brightguntexture"},
"north":{"uv":[5.1875,5.28125,5.9375,5.53125],"texture":"#brightguntexture"},
"south":{"uv":[10.0625,5.28125,10.8125,5.53125],"texture":"#brightguntexture"},
"west":{"uv":[7.75,5.28125,8.25,5.53125],"texture":"#brightguntexture"},
"east":{"uv":[7.75,5.28125,8.25,5.53125],"texture":"#brightguntexture"}
}
},
{
"__comment":"Element",
"from":[-2.875,9.130199,8.2859],
"to":[-1.875,9.413799,8.8474],
"rotation":{"origin":[-2.875,9.130211,8.285872],"axis":"x","angle":-45},
"faces":{
"down":{"uv":[13.125,7.152628,14.125,7.714128],"texture":"#brightguntexture"},
"up":{"uv":[13.125,8.285872,14.125,8.847372],"texture":"#brightguntexture"},
"west":{"uv":[8.285872,6.586189,8.847372,6.869789],"texture":"#brightguntexture"},
"east":{"uv":[7.152627,6.586189,7.714128,6.869789],"texture":"#brightguntexture"}
}
},
{
"__comment":"Element",
"from":[-2.875,9.1319,7.7187],
"to":[-1.875,10.49316,8.285901],
"faces":{
"down":{"uv":[13.125,7.714099,14.125,8.2813],"texture":"#brightguntexture"},
"up":{"uv":[13.125,7.7187,14.125,8.285901],"texture":"#brightguntexture"},
"north":{"uv":[1.875,5.506844,2.875,6.8681],"texture":"#brightguntexture"},
"south":{"uv":[13.125,5.506844,14.125,6.8681],"texture":"#brightguntexture"},
"west":{"uv":[7.7187,5.506844,8.285901,6.8681],"texture":"#brightguntexture"},
"east":{"uv":[7.714099,5.506844,8.2813,6.8681],"texture":"#brightguntexture"}
}
},
{
"__comment":"Element",
"from":[-2.875,9.5272,7.3217],
"to":[-1.875,9.8108,7.8832],
"rotation":{"origin":[-2.875,9.527198,7.321654],"axis":"x","angle":45},
"faces":{
"down":{"uv":[13.125,8.116846,14.125,8.678347],"texture":"#brightguntexture"},
"up":{"uv":[13.125,7.321653,14.125,7.883154],"texture":"#brightguntexture"},
"west":{"uv":[7.321654,6.189202,7.883154,6.472802],"texture":"#brightguntexture"},
"east":{"uv":[8.116846,6.189202,8.678347,6.472802],"texture":"#brightguntexture"}
}
},
{
"__comment":"Element",
"from":[-2.875,9.5289,7.3217],
"to":[-1.875,10.09609,8.682963],
"faces":{
"down":{"uv":[13.125,7.317037,14.125,8.6783],"texture":"#brightguntexture"},
"up":{"uv":[13.125,7.3217,14.125,8.682963],"texture":"#brightguntexture"},
"north":{"uv":[1.875,5.903906,2.875,6.4711],"texture":"#brightguntexture"},
"south":{"uv":[13.125,5.903906,14.125,6.4711],"texture":"#brightguntexture"},
"west":{"uv":[7.3217,5.903906,8.682963,6.4711],"texture":"#brightguntexture"},
"east":{"uv":[7.317037,5.903906,8.6783,6.4711],"texture":"#brightguntexture"}
}
},
{
"__comment":"Element",
"from":[-2.875,9.8108,7.3217],
"to":[-1.875,10.0944,7.8832],
"rotation":{"origin":[-2.875,10.09439,7.321654],"axis":"x","angle":-45},
"faces":{
"down":{"uv":[13.125,7.916311,14.125,8.477811],"texture":"#brightguntexture"},
"up":{"uv":[13.125,7.522189,14.125,8.083689],"texture":"#brightguntexture"},
"west":{"uv":[7.522189,5.822552,8.083689,6.106152],"texture":"#brightguntexture"},
"east":{"uv":[7.916311,5.822552,8.477811,6.106152],"texture":"#brightguntexture"}
}
},
{
"__comment":"Element",
"from":[-2.875,10.2078,8.2859],
"to":[-1.875,10.4914,8.8474],
"rotation":{"origin":[-2.875,10.49142,8.285872],"axis":"x","angle":45},
"faces":{
"down":{"uv":[13.125,7.353165,14.125,7.914664],"texture":"#brightguntexture"},
"up":{"uv":[13.125,8.085336,14.125,8.646835],"texture":"#brightguntexture"},
"west":{"uv":[8.085336,5.42552,8.646835,5.70912],"texture":"#brightguntexture"},
"east":{"uv":[7.353164,5.42552,7.914664,5.70912],"texture":"#brightguntexture"}
}
},
{
"__comment":"Element",
"from":[-0.125,9.130199,8.2859],
"to":[0.875,9.413799,8.8474],
"rotation":{"origin":[-0.125,9.130211,8.285872],"axis":"x","angle":-45},
"faces":{
"down":{"uv":[0,7.152628,0.875,7.714128],"texture":"#brightguntexture"},
"up":{"uv":[0,8.285872,0.875,8.847372],"texture":"#brightguntexture"},
"west":{"uv":[8.285872,6.586189,8.847372,6.869789],"texture":"#brightguntexture"},
"east":{"uv":[7.152627,6.586189,7.714128,6.869789],"texture":"#brightguntexture"}
}
},
{
"__comment":"Element",
"from":[-0.125,9.1319,7.7187],
"to":[0.875,10.49316,8.285901],
"faces":{
"down":{"uv":[0,7.714099,0.875,8.2813],"texture":"#brightguntexture"},
"up":{"uv":[0,7.7187,0.875,8.285901],"texture":"#brightguntexture"},
"north":{"uv":[15.125,5.506844,16,6.8681],"texture":"#brightguntexture"},
"south":{"uv":[0,5.506844,0.875,6.8681],"texture":"#brightguntexture"},
"west":{"uv":[7.7187,5.506844,8.285901,6.8681],"texture":"#brightguntexture"},
"east":{"uv":[7.714099,5.506844,8.2813,6.8681],"texture":"#brightguntexture"}
}
},
{
"__comment":"Element",
"from":[-0.125,9.5272,7.3217],
"to":[0.875,9.8108,7.8832],
"rotation":{"origin":[-0.125,9.527198,7.321654],"axis":"x","angle":45},
"faces":{
"down":{"uv":[0,8.116846,0.875,8.678347],"texture":"#brightguntexture"},
"up":{"uv":[0,7.321653,0.875,7.883154],"texture":"#brightguntexture"},
"west":{"uv":[7.321654,6.189202,7.883154,6.472802],"texture":"#brightguntexture"},
"east":{"uv":[8.116846,6.189202,8.678347,6.472802],"texture":"#brightguntexture"}
}
},
{
"__comment":"Element",
"from":[-0.125,9.8108,7.3217],
"to":[0.875,10.0944,7.8832],
"rotation":{"origin":[-0.125,10.09439,7.321654],"axis":"x","angle":-45},
"faces":{
"down":{"uv":[0,7.916311,0.875,8.477811],"texture":"#brightguntexture"},
"up":{"uv":[0,7.522189,0.875,8.083689],"texture":"#brightguntexture"},
"west":{"uv":[7.522189,5.822552,8.083689,6.106152],"texture":"#brightguntexture"},
"east":{"uv":[7.916311,5.822552,8.477811,6.106152],"texture":"#brightguntexture"}
}
},
{
"__comment":"Element",
"from":[-0.125,9.5289,7.3217],
"to":[0.875,10.09609,8.682963],
"faces":{
"down":{"uv":[0,7.317037,0.875,8.6783],"texture":"#brightguntexture"},
"up":{"uv":[0,7.3217,0.875,8.682963],"texture":"#brightguntexture"},
"north":{"uv":[15.125,5.903906,16,6.4711],"texture":"#brightguntexture"},
"south":{"uv":[0,5.903906,0.875,6.4711],"texture":"#brightguntexture"},
"west":{"uv":[7.3217,5.903906,8.682963,6.4711],"texture":"#brightguntexture"},
"east":{"uv":[7.317037,5.903906,8.6783,6.4711],"texture":"#brightguntexture"}
}
},
{
"__comment":"Element",
"from":[-0.125,10.2078,8.2859],
"to":[0.875,10.4914,8.8474],
"rotation":{"origin":[-0.125,10.49142,8.285872],"axis":"x","angle":45},
"faces":{
"down":{"uv":[0,7.353165,0.875,7.914664],"texture":"#brightguntexture"},
"up":{"uv":[0,8.085336,0.875,8.646835],"texture":"#brightguntexture"},
"west":{"uv":[8.085336,5.42552,8.646835,5.70912],"texture":"#brightguntexture"},
"east":{"uv":[7.353164,5.42552,7.914664,5.70912],"texture":"#brightguntexture"}
}
},
{
"__comment":"Element",
"from":[2.625,9.1319,7.7187],
"to":[4,10.49316,8.285901],
"faces":{
"up":{"uv":[2.625,7.7187,4,8.285901],"texture":"#brightguntexture"},
"west":{"uv":[7.7187,5.506844,8.285901,6.8681],"texture":"#brightguntexture"}
}
},
{
"__comment":"Element",
"from":[2.625,9.130199,8.2859],
"to":[4,9.413799,8.8474],
"rotation":{"origin":[2.625,9.130211,8.285872],"axis":"x","angle":-45},
"faces":{
"down":{"uv":[2.625,7.152628,4,7.714128],"texture":"#brightguntexture"},
"up":{"uv":[2.625,8.285872,4,8.847372],"texture":"#brightguntexture"},
"west":{"uv":[8.285872,6.586189,8.847372,6.869789],"texture":"#brightguntexture"},
"east":{"uv":[7.152627,6.586189,7.714128,6.869789],"texture":"#brightguntexture"}
}
},
{
"__comment":"Element",
"from":[2.625,9.5289,7.3217],
"to":[4,10.09609,8.682963],
"faces":{
"north":{"uv":[12,5.903906,13.375,6.4711],"texture":"#brightguntexture"},
"south":{"uv":[2.625,5.903906,4,6.4711],"texture":"#brightguntexture"},
"west":{"uv":[7.3217,5.903906,8.682963,6.4711],"texture":"#brightguntexture"}
}
},
{
"__comment":"Element",
"from":[2.625,10.2078,8.2859],
"to":[4,10.4914,8.8474],
"rotation":{"origin":[2.625,10.49142,8.285872],"axis":"x","angle":45},
"faces":{
"down":{"uv":[2.625,7.353165,4,7.914664],"texture":"#brightguntexture"},
"up":{"uv":[2.625,8.085336,4,8.646835],"texture":"#brightguntexture"},
"west":{"uv":[8.085336,5.42552,8.646835,5.70912],"texture":"#brightguntexture"},
"east":{"uv":[7.353164,5.42552,7.914664,5.70912],"texture":"#brightguntexture"}
}
},
{
"__comment":"Element",
"from":[2.625,9.8108,7.3217],
"to":[4,10.0944,7.8832],
"rotation":{"origin":[2.625,10.09439,7.321654],"axis":"x","angle":-45},
"faces":{
"down":{"uv":[2.625,7.916311,4,8.477811],"texture":"#brightguntexture"},
"up":{"uv":[2.625,7.522189,4,8.083689],"texture":"#brightguntexture"},
"west":{"uv":[7.522189,5.822552,8.083689,6.106152],"texture":"#brightguntexture"},
"east":{"uv":[7.916311,5.822552,8.477811,6.106152],"texture":"#brightguntexture"}
}
},
{
"__comment":"Element",
"from":[2.625,9.5272,7.3217],
"to":[4,9.8108,7.8832],
"rotation":{"origin":[2.625,9.527198,7.321654],"axis":"x","angle":45},
"faces":{
"down":{"uv":[2.625,8.116846,4,8.678347],"texture":"#brightguntexture"},
"up":{"uv":[2.625,7.321653,4,7.883154],"texture":"#brightguntexture"},
"west":{"uv":[7.321654,6.189202,7.883154,6.472802],"texture":"#brightguntexture"},
"east":{"uv":[8.116846,6.189202,8.678347,6.472802],"texture":"#brightguntexture"}
}
},
{
"__comment":"Element",
"from":[-4.625,9.130199,8.2859],
"to":[-2.875,9.255199,8.8474],
"rotation":{"origin":[-4.625,9.130211,8.285872],"axis":"x","angle":-45},
"faces":{
"down":{"uv":[11.375,7.152628,13.125,7.714128],"texture":"#brightguntexture"},
"up":{"uv":[11.375,8.285872,13.125,8.847372],"texture":"#brightguntexture"},
"north":{"uv":[2.875,6.744789,4.625,6.869789],"texture":"#brightguntexture"},
"south":{"uv":[11.375,6.744789,13.125,6.869789],"texture":"#brightguntexture"}
}
},
{
"__comment":"Element",
"from":[-4.625,8.9657,7.3217],
"to":[-2.875,9.5272,7.4467],
"rotation":{"origin":[-4.625,9.527198,7.321654],"axis":"x","angle":-45},
"faces":{
"down":{"uv":[11.375,8.156305,13.125,8.281305],"texture":"#brightguntexture"},
"up":{"uv":[11.375,7.718695,13.125,7.843695],"texture":"#brightguntexture"},
"north":{"uv":[2.875,6.308343,4.625,6.869843],"texture":"#brightguntexture"},
"south":{"uv":[11.375,6.308343,13.125,6.869843],"texture":"#brightguntexture"}
}
},
{
"__comment":"Element",
"from":[-4.625,10.0944,7.3217],
"to":[-2.875,10.6559,7.4467],
"rotation":{"origin":[-4.625,10.09439,7.321654],"axis":"x","angle":45},
"faces":{
"down":{"uv":[11.375,8.553347,13.125,8.678347],"texture":"#brightguntexture"},
"up":{"uv":[11.375,7.321653,13.125,7.446653],"texture":"#brightguntexture"},
"north":{"uv":[2.875,5.344115,4.625,5.905615],"texture":"#brightguntexture"},
"south":{"uv":[11.375,5.344115,13.125,5.905615],"texture":"#brightguntexture"}
}
},
{
"__comment":"Element",
"from":[-4.625,10.3664,8.2859],
"to":[-2.875,10.4914,8.8474],
"rotation":{"origin":[-4.625,10.4914,8.2859],"axis":"x","angle":45},
"faces":{
"down":{"uv":[11.375,7.24099,13.125,7.802489],"texture":"#brightguntexture"},
"up":{"uv":[11.375,8.197511,13.125,8.75901],"texture":"#brightguntexture"},
"north":{"uv":[2.875,5.471989,4.625,5.596989],"texture":"#brightguntexture"},
"south":{"uv":[11.375,5.471989,13.125,5.596989],"texture":"#brightguntexture"}
}
},
{
"__comment":"Element",
"from":[-1.875,9.130199,8.2859],
"to":[-0.125,9.255199,8.8474],
"rotation":{"origin":[-1.875,9.130211,8.285872],"axis":"x","angle":-45},
"faces":{
"down":{"uv":[14.125,7.152628,15.875,7.714128],"texture":"#brightguntexture"},
"up":{"uv":[14.125,8.285872,15.875,8.847372],"texture":"#brightguntexture"},
"north":{"uv":[0.125,6.744789,1.875,6.869789],"texture":"#brightguntexture"},
"south":{"uv":[14.125,6.744789,15.875,6.869789],"texture":"#brightguntexture"}
}
},
{
"__comment":"Element",
"from":[-1.875,10.3664,8.2859],
"to":[-0.125,10.4914,8.8474],
"rotation":{"origin":[-1.875,10.4914,8.2859],"axis":"x","angle":45},
"faces":{
"down":{"uv":[14.125,7.24099,15.875,7.802489],"texture":"#brightguntexture"},
"up":{"uv":[14.125,8.197511,15.875,8.75901],"texture":"#brightguntexture"},
"north":{"uv":[0.125,5.471989,1.875,5.596989],"texture":"#brightguntexture"},
"south":{"uv":[14.125,5.471989,15.875,5.596989],"texture":"#brightguntexture"}
}
},
{
"__comment":"Element",
"from":[-1.875,8.9657,7.3217],
"to":[-0.125,9.5272,7.4467],
"rotation":{"origin":[-1.875,9.527198,7.321654],"axis":"x","angle":-45},
"faces":{
"down":{"uv":[14.125,8.156305,15.875,8.281305],"texture":"#brightguntexture"},
"up":{"uv":[14.125,7.718695,15.875,7.843695],"texture":"#brightguntexture"},
"north":{"uv":[0.125,6.308343,1.875,6.869843],"texture":"#brightguntexture"},
"south":{"uv":[14.125,6.308343,15.875,6.869843],"texture":"#brightguntexture"}
}
},
{
"__comment":"Element",
"from":[-1.875,10.0944,7.3217],
"to":[-0.125,10.6559,7.4467],
"rotation":{"origin":[-1.875,10.09439,7.321654],"axis":"x","angle":45},
"faces":{
"down":{"uv":[14.125,8.553347,15.875,8.678347],"texture":"#brightguntexture"},
"up":{"uv":[14.125,7.321653,15.875,7.446653],"texture":"#brightguntexture"},
"north":{"uv":[0.125,5.344115,1.875,5.905615],"texture":"#brightguntexture"},
"south":{"uv":[14.125,5.344115,15.875,5.905615],"texture":"#brightguntexture"}
}
},
{
"__comment":"Element",
"from":[0.875,10.0944,7.3217],
"to":[2.625,10.6559,7.4467],
"rotation":{"origin":[0.875,10.09439,7.321654],"axis":"x","angle":45},
"faces":{
"down":{"uv":[0.875,8.553347,2.625,8.678347],"texture":"#brightguntexture"},
"up":{"uv":[0.875,7.321653,2.625,7.446653],"texture":"#brightguntexture"},
"north":{"uv":[13.375,5.344115,15.125,5.905615],"texture":"#brightguntexture"},
"south":{"uv":[0.875,5.344115,2.625,5.905615],"texture":"#brightguntexture"}
}
},
{
"__comment":"Element",
"from":[0.875,8.9657,7.3217],
"to":[2.625,9.5272,7.4467],
"rotation":{"origin":[0.875,9.527198,7.321654],"axis":"x","angle":-45},
"faces":{
"up":{"uv":[0.875,7.718695,2.625,7.843695],"texture":"#brightguntexture"},
"north":{"uv":[13.375,6.308343,15.125,6.869843],"texture":"#brightguntexture"},
"south":{"uv":[0.875,6.308343,2.625,6.869843],"texture":"#brightguntexture"}
}
},
{
"__comment":"Element",
"from":[0.875,10.3664,8.2859],
"to":[2.625,10.4914,8.8474],
"rotation":{"origin":[0.875,10.4914,8.2859],"axis":"x","angle":45},
"faces":{
"down":{"uv":[0.875,7.24099,2.625,7.802489],"texture":"#brightguntexture"},
"up":{"uv":[0.875,8.197511,2.625,8.75901],"texture":"#brightguntexture"},
"north":{"uv":[13.375,5.471989,15.125,5.596989],"texture":"#brightguntexture"},
"south":{"uv":[0.875,5.471989,2.625,5.596989],"texture":"#brightguntexture"}
}
},
{
"__comment":"Element",
"from":[0.875,9.130199,8.2859],
"to":[2.625,9.255199,8.8474],
"rotation":{"origin":[0.875,9.130211,8.285872],"axis":"x","angle":-45},
"faces":{
"down":{"uv":[0.875,7.152628,2.625,7.714128],"texture":"#brightguntexture"},
"up":{"uv":[0.875,8.285872,2.625,8.847372],"texture":"#brightguntexture"},
"south":{"uv":[0.875,6.744789,2.625,6.869789],"texture":"#brightguntexture"}
}
},
{
"__comment":"Element",
"from":[-5.9375,10.7188,7.9375],
"to":[-5.1875,10.9688,8.0625],
"faces":{
"up":{"uv":[10.0625,7.9375,10.8125,8.0625],"texture":"#brightguntexture"},
"north":{"uv":[5.1875,5.031249,5.9375,5.281249],"texture":"#brightguntexture"},
"south":{"uv":[10.0625,5.031249,10.8125,5.281249],"texture":"#brightguntexture"},
"west":{"uv":[7.9375,5.031249,8.0625,5.281249],"texture":"#brightguntexture"},
"east":{"uv":[7.9375,5.031249,8.0625,5.281249],"texture":"#brightguntexture"}
}
},
{
"__comment":"Element",
"from":[-5.9375,11.2188,7.875],
"to":[-5.1875,11.3438,8.125],
"faces":{
"down":{"uv":[10.0625,7.875,10.8125,8.125],"texture":"#brightguntexture"},
"up":{"uv":[10.0625,7.875,10.8125,8.125],"texture":"#brightguntexture"},
"north":{"uv":[5.1875,4.656249,5.9375,4.781249],"texture":"#brightguntexture"},
"south":{"uv":[10.0625,4.656249,10.8125,4.781249],"texture":"#brightguntexture"},
"west":{"uv":[7.875,4.656249,8.125,4.781249],"texture":"#brightguntexture"},
"east":{"uv":[7.875,4.656249,8.125,4.781249],"texture":"#brightguntexture"}
}
},
{
"__comment":"Element",
"from":[-5.9375,11.1563,7.75],
"to":[-5.1875,11.2813,7.875],
"faces":{
"down":{"uv":[10.0625,8.125,10.8125,8.25],"texture":"#brightguntexture"},
"up":{"uv":[10.0625,7.75,10.8125,7.875],"texture":"#brightguntexture"},
"north":{"uv":[5.1875,4.718749,5.9375,4.843749],"texture":"#brightguntexture"},
"south":{"uv":[10.0625,4.718749,10.8125,4.843749],"texture":"#brightguntexture"},
"west":{"uv":[7.75,4.718749,7.875,4.843749],"texture":"#brightguntexture"},
"east":{"uv":[8.125,4.718749,8.25,4.843749],"texture":"#brightguntexture"}
}
},
{
"__comment":"Element",
"from":[-5.9375,10.8438,8.25],
"to":[-5.1875,11.0938,8.375],
"faces":{
"down":{"uv":[10.0625,7.625,10.8125,7.75],"texture":"#brightguntexture"},
"up":{"uv":[10.0625,8.25,10.8125,8.375],"texture":"#brightguntexture"},
"north":{"uv":[5.1875,4.906249,5.9375,5.156249],"texture":"#brightguntexture"},
"south":{"uv":[10.0625,4.906249,10.8125,5.156249],"texture":"#brightguntexture"},
"west":{"uv":[8.25,4.906249,8.375,5.156249],"texture":"#brightguntexture"},
"east":{"uv":[7.625,4.906249,7.75,5.156249],"texture":"#brightguntexture"}
}
},
{
"__comment":"Element",
"from":[-5.9375,10.8438,7.625],
"to":[-5.1875,11.0938,7.75],
"faces":{
"down":{"uv":[10.0625,8.25,10.8125,8.375],"texture":"#brightguntexture"},
"up":{"uv":[10.0625,7.625,10.8125,7.75],"texture":"#brightguntexture"},
"north":{"uv":[5.1875,4.906249,5.9375,5.156249],"texture":"#brightguntexture"},
"south":{"uv":[10.0625,4.906249,10.8125,5.156249],"texture":"#brightguntexture"},
"west":{"uv":[7.625,4.906249,7.75,5.156249],"texture":"#brightguntexture"},
"east":{"uv":[8.25,4.906249,8.375,5.156249],"texture":"#brightguntexture"}
}
},
{
"__comment":"Element",
"from":[-5.9375,11.0938,7.6875],
"to":[-5.1875,11.2188,7.8125],
"faces":{
"down":{"uv":[10.0625,8.1875,10.8125,8.3125],"texture":"#brightguntexture"},
"up":{"uv":[10.0625,7.6875,10.8125,7.8125],"texture":"#brightguntexture"},
"north":{"uv":[5.1875,4.781249,5.9375,4.906249],"texture":"#brightguntexture"},
"south":{"uv":[10.0625,4.781249,10.8125,4.906249],"texture":"#brightguntexture"},
"west":{"uv":[7.6875,4.781249,7.8125,4.906249],"texture":"#brightguntexture"},
"east":{"uv":[8.1875,4.781249,8.3125,4.906249],"texture":"#brightguntexture"}
}
},
{
"__comment":"Element",
"from":[-5.9375,10.7188,7.6875],
"to":[-5.1875,10.8438,7.8125],
"faces":{
"down":{"uv":[10.0625,8.1875,10.8125,8.3125],"texture":"#brightguntexture"},
"up":{"uv":[10.0625,7.6875,10.8125,7.8125],"texture":"#brightguntexture"},
"north":{"uv":[5.1875,5.156249,5.9375,5.281249],"texture":"#brightguntexture"},
"south":{"uv":[10.0625,5.156249,10.8125,5.281249],"texture":"#brightguntexture"},
"west":{"uv":[7.6875,5.156249,7.8125,5.281249],"texture":"#brightguntexture"},
"east":{"uv":[8.1875,5.156249,8.3125,5.281249],"texture":"#brightguntexture"}
}
},
{
"__comment":"Element",
"from":[-5.9375,11.0938,8.1875],
"to":[-5.1875,11.2188,8.3125],
"faces":{
"down":{"uv":[10.0625,7.6875,10.8125,7.8125],"texture":"#brightguntexture"},
"up":{"uv":[10.0625,8.1875,10.8125,8.3125],"texture":"#brightguntexture"},
"north":{"uv":[5.1875,4.781249,5.9375,4.906249],"texture":"#brightguntexture"},
"south":{"uv":[10.0625,4.781249,10.8125,4.906249],"texture":"#brightguntexture"},
"west":{"uv":[8.1875,4.781249,8.3125,4.906249],"texture":"#brightguntexture"},
"east":{"uv":[7.6875,4.781249,7.8125,4.906249],"texture":"#brightguntexture"}
}
},
{
"__comment":"Element",
"from":[-5.9375,10.7188,8.1875],
"to":[-5.1875,10.8438,8.3125],
"faces":{
"down":{"uv":[10.0625,7.6875,10.8125,7.8125],"texture":"#brightguntexture"},
"up":{"uv":[10.0625,8.1875,10.8125,8.3125],"texture":"#brightguntexture"},
"north":{"uv":[5.1875,5.156249,5.9375,5.281249],"texture":"#brightguntexture"},
"south":{"uv":[10.0625,5.156249,10.8125,5.281249],"texture":"#brightguntexture"},
"west":{"uv":[8.1875,5.156249,8.3125,5.281249],"texture":"#brightguntexture"},
"east":{"uv":[7.6875,5.156249,7.8125,5.281249],"texture":"#brightguntexture"}
}
},
{
"__comment":"Element",
"from":[-5.9375,10.9688,7.9844],
"to":[-5.8125,11.0688,8.0156],
"faces":{
"up":{"uv":[10.0625,7.984425,10.1875,8.015625],"texture":"#brightguntexture"},
"north":{"uv":[5.8125,4.931249,5.9375,5.031249],"texture":"#brightguntexture"},
"south":{"uv":[10.0625,4.931249,10.1875,5.031249],"texture":"#brightguntexture"},
"west":{"uv":[7.984425,4.931249,8.015625,5.031249],"texture":"#brightguntexture"},
"east":{"uv":[7.984375,4.931249,8.015575,5.031249],"texture":"#brightguntexture"}
}
},
{
"__comment":"Element",
"from":[-5.9375,11.1563,8.125],
"to":[-5.1875,11.2813,8.25],
"faces":{
"down":{"uv":[10.0625,7.75,10.8125,7.875],"texture":"#brightguntexture"},
"up":{"uv":[10.0625,8.125,10.8125,8.25],"texture":"#brightguntexture"},
"north":{"uv":[5.1875,4.718749,5.9375,4.843749],"texture":"#brightguntexture"},
"south":{"uv":[10.0625,4.718749,10.8125,4.843749],"texture":"#brightguntexture"},
"west":{"uv":[8.125,4.718749,8.25,4.843749],"texture":"#brightguntexture"},
"east":{"uv":[7.75,4.718749,7.875,4.843749],"texture":"#brightguntexture"}
}
},
{
"__comment":"Element",
"from":[4.4375,6.625,7.5],
"to":[5.9375,7.375,8.5],
"faces":{
"down":{"uv":[7,7.65625,9,8.34375],"texture":"#brightguntexture"},
"north":{"uv":[7,5.3125,9,5.5],"texture":"#brightguntexture"},
"south":{"uv":[7,5.3125,9,5.5],"texture":"#brightguntexture"},
"west":{"uv":[7.65625,5.3125,8.34375,5.5],"texture":"#brightguntexture"},
"east":{"uv":[7.65625,5.3125,8.34375,5.5],"texture":"#brightguntexture"}
}
},
{
"__comment":"Element",
"from":[7.25,10.75,7.6562],
"to":[9,10.9375,7.9687],
"faces":{
"down":{"uv":[7.25,8.03125,9,8.34375],"texture":"#brightguntexture"},
"up":{"uv":[7.25,7.65625,9,7.96875],"texture":"#brightguntexture"},
"north":{"uv":[7,5.062499,8.75,5.249999],"texture":"#brightguntexture"},
"south":{"uv":[7.25,5.062499,9,5.249999],"texture":"#brightguntexture"}
}
},
{
"__comment":"Element",
"from":[7,10.6875,7.6562],
"to":[7.25,10.9375,8.3437],
"faces":{
"up":{"uv":[7,7.65625,7.25,8.34375],"texture":"#brightguntexture"},
"north":{"uv":[8.75,5.062499,9,5.312499],"texture":"#brightguntexture"},
"south":{"uv":[7,5.062499,7.25,5.312499],"texture":"#brightguntexture"},
"west":{"uv":[7.65625,5.062499,8.34375,5.312499],"texture":"#brightguntexture"},
"east":{"uv":[7.65625,5.062499,8.34375,5.312499],"texture":"#brightguntexture"}
}
},
{
"__comment":"Element",
"from":[9,10.75,7.6562],
"to":[9.1875,11,8.3437],
"faces":{
"down":{"uv":[9,7.65625,9.1875,8.34375],"texture":"#brightguntexture"},
"up":{"uv":[9,7.65625,9.1875,8.34375],"texture":"#brightguntexture"},
"north":{"uv":[6.8125,4.999999,7,5.249999],"texture":"#brightguntexture"},
"south":{"uv":[9,4.999999,9.1875,5.249999],"texture":"#brightguntexture"},
"west":{"uv":[7.65625,4.999999,8.34375,5.249999],"texture":"#brightguntexture"},
"east":{"uv":[7.65625,4.999999,8.34375,5.249999],"texture":"#brightguntexture"}
}
},
{
"__comment":"Element",
"from":[8.5625,10.6875,7.4688],
"to":[9,11,7.9688],
"faces":{
"down":{"uv":[8.5625,8.03125,9,8.53125],"texture":"#brightguntexture"},
"up":{"uv":[8.5625,7.46875,9,7.96875],"texture":"#brightguntexture"},
"north":{"uv":[7,4.999999,7.4375,5.312499],"texture":"#brightguntexture"},
"south":{"uv":[8.5625,4.999999,9,5.312499],"texture":"#brightguntexture"},
"west":{"uv":[7.46875,4.999999,7.96875,5.312499],"texture":"#brightguntexture"},
"east":{"uv":[8.03125,4.999999,8.53125,5.312499],"texture":"#brightguntexture"}
}
},
{
"__comment":"Element",
"from":[9,11,7.6562],
"to":[9.1875,11.1875,7.9062],
"rotation":{"origin":[9,11,7.65625],"axis":"z","angle":-45},
"faces":{
"up":{"uv":[9,7.65625,9.1875,7.90625],"texture":"#brightguntexture"},
"north":{"uv":[6.8125,4.812499,7,4.999999],"texture":"#brightguntexture"},
"south":{"uv":[9,4.812499,9.1875,4.999999],"texture":"#brightguntexture"},
"west":{"uv":[7.65625,4.812499,7.90625,4.999999],"texture":"#brightguntexture"},
"east":{"uv":[8.09375,4.812499,8.34375,4.999999],"texture":"#brightguntexture"}
}
},
{
"__comment":"Element",
"from":[9,11,8.0938],
"to":[9.1875,11.1875,8.3438],
"rotation":{"origin":[9,11,8.09375],"axis":"z","angle":-45},
"faces":{
"up":{"uv":[9,8.09375,9.1875,8.34375],"texture":"#brightguntexture"},
"north":{"uv":[6.8125,4.812499,7,4.999999],"texture":"#brightguntexture"},
"south":{"uv":[9,4.812499,9.1875,4.999999],"texture":"#brightguntexture"},
"west":{"uv":[8.09375,4.812499,8.34375,4.999999],"texture":"#brightguntexture"},
"east":{"uv":[7.65625,4.812499,7.90625,4.999999],"texture":"#brightguntexture"}
}
},
{
"__comment":"Element",
"from":[7.25,10.75,8],
"to":[9,10.9375,8.3125],
"faces":{
"down":{"uv":[7.25,7.6875,9,8],"texture":"#brightguntexture"},
"up":{"uv":[7.25,8,9,8.3125],"texture":"#brightguntexture"},
"north":{"uv":[7,5.062499,8.75,5.249999],"texture":"#brightguntexture"},
"south":{"uv":[7.25,5.062499,9,5.249999],"texture":"#brightguntexture"}
}
},
{
"__comment":"Element",
"from":[8.5625,10.6875,8.031199],
"to":[9,11,8.531199],
"faces":{
"down":{"uv":[8.5625,7.46875,9,7.96875],"texture":"#brightguntexture"},
"up":{"uv":[8.5625,8.03125,9,8.53125],"texture":"#brightguntexture"},
"north":{"uv":[7,4.999999,7.4375,5.312499],"texture":"#brightguntexture"},
"south":{"uv":[8.5625,4.999999,9,5.312499],"texture":"#brightguntexture"},
"west":{"uv":[8.03125,4.999999,8.53125,5.312499],"texture":"#brightguntexture"},
"east":{"uv":[7.46875,4.999999,7.96875,5.312499],"texture":"#brightguntexture"}
}
},
{
"__comment":"Element",
"from":[16.5938,5.8125,7],
"to":[16.7813,6.125,9],
"faces":{
"down":{"uv":[0.59375,7,0.78125,9],"texture":"#wood"},
"up":{"uv":[0.59375,7,0.78125,9],"texture":"#wood"},
"north":{"uv":[15.21875,9.875,15.40625,10.1875],"texture":"#wood"},
"south":{"uv":[0.59375,9.875,0.78125,10.1875],"texture":"#wood"},
"west":{"uv":[7,9.875,9,10.1875],"texture":"#wood"}
}
},
{
"__comment":"Element",
"from":[23,6.9375,7],
"to":[23.625,7.1136,9],
"faces":{
"up":{"uv":[7,7,7.625,9],"texture":"#wood"},
"north":{"uv":[8.375,8.8864,9,9.0625],"texture":"#wood"},
"south":{"uv":[7,8.8864,7.625,9.0625],"texture":"#wood"},
"east":{"uv":[7,8.8864,9,9.0625],"texture":"#wood"}
}
},
{
"__comment":"Element",
"from":[21.75,2.625,7],
"to":[23,3.0625,9],
"faces":{
"down":{"uv":[5.75,7,7,9],"texture":"#wood"},
"north":{"uv":[9,12.9375,10.25,13.375],"texture":"#wood"},
"south":{"uv":[5.75,12.9375,7,13.375],"texture":"#wood"},
"west":{"uv":[7,12.9375,9,13.375],"texture":"#wood"}
}
},
{
"__comment":"Element",
"from":[18.375,5.125,7],
"to":[18.6875,5.375,9],
"faces":{
"north":{"uv":[13.3125,10.625,13.625,10.875],"texture":"#wood"},
"south":{"uv":[2.375,10.625,2.6875,10.875],"texture":"#wood"}
}
},
{
"__comment":"Element",
"from":[18.375,3.3125,7],
"to":[19.375,5.125,9],
"faces":{
"down":{"uv":[2.375,7,3.375,9],"texture":"#wood"},
"north":{"uv":[12.625,10.875,13.625,12.6875],"texture":"#wood"},
"south":{"uv":[2.375,10.875,3.375,12.6875],"texture":"#wood"},
"west":{"uv":[7,10.875,9,12.6875],"texture":"#wood"}
}
},
{
"__comment":"Element",
"from":[17.5,3.5625,7],
"to":[18.375,5.375,9],
"faces":{
"down":{"uv":[1.5,7,2.375,9],"texture":"#wood"},
"north":{"uv":[13.625,10.625,14.5,12.4375],"texture":"#wood"},
"south":{"uv":[1.5,10.625,2.375,12.4375],"texture":"#wood"},
"west":{"uv":[7,10.625,9,12.4375],"texture":"#wood"}
}
},
{
"__comment":"Element",
"from":[16.75,3.8125,7],
"to":[17.5,5.625,9],
"faces":{
"down":{"uv":[0.75,7,1.5,9],"texture":"#wood"},
"north":{"uv":[14.5,10.375,15.25,12.1875],"texture":"#wood"},
"south":{"uv":[0.75,10.375,1.5,12.1875],"texture":"#wood"},
"west":{"uv":[7,10.375,9,12.1875],"texture":"#wood"}
}
},
{
"__comment":"Element",
"from":[16.125,4,7],
"to":[16.75,5.8125,9],
"faces":{
"down":{"uv":[0.125,7,0.75,9],"texture":"#wood"},
"north":{"uv":[15.25,10.1875,15.875,12],"texture":"#wood"},
"south":{"uv":[0.125,10.1875,0.75,12],"texture":"#wood"},
"west":{"uv":[7,10.1875,9,12],"texture":"#wood"}
}
},
{
"__comment":"Element",
"from":[20.5,2.8125,7],
"to":[21.75,3.0625,9],
"faces":{
"down":{"uv":[4.5,7,5.75,9],"texture":"#wood"},
"north":{"uv":[10.25,12.9375,11.5,13.1875],"texture":"#wood"},
"south":{"uv":[4.5,12.9375,5.75,13.1875],"texture":"#wood"},
"west":{"uv":[7,12.9375,9,13.1875],"texture":"#wood"}
}
},
{
"__comment":"Element",
"from":[15.25,4.375,7],
"to":[15.625,4.625,9],
"faces":{
"down":{"uv":[15.25,7,15.625,9],"texture":"#wood"},
"up":{"uv":[15.25,7,15.625,9],"texture":"#wood"},
"north":{"uv":[0.375,11.375,0.75,11.625],"texture":"#wood"},
"south":{"uv":[15.25,11.375,15.625,11.625],"texture":"#wood"},
"west":{"uv":[7,11.375,9,11.625],"texture":"#wood"}
}
},
{
"__comment":"Element",
"from":[16.75,5.625,7],
"to":[17.5625,5.8125,9],
"faces":{
"down":{"uv":[0.75,7,1.5625,9],"texture":"#wood"},
"north":{"uv":[14.4375,10.1875,15.25,10.375],"texture":"#wood"},
"south":{"uv":[0.75,10.1875,1.5625,10.375],"texture":"#wood"}
}
},
{
"__comment":"Element",
"from":[17.5,5.375,7],
"to":[17.5625,5.625,9],
"faces":{
"north":{"uv":[14.4375,10.375,14.5,10.625],"texture":"#wood"},
"south":{"uv":[1.5,10.375,1.5625,10.625],"texture":"#wood"}
}
},
{
"__comment":"Element",
"from":[7,10.5,7.6562],
"to":[9,10.6875,8.3437],
"faces":{
"up":{"uv":[7,7.65625,9,8.34375],"texture":"#brightguntexture"},
"north":{"uv":[7,5.3125,9,5.5],"texture":"#brightguntexture"},
"south":{"uv":[7,5.3125,9,5.5],"texture":"#brightguntexture"},
"west":{"uv":[7.65625,5.3125,8.34375,5.5],"texture":"#brightguntexture"},
"east":{"uv":[7.65625,5.3125,8.34375,5.5],"texture":"#brightguntexture"}
}
},
{
"__comment":"Element",
"from":[3.9375,3.6875,7.5],
"to":[5.4375,3.9375,8.5],
"faces":{
"down":{"uv":[7,7.65625,9,8.34375],"texture":"#brightguntexture"},
"up":{"uv":[7,7.65625,9,8.34375],"texture":"#brightguntexture"},
"north":{"uv":[7,5.3125,9,5.5],"texture":"#brightguntexture"},
"south":{"uv":[7,5.3125,9,5.5],"texture":"#brightguntexture"},
"west":{"uv":[7.65625,5.3125,8.34375,5.5],"texture":"#brightguntexture"},
"east":{"uv":[7.65625,5.3125,8.34375,5.5],"texture":"#brightguntexture"}
}
},
{
"__comment":"Element",
"from":[4.3125,5.5625,7.5],
"to":[5.8125,6.0625,8.5],
"faces":{
"down":{"uv":[7,7.65625,9,8.34375],"texture":"#brightguntexture"},
"up":{"uv":[7,7.65625,9,8.34375],"texture":"#brightguntexture"},
"north":{"uv":[7,5.3125,9,5.5],"texture":"#brightguntexture"},
"south":{"uv":[7,5.3125,9,5.5],"texture":"#brightguntexture"},
"west":{"uv":[7.65625,5.3125,8.34375,5.5],"texture":"#brightguntexture"},
"east":{"uv":[7.65625,5.3125,8.34375,5.5],"texture":"#brightguntexture"}
}
},
{
"__comment":"Element",
"from":[4.1875,4.75,7.5],
"to":[5.6875,5.125,8.5],
"faces":{
"down":{"uv":[7,7.65625,9,8.34375],"texture":"#brightguntexture"},
"up":{"uv":[7,7.65625,9,8.34375],"texture":"#brightguntexture"},
"north":{"uv":[7,5.3125,9,5.5],"texture":"#brightguntexture"},
"south":{"uv":[7,5.3125,9,5.5],"texture":"#brightguntexture"},
"west":{"uv":[7.65625,5.3125,8.34375,5.5],"texture":"#brightguntexture"},
"east":{"uv":[7.65625,5.3125,8.34375,5.5],"texture":"#brightguntexture"}
}
},
{
"__comment":"Element",
"from":[4.125,4.4375,7.5],
"to":[5.625,4.75,8.5],
"faces":{
"down":{"uv":[7,7.65625,9,8.34375],"texture":"#brightguntexture"},
"up":{"uv":[7,7.65625,9,8.34375],"texture":"#brightguntexture"},
"north":{"uv":[7,5.3125,9,5.5],"texture":"#brightguntexture"},
"south":{"uv":[7,5.3125,9,5.5],"texture":"#brightguntexture"},
"west":{"uv":[7.65625,5.3125,8.34375,5.5],"texture":"#brightguntexture"},
"east":{"uv":[7.65625,5.3125,8.34375,5.5],"texture":"#brightguntexture"}
}
},
{
"__comment":"Element",
"from":[3.75,3.125,7.5],
"to":[5.25,3.3125,8.5],
"faces":{
"down":{"uv":[7,7.65625,9,8.34375],"texture":"#brightguntexture"},
"up":{"uv":[7,7.65625,9,8.34375],"texture":"#brightguntexture"},
"north":{"uv":[7,5.3125,9,5.5],"texture":"#brightguntexture"},
"south":{"uv":[7,5.3125,9,5.5],"texture":"#brightguntexture"},
"west":{"uv":[7.65625,5.3125,8.34375,5.5],"texture":"#brightguntexture"},
"east":{"uv":[7.65625,5.3125,8.34375,5.5],"texture":"#brightguntexture"}
}
},
{
"__comment":"Element",
"from":[3.5,2.6875,7.5],
"to":[5.0625,2.8125,8.5],
"faces":{
"down":{"uv":[7,7.65625,9,8.34375],"texture":"#brightguntexture"},
"up":{"uv":[7,7.65625,9,8.34375],"texture":"#brightguntexture"},
"north":{"uv":[7,5.3125,9,5.5],"texture":"#brightguntexture"},
"south":{"uv":[7,5.3125,9,5.5],"texture":"#brightguntexture"},
"west":{"uv":[7.65625,5.3125,8.34375,5.5],"texture":"#brightguntexture"},
"east":{"uv":[7.65625,5.3125,8.34375,5.5],"texture":"#brightguntexture"}
}
},
{
"__comment":"Element",
"from":[3.6875,2.9375,7.5],
"to":[5.1875,3.125,8.5],
"faces":{
"down":{"uv":[7,7.65625,9,8.34375],"texture":"#brightguntexture"},
"up":{"uv":[7,7.65625,9,8.34375],"texture":"#brightguntexture"},
"north":{"uv":[7,5.3125,9,5.5],"texture":"#brightguntexture"},
"south":{"uv":[7,5.3125,9,5.5],"texture":"#brightguntexture"},
"west":{"uv":[7.65625,5.3125,8.34375,5.5],"texture":"#brightguntexture"},
"east":{"uv":[7.65625,5.3125,8.34375,5.5],"texture":"#brightguntexture"}
}
},
{
"__comment":"Element",
"from":[3.5625,2.8125,7.5],
"to":[5.125,2.9375,8.5],
"faces":{
"down":{"uv":[7,7.65625,9,8.34375],"texture":"#brightguntexture"},
"up":{"uv":[7,7.65625,9,8.34375],"texture":"#brightguntexture"},
"north":{"uv":[7,5.3125,9,5.5],"texture":"#brightguntexture"},
"south":{"uv":[7,5.3125,9,5.5],"texture":"#brightguntexture"},
"west":{"uv":[7.65625,5.3125,8.34375,5.5],"texture":"#brightguntexture"},
"east":{"uv":[7.65625,5.3125,8.34375,5.5],"texture":"#brightguntexture"}
}
},
{
"__comment":"Element",
"from":[3.4375,2.5625,7.5],
"to":[5,2.6875,8.5],
"faces":{
"down":{"uv":[7,7.65625,9,8.34375],"texture":"#brightguntexture"},
"up":{"uv":[7,7.65625,9,8.34375],"texture":"#brightguntexture"},
"north":{"uv":[7,5.3125,9,5.5],"texture":"#brightguntexture"},
"south":{"uv":[7,5.3125,9,5.5],"texture":"#brightguntexture"},
"west":{"uv":[7.65625,5.3125,8.34375,5.5],"texture":"#brightguntexture"},
"east":{"uv":[7.65625,5.3125,8.34375,5.5],"texture":"#brightguntexture"}
}
},
{
"__comment":"Element",
"from":[3.375,2.4375,7.5],
"to":[4.9375,2.5625,8.5],
"faces":{
"down":{"uv":[7,7.65625,9,8.34375],"texture":"#brightguntexture"},
"up":{"uv":[7,7.65625,9,8.34375],"texture":"#brightguntexture"},
"north":{"uv":[7,5.3125,9,5.5],"texture":"#brightguntexture"},
"south":{"uv":[7,5.3125,9,5.5],"texture":"#brightguntexture"},
"west":{"uv":[7.65625,5.3125,8.34375,5.5],"texture":"#brightguntexture"},
"east":{"uv":[7.65625,5.3125,8.34375,5.5],"texture":"#brightguntexture"}
}
},
{
"__comment":"Element",
"from":[3.3125,2.3125,7.5],
"to":[4.875,2.4375,8.5],
"faces":{
"down":{"uv":[7,7.65625,9,8.34375],"texture":"#brightguntexture"},
"up":{"uv":[7,7.65625,9,8.34375],"texture":"#brightguntexture"},
"north":{"uv":[7,5.3125,9,5.5],"texture":"#brightguntexture"},
"south":{"uv":[7,5.3125,9,5.5],"texture":"#brightguntexture"},
"west":{"uv":[7.65625,5.3125,8.34375,5.5],"texture":"#brightguntexture"},
"east":{"uv":[7.65625,5.3125,8.34375,5.5],"texture":"#brightguntexture"}
}
},
{
"__comment":"Element",
"from":[3.5,2.1875,7.5],
"to":[4.8125,2.3125,8.5],
"faces":{
"down":{"uv":[7,7.65625,9,8.34375],"texture":"#brightguntexture"},
"up":{"uv":[7,7.65625,9,8.34375],"texture":"#brightguntexture"},
"north":{"uv":[7,5.5,8.625,5.75],"texture":"#brightguntexture"},
"south":{"uv":[7.375,5.5,9,5.75],"texture":"#brightguntexture"},
"west":{"uv":[7.65625,5.3125,8.34375,5.5],"texture":"#brightguntexture"},
"east":{"uv":[7.65625,5.3125,8.34375,5.5],"texture":"#brightguntexture"}
}
},
{
"__comment":"Element",
"from":[3.6875,2.0625,7.5],
"to":[4.75,2.1875,8.5],
"faces":{
"down":{"uv":[7,7.65625,9,8.34375],"texture":"#brightguntexture"},
"up":{"uv":[7,7.65625,9,8.34375],"texture":"#brightguntexture"},
"north":{"uv":[7,5.5,8.25,5.75],"texture":"#brightguntexture"},
"south":{"uv":[7.75,5.5,9,5.75],"texture":"#brightguntexture"},
"west":{"uv":[7.65625,5.3125,8.34375,5.5],"texture":"#brightguntexture"},
"east":{"uv":[7.65625,5.3125,8.34375,5.5],"texture":"#brightguntexture"}
}
},
{
"__comment":"Element",
"from":[3.875,1.9375,7.5],
"to":[4.6875,2.0625,8.5],
"faces":{
"down":{"uv":[7,7.65625,9,8.34375],"texture":"#brightguntexture"},
"up":{"uv":[7,7.65625,9,8.34375],"texture":"#brightguntexture"},
"north":{"uv":[7,5.5,8,5.75],"texture":"#brightguntexture"},
"south":{"uv":[8,5.5,9,5.75],"texture":"#brightguntexture"},
"west":{"uv":[7.65625,5.3125,8.34375,5.5],"texture":"#brightguntexture"},
"east":{"uv":[7.65625,5.3125,8.34375,5.5],"texture":"#brightguntexture"}
}
},
{
"__comment":"Element",
"from":[4.0625,1.8125,7.5],
"to":[4.625,1.9375,8.5],
"faces":{
"down":{"uv":[7,7.65625,9,8.34375],"texture":"#brightguntexture"},
"up":{"uv":[7,7.65625,9,8.34375],"texture":"#brightguntexture"},
"north":{"uv":[7,5.5,8,5.75],"texture":"#brightguntexture"},
"south":{"uv":[8,5.5,9,5.75],"texture":"#brightguntexture"},
"west":{"uv":[7.65625,5.3125,8.34375,5.5],"texture":"#brightguntexture"},
"east":{"uv":[7.65625,5.3125,8.34375,5.5],"texture":"#brightguntexture"}
}
},
{
"__comment":"Element",
"from":[4.25,1.6875,7.5],
"to":[4.5625,1.8125,8.5],
"faces":{
"down":{"uv":[7,7.65625,9,8.34375],"texture":"#brightguntexture"},
"up":{"uv":[7,7.65625,9,8.34375],"texture":"#brightguntexture"},
"north":{"uv":[7,5.5,8,5.75],"texture":"#brightguntexture"},
"south":{"uv":[8,5.5,9,5.75],"texture":"#brightguntexture"},
"west":{"uv":[7.65625,5.3125,8.34375,5.5],"texture":"#brightguntexture"},
"east":{"uv":[7.65625,5.3125,8.34375,5.5],"texture":"#brightguntexture"}
}
},
{
"__comment":"Element",
"from":[4.375,1.625,7.5],
"to":[4.5,1.6875,8.5],
"faces":{
"down":{"uv":[7,7.65625,9,8.34375],"texture":"#brightguntexture"},
"up":{"uv":[7,7.65625,9,8.34375],"texture":"#brightguntexture"},
"north":{"uv":[7,5.5,8,5.75],"texture":"#brightguntexture"},
"south":{"uv":[8,5.5,9,5.75],"texture":"#brightguntexture"},
"west":{"uv":[7.65625,5.3125,8.34375,5.5],"texture":"#brightguntexture"},
"east":{"uv":[7.65625,5.3125,8.34375,5.5],"texture":"#brightguntexture"}
}
},
{
"__comment":"Element",
"from":[3.8125,3.3125,7.5],
"to":[5.3125,3.5,8.5],
"faces":{
"down":{"uv":[7,7.65625,9,8.34375],"texture":"#brightguntexture"},
"up":{"uv":[7,7.65625,9,8.34375],"texture":"#brightguntexture"},
"north":{"uv":[7,5.3125,9,5.5],"texture":"#brightguntexture"},
"south":{"uv":[7,5.3125,9,5.5],"texture":"#brightguntexture"},
"west":{"uv":[7.65625,5.3125,8.34375,5.5],"texture":"#brightguntexture"},
"east":{"uv":[7.65625,5.3125,8.34375,5.5],"texture":"#brightguntexture"}
}
},
{
"__comment":"Element",
"from":[3.875,3.5,7.5],
"to":[5.375,3.6875,8.5],
"faces":{
"down":{"uv":[7,7.65625,9,8.34375],"texture":"#brightguntexture"},
"up":{"uv":[7,7.65625,9,8.34375],"texture":"#brightguntexture"},
"north":{"uv":[7,5.3125,9,5.5],"texture":"#brightguntexture"},
"south":{"uv":[7,5.3125,9,5.5],"texture":"#brightguntexture"},
"west":{"uv":[7.65625,5.3125,8.34375,5.5],"texture":"#brightguntexture"},
"east":{"uv":[7.65625,5.3125,8.34375,5.5],"texture":"#brightguntexture"}
}
},
{
"__comment":"Element",
"from":[4,3.9375,7.5],
"to":[5.5,4.1875,8.5],
"faces":{
"down":{"uv":[7,7.65625,9,8.34375],"texture":"#brightguntexture"},
"up":{"uv":[7,7.65625,9,8.34375],"texture":"#brightguntexture"},
"north":{"uv":[7,5.3125,9,5.5],"texture":"#brightguntexture"},
"south":{"uv":[7,5.3125,9,5.5],"texture":"#brightguntexture"},
"west":{"uv":[7.65625,5.3125,8.34375,5.5],"texture":"#brightguntexture"},
"east":{"uv":[7.65625,5.3125,8.34375,5.5],"texture":"#brightguntexture"}
}
},
{
"__comment":"Element",
"from":[4.0625,4.1875,7.5],
"to":[5.5625,4.4375,8.5],
"faces":{
"down":{"uv":[7,7.65625,9,8.34375],"texture":"#brightguntexture"},
"up":{"uv":[7,7.65625,9,8.34375],"texture":"#brightguntexture"},
"north":{"uv":[7,5.3125,9,5.5],"texture":"#brightguntexture"},
"south":{"uv":[7,5.3125,9,5.5],"texture":"#brightguntexture"},
"west":{"uv":[7.65625,5.3125,8.34375,5.5],"texture":"#brightguntexture"},
"east":{"uv":[7.65625,5.3125,8.34375,5.5],"texture":"#brightguntexture"}
}
},
{
"__comment":"Element",
"from":[4.25,5.125,7.5],
"to":[5.75,5.5625,8.5],
"faces":{
"down":{"uv":[7,7.65625,9,8.34375],"texture":"#brightguntexture"},
"up":{"uv":[7,7.65625,9,8.34375],"texture":"#brightguntexture"},
"north":{"uv":[7,5.3125,9,5.5],"texture":"#brightguntexture"},
"south":{"uv":[7,5.3125,9,5.5],"texture":"#brightguntexture"},
"west":{"uv":[7.65625,5.3125,8.34375,5.5],"texture":"#brightguntexture"},
"east":{"uv":[7.65625,5.3125,8.34375,5.5],"texture":"#brightguntexture"}
}
},
{
"__comment":"Element",
"from":[4.375,6.0625,7.5],
"to":[5.875,6.625,8.5],
"faces":{
"down":{"uv":[7,7.65625,9,8.34375],"texture":"#brightguntexture"},
"up":{"uv":[7,7.65625,9,8.34375],"texture":"#brightguntexture"},
"north":{"uv":[7,5.3125,9,5.5],"texture":"#brightguntexture"},
"south":{"uv":[7,5.3125,9,5.5],"texture":"#brightguntexture"},
"west":{"uv":[7.65625,5.3125,8.34375,5.5],"texture":"#brightguntexture"},
"east":{"uv":[7.65625,5.3125,8.34375,5.5],"texture":"#brightguntexture"}
}
},
{
"__comment":"Element",
"from":[6.1875,7,7.75],
"to":[6.5625,7.375,8.25],
"faces":{
"down":{"uv":[7,7.65625,9,8.34375],"texture":"#brightguntexture"},
"north":{"uv":[7,5.3125,9,5.5],"texture":"#brightguntexture"},
"south":{"uv":[7,5.3125,9,5.5],"texture":"#brightguntexture"},
"west":{"uv":[7.65625,5.3125,8.34375,5.5],"texture":"#brightguntexture"},
"east":{"uv":[7.65625,5.3125,8.34375,5.5],"texture":"#brightguntexture"}
}
},
{
"__comment":"Element",
"from":[6.25,6.8125,7.75],
"to":[6.375,7,8.25],
"faces":{
"down":{"uv":[7,7.65625,9,8.34375],"texture":"#brightguntexture"},
"north":{"uv":[7,5.3125,9,5.5],"texture":"#brightguntexture"},
"south":{"uv":[7,5.3125,9,5.5],"texture":"#brightguntexture"},
"west":{"uv":[7.65625,5.3125,8.34375,5.5],"texture":"#brightguntexture"},
"east":{"uv":[7.65625,5.3125,8.34375,5.5],"texture":"#brightguntexture"}
}
},
{
"__comment":"Element",
"from":[3.625,2.9375,7.5],
"to":[3.6875,3.03125,8.5],
"faces":{
"down":{"uv":[7,7.65625,9,8.34375],"texture":"#brightguntexture"},
"up":{"uv":[7,7.65625,9,8.34375],"texture":"#brightguntexture"},
"north":{"uv":[8.375,5.5,8.625,5.75],"texture":"#brightguntexture"},
"south":{"uv":[7.375,5.5,7.625,5.75],"texture":"#brightguntexture"},
"west":{"uv":[7.65625,5.3125,8.34375,5.5],"texture":"#brightguntexture"},
"east":{"uv":[7.65625,5.3125,8.34375,5.5],"texture":"#brightguntexture"}
}
}
],
"display":{
"thirdperson_righthand":{
"rotation":[-180,-90,130],
"translation":[0,4,1],
"scale":[0.7,0.7,0.7]
},
"thirdperson_lefthand":{
"rotation":[-180,90,-130],
"translation":[0,4,1],
"scale":[0.7,0.7,0.7]
},
"firstperson_righthand":{
"rotation":[0,-90,0],
"translation":[-2.5,4.25,1],
"scale":[0.8,0.8,0.8]
},
"firstperson_lefthand":{
"rotation":[0,90,0],
"translation":[-2.5,4.25,1],
"scale":[0.8,0.8,0.8]
},
"gui":{
"rotation":[-15,40,0],
"translation":[-0.5,0,0],
"scale":[0.6,0.6,0.6]
},
"head":{
"rotation":[0,-90,0],
"translation":[0,12,0],
"scale":[0.6,0.6,0.6]
},
"ground":{
"rotation":[90,0,0],
"translation":[1,0,0],
"scale":[0.6,0.6,0.6]
},
"fixed":{
"translation":[0,0,-1]
}
}
}