{
"elements":[
{
"from":[-0.8988,7.9907,7.7603],
"to":[7.1637,8.4907,8.2603],
"faces":{
"down":{"uv":[0,7.75,4,8.25],"texture":"#brightguntexture"},
"up":{"uv":[0,7.75,4,8.25],"texture":"#brightguntexture"},
"north":{"uv":[12,5.9375,16,6.4375],"texture":"#brightguntexture"},
"south":{"uv":[0,5.9375,4,6.4375],"texture":"#brightguntexture"}
}
},
{
"from":[7.6706,7.3288,7.6665],
"to":[16.1706,8.9788,8.354],
"faces":{
"down":{"uv":[4.50685,7.65633,13.00685,8.34383],"texture":"#brightguntexture"},
"up":{"uv":[4.50685,7.65617,13.00685,8.34367],"texture":"#brightguntexture"},
"north":{"uv":[2.99315,5.44939,11.49315,7.09939],"texture":"#brightguntexture"},
"south":{"uv":[4.50685,5.44939,13.00685,7.09939],"texture":"#brightguntexture"},
"west":{"uv":[7.6562,5.4494,8.3437,7.0994],"texture":"#brightguntexture"}
}
},
{
"from":[7.6638,7.3268,8.3539],
"to":[16.1638,7.67055,9.03449],
"rotation":{"origin":[7.663751,7.32683,8.35395],"axis":"x","angle":-45},
"faces":{
"down":{"uv":[4.5,6.97576,13,7.65635],"texture":"#brightguntexture"},
"up":{"uv":[4.5,8.34365,13,9.02424],"texture":"#brightguntexture"},
"west":{"uv":[8.34365,6.75765,9.02424,7.1014],"texture":"#brightguntexture"},
"east":{"uv":[6.97576,6.75765,7.65635,7.1014],"texture":"#brightguntexture"}
}
},
{
"from":[7.6638,8.632999,8.3539],
"to":[16.1638,8.9768,9.03449],
"rotation":{"origin":[7.663751,8.97673,8.3539],"axis":"x","angle":45},
"faces":{
"down":{"uv":[4.5,7.21888,13,7.899469],"texture":"#brightguntexture"},
"up":{"uv":[4.5,8.10053,13,8.78112],"texture":"#brightguntexture"},
"west":{"uv":[8.10053,5.35077,8.78112,5.694571],"texture":"#brightguntexture"},
"east":{"uv":[7.21888,5.35077,7.89947,5.694571],"texture":"#brightguntexture"}
}
},
{
"from":[7.6638,8.1518,7.1852],
"to":[16.1638,8.4956,7.865799],
"rotation":{"origin":[7.663751,8.49552,7.1852],"axis":"x","angle":-45},
"faces":{
"down":{"uv":[7,7.90147,13,8.58204],"texture":"#brightguntexture"},
"up":{"uv":[7,7.41796,13,8.09853],"texture":"#brightguntexture"},
"west":{"uv":[7.41796,5.83202,8.09853,6.17577],"texture":"#brightguntexture"},
"east":{"uv":[7.90147,5.83202,8.58204,6.17577],"texture":"#brightguntexture"}
}
},
{
"from":[7.6638,7.808,7.1852],
"to":[16.1638,8.151749,7.865789],
"rotation":{"origin":[7.663751,7.80802,7.1852],"axis":"x","angle":45},
"faces":{
"down":{"uv":[4.5,8.14451,13,8.8251],"texture":"#brightguntexture"},
"up":{"uv":[4.5,7.1749,13,7.85549],"texture":"#brightguntexture"},
"west":{"uv":[7.1749,6.276461,7.85549,6.620211],"texture":"#brightguntexture"},
"east":{"uv":[8.14451,6.276461,8.8251,6.620211],"texture":"#brightguntexture"}
}
},
{
"from":[16.1638,7.2237,8.4003],
"to":[16.6638,7.601941,9.14895],
"rotation":{"origin":[16.16375,7.2237,8.40032],"axis":"x","angle":-45},
"faces":{
"down":{"uv":[13,6.86133,13.5,7.60998],"texture":"#brightguntexture"},
"up":{"uv":[13,8.39002,13.5,9.13867],"texture":"#brightguntexture"},
"west":{"uv":[8.39002,6.82629,9.13867,7.20453],"texture":"#brightguntexture"},
"east":{"uv":[6.86133,6.82629,7.60998,7.20453],"texture":"#brightguntexture"}
}
},
{
"from":[16.1638,7.2259,7.6441],
"to":[16.6638,9.04101,8.400349],
"faces":{
"down":{"uv":[13,7.60995,13.5,8.3662],"texture":"#brightguntexture"},
"up":{"uv":[13,7.633801,13.5,8.39005],"texture":"#brightguntexture"},
"north":{"uv":[2.5,5.38719,3,7.2023],"texture":"#brightguntexture"},
"south":{"uv":[13,5.38719,13.5,7.2023],"texture":"#brightguntexture"},
"west":{"uv":[7.6338,5.38719,8.39005,7.2023],"texture":"#brightguntexture"},
"east":{"uv":[7.60995,5.38719,8.3662,7.2023],"texture":"#brightguntexture"}
}
},
{
"from":[16.1638,7.753,7.1147],
"to":[16.6638,8.131229,7.86335],
"rotation":{"origin":[16.16375,7.753019,7.1147],"axis":"x","angle":45},
"faces":{
"down":{"uv":[13,8.14695,13.5,8.8956],"texture":"#brightguntexture"},
"up":{"uv":[13,7.104401,13.5,7.85305],"texture":"#brightguntexture"},
"west":{"uv":[7.1044,6.29698,7.85305,6.67521],"texture":"#brightguntexture"},
"east":{"uv":[8.14695,6.29698,8.8956,6.67521],"texture":"#brightguntexture"}
}
},
{
"from":[16.1638,7.7553,7.1147],
"to":[16.6638,8.51166,8.9297],
"faces":{
"down":{"uv":[13,7.0806,13.5,8.895599],"texture":"#1"},
"up":{"uv":[13,7.104401,13.5,8.9194],"texture":"#1"},
"north":{"uv":[2.5,5.91654,3,6.6729],"texture":"#brightguntexture"},
"south":{"uv":[13,5.91654,13.5,6.6729],"texture":"#brightguntexture"},
"west":{"uv":[7.1044,5.91654,8.9194,6.6729],"texture":"#brightguntexture"},
"east":{"uv":[7.0806,5.91654,8.8956,6.6729],"texture":"#brightguntexture"}
}
},
{
"from":[16.1638,8.1311,7.1146],
"to":[16.6638,8.50933,7.863249],
"rotation":{"origin":[16.16375,8.50927,7.1147],"axis":"x","angle":-45},
"faces":{
"down":{"uv":[13,7.87958,13.5,8.62823],"texture":"#brightguntexture"},
"up":{"uv":[13,7.37177,13.5,8.12042],"texture":"#brightguntexture"},
"west":{"uv":[7.37177,5.80818,8.12042,6.18642],"texture":"#brightguntexture"},
"east":{"uv":[7.87958,5.80818,8.62823,6.18642],"texture":"#brightguntexture"}
}
},
{
"from":[16.1638,8.660399,8.4004],
"to":[16.6638,9.03863,9.149051],
"rotation":{"origin":[16.16375,9.038639,8.40032],"axis":"x","angle":45},
"faces":{
"down":{"uv":[13,7.12871,13.5,7.87735],"texture":"#brightguntexture"},
"up":{"uv":[13,8.12265,13.5,8.8713],"texture":"#brightguntexture"},
"west":{"uv":[8.12265,5.2788,8.8713,5.65704],"texture":"#brightguntexture"},
"east":{"uv":[7.12871,5.2788,7.87735,5.65704],"texture":"#brightguntexture"}
}
},
{
"from":[10.5388,8.0532,6.0103],
"to":[10.7888,8.1782,6.6353],
"rotation":{"origin":[11.16375,6.42823,8.0103],"axis":"x","angle":22.5},
"faces":{
"up":{"uv":[7.375,6.59375,7.625,7.21875],"texture":"#brightguntexture"},
"north":{"uv":[8.375,6.25,8.625,6.375],"texture":"#brightguntexture"},
"west":{"uv":[6.59375,6.25,7.21875,6.375],"texture":"#brightguntexture"},
"east":{"uv":[8.78125,6.25,9.40625,6.375],"texture":"#brightguntexture"}
}
},
{
"from":[10.4138,7.8032,6.0103],
"to":[10.7888,8.0532,6.7603],
"rotation":{"origin":[11.16375,6.42823,8.0103],"axis":"x","angle":22.5},
"faces":{
"down":{"uv":[7.25,8.78125,7.625,9.53125],"texture":"#brightguntexture"},
"up":{"uv":[7.25,6.46875,7.625,7.21875],"texture":"#brightguntexture"},
"north":{"uv":[8.375,6.375,8.75,6.625],"texture":"#brightguntexture"},
"west":{"uv":[6.46875,6.375,7.21875,6.625],"texture":"#brightguntexture"},
"east":{"uv":[8.78125,6.375,9.53125,6.625],"texture":"#brightguntexture"}
}
},
{
"from":[7.6638,7.8032,7.1877],
"to":[16.1638,8.4907,8.8377],
"faces":{
"down":{"uv":[4.5,7.1726,13,8.822599],"texture":"#brightguntexture"},
"up":{"uv":[4.5,7.177401,13,8.8274],"texture":"#brightguntexture"},
"north":{"uv":[3,5.9375,11.5,6.625],"texture":"#brightguntexture"},
"south":{"uv":[4.5,5.9375,13,6.625],"texture":"#brightguntexture"},
"west":{"uv":[7.1774,5.9375,8.8274,6.625],"texture":"#brightguntexture"}
}
},
{
"from":[-1.1388,7.8096,7.1882],
"to":[0.1741102,8.497378,8.838727],
"faces":{
"down":{"uv":[11,7.317039,12.375,8.6783],"texture":"#1"},
"up":{"uv":[11,7.3217,12.375,8.68296],"texture":"#1"},
"north":{"uv":[4.625,5.90386,6,6.4711],"texture":"#brightguntexture"},
"south":{"uv":[10,5.90386,11.375,6.4711],"texture":"#brightguntexture"},
"west":{"uv":[7.3217,5.90386,8.68296,6.4711],"texture":"#brightguntexture"}
}
},
{
"from":[-1.1388,7.3262,8.3573],
"to":[0.8902429,7.670064,9.038118],
"rotation":{"origin":[-2.180437,7.326217,8.357304],"axis":"x","angle":-45},
"faces":{
"down":{"uv":[0,5.56146,1.375,6.56146],"texture":"#brightguntexture"},
"up":{"uv":[10,8.28587,11.375,8.84737],"texture":"#brightguntexture"},
"south":{"uv":[11,6.586135,12.375,6.869775],"texture":"#1"},
"west":{"uv":[8.28587,6.58615,8.84737,6.86979],"texture":"#brightguntexture"},
"east":{"uv":[7.15263,6.58615,7.71413,6.86979],"texture":"#brightguntexture"}
}
},
{
"from":[-1.1388,7.3283,7.6696],
"to":[0.8902429,8.978876,8.35733],
"faces":{
"down":{"uv":[10,7.7141,11.375,8.2813],"texture":"#brightguntexture"},
"up":{"uv":[10,7.7187,11.375,8.2859],"texture":"#brightguntexture"},
"north":{"uv":[3.625,5.5068,5,6.8681],"texture":"#1"},
"south":{"uv":[11,5.5068,12.375,6.8681],"texture":"#1"},
"west":{"uv":[7.7187,5.5068,8.2859,6.8681],"texture":"#brightguntexture"}
}
},
{
"from":[-1.1388,7.8076,7.1882],
"to":[0.8902429,8.151464,7.869019],
"rotation":{"origin":[-2.180437,7.807568,7.18819],"axis":"x","angle":45},
"faces":{
"down":{"uv":[10,8.11685,11.375,8.67835],"texture":"#brightguntexture"},
"up":{"uv":[10,7.32165,11.375,7.88315],"texture":"#brightguntexture"},
"north":{"uv":[3.625,6.189196,5,6.472836],"texture":"#1"},
"west":{"uv":[7.32165,6.189159,7.88315,6.472799],"texture":"#brightguntexture"},
"east":{"uv":[8.11685,6.189159,8.67835,6.472799],"texture":"#brightguntexture"}
}
},
{
"from":[-1.1388,8.1515,7.1882],
"to":[0.8902429,8.495365,7.869019],
"rotation":{"origin":[-2.180437,8.495285,7.18819],"axis":"x","angle":-45},
"faces":{
"down":{"uv":[10,7.916309,11.375,8.47781],"texture":"#brightguntexture"},
"up":{"uv":[10,7.52219,11.375,8.08369],"texture":"#brightguntexture"},
"north":{"uv":[3.625,5.822535,5,6.106174],"texture":"#1"},
"west":{"uv":[7.52219,5.82254,8.08369,6.10618],"texture":"#brightguntexture"},
"east":{"uv":[7.91631,5.82254,8.47781,6.10618],"texture":"#brightguntexture"}
}
},
{
"from":[-1.1388,8.6328,8.3573],
"to":[0.8902429,8.976664,9.038118],
"rotation":{"origin":[-2.180437,8.976685,8.357304],"axis":"x","angle":45},
"faces":{
"down":{"uv":[10,7.35317,11.375,7.91466],"texture":"#brightguntexture"},
"up":{"uv":[10,8.08534,11.375,8.64683],"texture":"#brightguntexture"},
"south":{"uv":[11,5.42551,12.375,5.70915],"texture":"#1"},
"west":{"uv":[8.08534,5.42551,8.64683,5.70915],"texture":"#brightguntexture"},
"east":{"uv":[7.35317,5.42551,7.91466,5.70915],"texture":"#brightguntexture"}
}
},
{
"from":[-1.0863,8.906199,7.7656],
"to":[-0.3363,9.156199,8.2656],
"faces":{
"up":{"uv":[14,0,15,1.25],"texture":"#brightguntexture"},
"north":{"uv":[14,0,15,1.25],"texture":"#brightguntexture"},
"south":{"uv":[14,0,15,1.25],"texture":"#brightguntexture"},
"west":{"uv":[14,0,15,1.25],"texture":"#brightguntexture"},
"east":{"uv":[14,0,15,1.25],"texture":"#brightguntexture"}
}
},
{
"from":[1.8451,7.3262,8.3573],
"to":[2.799944,7.670065,9.038118],
"rotation":{"origin":[1.845137,7.326217,8.357304],"axis":"x","angle":-45},
"faces":{
"down":{"uv":[13.125,7.15263,14.125,7.71413],"texture":"#brightguntexture"},
"up":{"uv":[13.125,7.15263,14.125,7.71413],"texture":"#brightguntexture"},
"north":{"uv":[13.125,7.15263,14.125,7.71413],"texture":"#brightguntexture"},
"west":{"uv":[13.125,7.15263,14.125,7.71413],"texture":"#brightguntexture"},
"east":{"uv":[13.125,7.15263,14.125,7.71413],"texture":"#brightguntexture"}
}
},
{
"from":[0.8903,7.3283,7.6696],
"to":[1.845144,8.978828,8.35733],
"faces":{
"down":{"uv":[13.125,7.7141,14.125,8.2813],"texture":"#brightguntexture"},
"up":{"uv":[13.125,7.7187,14.125,8.2859],"texture":"#brightguntexture"},
"north":{"uv":[1.875,5.50684,2.875,6.8681],"texture":"#brightguntexture"},
"south":{"uv":[13.125,5.50684,14.125,6.8681],"texture":"#brightguntexture"},
"east":{"uv":[7.7141,5.50684,8.2813,6.8681],"texture":"#brightguntexture"}
}
},
{
"from":[1.8451,7.8076,7.1882],
"to":[2.799944,8.151464,7.869019],
"rotation":{"origin":[1.845137,7.807568,7.18819],"axis":"x","angle":45},
"faces":{
"down":{"uv":[13.125,8.11685,14.125,8.67835],"texture":"#brightguntexture"},
"up":{"uv":[13.125,8.11685,14.125,8.67835],"texture":"#brightguntexture"},
"south":{"uv":[13.125,8.11685,14.125,8.67835],"texture":"#brightguntexture"},
"west":{"uv":[13.125,8.11685,14.125,8.67835],"texture":"#brightguntexture"},
"east":{"uv":[13.125,8.11685,14.125,8.67835],"texture":"#brightguntexture"}
}
},
{
"from":[0.1742,7.8096,7.1882],
"to":[1.129044,8.497318,8.838727],
"faces":{
"down":{"uv":[13.125,7.317039,14.125,8.6783],"texture":"#brightguntexture"},
"up":{"uv":[13.125,7.3217,14.125,8.68296],"texture":"#brightguntexture"},
"north":{"uv":[1.875,5.90391,2.875,6.4711],"texture":"#brightguntexture"},
"south":{"uv":[13.125,5.90391,14.125,6.4711],"texture":"#brightguntexture"},
"east":{"uv":[7.31704,5.90391,8.6783,6.4711],"texture":"#brightguntexture"}
}
},
{
"from":[1.8451,8.1514,7.1882],
"to":[2.799944,8.495266,7.869019],
"rotation":{"origin":[1.845137,8.495285,7.18819],"axis":"x","angle":-45},
"faces":{
"down":{"uv":[13.125,7.916309,14.125,8.47781],"texture":"#brightguntexture"},
"up":{"uv":[13.125,7.52219,14.125,8.08369],"texture":"#brightguntexture"},
"south":{"uv":[13.125,5.822502,14.125,6.106103],"texture":"#1"},
"west":{"uv":[7.52219,5.82255,8.08369,6.10615],"texture":"#brightguntexture"},
"east":{"uv":[7.91631,5.82255,8.47781,6.10615],"texture":"#brightguntexture"}
}
},
{
"from":[1.8451,8.6328,8.3573],
"to":[2.799944,8.976665,9.038118],
"rotation":{"origin":[1.845137,8.976685,8.357304],"axis":"x","angle":45},
"faces":{
"down":{"uv":[13.125,8.08534,14.125,8.64683],"texture":"#brightguntexture"},
"up":{"uv":[13.125,8.08534,14.125,8.64683],"texture":"#brightguntexture"},
"north":{"uv":[13.125,8.08534,14.125,8.64683],"texture":"#brightguntexture"},
"west":{"uv":[13.125,8.08534,14.125,8.64683],"texture":"#brightguntexture"},
"east":{"uv":[13.125,8.08534,14.125,8.64683],"texture":"#brightguntexture"}
}
},
{
"from":[3.7548,7.3262,8.3573],
"to":[4.709642,7.670065,9.038118],
"rotation":{"origin":[3.754824,7.326217,8.357304],"axis":"x","angle":-45},
"faces":{
"down":{"uv":[0,7.15263,0.875,7.71413],"texture":"#brightguntexture"},
"up":{"uv":[0,7.15263,0.875,7.71413],"texture":"#brightguntexture"},
"north":{"uv":[0,7.15263,0.875,7.71413],"texture":"#brightguntexture"},
"west":{"uv":[0,7.15263,0.875,7.71413],"texture":"#brightguntexture"},
"east":{"uv":[0,7.15263,0.875,7.71413],"texture":"#brightguntexture"}
}
},
{
"from":[2.8,7.3283,7.6696],
"to":[3.754844,8.978828,8.35733],
"faces":{
"down":{"uv":[0,7.7141,0.875,8.2813],"texture":"#brightguntexture"},
"up":{"uv":[0,7.7187,0.875,8.2859],"texture":"#brightguntexture"},
"north":{"uv":[15.125,5.50684,16,6.8681],"texture":"#brightguntexture"},
"south":{"uv":[0,5.50684,0.875,6.8681],"texture":"#brightguntexture"},
"west":{"uv":[7.7187,5.50684,8.2859,6.8681],"texture":"#brightguntexture"},
"east":{"uv":[7.7141,5.50684,8.2813,6.8681],"texture":"#brightguntexture"}
}
},
{
"from":[3.7548,7.8076,7.1882],
"to":[4.709642,8.151464,7.869019],
"rotation":{"origin":[3.754824,7.807568,7.18819],"axis":"x","angle":45},
"faces":{
"down":{"uv":[0,8.11685,0.875,8.67835],"texture":"#brightguntexture"},
"up":{"uv":[0,7.32165,0.875,7.88315],"texture":"#brightguntexture"},
"south":{"uv":[0,6.189236,0.875,6.472836],"texture":"#1"},
"west":{"uv":[7.32165,6.189199,7.88315,6.472799],"texture":"#brightguntexture"},
"east":{"uv":[8.11685,6.189199,8.67835,6.472799],"texture":"#brightguntexture"}
}
},
{
"from":[3.7548,8.1514,7.1882],
"to":[4.709642,8.495266,7.869019],
"rotation":{"origin":[3.754824,8.495285,7.18819],"axis":"x","angle":-45},
"faces":{
"down":{"uv":[0,7.52219,0.875,8.08369],"texture":"#brightguntexture"},
"up":{"uv":[0,7.52219,0.875,8.08369],"texture":"#brightguntexture"},
"south":{"uv":[0,7.52219,0.875,8.08369],"texture":"#brightguntexture"},
"west":{"uv":[0,7.52219,0.875,8.08369],"texture":"#brightguntexture"},
"east":{"uv":[0,7.52219,0.875,8.08369],"texture":"#brightguntexture"}
}
},
{
"from":[1.8451,7.8096,7.1882],
"to":[2.799944,8.497318,8.838727],
"faces":{
"down":{"uv":[0,7.317039,0.875,8.6783],"texture":"#brightguntexture"},
"up":{"uv":[0,7.3217,0.875,8.68296],"texture":"#brightguntexture"},
"north":{"uv":[15.125,5.90391,16,6.4711],"texture":"#brightguntexture"},
"south":{"uv":[0,5.90391,0.875,6.4711],"texture":"#brightguntexture"},
"west":{"uv":[7.3217,5.90391,8.68296,6.4711],"texture":"#brightguntexture"},
"east":{"uv":[7.31704,5.90391,8.6783,6.4711],"texture":"#brightguntexture"}
}
},
{
"from":[3.7548,8.6328,8.3573],
"to":[4.709642,8.976665,9.038118],
"rotation":{"origin":[3.754824,8.976685,8.357304],"axis":"x","angle":45},
"faces":{
"down":{"uv":[0,8.08534,0.875,8.64683],"texture":"#brightguntexture"},
"up":{"uv":[0,8.08534,0.875,8.64683],"texture":"#brightguntexture"},
"north":{"uv":[0,8.08534,0.875,8.64683],"texture":"#brightguntexture"},
"west":{"uv":[0,8.08534,0.875,8.64683],"texture":"#brightguntexture"},
"east":{"uv":[0,8.08534,0.875,8.64683],"texture":"#brightguntexture"}
}
},
{
"from":[6.3806,7.3283,7.6696],
"to":[7.69351,8.978828,8.35733],
"faces":{
"down":{"uv":[2.625,7.7141,4,8.2813],"texture":"#1"},
"up":{"uv":[2.625,7.7187,4,8.2859],"texture":"#brightguntexture"},
"north":{"uv":[12,5.50684,13.375,6.8681],"texture":"#1"},
"south":{"uv":[2.625,5.50684,4,6.8681],"texture":"#1"},
"west":{"uv":[7.7187,5.50684,8.2859,6.8681],"texture":"#brightguntexture"}
}
},
{
"from":[5.6645,7.3262,8.3573],
"to":[7.693542,7.667216,9.039331],
"rotation":{"origin":[5.664512,7.326217,8.357304],"axis":"x","angle":-45},
"faces":{
"down":{"uv":[2.625,7.15263,4,7.71413],"texture":"#brightguntexture"},
"up":{"uv":[2.625,8.28587,4,8.84737],"texture":"#brightguntexture"},
"north":{"uv":[12,6.586175,13.375,6.869775],"texture":"#1"},
"west":{"uv":[8.28587,6.58619,8.84737,6.86979],"texture":"#brightguntexture"},
"east":{"uv":[7.15263,6.58619,7.71413,6.86979],"texture":"#brightguntexture"}
}
},
{
"from":[5.6645,7.8096,7.1882],
"to":[7.693542,8.49733,8.838777],
"faces":{
"down":{"uv":[0,5,1.375,6.56719],"texture":"#brightguntexture"},
"up":{"uv":[0,5,1.375,6.56719],"texture":"#brightguntexture"},
"north":{"uv":[0,5,1.375,6.56719],"texture":"#brightguntexture"},
"south":{"uv":[0,5,1.375,6.56719],"texture":"#brightguntexture"},
"west":{"uv":[0,5,1.375,6.56719],"texture":"#brightguntexture"}
}
},
{
"from":[5.6645,8.6339,8.355599],
"to":[7.693542,8.974916,9.037631],
"rotation":{"origin":[5.664512,8.976685,8.357304],"axis":"x","angle":45},
"faces":{
"down":{"uv":[2.625,7.35317,4,7.91466],"texture":"#brightguntexture"},
"up":{"uv":[2.625,8.08534,4,8.64683],"texture":"#brightguntexture"},
"north":{"uv":[12,5.42555,13.375,5.70915],"texture":"#1"},
"west":{"uv":[8.08534,5.42552,8.64683,5.70912],"texture":"#brightguntexture"},
"east":{"uv":[7.35316,5.42552,7.91466,5.70912],"texture":"#brightguntexture"}
}
},
{
"from":[5.6645,8.152599,7.19],
"to":[7.693542,8.493616,7.872031],
"rotation":{"origin":[5.664512,8.495285,7.18819],"axis":"x","angle":-45},
"faces":{
"down":{"uv":[2.625,7.916309,4,8.47781],"texture":"#brightguntexture"},
"up":{"uv":[2.625,7.52219,4,8.08369],"texture":"#brightguntexture"},
"south":{"uv":[2.625,5.822502,4,6.106103],"texture":"#1"},
"west":{"uv":[7.52219,5.82255,8.08369,6.10615],"texture":"#brightguntexture"},
"east":{"uv":[7.91631,5.82255,8.47781,6.10615],"texture":"#brightguntexture"}
}
},
{
"from":[5.6645,7.8076,7.1882],
"to":[7.693542,8.148616,7.870232],
"rotation":{"origin":[5.664512,7.807568,7.18819],"axis":"x","angle":45},
"faces":{
"down":{"uv":[2.625,8.11685,4,8.67835],"texture":"#brightguntexture"},
"up":{"uv":[2.625,7.32165,4,7.88315],"texture":"#brightguntexture"},
"south":{"uv":[2.625,6.189236,4,6.472836],"texture":"#1"},
"west":{"uv":[7.32165,6.189199,7.88315,6.472799],"texture":"#brightguntexture"},
"east":{"uv":[8.11685,6.189199,8.67835,6.472799],"texture":"#brightguntexture"}
}
},
{
"from":[0.8903,7.3262,8.3573],
"to":[1.845144,7.477763,9.038118],
"rotation":{"origin":[0.8902929,7.326217,8.357304],"axis":"x","angle":-45},
"faces":{
"down":{"uv":[0,5.56146,1.75,6.56146],"texture":"#brightguntexture"},
"up":{"uv":[0,5.56146,1.75,6.56146],"texture":"#brightguntexture"},
"south":{"uv":[0,5.56146,1.75,6.56146],"texture":"#brightguntexture"},
"west":{"uv":[0,5.56146,1.75,6.56146],"texture":"#brightguntexture"},
"east":{"uv":[0,5.56146,1.75,6.56146],"texture":"#brightguntexture"}
}
},
{
"from":[0.8903,7.1267,7.1882],
"to":[1.845144,7.807518,7.339763],
"rotation":{"origin":[0.8902929,7.807568,7.18819],"axis":"x","angle":-45},
"faces":{
"up":{"uv":[11.375,7.7187,13.125,7.8437],"texture":"#brightguntexture"},
"north":{"uv":[2.875,6.30834,4.625,6.869841],"texture":"#brightguntexture"},
"south":{"uv":[11.375,6.30834,13.125,6.869841],"texture":"#brightguntexture"},
"west":{"uv":[7.718726,6.308306,7.843726,6.869804],"texture":"#1"},
"east":{"uv":[8.156275,6.308306,8.281275,6.869804],"texture":"#1"}
}
},
{
"from":[0.8903,8.495299,7.1882],
"to":[1.845144,9.176118,7.339763],
"rotation":{"origin":[0.8902929,8.495285,7.18819],"axis":"x","angle":45},
"faces":{
"down":{"uv":[11.375,8.55335,13.125,8.67835],"texture":"#brightguntexture"},
"north":{"uv":[2.875,5.34412,4.625,5.905621],"texture":"#brightguntexture"},
"south":{"uv":[11.375,5.34412,13.125,5.905621],"texture":"#brightguntexture"},
"west":{"uv":[7.321693,5.344138,7.446693,5.905638],"texture":"#1"},
"east":{"uv":[8.553307,5.344138,8.678307,5.905638],"texture":"#1"}
}
},
{
"from":[0.8903,8.8251,8.3573],
"to":[1.845144,8.976663,9.038118],
"rotation":{"origin":[0.8902929,8.97666,8.357342],"axis":"x","angle":45},
"faces":{
"down":{"uv":[11.375,8.19751,13.125,8.75901],"texture":"#brightguntexture"},
"up":{"uv":[11.375,8.19751,13.125,8.75901],"texture":"#brightguntexture"},
"south":{"uv":[11.375,8.19751,13.125,8.75901],"texture":"#brightguntexture"},
"west":{"uv":[11.375,8.19751,13.125,8.75901],"texture":"#brightguntexture"},
"east":{"uv":[11.375,8.19751,13.125,8.75901],"texture":"#brightguntexture"}
}
},
{
"from":[2.8,7.3262,8.3573],
"to":[3.754844,7.477763,9.038118],
"rotation":{"origin":[2.799981,7.326217,8.357304],"axis":"x","angle":-45},
"faces":{
"down":{"uv":[14.125,7.15263,15.875,7.71413],"texture":"#brightguntexture"},
"up":{"uv":[14.125,8.28587,15.875,8.84737],"texture":"#brightguntexture"},
"south":{"uv":[14.125,6.74479,15.875,6.86979],"texture":"#brightguntexture"},
"west":{"uv":[8.285898,6.744775,8.847398,6.869775],"texture":"#1"},
"east":{"uv":[7.152602,6.744775,7.714102,6.869775],"texture":"#1"}
}
},
{
"from":[2.8,8.8251,8.3573],
"to":[3.754844,8.976663,9.038118],
"rotation":{"origin":[2.799981,8.97666,8.357342],"axis":"x","angle":45},
"faces":{
"down":{"uv":[14.125,8.19751,15.875,8.75901],"texture":"#brightguntexture"},
"up":{"uv":[14.125,8.19751,15.875,8.75901],"texture":"#brightguntexture"},
"south":{"uv":[14.125,8.19751,15.875,8.75901],"texture":"#brightguntexture"},
"west":{"uv":[14.125,8.19751,15.875,8.75901],"texture":"#brightguntexture"},
"east":{"uv":[14.125,8.19751,15.875,8.75901],"texture":"#brightguntexture"}
}
},
{
"from":[2.8,7.1267,7.1882],
"to":[3.754844,7.807518,7.339763],
"rotation":{"origin":[2.799981,7.807568,7.18819],"axis":"x","angle":-45},
"faces":{
"up":{"uv":[14.125,7.7187,15.875,7.8437],"texture":"#brightguntexture"},
"north":{"uv":[0.125,6.30834,1.875,6.869841],"texture":"#brightguntexture"},
"south":{"uv":[14.125,6.30834,15.875,6.869841],"texture":"#brightguntexture"},
"west":{"uv":[7.718726,6.308306,7.843726,6.869804],"texture":"#1"},
"east":{"uv":[8.156275,6.308306,8.281275,6.869804],"texture":"#1"}
}
},
{
"from":[2.8,8.495299,7.1882],
"to":[3.754844,9.176118,7.339763],
"rotation":{"origin":[2.799981,8.495285,7.18819],"axis":"x","angle":45},
"faces":{
"down":{"uv":[14.125,8.55335,15.875,8.67835],"texture":"#brightguntexture"},
"north":{"uv":[0.125,5.34412,1.875,5.905621],"texture":"#brightguntexture"},
"south":{"uv":[14.125,5.34412,15.875,5.905621],"texture":"#brightguntexture"},
"west":{"uv":[7.321693,5.344138,7.446693,5.905638],"texture":"#1"},
"east":{"uv":[8.553307,5.344138,8.678307,5.905638],"texture":"#1"}
}
},
{
"from":[4.7097,8.495299,7.1882],
"to":[5.664544,9.176118,7.339763],
"rotation":{"origin":[4.709668,8.495285,7.18819],"axis":"x","angle":45},
"faces":{
"down":{"uv":[0.875,8.55335,2.625,8.67835],"texture":"#brightguntexture"},
"north":{"uv":[13.375,5.34412,15.125,5.905621],"texture":"#brightguntexture"},
"south":{"uv":[0.875,5.34412,2.625,5.905621],"texture":"#brightguntexture"},
"west":{"uv":[7.321693,5.344138,7.446693,5.905638],"texture":"#1"},
"east":{"uv":[8.553307,5.344138,8.678307,5.905638],"texture":"#1"}
}
},
{
"from":[4.7097,7.1267,7.1882],
"to":[5.664544,7.807518,7.339763],
"rotation":{"origin":[4.709668,7.807568,7.18819],"axis":"x","angle":-45},
"faces":{
"up":{"uv":[0.875,7.7187,2.625,7.8437],"texture":"#brightguntexture"},
"north":{"uv":[13.375,6.30834,15.125,6.869841],"texture":"#brightguntexture"},
"south":{"uv":[0.875,6.30834,2.625,6.869841],"texture":"#brightguntexture"},
"west":{"uv":[7.718726,6.308306,7.843726,6.869804],"texture":"#1"},
"east":{"uv":[8.156275,6.308306,8.281275,6.869804],"texture":"#1"}
}
},
{
"from":[4.7097,8.8251,8.3573],
"to":[5.664544,8.976663,9.038118],
"rotation":{"origin":[4.709668,8.97666,8.357342],"axis":"x","angle":45},
"faces":{
"down":{"uv":[13.375,5.471991,15.125,5.596991],"texture":"#brightguntexture"},
"up":{"uv":[13.375,5.471991,15.125,5.596991],"texture":"#brightguntexture"},
"south":{"uv":[13.375,5.471991,15.125,5.596991],"texture":"#brightguntexture"},
"west":{"uv":[13.375,5.471991,15.125,5.596991],"texture":"#brightguntexture"},
"east":{"uv":[13.375,5.471991,15.125,5.596991],"texture":"#brightguntexture"}
}
},
{
"from":[4.7097,7.3262,8.3573],
"to":[5.664544,7.477763,9.038118],
"rotation":{"origin":[4.709668,7.326217,8.357304],"axis":"x","angle":-45},
"faces":{
"down":{"uv":[0.875,7.15263,2.625,7.71413],"texture":"#brightguntexture"},
"up":{"uv":[0.875,8.28587,2.625,8.84737],"texture":"#brightguntexture"},
"south":{"uv":[0.875,6.74479,2.625,6.86979],"texture":"#brightguntexture"},
"west":{"uv":[8.285898,6.744775,8.847398,6.869775],"texture":"#1"},
"east":{"uv":[7.152602,6.744775,7.714102,6.869775],"texture":"#1"}
}
},
{
"from":[-0.8363,9.156199,7.875],
"to":[-0.5863,9.281199,8.125],
"faces":{
"up":{"uv":[13,0,15.75,1.125],"texture":"#brightguntexture"},
"north":{"uv":[13,0,15.75,1.125],"texture":"#brightguntexture"},
"south":{"uv":[13,0,15.75,1.125],"texture":"#brightguntexture"},
"west":{"uv":[13,0,15.75,1.125],"texture":"#brightguntexture"},
"east":{"uv":[13,0,15.75,1.125],"texture":"#brightguntexture"}
}
},
{
"from":[-0.7738,9.281199,7.9844],
"to":[-0.6488,9.3812,8.0156],
"faces":{
"up":{"uv":[10.0625,7.98443,10.1875,8.01563],"texture":"#brightguntexture"},
"north":{"uv":[5.8125,4.93125,5.9375,5.03125],"texture":"#brightguntexture"},
"south":{"uv":[10.0625,4.93125,10.1875,5.03125],"texture":"#brightguntexture"},
"west":{"uv":[7.98443,4.93125,8.01563,5.03125],"texture":"#brightguntexture"},
"east":{"uv":[7.98438,4.93125,8.01558,5.03125],"texture":"#brightguntexture"}
}
},
{
"from":[14.57,8.9688,7.6666],
"to":[15.7575,9.0938,8.354099],
"faces":{
"up":{"uv":[14,0,16,1.1875],"texture":"#brightguntexture"},
"north":{"uv":[14,0,16,1.1875],"texture":"#brightguntexture"},
"south":{"uv":[14,0,16,1.1875],"texture":"#brightguntexture"},
"west":{"uv":[14,0,16,1.1875],"texture":"#brightguntexture"},
"east":{"uv":[14,0,16,1.1875],"texture":"#brightguntexture"}
}
},
{
"from":[4.7097,7.3283,7.6696],
"to":[5.664544,8.978828,8.35733],
"faces":{
"down":{"uv":[0,7.7141,0.875,8.2813],"texture":"#brightguntexture"},
"up":{"uv":[0,7.7187,0.875,8.2859],"texture":"#brightguntexture"},
"north":{"uv":[15.125,5.50684,16,6.8681],"texture":"#brightguntexture"},
"south":{"uv":[0,5.50684,0.875,6.8681],"texture":"#brightguntexture"},
"west":{"uv":[7.7187,5.50684,8.2859,6.8681],"texture":"#brightguntexture"},
"east":{"uv":[7.7141,5.50684,8.2813,6.8681],"texture":"#brightguntexture"}
}
},
{
"from":[3.7548,7.8096,7.1882],
"to":[4.709642,8.497318,8.838727],
"faces":{
"down":{"uv":[0,7.317039,0.875,8.6783],"texture":"#brightguntexture"},
"up":{"uv":[0,7.3217,0.875,8.68296],"texture":"#brightguntexture"},
"north":{"uv":[15.125,5.90391,16,6.4711],"texture":"#brightguntexture"},
"south":{"uv":[0,5.90391,0.875,6.4711],"texture":"#brightguntexture"},
"west":{"uv":[7.3217,5.90391,8.68296,6.4711],"texture":"#brightguntexture"},
"east":{"uv":[7.31704,5.90391,8.6783,6.4711],"texture":"#brightguntexture"}
}
},
{
"from":[-1.0787,8.8438,8.25],
"to":[-0.8787001,9.3438,8.375],
"faces":{
"down":{"uv":[14,0,15.125,1.25],"texture":"#brightguntexture"},
"up":{"uv":[14,0,15.125,1.25],"texture":"#brightguntexture"},
"north":{"uv":[14,0,15.125,1.25],"texture":"#brightguntexture"},
"south":{"uv":[14,0,15.125,1.25],"texture":"#brightguntexture"},
"west":{"uv":[14,0,15.125,1.25],"texture":"#brightguntexture"},
"east":{"uv":[14,0,15.125,1.25],"texture":"#brightguntexture"}
}
},
{
"from":[8.4138,7.8032,8.4103],
"to":[10.1638,8.4907,10.0603],
"faces":{
"down":{"uv":[4.5,5.9375,6,6.625],"texture":"#brightguntexture"},
"up":{"uv":[4.5,5.9375,6,6.625],"texture":"#brightguntexture"},
"south":{"uv":[4.5,5.9375,6,6.625],"texture":"#brightguntexture"},
"west":{"uv":[4.5,5.9375,6,6.625],"texture":"#brightguntexture"},
"east":{"uv":[4.5,5.9375,6,6.625],"texture":"#brightguntexture"}
}
},
{
"from":[10.1562,7.875,9.4688],
"to":[10.4062,8.375,9.7813],
"faces":{
"down":{"uv":[4.5,5.9375,5,6.625],"texture":"#brightguntexture"},
"up":{"uv":[4.5,5.9375,5,6.625],"texture":"#brightguntexture"},
"south":{"uv":[4.5,5.9375,5,6.625],"texture":"#brightguntexture"},
"east":{"uv":[4.5,5.9375,5,6.625],"texture":"#brightguntexture"}
}
},
{
"from":[10.1638,7.8032,8.835299],
"to":[10.63255,8.4907,9.491549],
"faces":{
"down":{"uv":[4.5,5.9375,6,6.625],"texture":"#brightguntexture"},
"up":{"uv":[4.5,5.9375,6,6.625],"texture":"#brightguntexture"},
"south":{"uv":[4.5,5.9375,6,6.625],"texture":"#brightguntexture"},
"east":{"uv":[4.5,5.9375,6,6.625],"texture":"#brightguntexture"}
}
},
{
"from":[-1.0787,8.8438,7.6406],
"to":[-0.8787001,9.3438,7.7656],
"faces":{
"down":{"uv":[13.9375,0.03125,16,1.28125],"texture":"#brightguntexture"},
"up":{"uv":[13.9375,0.03125,16,1.28125],"texture":"#brightguntexture"},
"north":{"uv":[13.9375,0.03125,16,1.28125],"texture":"#brightguntexture"},
"south":{"uv":[13.9375,0.03125,16,1.28125],"texture":"#brightguntexture"},
"west":{"uv":[13.9375,0.03125,16,1.28125],"texture":"#brightguntexture"},
"east":{"uv":[13.9375,0.03125,16,1.28125],"texture":"#brightguntexture"}
}
},
{
"from":[-1.0787,9.3438,7.6406],
"to":[-0.8787,9.8516,7.7656],
"rotation":{"origin":[-1.07875,9.34375,7.6406],"axis":"z","angle":-22.5},
"faces":{
"north":{"uv":[14,0,15,1.25],"texture":"#brightguntexture"},
"south":{"uv":[14,0,15,1.25],"texture":"#brightguntexture"},
"west":{"uv":[14,0,15,1.25],"texture":"#brightguntexture"},
"east":{"uv":[14,0,15,1.25],"texture":"#brightguntexture"}
}
},
{
"from":[-0.5238,8.8438,8.25],
"to":[-0.320675,9.609425,8.375],
"faces":{
"down":{"uv":[14,0,15,1.25],"texture":"#brightguntexture"},
"up":{"uv":[14,0,15,1.25],"texture":"#brightguntexture"},
"north":{"uv":[14,0,15,1.25],"texture":"#brightguntexture"},
"south":{"uv":[14,0,15,1.25],"texture":"#brightguntexture"},
"west":{"uv":[14,0,15,1.25],"texture":"#brightguntexture"},
"east":{"uv":[14,0,15,1.25],"texture":"#brightguntexture"}
}
},
{
"from":[-0.5238,8.8438,7.6406],
"to":[-0.320675,9.609425,7.7656],
"faces":{
"down":{"uv":[15,0,16,1.25],"texture":"#brightguntexture"},
"up":{"uv":[15,0,16,1.25],"texture":"#brightguntexture"},
"north":{"uv":[15,0,16,1.25],"texture":"#brightguntexture"},
"south":{"uv":[15,0,16,1.25],"texture":"#brightguntexture"},
"west":{"uv":[15,0,16,1.25],"texture":"#brightguntexture"},
"east":{"uv":[15,0,16,1.25],"texture":"#brightguntexture"}
}
},
{
"from":[-1.0787,9.3438,8.25],
"to":[-0.8756,9.8516,8.375],
"rotation":{"origin":[-1.07875,9.34375,8.25],"axis":"z","angle":-22.5},
"faces":{
"north":{"uv":[14,0,15,1.25],"texture":"#brightguntexture"},
"south":{"uv":[14,0,15,1.25],"texture":"#brightguntexture"},
"west":{"uv":[14,0,15,1.25],"texture":"#brightguntexture"},
"east":{"uv":[14,0,15,1.25],"texture":"#brightguntexture"}
}
},
{
"from":[-0.5237,9.6094,8.25],
"to":[-0.3206,9.896625,8.375],
"rotation":{"origin":[-0.3206253,9.609375,8.25],"axis":"z","angle":45},
"faces":{
"north":{"uv":[15,0,16,1.25],"texture":"#brightguntexture"},
"south":{"uv":[15,0,16,1.25],"texture":"#brightguntexture"},
"west":{"uv":[15,0,16,1.25],"texture":"#brightguntexture"},
"east":{"uv":[15,0,16,1.25],"texture":"#brightguntexture"}
}
},
{
"from":[-0.8831,9.6094,8.25],
"to":[-0.523725,9.812525,8.375],
"faces":{
"down":{"uv":[14,0,15,1.25],"texture":"#brightguntexture","rotation":270},
"up":{"uv":[14,0,15,1.25],"texture":"#brightguntexture","rotation":90},
"north":{"uv":[14,0,15,1.25],"texture":"#brightguntexture","rotation":270},
"south":{"uv":[14,0,15,1.25],"texture":"#brightguntexture","rotation":90},
"west":{"uv":[14,0,15,1.25],"texture":"#brightguntexture","rotation":270},
"east":{"uv":[14,0,15,1.25],"texture":"#brightguntexture","rotation":270}
}
},
{
"from":[-0.8831,9.6094,7.6406],
"to":[-0.523725,9.812525,7.7656],
"faces":{
"down":{"uv":[14,0,15,1.25],"texture":"#brightguntexture","rotation":270},
"up":{"uv":[14,0,15,1.25],"texture":"#brightguntexture","rotation":90},
"north":{"uv":[14,0,15,1.25],"texture":"#brightguntexture","rotation":270},
"south":{"uv":[14,0,15,1.25],"texture":"#brightguntexture","rotation":90},
"west":{"uv":[14,0,15,1.25],"texture":"#brightguntexture","rotation":270},
"east":{"uv":[14,0,15,1.25],"texture":"#brightguntexture","rotation":270}
}
},
{
"from":[11.8126,3.355,7.6665],
"to":[12.1126,3.755,8.354],
"faces":{
"down":{"uv":[4.50677,5.448959,6.00677,6.09896],"texture":"#brightguntexture"},
"up":{"uv":[4.50677,5.448959,6.00677,6.09896],"texture":"#brightguntexture"},
"north":{"uv":[4.50677,5.448959,6.00677,6.09896],"texture":"#brightguntexture"},
"south":{"uv":[4.50677,5.448959,6.00677,6.09896],"texture":"#brightguntexture"},
"west":{"uv":[4.50677,5.448959,6.00677,6.09896],"texture":"#brightguntexture"},
"east":{"uv":[4.50677,5.448959,6.00677,6.09896],"texture":"#brightguntexture"}
}
},
{
"from":[11.2638,7.4782,7.6665],
"to":[11.6138,8.2782,8.354],
"rotation":{"origin":[11.16375,6.42823,8.0103],"axis":"z","angle":-45},
"faces":{
"down":{"uv":[14,0,15.5,1.65],"texture":"#brightguntexture"},
"north":{"uv":[14,0,15.5,1.65],"texture":"#brightguntexture"},
"south":{"uv":[14,0,15.5,1.65],"texture":"#brightguntexture"},
"west":{"uv":[14,0,15.5,1.65],"texture":"#brightguntexture"},
"east":{"uv":[14,0,15.5,1.65],"texture":"#brightguntexture"}
}
},
{
"from":[12.1638,6.6282,7.6665],
"to":[12.4638,7.2282,8.354],
"faces":{
"down":{"uv":[14,0,15.5,1.65],"texture":"#brightguntexture"},
"up":{"uv":[14,0,15.5,1.65],"texture":"#brightguntexture"},
"north":{"uv":[14,0,15.5,1.65],"texture":"#brightguntexture"},
"south":{"uv":[14,0,15.5,1.65],"texture":"#brightguntexture"},
"west":{"uv":[14,0,15.5,1.65],"texture":"#brightguntexture"},
"east":{"uv":[14,0,15.5,1.65],"texture":"#brightguntexture"}
}
},
{
"from":[10.0637,6.3282,7.6665],
"to":[11.4137,7.328199,8.354],
"rotation":{"origin":[11.16375,6.42823,8.0103],"axis":"z","angle":-22.5},
"faces":{
"down":{"uv":[14,0,15.5,1.65],"texture":"#brightguntexture","rotation":180},
"up":{"uv":[14,0,15.5,1.65],"texture":"#brightguntexture","rotation":180},
"north":{"uv":[14,0,15.5,1.65],"texture":"#brightguntexture"},
"south":{"uv":[14,0,15.5,1.65],"texture":"#brightguntexture"},
"east":{"uv":[14,0,15.5,1.65],"texture":"#brightguntexture","rotation":180}
}
},
{
"from":[9.1638,6.7282,7.6665],
"to":[10.5138,7.7282,8.354],
"faces":{
"down":{"uv":[14,0,15.5,1.65],"texture":"#brightguntexture","rotation":180},
"north":{"uv":[14,0,15.5,1.65],"texture":"#brightguntexture"},
"south":{"uv":[14,0,15.5,1.65],"texture":"#brightguntexture"},
"west":{"uv":[14,0,15.5,1.65],"texture":"#brightguntexture","rotation":180},
"east":{"uv":[14,0,15.5,1.65],"texture":"#brightguntexture","rotation":180}
}
},
{
"from":[8.3238,5.2282,7.6665],
"to":[9.5238,6.2282,8.354],
"rotation":{"origin":[11.16375,6.42823,8.0103],"axis":"z","angle":-45},
"faces":{
"down":{"uv":[14,0,15.5,1.65],"texture":"#brightguntexture","rotation":180},
"north":{"uv":[14,0,15.5,1.65],"texture":"#brightguntexture"},
"south":{"uv":[14,0,15.5,1.65],"texture":"#brightguntexture"}
}
},
{
"from":[12.1112,3.357,7.6665],
"to":[13.7112,7.857,8.354],
"rotation":{"origin":[12.1112,3.357,7.6665],"axis":"z","angle":22.5},
"faces":{
"down":{"uv":[12,1,13.5,2.65],"texture":"#brightguntexture"},
"north":{"uv":[12,1,13.5,2.65],"texture":"#brightguntexture"},
"south":{"uv":[12,1,13.5,2.65],"texture":"#brightguntexture"},
"west":{"uv":[12,1,13.5,2.65],"texture":"#brightguntexture"},
"east":{"uv":[12,1,13.5,2.65],"texture":"#brightguntexture"}
}
},
{
"from":[16.6638,7.8032,7.1877],
"to":[16.8638,8.4907,8.8377],
"faces":{
"down":{"uv":[14,0,15.5,1],"texture":"#brightguntexture"},
"up":{"uv":[14,0,15.5,1],"texture":"#brightguntexture"},
"north":{"uv":[14,0,15.5,1],"texture":"#brightguntexture"},
"south":{"uv":[14,0,15.5,1],"texture":"#brightguntexture"},
"east":{"uv":[14,0,15.5,1],"texture":"#brightguntexture"}
}
},
{
"from":[9.1638,5.7282,7.6665],
"to":[9.2638,6.7282,8.354],
"rotation":{"origin":[11.16375,6.42823,8.0103],"axis":"z","angle":-22.5},
"faces":{
"north":{"uv":[14,0,15.5,1.65],"texture":"#brightguntexture"},
"south":{"uv":[14,0,15.5,1.65],"texture":"#brightguntexture"},
"west":{"uv":[14,0,15.5,1.65],"texture":"#brightguntexture","rotation":180},
"east":{"uv":[14,0,15.5,1.65],"texture":"#brightguntexture","rotation":180}
}
},
{
"from":[9.043799,6.1482,7.6665],
"to":[9.143799,6.5482,8.354],
"faces":{
"down":{"uv":[14,0,15.5,1.65],"texture":"#brightguntexture","rotation":180},
"up":{"uv":[14,0,15.5,1.65],"texture":"#brightguntexture","rotation":180},
"north":{"uv":[14,0,15.5,1.65],"texture":"#brightguntexture"},
"south":{"uv":[14,0,15.5,1.65],"texture":"#brightguntexture"},
"west":{"uv":[14,0,15.5,1.65],"texture":"#brightguntexture","rotation":180},
"east":{"uv":[14,0,15.5,1.65],"texture":"#brightguntexture","rotation":180}
}
},
{
"from":[9.0938,6.5782,7.6665],
"to":[9.1938,6.9782,8.354],
"rotation":{"origin":[11.16375,6.42823,8.0103],"axis":"z","angle":22.5},
"faces":{
"down":{"uv":[14,0,15.5,1.65],"texture":"#brightguntexture","rotation":180},
"north":{"uv":[14,0,15.5,1.65],"texture":"#brightguntexture"},
"south":{"uv":[14,0,15.5,1.65],"texture":"#brightguntexture"},
"west":{"uv":[14,0,15.5,1.65],"texture":"#brightguntexture","rotation":180},
"east":{"uv":[14,0,15.5,1.65],"texture":"#brightguntexture","rotation":180}
}
},
{
"from":[9.6038,5.0782,7.6665],
"to":[10.4038,5.1782,8.354],
"rotation":{"origin":[11.16375,6.42823,8.0103],"axis":"z","angle":-22.5},
"faces":{
"down":{"uv":[14,0,15.5,1.65],"texture":"#brightguntexture","rotation":90},
"up":{"uv":[14,0,15.5,1.65],"texture":"#brightguntexture","rotation":90},
"north":{"uv":[14,0,15.5,1.65],"texture":"#brightguntexture","rotation":90},
"south":{"uv":[14,0,15.5,1.65],"texture":"#brightguntexture","rotation":270},
"west":{"uv":[14,0,15.5,1.65],"texture":"#brightguntexture","rotation":270}
}
},
{
"from":[9.9438,5.4782,7.6665],
"to":[10.5438,5.5782,8.354],
"faces":{
"down":{"uv":[14,0,15.5,1.65],"texture":"#brightguntexture","rotation":90},
"up":{"uv":[14,0,15.5,1.65],"texture":"#brightguntexture","rotation":90},
"north":{"uv":[14,0,15.5,1.65],"texture":"#brightguntexture","rotation":90},
"south":{"uv":[14,0,15.5,1.65],"texture":"#brightguntexture","rotation":270},
"west":{"uv":[14,0,15.5,1.65],"texture":"#brightguntexture","rotation":270},
"east":{"uv":[14,0,15.5,1.65],"texture":"#brightguntexture","rotation":90}
}
},
{
"from":[10.2138,5.7932,7.6665],
"to":[11.0138,5.8932,8.354],
"rotation":{"origin":[11.16375,6.42823,8.0103],"axis":"z","angle":22.5},
"faces":{
"down":{"uv":[14,0,15.5,1.65],"texture":"#brightguntexture","rotation":90},
"up":{"uv":[14,0,15.5,1.65],"texture":"#brightguntexture","rotation":90},
"north":{"uv":[14,0,15.5,1.65],"texture":"#brightguntexture","rotation":90},
"south":{"uv":[14,0,15.5,1.65],"texture":"#brightguntexture","rotation":270},
"east":{"uv":[14,0,15.5,1.65],"texture":"#brightguntexture","rotation":90}
}
},
{
"from":[10.2638,6.3282,7.7602],
"to":[10.5138,6.7282,8.260201],
"faces":{
"down":{"uv":[14,0,15.5,1.65],"texture":"#brightguntexture","rotation":180},
"north":{"uv":[14,0,15.5,1.65],"texture":"#brightguntexture"},
"south":{"uv":[14,0,15.5,1.65],"texture":"#brightguntexture"},
"west":{"uv":[14,0,15.5,1.65],"texture":"#brightguntexture","rotation":180},
"east":{"uv":[14,0,15.5,1.65],"texture":"#brightguntexture","rotation":180}
}
},
{
"from":[10.3638,5.4782,7.7602],
"to":[10.6138,6.0782,8.260201],
"rotation":{"origin":[11.16375,6.42823,8.10405],"axis":"z","angle":-22.5},
"faces":{
"down":{"uv":[14,0,15.5,1.65],"texture":"#brightguntexture","rotation":180},
"north":{"uv":[14,0,15.5,1.65],"texture":"#brightguntexture"},
"south":{"uv":[14,0,15.5,1.65],"texture":"#brightguntexture"},
"west":{"uv":[14,0,15.5,1.65],"texture":"#brightguntexture","rotation":180},
"east":{"uv":[14,0,15.5,1.65],"texture":"#brightguntexture","rotation":180}
}
},
{
"from":[16.375,7.125,8.5],
"to":[17.375,7.4375,8.6875],
"faces":{
"down":{"uv":[12,1,13.5,2.65],"texture":"#brightguntexture","rotation":270},
"up":{"uv":[12,1,13.5,2.65],"texture":"#brightguntexture","rotation":270},
"north":{"uv":[12,1,13.5,2.65],"texture":"#brightguntexture","rotation":90},
"south":{"uv":[12,1,13.5,2.65],"texture":"#brightguntexture","rotation":270},
"west":{"uv":[12,1,13.5,2.65],"texture":"#brightguntexture","rotation":90},
"east":{"uv":[12,1,13.5,2.65],"texture":"#brightguntexture","rotation":270}
}
},
{
"from":[16.375,7.125,7.3125],
"to":[17.375,7.4375,7.5],
"faces":{
"down":{"uv":[12,1,13.5,2.65],"texture":"#brightguntexture","rotation":270},
"up":{"uv":[12,1,13.5,2.65],"texture":"#brightguntexture","rotation":270},
"north":{"uv":[12,1,13.5,2.65],"texture":"#brightguntexture","rotation":90},
"south":{"uv":[12,1,13.5,2.65],"texture":"#brightguntexture","rotation":270},
"west":{"uv":[12,1,13.5,2.65],"texture":"#brightguntexture","rotation":90},
"east":{"uv":[12,1,13.5,2.65],"texture":"#brightguntexture","rotation":270}
}
},
{
"from":[17.375,7.0625,8.5],
"to":[18.375,7.375,8.6875],
"rotation":{"origin":[17.375,7.0625,8.6875],"axis":"y","angle":22.5},
"faces":{
"down":{"uv":[12,1,13.5,2.65],"texture":"#brightguntexture","rotation":270},
"up":{"uv":[12,1,13.5,2.65],"texture":"#brightguntexture","rotation":270},
"north":{"uv":[12,1,13.5,2.65],"texture":"#brightguntexture","rotation":90},
"south":{"uv":[12,1,13.5,2.65],"texture":"#brightguntexture","rotation":270},
"west":{"uv":[12,1,13.5,2.65],"texture":"#brightguntexture","rotation":90}
}
},
{
"from":[17.3749,7.0625,7.3125],
"to":[18.3749,7.375,7.5],
"rotation":{"origin":[17.375,7.0625,7.3125],"axis":"y","angle":-22.5},
"faces":{
"down":{"uv":[12,1,13.5,2.65],"texture":"#brightguntexture","rotation":270},
"up":{"uv":[12,1,13.5,2.65],"texture":"#brightguntexture","rotation":270},
"north":{"uv":[12,1,13.5,2.65],"texture":"#brightguntexture","rotation":90},
"south":{"uv":[12,1,13.5,2.65],"texture":"#brightguntexture","rotation":270},
"west":{"uv":[12,1,13.5,2.65],"texture":"#brightguntexture","rotation":90}
}
},
{
"from":[13.375,7.2188,7.3125],
"to":[14.375,7.5313,7.5],
"faces":{
"down":{"uv":[12,1,13.5,2.65],"texture":"#brightguntexture","rotation":270},
"up":{"uv":[12,1,13.5,2.65],"texture":"#brightguntexture","rotation":270},
"north":{"uv":[12,1,13.5,2.65],"texture":"#brightguntexture","rotation":90},
"south":{"uv":[12,1,13.5,2.65],"texture":"#brightguntexture","rotation":270},
"west":{"uv":[12,1,13.5,2.65],"texture":"#brightguntexture","rotation":90},
"east":{"uv":[12,1,13.5,2.65],"texture":"#brightguntexture","rotation":270}
}
},
{
"from":[15.375,7.1562,8.5],
"to":[16.375,7.4687,8.6875],
"faces":{
"down":{"uv":[12,1,13.5,2.65],"texture":"#brightguntexture","rotation":270},
"up":{"uv":[12,1,13.5,2.65],"texture":"#brightguntexture","rotation":270},
"north":{"uv":[12,1,13.5,2.65],"texture":"#brightguntexture","rotation":90},
"south":{"uv":[12,1,13.5,2.65],"texture":"#brightguntexture","rotation":270},
"west":{"uv":[12,1,13.5,2.65],"texture":"#brightguntexture","rotation":90},
"east":{"uv":[12,1,13.5,2.65],"texture":"#brightguntexture","rotation":270}
}
},
{
"from":[18.1875,7,7.6875],
"to":[22.0625,7.375,8.3125],
"faces":{
"down":{"uv":[12,1,13.5,2.65],"texture":"#brightguntexture","rotation":270},
"up":{"uv":[12,1,13.5,2.65],"texture":"#brightguntexture","rotation":270},
"north":{"uv":[12,1,13.5,2.65],"texture":"#brightguntexture","rotation":90},
"south":{"uv":[12,1,13.5,2.65],"texture":"#brightguntexture","rotation":270},
"west":{"uv":[12,1,13.5,2.65],"texture":"#brightguntexture","rotation":90}
}
},
{
"from":[18.2188,2.4375,7.7812],
"to":[18.6563,7.0625,8.2187],
"rotation":{"origin":[18.2188,7.0625,7.7812],"axis":"z","angle":45},
"faces":{
"north":{"uv":[13.5,2.65,12,1],"texture":"#brightguntexture","rotation":180},
"south":{"uv":[13.5,2.65,12,1],"texture":"#brightguntexture","rotation":180},
"west":{"uv":[13.5,2.65,12,1],"texture":"#brightguntexture","rotation":180},
"east":{"uv":[12,1,13.5,2.65],"texture":"#brightguntexture"}
}
},
{
"from":[22.0625,5.0938,7.6562],
"to":[22.6875,7.37505,8.3437],
"faces":{
"up":{"uv":[8,2,9.5,3.65],"texture":"#brightguntexture"},
"north":{"uv":[8,2,9.5,3.65],"texture":"#brightguntexture"},
"south":{"uv":[8,2,9.5,3.65],"texture":"#brightguntexture"},
"west":{"uv":[8,2,9.5,3.65],"texture":"#brightguntexture"},
"east":{"uv":[8,2,9.5,3.65],"texture":"#brightguntexture"}
}
},
{
"from":[22.0625,3.4062,7.6563],
"to":[22.6875,5.0937,8.3438],
"rotation":{"origin":[22.6875,5.0937,7.6562],"axis":"z","angle":-22.5},
"faces":{
"down":{"uv":[14,0,15.5,1.65],"texture":"#brightguntexture","rotation":180},
"north":{"uv":[14,0,15.5,1.65],"texture":"#brightguntexture"},
"south":{"uv":[14,0,15.5,1.65],"texture":"#brightguntexture"},
"west":{"uv":[14,0,15.5,1.65],"texture":"#brightguntexture","rotation":180},
"east":{"uv":[14,0,15.5,1.65],"texture":"#brightguntexture","rotation":180}
}
},
{
"from":[8.656199,7.875,10.0625],
"to":[9.906199,8.375,10.8125],
"faces":{
"down":{"uv":[4.5,6,6,6.6875],"texture":"#1"},
"up":{"uv":[4.5,6,6,6.6875],"texture":"#1"},
"south":{"uv":[4.5,6,6,6.6875],"texture":"#1"},
"west":{"uv":[4,6,5,6.5],"texture":"#1"},
"east":{"uv":[5,6,6,6.5],"texture":"#1"}
}
},
{
"from":[8.5938,7.875,10.8125],
"to":[9.8438,8.375,11.5],
"faces":{
"down":{"uv":[4.5,6,6,6.6875],"texture":"#1"},
"up":{"uv":[4.5,6,6,6.6875],"texture":"#1"},
"north":{"uv":[4.5,6,6,6.6875],"texture":"#1"},
"south":{"uv":[4.5,6,6,6.6875],"texture":"#1"},
"west":{"uv":[4,6,5,6.5],"texture":"#1"},
"east":{"uv":[5,6,6,6.5],"texture":"#1"}
}
},
{
"from":[8.3438,7.875,12.8438],
"to":[9.5938,8.375,13.0938],
"faces":{
"down":{"uv":[4.5,6,6,6.6875],"texture":"#1"},
"up":{"uv":[4.5,6,6,6.6875],"texture":"#1"},
"north":{"uv":[4.5,6,6,6.6875],"texture":"#1"},
"south":{"uv":[4.5,6,6,6.6875],"texture":"#1"},
"west":{"uv":[4,6,5,6.5],"texture":"#1"},
"east":{"uv":[5,6,6,6.5],"texture":"#1"}
}
},
{
"from":[14.6012,9.0938,7.6666],
"to":[15.7262,9.2188,7.7916],
"faces":{
"up":{"uv":[14,0,16,1.1875],"texture":"#brightguntexture"},
"north":{"uv":[14,0,16,1.1875],"texture":"#brightguntexture"},
"south":{"uv":[14,0,16,1.1875],"texture":"#brightguntexture"},
"west":{"uv":[14,0,16,1.1875],"texture":"#brightguntexture"},
"east":{"uv":[14,0,16,1.1875],"texture":"#brightguntexture"}
}
},
{
"from":[14.695,9.2188,7.6666],
"to":[15.6325,9.3438,7.7916],
"faces":{
"up":{"uv":[14,0,16,1.1875],"texture":"#brightguntexture"},
"north":{"uv":[14,0,16,1.1875],"texture":"#brightguntexture"},
"south":{"uv":[14,0,16,1.1875],"texture":"#brightguntexture"},
"west":{"uv":[14,0,16,1.1875],"texture":"#brightguntexture"},
"east":{"uv":[14,0,16,1.1875],"texture":"#brightguntexture"}
}
},
{
"from":[14.82,9.3438,7.6666],
"to":[15.5075,9.4688,7.7916],
"faces":{
"up":{"uv":[14,0,16,1.1875],"texture":"#brightguntexture"},
"north":{"uv":[14,0,16,1.1875],"texture":"#brightguntexture"},
"south":{"uv":[14,0,16,1.1875],"texture":"#brightguntexture"},
"west":{"uv":[14,0,16,1.1875],"texture":"#brightguntexture"},
"east":{"uv":[14,0,16,1.1875],"texture":"#brightguntexture"}
}
},
{
"from":[14.9762,9.4688,7.6666],
"to":[15.3512,9.5313,7.7916],
"faces":{
"up":{"uv":[14,0,16,1.1875],"texture":"#brightguntexture"},
"north":{"uv":[14,0,16,1.1875],"texture":"#brightguntexture"},
"south":{"uv":[14,0,16,1.1875],"texture":"#brightguntexture"},
"west":{"uv":[14,0,16,1.1875],"texture":"#brightguntexture"},
"east":{"uv":[14,0,16,1.1875],"texture":"#brightguntexture"}
}
},
{
"from":[14.6012,9.0938,8.2291],
"to":[15.7262,9.2188,8.3541],
"faces":{
"up":{"uv":[14,0,16,1.1875],"texture":"#brightguntexture"},
"north":{"uv":[14,0,16,1.1875],"texture":"#brightguntexture"},
"south":{"uv":[14,0,16,1.1875],"texture":"#brightguntexture"},
"west":{"uv":[14,0,16,1.1875],"texture":"#brightguntexture"},
"east":{"uv":[14,0,16,1.1875],"texture":"#brightguntexture"}
}
},
{
"from":[14.695,9.2188,8.2291],
"to":[15.6325,9.3438,8.3541],
"faces":{
"up":{"uv":[14,0,16,1.1875],"texture":"#brightguntexture"},
"north":{"uv":[14,0,16,1.1875],"texture":"#brightguntexture"},
"south":{"uv":[14,0,16,1.1875],"texture":"#brightguntexture"},
"west":{"uv":[14,0,16,1.1875],"texture":"#brightguntexture"},
"east":{"uv":[14,0,16,1.1875],"texture":"#brightguntexture"}
}
},
{
"from":[14.82,9.3438,8.2291],
"to":[15.5075,9.4688,8.3541],
"faces":{
"up":{"uv":[14,0,16,1.1875],"texture":"#brightguntexture"},
"north":{"uv":[14,0,16,1.1875],"texture":"#brightguntexture"},
"south":{"uv":[14,0,16,1.1875],"texture":"#brightguntexture"},
"west":{"uv":[14,0,16,1.1875],"texture":"#brightguntexture"},
"east":{"uv":[14,0,16,1.1875],"texture":"#brightguntexture"}
}
},
{
"from":[14.9762,9.4688,8.2291],
"to":[15.3512,9.5313,8.3541],
"faces":{
"up":{"uv":[14,0,16,1.1875],"texture":"#brightguntexture"},
"north":{"uv":[14,0,16,1.1875],"texture":"#brightguntexture"},
"south":{"uv":[14,0,16,1.1875],"texture":"#brightguntexture"},
"west":{"uv":[14,0,16,1.1875],"texture":"#brightguntexture"},
"east":{"uv":[14,0,16,1.1875],"texture":"#brightguntexture"}
}
},
{
"from":[-0.5237,9.6094,7.6407],
"to":[-0.3206,9.896625,7.7657],
"rotation":{"origin":[-0.3206253,9.609375,7.640625],"axis":"z","angle":45},
"faces":{
"north":{"uv":[15,0,16,1.25],"texture":"#brightguntexture"},
"south":{"uv":[15,0,16,1.25],"texture":"#brightguntexture"},
"west":{"uv":[15,0,16,1.25],"texture":"#brightguntexture"},
"east":{"uv":[15,0,16,1.25],"texture":"#brightguntexture"}
}
},
{
"from":[13,7.2188,7.3125],
"to":[13.375,7.5938,8.6875],
"faces":{
"down":{"uv":[12,1,13.5,2.65],"texture":"#brightguntexture","rotation":270},
"up":{"uv":[12,1,13.5,2.65],"texture":"#brightguntexture","rotation":270},
"north":{"uv":[12,1,13.5,2.65],"texture":"#brightguntexture","rotation":90},
"south":{"uv":[12,1,13.5,2.65],"texture":"#brightguntexture","rotation":270},
"west":{"uv":[12,1,13.5,2.65],"texture":"#brightguntexture","rotation":90},
"east":{"uv":[12,1,13.5,2.65],"texture":"#brightguntexture","rotation":270}
}
},
{
"from":[14.375,7.1875,8.5],
"to":[15.375,7.5,8.6875],
"faces":{
"down":{"uv":[12,1,13.5,2.65],"texture":"#brightguntexture","rotation":270},
"up":{"uv":[12,1,13.5,2.65],"texture":"#brightguntexture","rotation":270},
"north":{"uv":[12,1,13.5,2.65],"texture":"#brightguntexture","rotation":90},
"south":{"uv":[12,1,13.5,2.65],"texture":"#brightguntexture","rotation":270},
"west":{"uv":[12,1,13.5,2.65],"texture":"#brightguntexture","rotation":90},
"east":{"uv":[12,1,13.5,2.65],"texture":"#brightguntexture","rotation":270}
}
},
{
"from":[13.375,7.2188,8.5],
"to":[14.375,7.5313,8.6875],
"faces":{
"down":{"uv":[12,1,13.5,2.65],"texture":"#brightguntexture","rotation":270},
"up":{"uv":[12,1,13.5,2.65],"texture":"#brightguntexture","rotation":270},
"north":{"uv":[12,1,13.5,2.65],"texture":"#brightguntexture","rotation":90},
"south":{"uv":[12,1,13.5,2.65],"texture":"#brightguntexture","rotation":270},
"west":{"uv":[12,1,13.5,2.65],"texture":"#brightguntexture","rotation":90},
"east":{"uv":[12,1,13.5,2.65],"texture":"#brightguntexture","rotation":270}
}
},
{
"from":[15.375,7.1562,7.3125],
"to":[16.375,7.4687,7.5],
"faces":{
"down":{"uv":[12,1,13.5,2.65],"texture":"#brightguntexture","rotation":270},
"up":{"uv":[12,1,13.5,2.65],"texture":"#brightguntexture","rotation":270},
"north":{"uv":[12,1,13.5,2.65],"texture":"#brightguntexture","rotation":90},
"south":{"uv":[12,1,13.5,2.65],"texture":"#brightguntexture","rotation":270},
"west":{"uv":[12,1,13.5,2.65],"texture":"#brightguntexture","rotation":90},
"east":{"uv":[12,1,13.5,2.65],"texture":"#brightguntexture","rotation":270}
}
},
{
"from":[14.375,7.1875,7.3125],
"to":[15.375,7.5,7.5],
"faces":{
"down":{"uv":[12,1,13.5,2.65],"texture":"#brightguntexture","rotation":270},
"up":{"uv":[12,1,13.5,2.65],"texture":"#brightguntexture","rotation":270},
"north":{"uv":[12,1,13.5,2.65],"texture":"#brightguntexture","rotation":90},
"south":{"uv":[12,1,13.5,2.65],"texture":"#brightguntexture","rotation":270},
"west":{"uv":[12,1,13.5,2.65],"texture":"#brightguntexture","rotation":90},
"east":{"uv":[12,1,13.5,2.65],"texture":"#brightguntexture","rotation":270}
}
},
{
"from":[11.8125,3.7613,7.6563],
"to":[11.9375,3.9488,8.3438],
"rotation":{"origin":[11.8125,3.761199,7.6562],"axis":"z","angle":-22.5},
"faces":{
"up":{"uv":[4.50677,5.448959,6.00677,6.09896],"texture":"#brightguntexture"},
"north":{"uv":[4.50677,5.448959,6.00677,6.09896],"texture":"#brightguntexture"},
"south":{"uv":[4.50677,5.448959,6.00677,6.09896],"texture":"#brightguntexture"},
"west":{"uv":[4.50677,5.448959,6.00677,6.09896],"texture":"#brightguntexture"},
"east":{"uv":[4.50677,5.448959,6.00677,6.09896],"texture":"#brightguntexture"}
}
},
{
"from":[8.4688,7.875,12.125],
"to":[9.7188,8.375,12.53125],
"faces":{
"down":{"uv":[4.5,6,6,6.6875],"texture":"#1"},
"up":{"uv":[4.5,6,6,6.6875],"texture":"#1"},
"north":{"uv":[4.5,6,6,6.6875],"texture":"#1"},
"south":{"uv":[4.5,6,6,6.6875],"texture":"#1"},
"west":{"uv":[4,6,5,6.5],"texture":"#1"},
"east":{"uv":[5,6,6,6.5],"texture":"#1"}
}
},
{
"from":[8.406199,7.875,12.5312],
"to":[9.656199,8.375,12.8437],
"faces":{
"down":{"uv":[4.5,6,6,6.6875],"texture":"#1"},
"up":{"uv":[4.5,6,6,6.6875],"texture":"#1"},
"north":{"uv":[4.5,6,6,6.6875],"texture":"#1"},
"south":{"uv":[4.5,6,6,6.6875],"texture":"#1"},
"west":{"uv":[4,6,5,6.5],"texture":"#1"},
"east":{"uv":[5,6,6,6.5],"texture":"#1"}
}
},
{
"from":[8.281199,7.875,13.0938],
"to":[9.531199,8.375,13.2813],
"faces":{
"down":{"uv":[4.5,6,6,6.6875],"texture":"#1"},
"up":{"uv":[4.5,6,6,6.6875],"texture":"#1"},
"north":{"uv":[4.5,6,6,6.6875],"texture":"#1"},
"south":{"uv":[8.281199,7.625,9.531199,8.125],"texture":"#1"},
"west":{"uv":[4,6,5,6.5],"texture":"#1"},
"east":{"uv":[5,6,6,6.5],"texture":"#1"}
}
},
{
"from":[7.8749,7.875,13.9062],
"to":[9.2499,8.375,13.99995],
"faces":{
"down":{"uv":[4.5,6,6,6.6875],"texture":"#1"},
"up":{"uv":[4.5,6,6,6.6875],"texture":"#1"},
"north":{"uv":[4.5,6,6,6.6875],"texture":"#1"},
"south":{"uv":[7.8749,7.625,9.2499,8.125],"texture":"#1"},
"west":{"uv":[4,6,5,6.5],"texture":"#1"},
"east":{"uv":[5,6,6,6.5],"texture":"#1"}
}
},
{
"from":[8.2188,7.875,13.2812],
"to":[9.50005,8.375,13.4062],
"faces":{
"down":{"uv":[4.5,6,6,6.6875],"texture":"#1"},
"up":{"uv":[4.5,6,6,6.6875],"texture":"#1"},
"north":{"uv":[4.5,6,6,6.6875],"texture":"#1"},
"south":{"uv":[4.5,6,6,6.6875],"texture":"#1"},
"west":{"uv":[4,6,5,6.5],"texture":"#1"},
"east":{"uv":[5,6,6,6.5],"texture":"#1"}
}
},
{
"from":[8.156199,7.875,13.4062],
"to":[9.437449,8.375,13.5312],
"faces":{
"down":{"uv":[4.5,6,6,6.6875],"texture":"#1"},
"up":{"uv":[4.5,6,6,6.6875],"texture":"#1"},
"north":{"uv":[4.5,6,6,6.6875],"texture":"#1"},
"south":{"uv":[8.156199,7.625,9.437449,8.125],"texture":"#1"},
"west":{"uv":[4,6,5,6.5],"texture":"#1"},
"east":{"uv":[5,6,6,6.5],"texture":"#1"}
}
},
{
"from":[8.0938,7.875,13.5312],
"to":[9.4063,8.375,13.6562],
"faces":{
"down":{"uv":[4.5,6,6,6.6875],"texture":"#1"},
"up":{"uv":[4.5,6,6,6.6875],"texture":"#1"},
"north":{"uv":[4.5,6,6,6.6875],"texture":"#1"},
"south":{"uv":[4.5,6,6,6.6875],"texture":"#1"},
"west":{"uv":[4,6,5,6.5],"texture":"#1"},
"east":{"uv":[5,6,6,6.5],"texture":"#1"}
}
},
{
"from":[8.031199,7.875,13.6562],
"to":[9.343699,8.375,13.81245],
"faces":{
"down":{"uv":[4.5,6,6,6.6875],"texture":"#1"},
"up":{"uv":[4.5,6,6,6.6875],"texture":"#1"},
"north":{"uv":[4.5,6,6,6.6875],"texture":"#1"},
"south":{"uv":[4.5,6,6,6.6875],"texture":"#1"},
"west":{"uv":[4,6,5,6.5],"texture":"#1"},
"east":{"uv":[5,6,6,6.5],"texture":"#1"}
}
},
{
"from":[7.9375,7.875,13.8125],
"to":[9.28125,8.375,13.90625],
"faces":{
"down":{"uv":[4.5,6,6,6.6875],"texture":"#1"},
"up":{"uv":[4.5,6,6,6.6875],"texture":"#1"},
"north":{"uv":[4.5,6,6,6.6875],"texture":"#1"},
"south":{"uv":[7.9375,7.625,9.28125,8.125],"texture":"#1"},
"west":{"uv":[4,6,5,6.5],"texture":"#1"},
"east":{"uv":[5,6,6,6.5],"texture":"#1"}
}
},
{
"from":[8.25,7.875,14.375],
"to":[8.96875,8.375,14.4375],
"faces":{
"down":{"uv":[4.5,6,6,6.6875],"texture":"#1"},
"up":{"uv":[4.5,6,6,6.6875],"texture":"#1"},
"south":{"uv":[4.5,6,6,6.6875],"texture":"#1"},
"west":{"uv":[4,6,5,6.5],"texture":"#1"},
"east":{"uv":[5,6,6,6.5],"texture":"#1"}
}
},
{
"from":[8,7.875,14.25],
"to":[9.0625,8.375,14.3125],
"faces":{
"down":{"uv":[4.5,6,6,6.6875],"texture":"#1"},
"up":{"uv":[4.5,6,6,6.6875],"texture":"#1"},
"south":{"uv":[4.5,6,6,6.6875],"texture":"#1"},
"west":{"uv":[4,6,5,6.5],"texture":"#1"},
"east":{"uv":[5,6,6,6.5],"texture":"#1"}
}
},
{
"from":[8.3438,7.875,14.4375],
"to":[8.9063,8.375,14.5],
"faces":{
"down":{"uv":[4.5,6,6,6.6875],"texture":"#1"},
"up":{"uv":[4.5,6,6,6.6875],"texture":"#1"},
"south":{"uv":[4.5,6,6,6.6875],"texture":"#1"},
"west":{"uv":[4,6,5,6.5],"texture":"#1"},
"east":{"uv":[5,6,6,6.5],"texture":"#1"}
}
},
{
"from":[7.875,7.875,14.1875],
"to":[9.09375,8.375,14.25],
"faces":{
"down":{"uv":[4.5,6,6,6.6875],"texture":"#1"},
"up":{"uv":[4.5,6,6,6.6875],"texture":"#1"},
"south":{"uv":[4.5,6,6,6.6875],"texture":"#1"},
"west":{"uv":[4,6,5,6.5],"texture":"#1"},
"east":{"uv":[5,6,6,6.5],"texture":"#1"}
}
},
{
"from":[8.125,7.875,14.3125],
"to":[9,8.375,14.375],
"faces":{
"down":{"uv":[4.5,6,6,6.6875],"texture":"#1"},
"up":{"uv":[4.5,6,6,6.6875],"texture":"#1"},
"south":{"uv":[4.5,6,6,6.6875],"texture":"#1"},
"west":{"uv":[4,6,5,6.5],"texture":"#1"},
"east":{"uv":[5,6,6,6.5],"texture":"#1"}
}
},
{
"from":[7.8124,7.875,14],
"to":[9.21865,8.375,14.09375],
"faces":{
"down":{"uv":[4.5,6,6,6.6875],"texture":"#1"},
"up":{"uv":[4.5,6,6,6.6875],"texture":"#1"},
"north":{"uv":[4.5,6,6,6.6875],"texture":"#1"},
"south":{"uv":[4.5,6,6,6.6875],"texture":"#1"},
"west":{"uv":[4,6,5,6.5],"texture":"#1"},
"east":{"uv":[5,6,6,6.5],"texture":"#1"}
}
},
{
"from":[7.7499,7.875,14.0937],
"to":[9.15615,8.375,14.18745],
"faces":{
"down":{"uv":[4.5,6,6,6.6875],"texture":"#1"},
"up":{"uv":[4.5,6,6,6.6875],"texture":"#1"},
"north":{"uv":[4.5,6,6,6.6875],"texture":"#1"},
"south":{"uv":[4.5,6,6,6.6875],"texture":"#1"},
"west":{"uv":[4,6,5,6.5],"texture":"#1"},
"east":{"uv":[5,6,6,6.5],"texture":"#1"}
}
},
{
"from":[8.5,7.875,14.5],
"to":[8.875,8.375,14.5625],
"faces":{
"down":{"uv":[4.5,6,6,6.6875],"texture":"#1"},
"up":{"uv":[4.5,6,6,6.6875],"texture":"#1"},
"south":{"uv":[4.5,6,6,6.6875],"texture":"#1"},
"west":{"uv":[4,6,5,6.5],"texture":"#1"},
"east":{"uv":[5,6,6,6.5],"texture":"#1"}
}
},
{
"from":[8.625,7.875,14.5625],
"to":[8.8125,8.375,14.625],
"faces":{
"down":{"uv":[4.5,6,6,6.6875],"texture":"#1"},
"up":{"uv":[4.5,6,6,6.6875],"texture":"#1"},
"south":{"uv":[4.5,6,6,6.6875],"texture":"#1"},
"west":{"uv":[4,6,5,6.5],"texture":"#1"},
"east":{"uv":[5,6,6,6.5],"texture":"#1"}
}
},
{
"from":[8.6875,7.875,14.625],
"to":[8.75,8.375,14.65625],
"faces":{
"down":{"uv":[4.5,6,6,6.6875],"texture":"#1"},
"up":{"uv":[4.5,6,6,6.6875],"texture":"#1"},
"south":{"uv":[4.5,6,6,6.6875],"texture":"#1"},
"west":{"uv":[4,6,5,6.5],"texture":"#1"},
"east":{"uv":[5,6,6,6.5],"texture":"#1"}
}
},
{
"from":[8,7.875,13.75],
"to":[8.03125,8.375,13.8125],
"faces":{
"down":{"uv":[4.5,6,5,6.5],"texture":"#1"},
"up":{"uv":[4.5,6,5,6.5],"texture":"#1"},
"north":{"uv":[4.5,6,5,6.5],"texture":"#1"},
"west":{"uv":[4,6,5,6.5],"texture":"#1"}
}
},
{
"from":[8.531199,7.875,11.5],
"to":[9.781199,8.375,12.125],
"faces":{
"down":{"uv":[4.5,6,6,6.6875],"texture":"#1"},
"up":{"uv":[4.5,6,6,6.6875],"texture":"#1"},
"north":{"uv":[4.5,6,6,6.6875],"texture":"#1"},
"south":{"uv":[4.5,6,6,6.6875],"texture":"#1"},
"west":{"uv":[4,6,5,6.5],"texture":"#1"},
"east":{"uv":[5,6,6,6.5],"texture":"#1"}
}
},
{
"from":[-1.4968,7.402,8.3194],
"to":[-1.138734,7.702924,8.915115],
"rotation":{"origin":[-2.332305,7.401999,8.319414],"axis":"x","angle":-45},
"faces":{
"down":{"uv":[0,5.56146,1.375,6.56146],"texture":"#brightguntexture"},
"up":{"uv":[10,8.28587,11.375,8.84737],"texture":"#brightguntexture"},
"west":{"uv":[8.28587,6.58615,8.84737,6.86979],"texture":"#brightguntexture"},
"east":{"uv":[7.15263,6.58615,7.71413,6.86979],"texture":"#brightguntexture"}
}
},
{
"from":[-1.4968,7.4038,7.7177],
"to":[-1.138734,8.848055,8.319464],
"faces":{
"down":{"uv":[10,7.7141,11.375,8.2813],"texture":"#brightguntexture"},
"up":{"uv":[10,7.7187,11.375,8.2859],"texture":"#brightguntexture"},
"north":{"uv":[3.625,5.5068,5,6.8681],"texture":"#1"},
"south":{"uv":[11,5.5068,12.375,6.8681],"texture":"#1"},
"west":{"uv":[7.7187,5.5068,8.2859,6.8681],"texture":"#brightguntexture"}
}
},
{
"from":[-1.4968,7.8232,7.2965],
"to":[-1.138734,8.124123,7.892216],
"rotation":{"origin":[-2.332305,7.82318,7.296438],"axis":"x","angle":45},
"faces":{
"down":{"uv":[10,8.11685,11.375,8.67835],"texture":"#brightguntexture"},
"up":{"uv":[10,7.32165,11.375,7.88315],"texture":"#brightguntexture"},
"west":{"uv":[7.32165,6.189159,7.88315,6.472799],"texture":"#brightguntexture"},
"east":{"uv":[8.11685,6.189159,8.67835,6.472799],"texture":"#brightguntexture"}
}
},
{
"from":[-1.4968,7.825,7.2965],
"to":[-1.138734,8.426805,8.740711],
"faces":{
"down":{"uv":[11,7.317039,12.375,8.6783],"texture":"#1"},
"up":{"uv":[11,7.3217,12.375,8.68296],"texture":"#1"},
"north":{"uv":[4.625,5.90386,6,6.4711],"texture":"#brightguntexture"},
"south":{"uv":[10,5.90386,11.375,6.4711],"texture":"#brightguntexture"},
"west":{"uv":[7.3217,5.90386,8.68296,6.4711],"texture":"#brightguntexture"}
}
},
{
"from":[-1.4968,8.1241,7.2964],
"to":[-1.138734,8.425025,7.892116],
"rotation":{"origin":[-2.332305,8.424932,7.296438],"axis":"x","angle":-45},
"faces":{
"down":{"uv":[10,7.916309,11.375,8.47781],"texture":"#brightguntexture"},
"up":{"uv":[10,7.52219,11.375,8.08369],"texture":"#brightguntexture"},
"west":{"uv":[7.52219,5.82254,8.08369,6.10618],"texture":"#brightguntexture"},
"east":{"uv":[7.91631,5.82254,8.47781,6.10618],"texture":"#brightguntexture"}
}
},
{
"from":[-1.4968,8.5453,8.3194],
"to":[-1.138734,8.846224,8.915115],
"rotation":{"origin":[-2.332305,8.846157,8.319414],"axis":"x","angle":45},
"faces":{
"down":{"uv":[10,7.35317,11.375,7.91466],"texture":"#brightguntexture"},
"up":{"uv":[10,8.08534,11.375,8.64683],"texture":"#brightguntexture"},
"west":{"uv":[8.08534,5.42551,8.64683,5.70915],"texture":"#brightguntexture"},
"east":{"uv":[7.35317,5.42551,7.91466,5.70915],"texture":"#brightguntexture"}
}
},
{
"from":[-1.7654,8.4311,8.2437],
"to":[-1.49685,8.656793,8.690487],
"rotation":{"origin":[-1.7654,8.6567,8.2436],"axis":"x","angle":45},
"faces":{
"down":{"uv":[10,7.35317,11.375,7.91466],"texture":"#brightguntexture"},
"up":{"uv":[10,8.08534,11.375,8.64683],"texture":"#brightguntexture"},
"west":{"uv":[8.08534,5.42551,8.64683,5.70915],"texture":"#brightguntexture"},
"east":{"uv":[7.35317,5.42551,7.91466,5.70915],"texture":"#brightguntexture"}
}
},
{
"from":[-1.7654,8.1151,7.4764],
"to":[-1.49685,8.340794,7.923187],
"rotation":{"origin":[-2.391983,8.340786,7.476401],"axis":"x","angle":-45},
"faces":{
"down":{"uv":[10,7.916309,11.375,8.47781],"texture":"#brightguntexture"},
"up":{"uv":[10,7.52219,11.375,8.08369],"texture":"#brightguntexture"},
"west":{"uv":[7.52219,5.82254,8.08369,6.10618],"texture":"#brightguntexture"},
"east":{"uv":[7.91631,5.82254,8.47781,6.10618],"texture":"#brightguntexture"}
}
},
{
"from":[-1.7654,7.8908,7.4764],
"to":[-1.49685,8.342155,8.559558],
"faces":{
"down":{"uv":[11,7.317039,12.375,8.6783],"texture":"#1"},
"up":{"uv":[11,7.3217,12.375,8.68296],"texture":"#1"},
"north":{"uv":[4.625,5.90386,6,6.4711],"texture":"#brightguntexture"},
"south":{"uv":[10,5.90386,11.375,6.4711],"texture":"#brightguntexture"},
"west":{"uv":[7.3217,5.90386,8.68296,6.4711],"texture":"#brightguntexture"}
}
},
{
"from":[-1.7654,7.8895,7.4764],
"to":[-1.49685,8.115192,7.923187],
"rotation":{"origin":[-2.391983,7.889471,7.476401],"axis":"x","angle":45},
"faces":{
"down":{"uv":[10,8.11685,11.375,8.67835],"texture":"#brightguntexture"},
"up":{"uv":[10,7.32165,11.375,7.88315],"texture":"#brightguntexture"},
"west":{"uv":[7.32165,6.189159,7.88315,6.472799],"texture":"#brightguntexture"},
"east":{"uv":[8.11685,6.189159,8.67835,6.472799],"texture":"#brightguntexture"}
}
},
{
"from":[-1.7654,7.5749,7.7923],
"to":[-1.49685,8.658091,8.243622],
"faces":{
"down":{"uv":[10,7.7141,11.375,8.2813],"texture":"#brightguntexture"},
"up":{"uv":[10,7.7187,11.375,8.2859],"texture":"#brightguntexture"},
"north":{"uv":[3.625,5.5068,5,6.8681],"texture":"#1"},
"south":{"uv":[11,5.5068,12.375,6.8681],"texture":"#1"},
"west":{"uv":[7.7187,5.5068,8.2859,6.8681],"texture":"#brightguntexture"}
}
},
{
"from":[-1.7654,7.5736,8.2437],
"to":[-1.49685,7.799293,8.690487],
"rotation":{"origin":[-2.391983,7.573586,8.243633],"axis":"x","angle":-45},
"faces":{
"down":{"uv":[0,5.56146,1.375,6.56146],"texture":"#brightguntexture"},
"up":{"uv":[10,8.28587,11.375,8.84737],"texture":"#brightguntexture"},
"west":{"uv":[8.28587,6.58615,8.84737,6.86979],"texture":"#brightguntexture"},
"east":{"uv":[7.15263,6.58615,7.71413,6.86979],"texture":"#brightguntexture"}
}
},
{
"from":[14.9062,9.0938,7.776],
"to":[15.4062,9.2188,8.24475],
"faces":{
"up":{"uv":[14,0,16,1.1875],"texture":"#brightguntexture"},
"west":{"uv":[14,0,16,1.1875],"texture":"#brightguntexture"},
"east":{"uv":[14,0,16,1.1875],"texture":"#brightguntexture"}
}
},
{
"from":[15.0312,9.3125,7.875],
"to":[15.2812,9.46875,7.90625],
"faces":{
"north":{"uv":[14,0,16,1.1875],"texture":"#brightguntexture"},
"south":{"uv":[14,0,16,1.1875],"texture":"#brightguntexture"},
"west":{"uv":[14,0,16,1.1875],"texture":"#brightguntexture"},
"east":{"uv":[14,0,16,1.1875],"texture":"#brightguntexture"}
}
},
{
"from":[15.0312,9.2188,7.776],
"to":[15.2812,9.31255,8.24475],
"faces":{
"up":{"uv":[14,0,16,1.1875],"texture":"#brightguntexture"},
"west":{"uv":[14,0,16,1.1875],"texture":"#brightguntexture"},
"east":{"uv":[14,0,16,1.1875],"texture":"#brightguntexture"}
}
},
{
"from":[15.0312,9.3125,8.0938],
"to":[15.2812,9.46875,8.12505],
"faces":{
"north":{"uv":[14,0,16,1.1875],"texture":"#brightguntexture"},
"south":{"uv":[14,0,16,1.1875],"texture":"#brightguntexture"},
"west":{"uv":[14,0,16,1.1875],"texture":"#brightguntexture"},
"east":{"uv":[14,0,16,1.1875],"texture":"#brightguntexture"}
}
},
{
"from":[15.0312,9.4688,7.9062],
"to":[15.2812,9.50005,8.0937],
"faces":{
"down":{"uv":[14,0,16,1.1875],"texture":"#brightguntexture"},
"up":{"uv":[14,0,16,1.1875],"texture":"#brightguntexture"},
"west":{"uv":[14,0,16,1.1875],"texture":"#brightguntexture"},
"east":{"uv":[14,0,16,1.1875],"texture":"#brightguntexture"}
}
},
{
"from":[6,7.9062,7.0625],
"to":[6.125,8.4062,7.1875],
"faces":{
"down":{"uv":[0,5,1.375,6.56719],"texture":"#brightguntexture"},
"up":{"uv":[0,5,1.375,6.56719],"texture":"#brightguntexture"},
"north":{"uv":[0,5,1.375,6.56719],"texture":"#brightguntexture"},
"south":{"uv":[0,5,1.375,6.56719],"texture":"#brightguntexture"},
"west":{"uv":[0,5,1.375,6.56719],"texture":"#brightguntexture"}
}
},
{
"from":[-0.1875,7.9062,7.0625],
"to":[-0.0625,8.4062,7.1875],
"faces":{
"down":{"uv":[0,5,1.375,6.56719],"texture":"#brightguntexture"},
"up":{"uv":[0,5,1.375,6.56719],"texture":"#brightguntexture"},
"north":{"uv":[0,5,1.375,6.56719],"texture":"#brightguntexture"},
"south":{"uv":[0,5,1.375,6.56719],"texture":"#brightguntexture"},
"west":{"uv":[0,5,1.375,6.56719],"texture":"#brightguntexture"}
}
}
],
"display":{
"thirdperson_righthand":{
"rotation":[-180,-90,130],
"translation":[0,3,1],
"scale":[0.7,0.7,0.7]
},
"thirdperson_lefthand":{
"rotation":[-180,90,-130],
"translation":[0,3,1],
"scale":[0.7,0.7,0.7]
},
"firstperson_righthand":{
"rotation":[0,-90,0],
"translation":[-2.5,5,-1],
"scale":[0.8,0.8,0.8]
},
"firstperson_lefthand":{
"rotation":[0,90,0],
"translation":[-2.5,5,-1],
"scale":[0.8,0.8,0.8]
},
"gui":{
"rotation":[-15,40,0],
"translation":[-0.5,0,0],
"scale":[0.75,0.75,0.75]
},
"head":{
"rotation":[0,-90,0],
"translation":[0,12,0],
"scale":[0.6,0.6,0.6]
},
"ground":{
"rotation":[-90,0,0],
"translation":[-2,-0.75,0],
"scale":[0.6,0.6,0.6]
},
"fixed":{
"translation":[0,0,-1]
}
}
}