{"elements":[{"from":[7.8576,9.9127,0.3215],"to":[8.137755,11.03329,0.7215],"faces":{"down":{"uv":[7.5,2,8.5,3],"texture":"#0","rotation":270},"up":{"uv":[7.5,2,8.5,3],"texture":"#0","rotation":270},"south":{"uv":[7.5,2,8.5,3],"texture":"#0","rotation":270}}},{"from":[7.4374,10.3329,0.3215],"to":[8.55801,10.61304,0.7215],"faces":{"south":{"uv":[7.5,2,8.5,3],"texture":"#0","rotation":270},"west":{"uv":[7.5,2,8.5,3],"texture":"#0","rotation":270},"east":{"uv":[7.5,2,8.5,3],"texture":"#0","rotation":270}}},{"from":[8.2779,10.613,0.3215],"to":[8.558063,10.82312,0.7215],"rotation":{"origin":[8.55802,10.61303,0.723641],"axis":"z","angle":22.5},"faces":{"south":{"uv":[7.5,2,8.5,3],"texture":"#0","rotation":270},"east":{"uv":[7.5,2,8.5,3],"texture":"#0","rotation":270}}},{"from":[8.1378,10.7531,0.3215],"to":[8.347925,11.03326,0.7215],"rotation":{"origin":[8.137793,11.03326,0.3215415],"axis":"z","angle":-22.5},"faces":{"up":{"uv":[7.5,2,8.5,3],"texture":"#0","rotation":270},"south":{"uv":[7.5,2,8.5,3],"texture":"#0","rotation":270}}},{"from":[8.1975,10.8072,0.3215],"to":[8.477663,11.01358,0.7215],"rotation":{"origin":[8.477616,10.80718,0.723641],"axis":"z","angle":45},"faces":{"south":{"uv":[7.5,2,8.5,3],"texture":"#0","rotation":270},"east":{"uv":[7.5,2,8.5,3],"texture":"#0","rotation":270}}},{"from":[8.1378,10.613,0.3215],"to":[8.254541,10.72973,0.7215],"faces":{"up":{"uv":[7.5,2,8.5,3],"texture":"#0","rotation":270},"south":{"uv":[7.5,2,8.5,3],"texture":"#0","rotation":270},"east":{"uv":[7.5,2,8.5,3],"texture":"#0","rotation":270}}},{"from":[7.4374,10.613,0.3215],"to":[7.717563,10.82312,0.7215],"rotation":{"origin":[7.437414,10.61303,0.3215415],"axis":"z","angle":-22.5},"faces":{"south":{"uv":[7.5,2,8.5,3],"texture":"#0","rotation":270},"west":{"uv":[7.5,2,8.5,3],"texture":"#0","rotation":270}}},{"from":[7.6475,10.7531,0.3215],"to":[7.857625,11.03326,0.7215],"rotation":{"origin":[7.857641,11.03326,0.723641],"axis":"z","angle":22.5},"faces":{"up":{"uv":[7.5,2,8.5,3],"texture":"#0","rotation":270},"south":{"uv":[7.5,2,8.5,3],"texture":"#0","rotation":270}}},{"from":[7.4374,10.1228,0.3215],"to":[7.717563,10.33292,0.7215],"rotation":{"origin":[7.437414,10.33288,0.723641],"axis":"z","angle":22.5},"faces":{"south":{"uv":[7.5,2,8.5,3],"texture":"#0","rotation":270},"west":{"uv":[7.5,2,8.5,3],"texture":"#0","rotation":270}}},{"from":[8.1378,9.9127,0.3215],"to":[8.347925,10.19286,0.7215],"rotation":{"origin":[8.137793,9.912655,0.723641],"axis":"z","angle":22.5},"faces":{"down":{"uv":[7.5,2,8.5,3],"texture":"#0","rotation":270},"south":{"uv":[7.5,2,8.5,3],"texture":"#0","rotation":270}}},{"from":[7.6475,9.9127,0.3215],"to":[7.857625,10.19286,0.7215],"rotation":{"origin":[7.857641,9.912655,0.3215415],"axis":"z","angle":-22.5},"faces":{"down":{"uv":[7.5,2,8.5,3],"texture":"#0","rotation":270},"south":{"uv":[7.5,2,8.5,3],"texture":"#0","rotation":270}}},{"from":[8.2779,10.1228,0.3215],"to":[8.558063,10.33292,0.7215],"rotation":{"origin":[8.55802,10.33288,0.3215415],"axis":"z","angle":-22.5},"faces":{"south":{"uv":[7.5,2,8.5,3],"texture":"#0","rotation":270},"east":{"uv":[7.5,2,8.5,3],"texture":"#0","rotation":270}}},{"from":[7.6637,10.7465,0.3215],"to":[7.943862,10.95288,0.7215],"rotation":{"origin":[7.663637,10.9529,0.723641],"axis":"z","angle":-45},"faces":{"south":{"uv":[7.5,2,8.5,3],"texture":"#0","rotation":270},"west":{"uv":[7.5,2,8.5,3],"texture":"#0","rotation":270}}},{"from":[7.7409,10.613,0.3215],"to":[7.857641,10.72973,0.7215],"faces":{"south":{"uv":[7.5,2,8.5,3],"texture":"#0","rotation":270}}},{"from":[7.7409,10.2162,0.3215],"to":[7.857641,10.33293,0.7215],"faces":{"south":{"uv":[7.5,2,8.5,3],"texture":"#0","rotation":270}}},{"from":[8.1378,10.2162,0.3215],"to":[8.254541,10.33293,0.7215],"faces":{"south":{"uv":[7.5,2,8.5,3],"texture":"#0","rotation":270}}},{"from":[8.0516,9.993,0.3215],"to":[8.331762,10.19938,0.7215],"rotation":{"origin":[8.331797,9.993012,0.723641],"axis":"z","angle":-45},"faces":{"south":{"uv":[7.5,2,8.5,3],"texture":"#0","rotation":270},"east":{"uv":[7.5,2,8.5,3],"texture":"#0","rotation":270}}},{"from":[7.5178,10.1388,0.3215],"to":[7.72419,10.41896,0.7215],"rotation":{"origin":[7.517818,10.13878,0.723641],"axis":"z","angle":-45},"faces":{"down":{"uv":[7.5,2,8.5,3],"texture":"#0","rotation":270},"south":{"uv":[7.5,2,8.5,3],"texture":"#0","rotation":270}}},{"from":[7.6522,8.5407,5.5554],"to":[8.3522,9.0907,6.1054],"rotation":{"origin":[7.652187,8.5407,5.5554],"axis":"x","angle":22.5},"faces":{"down":{"uv":[6,2,7,3],"texture":"#0"},"north":{"uv":[6,2,7,3],"texture":"#0"},"west":{"uv":[6,2,7,3],"texture":"#0"},"east":{"uv":[6,2,7,3],"texture":"#0"}}},{"from":[7.8272,10.0507,0.7192],"to":[8.1772,10.8957,1.7192],"faces":{"down":{"uv":[13,12,13.35,14.815],"texture":"#0"},"up":{"uv":[13,12,13.35,14.815],"texture":"#0"}}},{"from":[7.8272,10.0507,0.7192],"to":[8.6722,10.4007,1.7192],"rotation":{"origin":[7.827188,10.0507,0.7191503],"axis":"z","angle":45},"faces":{"west":{"uv":[13,12,13.35,14.815],"texture":"#0"},"east":{"uv":[13,12,13.35,14.815],"texture":"#0"}}},{"from":[8.177199,10.0507,0.7192],"to":[8.5272,10.8957,1.7192],"rotation":{"origin":[8.177188,10.0507,0.7191503],"axis":"z","angle":45},"faces":{"down":{"uv":[13,12,13.35,14.815],"texture":"#0"},"up":{"uv":[13,12,13.35,14.815],"texture":"#0"}}},{"from":[7.5797,10.2982,0.7192],"to":[8.4247,10.6482,1.7192],"faces":{"west":{"uv":[13,12,13.35,14.815],"texture":"#0","rotation":90},"east":{"uv":[13,12,13.35,14.815],"texture":"#0","rotation":90}}},{"from":[7.3872,9.5707,1.4929],"to":[8.6172,11.3532,1.6184],"rotation":{"origin":[7.387187,11.3532,1.4929],"axis":"x","angle":22.5},"faces":{"up":{"uv":[7,2,7.815,2.7],"texture":"#0","rotation":90},"north":{"uv":[9.5,1.5,1,3],"texture":"#0","rotation":270},"west":{"uv":[9.5,1.5,1,3],"texture":"#0","rotation":270},"east":{"uv":[9.5,1.5,1,3],"texture":"#0","rotation":270}}},{"from":[7.3872,10.4587,1.4929],"to":[8.0022,11.3532,8.9629],"faces":{"up":{"uv":[2,2,2.815,2.7],"texture":"#0","rotation":270},"west":{"uv":[2,2,2.815,2.7],"texture":"#0","rotation":270}}},{"from":[7.3872,9.6439,0.8108],"to":[8.6172,9.7064,3.6483],"faces":{"down":{"uv":[7,2,7.815,2.7],"texture":"#0","rotation":90},"north":{"uv":[7,2,7.815,2.7],"texture":"#0","rotation":90},"west":{"uv":[7,2,7.815,2.7],"texture":"#0","rotation":90},"east":{"uv":[7,2,7.815,2.7],"texture":"#0","rotation":90}}},{"from":[7.3872,9.5814,1.1655],"to":[8.6172,9.6439,3.64831],"faces":{"down":{"uv":[7,2,7.815,2.7],"texture":"#0","rotation":270},"north":{"uv":[7,2,7.815,2.7],"texture":"#0","rotation":270},"west":{"uv":[7,2,7.815,2.7],"texture":"#0","rotation":270},"east":{"uv":[7,2,7.815,2.7],"texture":"#0","rotation":270}}},{"from":[7.3872,9.5189,1.5202],"to":[8.6172,9.5814,3.648327],"faces":{"down":{"uv":[7,2,7.815,2.7],"texture":"#0","rotation":270},"north":{"uv":[7,2,7.815,2.7],"texture":"#0","rotation":270},"west":{"uv":[7,2,7.815,2.7],"texture":"#0","rotation":270},"east":{"uv":[7,2,7.815,2.7],"texture":"#0","rotation":270}}},{"from":[7.3872,9.4564,1.8749],"to":[8.6172,9.5189,3.648335],"faces":{"down":{"uv":[7,2,7.815,2.7],"texture":"#0","rotation":270},"north":{"uv":[7,2,7.815,2.7],"texture":"#0","rotation":270},"west":{"uv":[7,2,7.815,2.7],"texture":"#0","rotation":270},"east":{"uv":[7,2,7.815,2.7],"texture":"#0","rotation":270}}},{"from":[7.3872,9.3939,2.2296],"to":[8.6172,9.4564,3.64835],"faces":{"down":{"uv":[7,2,7.815,2.7],"texture":"#0","rotation":270},"north":{"uv":[7,2,7.815,2.7],"texture":"#0","rotation":270},"west":{"uv":[7,2,7.815,2.7],"texture":"#0","rotation":270},"east":{"uv":[7,2,7.815,2.7],"texture":"#0","rotation":270}}},{"from":[7.3872,9.3314,2.5843],"to":[8.6172,9.3939,3.64836],"faces":{"down":{"uv":[7,2,7.815,2.7],"texture":"#0","rotation":270},"north":{"uv":[7,2,7.815,2.7],"texture":"#0","rotation":270},"west":{"uv":[7,2,7.815,2.7],"texture":"#0","rotation":270},"east":{"uv":[7,2,7.815,2.7],"texture":"#0","rotation":270}}},{"from":[7.3872,9.2689,2.939],"to":[8.6172,9.3314,3.648375],"faces":{"down":{"uv":[7,2,7.815,2.7],"texture":"#0","rotation":270},"north":{"uv":[7,2,7.815,2.7],"texture":"#0","rotation":270},"west":{"uv":[7,2,7.815,2.7],"texture":"#0","rotation":270},"east":{"uv":[7,2,7.815,2.7],"texture":"#0","rotation":270}}},{"from":[7.3872,9.2064,3.2936],"to":[8.6172,9.6444,3.835785],"faces":{"down":{"uv":[7,2,7.815,2.7],"texture":"#0","rotation":270},"north":{"uv":[7,2,7.815,2.7],"texture":"#0","rotation":270},"west":{"uv":[7,2,7.815,2.7],"texture":"#0","rotation":270},"east":{"uv":[7,2,7.815,2.7],"texture":"#0","rotation":270}}},{"from":[7.3872,9.2064,3.8358],"to":[8.6172,9.5194,4.378],"rotation":{"origin":[7.387187,9.2064,3.8358],"axis":"x","angle":-45},"faces":{"down":{"uv":[7,2,7.815,2.7],"texture":"#0"},"west":{"uv":[7,2,7.815,2.7],"texture":"#0"},"east":{"uv":[7,2,7.815,2.7],"texture":"#0"}}},{"from":[7.3872,9.5407,4.1179],"to":[8.6172,9.666201,6.5976],"faces":{"down":{"uv":[7,2,8,3],"texture":"#0"},"west":{"uv":[7,2,8,3],"texture":"#0"},"east":{"uv":[7,2,8,3],"texture":"#0"}}},{"from":[7.3872,9.5407,6.5554],"to":[8.6172,9.916201,7.2554],"rotation":{"origin":[7.386638,9.5407,6.5554],"axis":"x","angle":22.5},"faces":{"down":{"uv":[7.185,1.3,10,2],"texture":"#0"},"west":{"uv":[7.185,1.3,10,2],"texture":"#0"},"east":{"uv":[7.185,1.3,10,2],"texture":"#0"}}},{"from":[7.3872,9.272799,7.2021],"to":[8.6172,9.335299,8.023975],"faces":{"down":{"uv":[7,2,8,3],"texture":"#0"},"south":{"uv":[7,2,8,3],"texture":"#0"},"west":{"uv":[7,2,8,3],"texture":"#0"},"east":{"uv":[7,2,8,3],"texture":"#0"}}},{"from":[7.3872,9.335299,7.2021],"to":[8.6172,9.397799,8.84585],"faces":{"down":{"uv":[7,2,8,3],"texture":"#0"},"south":{"uv":[7,2,8,3],"texture":"#0"},"west":{"uv":[7,2,8,3],"texture":"#0"},"east":{"uv":[7,2,8,3],"texture":"#0"}}},{"from":[7.3872,9.397799,7.2021],"to":[8.6172,9.460299,9.667725],"faces":{"down":{"uv":[7,2,8,3],"texture":"#0"},"south":{"uv":[7,2,8,3],"texture":"#0"},"west":{"uv":[7,2,8,3],"texture":"#0"},"east":{"uv":[7,2,8,3],"texture":"#0"}}},{"from":[7.3872,9.460299,7.2021],"to":[8.6172,9.647799,10.0771],"faces":{"down":{"uv":[7,2,8,3],"texture":"#0"},"south":{"uv":[7,2,8,3],"texture":"#0"},"west":{"uv":[7,2,8,3],"texture":"#0"},"east":{"uv":[7,2,8,3],"texture":"#0"}}},{"from":[7.3872,9.6257,1.18],"to":[8.6172,10.4587,10.14025],"faces":{"down":{"uv":[7.5,2,8.5,3],"texture":"#0","rotation":270},"up":{"uv":[7.5,2,8.5,3],"texture":"#0","rotation":270},"north":{"uv":[7.5,2,8.5,3],"texture":"#0","rotation":270},"south":{"uv":[7.5,2,8.5,3],"texture":"#0","rotation":270},"west":{"uv":[7.5,2,8.5,3],"texture":"#0","rotation":270},"east":{"uv":[7.5,2,8.5,3],"texture":"#0","rotation":270}}},{"from":[7.3872,10.4587,8.9629],"to":[8.6172,10.9587,10.1403],"faces":{"south":{"uv":[2,2,2.815,2.7],"texture":"#0"},"west":{"uv":[2,2,2.815,2.7],"texture":"#0"},"east":{"uv":[2,2,2.815,2.7],"texture":"#0"}}},{"from":[7.7772,10.9587,9.0254],"to":[8.2272,11.3532,10.1403],"faces":{"south":{"uv":[2,2,2.815,2.7],"texture":"#0"}}},{"from":[7.7772,10.9587,8.9653],"to":[8.1717,11.3532,10.1403],"rotation":{"origin":[7.7772,11.3532,10.1403],"axis":"z","angle":-22.5},"faces":{"south":{"uv":[2,2,2.815,2.7],"texture":"#0","rotation":90},"west":{"uv":[2,2,2.815,2.7],"texture":"#0","rotation":90}}},{"from":[7.3872,10.5642,9.0254],"to":[7.7817,10.9587,10.1403],"rotation":{"origin":[7.387187,10.9587,9.0254],"axis":"z","angle":22.5},"faces":{"up":{"uv":[2,2,2.815,2.7],"texture":"#0","rotation":90},"south":{"uv":[2,2,2.815,2.7],"texture":"#0","rotation":90}}},{"from":[7.8315,10.9525,8.9653],"to":[8.226,11.347,10.1403],"rotation":{"origin":[8.210999,11.3532,10.1403],"axis":"z","angle":22.5},"faces":{"south":{"uv":[2,2,2.815,2.7],"texture":"#0","rotation":180},"east":{"uv":[2,2,2.815,2.7],"texture":"#0","rotation":180}}},{"from":[8.2227,10.5642,9.0254],"to":[8.6172,10.9587,10.1403],"rotation":{"origin":[8.617188,10.9587,9.0254],"axis":"z","angle":-22.5},"faces":{"up":{"uv":[2,2,2.815,2.7],"texture":"#0","rotation":180},"south":{"uv":[2,2,2.815,2.7],"texture":"#0","rotation":180}}},{"from":[7.3872,11.0757,8.9629],"to":[8.6172,11.3532,9.5579],"rotation":{"origin":[7.3872,11.3532,8.9629],"axis":"x","angle":45},"faces":{"up":{"uv":[2,2,2.815,2.7],"texture":"#0","rotation":270},"west":{"uv":[2,2,2.815,2.7],"texture":"#0","rotation":270},"east":{"uv":[2,2,2.815,2.7],"texture":"#0","rotation":270}}},{"from":[7.3872,10.9587,9.1804],"to":[8.6172,11.1032,9.5879],"rotation":{"origin":[7.387187,11.1032,9.1804],"axis":"x","angle":22.5},"faces":{"up":{"uv":[2,2,2.815,2.7],"texture":"#0","rotation":270},"west":{"uv":[2,2,2.815,2.7],"texture":"#0","rotation":270},"east":{"uv":[2,2,2.815,2.7],"texture":"#0","rotation":270}}},{"from":[7.7272,11.3532,1.5554],"to":[8.2772,11.5032,10.1403],"faces":{"down":{"uv":[13,13,13.815,13.7],"texture":"#0","rotation":90},"up":{"uv":[13,13,13.815,13.7],"texture":"#0","rotation":90},"north":{"uv":[13,13,13.815,13.7],"texture":"#0","rotation":90},"south":{"uv":[13,13,13.815,13.7],"texture":"#0","rotation":90},"west":{"uv":[13,13,13.815,13.7],"texture":"#0","rotation":90},"east":{"uv":[13,13,13.815,13.7],"texture":"#0","rotation":90}}},{"from":[7.8522,8.9864,0.8733],"to":[8.1522,9.8314,1.1238],"rotation":{"origin":[7.852187,9.8314,0.8733003],"axis":"x","angle":22.5},"faces":{"down":{"uv":[7,2,7.815,2.7],"texture":"#0","rotation":90},"north":{"uv":[7,2,7.815,2.7],"texture":"#0","rotation":90},"south":{"uv":[7,2,7.815,2.7],"texture":"#0","rotation":90},"west":{"uv":[7,2,7.815,2.7],"texture":"#0","rotation":90},"east":{"uv":[7,2,7.815,2.7],"texture":"#0","rotation":90}}},{"from":[7.8772,6.1032,1.2429],"to":[8.127199,6.271465,1.3054],"faces":{"down":{"uv":[7,7,10.249,9],"texture":"#0"},"up":{"uv":[7,7,10.249,9],"texture":"#0"},"north":{"uv":[7,7,10.249,9],"texture":"#0"},"west":{"uv":[7,7,10.249,9],"texture":"#0"},"east":{"uv":[7,7,10.249,9],"texture":"#0"}}},{"from":[7.8772,6.1032,1.3679],"to":[8.127199,6.983005,1.4304],"faces":{"up":{"uv":[7,7,10.249,9],"texture":"#0"},"north":{"uv":[7,7,10.249,9],"texture":"#0"},"west":{"uv":[7,7,10.249,9],"texture":"#0"},"east":{"uv":[7,7,10.249,9],"texture":"#0"}}},{"from":[7.8772,6.1032,1.3054],"to":[8.127199,6.689735,1.3679],"faces":{"down":{"uv":[7,7,10.249,9],"texture":"#0"},"up":{"uv":[7,7,10.249,9],"texture":"#0"},"north":{"uv":[7,7,10.249,9],"texture":"#0"},"west":{"uv":[7,7,10.249,9],"texture":"#0"},"east":{"uv":[7,7,10.249,9],"texture":"#0"}}},{"from":[7.8772,6.1032,1.4304],"to":[8.127199,7.2763,1.4929],"faces":{"up":{"uv":[7,7,10.249,9],"texture":"#0"},"north":{"uv":[7,7,10.249,9],"texture":"#0"},"west":{"uv":[7,7,10.249,9],"texture":"#0"},"east":{"uv":[7,7,10.249,9],"texture":"#0"}}},{"from":[7.8772,6.1032,1.4929],"to":[8.127199,7.569545,1.5554],"faces":{"up":{"uv":[7,7,10.249,9],"texture":"#0"},"north":{"uv":[7,7,10.249,9],"texture":"#0"},"west":{"uv":[7,7,10.249,9],"texture":"#0"},"east":{"uv":[7,7,10.249,9],"texture":"#0"}}},{"from":[7.8772,6.1032,1.5554],"to":[8.127199,7.800315,1.6179],"faces":{"up":{"uv":[7,7,10.249,9],"texture":"#0"},"north":{"uv":[7,7,10.249,9],"texture":"#0"},"west":{"uv":[7,7,10.249,9],"texture":"#0"},"east":{"uv":[7,7,10.249,9],"texture":"#0"}}},{"from":[7.8772,6.1032,1.6179],"to":[8.127199,8.03108,1.6804],"faces":{"up":{"uv":[7,7,10.249,9],"texture":"#0"},"north":{"uv":[7,7,10.249,9],"texture":"#0"},"west":{"uv":[7,7,10.249,9],"texture":"#0"},"east":{"uv":[7,7,10.249,9],"texture":"#0"}}},{"from":[7.8772,6.1032,1.6804],"to":[8.127199,8.26185,1.7429],"faces":{"up":{"uv":[7,7,10.249,9],"texture":"#0"},"north":{"uv":[7,7,10.249,9],"texture":"#0"},"west":{"uv":[7,7,10.249,9],"texture":"#0"},"east":{"uv":[7,7,10.249,9],"texture":"#0"}}},{"from":[7.8772,6.1032,1.7429],"to":[8.127199,8.43012,1.8054],"faces":{"up":{"uv":[7,7,10.249,9],"texture":"#0"},"north":{"uv":[7,7,10.249,9],"texture":"#0"},"west":{"uv":[7,7,10.249,9],"texture":"#0"},"east":{"uv":[7,7,10.249,9],"texture":"#0"}}},{"from":[7.8772,6.1032,1.8054],"to":[8.127199,8.598391,1.8679],"faces":{"up":{"uv":[7,7,10.249,9],"texture":"#0"},"north":{"uv":[7,7,10.249,9],"texture":"#0"},"west":{"uv":[7,7,10.249,9],"texture":"#0"},"east":{"uv":[7,7,10.249,9],"texture":"#0"}}},{"from":[7.8772,6.1032,1.8679],"to":[8.127199,8.76666,1.9304],"faces":{"up":{"uv":[7,7,10.249,9],"texture":"#0"},"north":{"uv":[7,7,10.249,9],"texture":"#0"},"west":{"uv":[7,7,10.249,9],"texture":"#0"},"east":{"uv":[7,7,10.249,9],"texture":"#0"}}},{"from":[7.8772,6.1032,1.9304],"to":[8.127199,8.93493,1.9929],"faces":{"up":{"uv":[7,7,10.249,9],"texture":"#0"},"north":{"uv":[7,7,10.249,9],"texture":"#0"},"west":{"uv":[7,7,10.249,9],"texture":"#0"},"east":{"uv":[7,7,10.249,9],"texture":"#0"}}},{"from":[7.8772,6.1032,1.9929],"to":[8.127199,9.4782,2.5554],"faces":{"down":{"uv":[7,7,10.249,9],"texture":"#0"},"north":{"uv":[7,7,10.249,9],"texture":"#0"},"west":{"uv":[7,7,10.249,9],"texture":"#0"},"east":{"uv":[7,7,10.249,9],"texture":"#0"}}},{"from":[7.8772,6.1032,2.5429],"to":[8.127199,9.453199,2.6054],"faces":{"south":{"uv":[7,7,10.249,9],"texture":"#0"},"west":{"uv":[7,7,10.249,9],"texture":"#0"},"east":{"uv":[7,7,10.249,9],"texture":"#0"}}},{"from":[7.8772,6.0407,2.6054],"to":[8.127199,9.390699,2.6679],"faces":{"down":{"uv":[7,7,10.249,9],"texture":"#0"},"north":{"uv":[7,7,10.249,9],"texture":"#0"},"south":{"uv":[7,7,10.249,9],"texture":"#0"},"west":{"uv":[7,7,10.249,9],"texture":"#0"},"east":{"uv":[7,7,10.249,9],"texture":"#0"}}},{"from":[7.8772,6.2907,2.6679],"to":[8.127199,9.390699,2.7304],"faces":{"down":{"uv":[7,7,10.249,9],"texture":"#0"},"south":{"uv":[7,7,10.249,9],"texture":"#0"},"west":{"uv":[7,7,10.249,9],"texture":"#0"},"east":{"uv":[7,7,10.249,9],"texture":"#0"}}},{"from":[7.8772,6.6657,2.7304],"to":[8.127199,9.390699,2.7929],"faces":{"down":{"uv":[7,7,10.249,9],"texture":"#0"},"south":{"uv":[7,7,10.249,9],"texture":"#0"},"west":{"uv":[7,7,10.249,9],"texture":"#0"},"east":{"uv":[7,7,10.249,9],"texture":"#0"}}},{"from":[7.8772,7.1032,2.7929],"to":[8.127199,9.390699,2.8554],"faces":{"down":{"uv":[7,7,10.249,9],"texture":"#0"},"south":{"uv":[7,7,10.249,9],"texture":"#0"},"west":{"uv":[7,7,10.249,9],"texture":"#0"},"east":{"uv":[7,7,10.249,9],"texture":"#0"}}},{"from":[7.8772,7.7282,2.8554],"to":[8.127199,9.390699,2.9179],"faces":{"down":{"uv":[7,7,10.249,9],"texture":"#0"},"south":{"uv":[7,7,10.249,9],"texture":"#0"},"west":{"uv":[7,7,10.249,9],"texture":"#0"},"east":{"uv":[7,7,10.249,9],"texture":"#0"}}},{"from":[7.8772,8.9782,2.9179],"to":[8.127199,9.140699,3.5434],"rotation":{"origin":[7.877188,8.9782,2.9179],"axis":"x","angle":-22.5},"faces":{"down":{"uv":[7,7,10.249,9],"texture":"#0"},"west":{"uv":[7,7,10.249,9],"texture":"#0"},"east":{"uv":[7,7,10.249,9],"texture":"#0"}}},{"from":[7.8772,9.1657,1.9929],"to":[8.127199,9.603701,2.1804],"rotation":{"origin":[7.877188,9.1657,1.9929],"axis":"x","angle":-22.5},"faces":{"north":{"uv":[7,7,10.249,9],"texture":"#0"},"west":{"uv":[7,7,10.249,9],"texture":"#0"},"east":{"uv":[7,7,10.249,9],"texture":"#0"}}},{"from":[7.7284,6.0407,1.5154],"to":[8.2759,6.1032,2.3554],"faces":{"down":{"uv":[7,7,10.249,9],"texture":"#0"},"up":{"uv":[7,7,10.249,9],"texture":"#0"},"north":{"uv":[7,7,10.249,9],"texture":"#0"},"west":{"uv":[7,7,10.249,9],"texture":"#0"},"east":{"uv":[7,7,10.249,9],"texture":"#0"}}},{"from":[7.8772,5.8532,2.3329],"to":[8.127199,6.1032,2.6054],"faces":{"down":{"uv":[7,7,10.249,9],"texture":"#0"},"up":{"uv":[7,7,10.249,9],"texture":"#0"},"south":{"uv":[7,7,10.249,9],"texture":"#0"},"west":{"uv":[7,7,10.249,9],"texture":"#0"},"east":{"uv":[7,7,10.249,9],"texture":"#0"}}},{"from":[7.5947,6.0407,1.5679],"to":[8.409699,6.5407,1.6304],"faces":{"down":{"uv":[7,7,10.249,9],"texture":"#0"},"up":{"uv":[7,7,10.249,9],"texture":"#0"},"north":{"uv":[7,7,10.249,9],"texture":"#0"},"west":{"uv":[7,7,10.249,9],"texture":"#0"},"east":{"uv":[7,7,10.249,9],"texture":"#0"}}},{"from":[7.5947,6.0407,1.6304],"to":[8.409699,6.9157,1.6929],"faces":{"down":{"uv":[7,7,10.249,9],"texture":"#0"},"up":{"uv":[7,7,10.249,9],"texture":"#0"},"north":{"uv":[7,7,10.249,9],"texture":"#0"},"west":{"uv":[7,7,10.249,9],"texture":"#0"},"east":{"uv":[7,7,10.249,9],"texture":"#0"}}},{"from":[7.5947,6.0407,1.6929],"to":[8.409699,7.2282,1.7554],"faces":{"down":{"uv":[7,7,10.249,9],"texture":"#0"},"up":{"uv":[7,7,10.249,9],"texture":"#0"},"north":{"uv":[7,7,10.249,9],"texture":"#0"},"west":{"uv":[7,7,10.249,9],"texture":"#0"},"east":{"uv":[7,7,10.249,9],"texture":"#0"}}},{"from":[7.5947,6.0407,1.7554],"to":[8.409699,7.4782,1.8179],"faces":{"down":{"uv":[7,7,10.249,9],"texture":"#0"},"up":{"uv":[7,7,10.249,9],"texture":"#0"},"north":{"uv":[7,7,10.249,9],"texture":"#0"},"west":{"uv":[7,7,10.249,9],"texture":"#0"},"east":{"uv":[7,7,10.249,9],"texture":"#0"}}},{"from":[7.5947,6.0407,1.8179],"to":[8.409699,7.6657,1.8804],"faces":{"up":{"uv":[7,7,10.249,9],"texture":"#0"},"north":{"uv":[7,7,10.249,9],"texture":"#0"},"west":{"uv":[7,7,10.249,9],"texture":"#0"},"east":{"uv":[7,7,10.249,9],"texture":"#0"}}},{"from":[7.5947,6.0407,1.8804],"to":[8.409699,7.8532,1.9429],"faces":{"up":{"uv":[7,7,10.249,9],"texture":"#0"},"north":{"uv":[7,7,10.249,9],"texture":"#0"},"west":{"uv":[7,7,10.249,9],"texture":"#0"},"east":{"uv":[7,7,10.249,9],"texture":"#0"}}},{"from":[7.5947,6.0407,1.9429],"to":[8.409699,7.9957,2.0054],"faces":{"up":{"uv":[7,7,10.249,9],"texture":"#0"},"north":{"uv":[7,7,10.249,9],"texture":"#0"},"west":{"uv":[7,7,10.249,9],"texture":"#0"},"east":{"uv":[7,7,10.249,9],"texture":"#0"}}},{"from":[7.5947,6.0407,2.0054],"to":[8.409699,8.1657,2.0679],"faces":{"up":{"uv":[7,7,10.249,9],"texture":"#0"},"north":{"uv":[7,7,10.249,9],"texture":"#0"},"west":{"uv":[7,7,10.249,9],"texture":"#0"},"east":{"uv":[7,7,10.249,9],"texture":"#0"}}},{"from":[7.5947,6.0407,2.0679],"to":[8.409699,8.265699,2.1304],"faces":{"up":{"uv":[7,7,10.249,9],"texture":"#0"},"north":{"uv":[7,7,10.249,9],"texture":"#0"},"west":{"uv":[7,7,10.249,9],"texture":"#0"},"east":{"uv":[7,7,10.249,9],"texture":"#0"}}},{"from":[7.5947,6.0407,2.1304],"to":[8.409699,8.3407,2.1929],"faces":{"up":{"uv":[7,7,10.249,9],"texture":"#0"},"north":{"uv":[7,7,10.249,9],"texture":"#0"},"west":{"uv":[7,7,10.249,9],"texture":"#0"},"east":{"uv":[7,7,10.249,9],"texture":"#0"}}},{"from":[7.5947,6.0407,2.1929],"to":[8.409699,8.390699,2.2554],"faces":{"up":{"uv":[7,7,10.249,9],"texture":"#0"},"north":{"uv":[7,7,10.249,9],"texture":"#0"},"west":{"uv":[7,7,10.249,9],"texture":"#0"},"east":{"uv":[7,7,10.249,9],"texture":"#0"}}},{"from":[7.5947,6.0407,2.2554],"to":[8.409699,8.4157,2.3179],"faces":{"down":{"uv":[7,7,10.249,9],"texture":"#0"},"up":{"uv":[7,7,10.249,9],"texture":"#0"},"west":{"uv":[7,7,10.249,9],"texture":"#0"},"east":{"uv":[7,7,10.249,9],"texture":"#0"}}},{"from":[7.5947,5.9157,2.2929],"to":[8.409699,8.4157,2.3554],"faces":{"down":{"uv":[7,7,10.249,9],"texture":"#0"},"up":{"uv":[7,7,10.249,9],"texture":"#0"},"north":{"uv":[7,7,10.249,9],"texture":"#0"},"south":{"uv":[7,7,10.249,9],"texture":"#0"},"west":{"uv":[7,7,10.249,9],"texture":"#0"},"east":{"uv":[7,7,10.249,9],"texture":"#0"}}},{"from":[7.5947,6.1657,2.3554],"to":[8.409699,8.4157,2.4179],"faces":{"down":{"uv":[7,7,10.249,9],"texture":"#0"},"up":{"uv":[7,7,10.249,9],"texture":"#0"},"south":{"uv":[7,7,10.249,9],"texture":"#0"},"west":{"uv":[7,7,10.249,9],"texture":"#0"},"east":{"uv":[7,7,10.249,9],"texture":"#0"}}},{"from":[7.5947,6.4157,2.4179],"to":[8.409699,8.3807,2.4804],"faces":{"down":{"uv":[7,7,10.249,9],"texture":"#0"},"up":{"uv":[7,7,10.249,9],"texture":"#0"},"south":{"uv":[7,7,10.249,9],"texture":"#0"},"west":{"uv":[7,7,10.249,9],"texture":"#0"},"east":{"uv":[7,7,10.249,9],"texture":"#0"}}},{"from":[7.5947,6.7282,2.4804],"to":[8.409699,8.2907,2.5429],"faces":{"down":{"uv":[7,7,10.249,9],"texture":"#0"},"up":{"uv":[7,7,10.249,9],"texture":"#0"},"south":{"uv":[7,7,10.249,9],"texture":"#0"},"west":{"uv":[7,7,10.249,9],"texture":"#0"},"east":{"uv":[7,7,10.249,9],"texture":"#0"}}},{"from":[7.5947,7.1657,2.5429],"to":[8.409699,7.9782,2.6054],"faces":{"down":{"uv":[7,7,10.249,9],"texture":"#0"},"up":{"uv":[7,7,10.249,9],"texture":"#0"},"south":{"uv":[7,7,10.249,9],"texture":"#0"},"west":{"uv":[7,7,10.249,9],"texture":"#0"},"east":{"uv":[7,7,10.249,9],"texture":"#0"}}},{"from":[7.5947,5.9157,2.0604],"to":[8.409699,5.9782,2.2929],"faces":{"down":{"uv":[7,7,10.249,9],"texture":"#0"},"north":{"uv":[7,7,10.249,9],"texture":"#0"},"west":{"uv":[7,7,10.249,9],"texture":"#0"},"east":{"uv":[7,7,10.249,9],"texture":"#0"}}},{"from":[7.5947,5.9782,1.7879],"to":[8.409699,6.0407,2.2929],"faces":{"down":{"uv":[7,7,10.249,9],"texture":"#0"},"up":{"uv":[7,7,10.249,9],"texture":"#0"},"north":{"uv":[7,7,10.249,9],"texture":"#0"},"west":{"uv":[7,7,10.249,9],"texture":"#0"},"east":{"uv":[7,7,10.249,9],"texture":"#0"}}},{"from":[7.7284,6.1032,1.3679],"to":[8.2759,6.5782,1.4304],"faces":{"down":{"uv":[7,7,10.249,9],"texture":"#0"},"up":{"uv":[7,7,10.249,9],"texture":"#0"},"north":{"uv":[7,7,10.249,9],"texture":"#0"},"west":{"uv":[7,7,10.249,9],"texture":"#0"},"east":{"uv":[7,7,10.249,9],"texture":"#0"}}},{"from":[7.7284,6.1032,1.4304],"to":[8.2759,6.9532,1.4929],"faces":{"down":{"uv":[7,7,10.249,9],"texture":"#0"},"up":{"uv":[7,7,10.249,9],"texture":"#0"},"north":{"uv":[7,7,10.249,9],"texture":"#0"},"west":{"uv":[7,7,10.249,9],"texture":"#0"},"east":{"uv":[7,7,10.249,9],"texture":"#0"}}},{"from":[7.7284,6.1032,1.4929],"to":[8.2759,7.1407,1.5554],"faces":{"down":{"uv":[7,7,10.249,9],"texture":"#0"},"up":{"uv":[7,7,10.249,9],"texture":"#0"},"north":{"uv":[7,7,10.249,9],"texture":"#0"},"west":{"uv":[7,7,10.249,9],"texture":"#0"},"east":{"uv":[7,7,10.249,9],"texture":"#0"}}},{"from":[7.7284,6.1032,1.5554],"to":[8.2759,7.3907,1.6179],"faces":{"up":{"uv":[7,7,10.249,9],"texture":"#0"},"north":{"uv":[7,7,10.249,9],"texture":"#0"},"west":{"uv":[7,7,10.249,9],"texture":"#0"},"east":{"uv":[7,7,10.249,9],"texture":"#0"}}},{"from":[7.7284,6.1032,1.6179],"to":[8.2759,7.7032,1.6804],"faces":{"up":{"uv":[7,7,10.249,9],"texture":"#0"},"north":{"uv":[7,7,10.249,9],"texture":"#0"},"west":{"uv":[7,7,10.249,9],"texture":"#0"},"east":{"uv":[7,7,10.249,9],"texture":"#0"}}},{"from":[7.7284,6.1032,1.6804],"to":[8.2759,7.9532,1.7429],"faces":{"up":{"uv":[7,7,10.249,9],"texture":"#0"},"north":{"uv":[7,7,10.249,9],"texture":"#0"},"west":{"uv":[7,7,10.249,9],"texture":"#0"},"east":{"uv":[7,7,10.249,9],"texture":"#0"}}},{"from":[7.7284,6.1032,1.7429],"to":[8.2759,8.140699,1.8054],"faces":{"up":{"uv":[7,7,10.249,9],"texture":"#0"},"north":{"uv":[7,7,10.249,9],"texture":"#0"},"west":{"uv":[7,7,10.249,9],"texture":"#0"},"east":{"uv":[7,7,10.249,9],"texture":"#0"}}},{"from":[7.7284,6.1032,1.8054],"to":[8.2759,8.328199,1.8679],"faces":{"up":{"uv":[7,7,10.249,9],"texture":"#0"},"north":{"uv":[7,7,10.249,9],"texture":"#0"},"west":{"uv":[7,7,10.249,9],"texture":"#0"},"east":{"uv":[7,7,10.249,9],"texture":"#0"}}},{"from":[7.7284,6.1032,1.8679],"to":[8.2759,8.515699,1.9304],"faces":{"up":{"uv":[7,7,10.249,9],"texture":"#0"},"north":{"uv":[7,7,10.249,9],"texture":"#0"},"west":{"uv":[7,7,10.249,9],"texture":"#0"},"east":{"uv":[7,7,10.249,9],"texture":"#0"}}},{"from":[7.7284,6.1032,1.9304],"to":[8.2759,8.640699,1.9929],"faces":{"up":{"uv":[7,7,10.249,9],"texture":"#0"},"north":{"uv":[7,7,10.249,9],"texture":"#0"},"west":{"uv":[7,7,10.249,9],"texture":"#0"},"east":{"uv":[7,7,10.249,9],"texture":"#0"}}},{"from":[7.7284,6.1032,1.9929],"to":[8.2759,8.8032,2.0554],"faces":{"up":{"uv":[7,7,10.249,9],"texture":"#0"},"north":{"uv":[7,7,10.249,9],"texture":"#0"},"west":{"uv":[7,7,10.249,9],"texture":"#0"},"east":{"uv":[7,7,10.249,9],"texture":"#0"}}},{"from":[7.7284,6.1032,2.0554],"to":[8.2759,8.953199,2.1179],"faces":{"up":{"uv":[7,7,10.249,9],"texture":"#0"},"north":{"uv":[7,7,10.249,9],"texture":"#0"},"west":{"uv":[7,7,10.249,9],"texture":"#0"},"east":{"uv":[7,7,10.249,9],"texture":"#0"}}},{"from":[7.7284,6.1032,2.1179],"to":[8.2759,9.515699,2.5554],"faces":{"down":{"uv":[7,7,10.249,9],"texture":"#0"},"north":{"uv":[7,7,10.249,9],"texture":"#0"},"south":{"uv":[7,7,10.249,9],"texture":"#0"},"west":{"uv":[7,7,10.249,9],"texture":"#0"},"east":{"uv":[7,7,10.249,9],"texture":"#0"}}},{"from":[7.7284,9.0407,2.1179],"to":[8.2759,9.578199,2.3054],"rotation":{"origin":[7.728437,9.0407,2.1179],"axis":"x","angle":-22.5},"faces":{"north":{"uv":[7,7,10.249,9],"texture":"#0"},"west":{"uv":[7,7,10.249,9],"texture":"#0"},"east":{"uv":[7,7,10.249,9],"texture":"#0"}}},{"from":[7.7284,5.8532,2.4929],"to":[8.2759,8.203199,2.5554],"faces":{"down":{"uv":[7,7,10.249,9],"texture":"#0"},"north":{"uv":[7,7,10.249,9],"texture":"#0"},"south":{"uv":[7,7,10.249,9],"texture":"#0"},"west":{"uv":[7,7,10.249,9],"texture":"#0"},"east":{"uv":[7,7,10.249,9],"texture":"#0"}}},{"from":[7.7284,6.1032,2.5554],"to":[8.2759,9.390699,2.6179],"faces":{"down":{"uv":[7,7,10.249,9],"texture":"#0"},"south":{"uv":[7,7,10.249,9],"texture":"#0"},"west":{"uv":[7,7,10.249,9],"texture":"#0"},"east":{"uv":[7,7,10.249,9],"texture":"#0"}}},{"from":[7.7284,6.4157,2.6179],"to":[8.2759,9.140699,2.6804],"faces":{"down":{"uv":[7,7,10.249,9],"texture":"#0"},"south":{"uv":[7,7,10.249,9],"texture":"#0"},"west":{"uv":[7,7,10.249,9],"texture":"#0"},"east":{"uv":[7,7,10.249,9],"texture":"#0"}}},{"from":[7.7284,6.7907,2.6804],"to":[8.2759,9.140699,2.7429],"faces":{"down":{"uv":[7,7,10.249,9],"texture":"#0"},"south":{"uv":[7,7,10.249,9],"texture":"#0"},"west":{"uv":[7,7,10.249,9],"texture":"#0"},"east":{"uv":[7,7,10.249,9],"texture":"#0"}}},{"from":[7.7284,7.2907,2.7429],"to":[8.2759,8.515699,2.8054],"faces":{"down":{"uv":[7,7,10.249,9],"texture":"#0"},"up":{"uv":[7,7,10.249,9],"texture":"#0"},"south":{"uv":[7,7,10.249,9],"texture":"#0"},"west":{"uv":[7,7,10.249,9],"texture":"#0"},"east":{"uv":[7,7,10.249,9],"texture":"#0"}}},{"from":[7.7284,9.0407,2.6804],"to":[8.2759,9.2907,3.2804],"rotation":{"origin":[7.728437,9.2907,2.6804],"axis":"x","angle":-22.5},"faces":{"down":{"uv":[7,7,10.249,9],"texture":"#0"},"west":{"uv":[7,7,10.249,9],"texture":"#0"},"east":{"uv":[7,7,10.249,9],"texture":"#0"}}},{"from":[7.8772,8.7907,2.8554],"to":[8.127199,8.953199,3.4809],"rotation":{"origin":[7.877188,8.7907,2.8554],"axis":"x","angle":-45},"faces":{"down":{"uv":[7,7,10.249,9],"texture":"#0"},"west":{"uv":[7,7,10.249,9],"texture":"#0"},"east":{"uv":[7,7,10.249,9],"texture":"#0"}}},{"from":[7.7284,8.8532,2.6804],"to":[8.2759,9.265699,3.1179],"rotation":{"origin":[7.728437,8.8532,2.6804],"axis":"x","angle":-45},"faces":{"down":{"uv":[7,7,10.249,9],"texture":"#0"},"west":{"uv":[7,7,10.249,9],"texture":"#0"},"east":{"uv":[7,7,10.249,9],"texture":"#0"}}},{"from":[7.7284,5.8532,2.3329],"to":[8.2759,6.1032,2.4929],"faces":{"down":{"uv":[7,7,10.249,9],"texture":"#0"},"north":{"uv":[7,7,10.249,9],"texture":"#0"},"west":{"uv":[7,7,10.249,9],"texture":"#0"},"east":{"uv":[7,7,10.249,9],"texture":"#0"}}},{"from":[7.8072,8.4157,4.3679],"to":[8.1972,9.6032,4.5179],"rotation":{"origin":[7.807188,8.4157,4.3679],"axis":"x","angle":-45},"faces":{"north":{"uv":[7,2,7.815,2.7],"texture":"#0"},"south":{"uv":[7,2,7.815,2.7],"texture":"#0"},"west":{"uv":[7,2,7.815,2.7],"texture":"#0"},"east":{"uv":[7,2,7.815,2.7],"texture":"#0"}}},{"from":[7.8072,8.4157,4.3679],"to":[8.1972,8.565701,5.4304],"faces":{"down":{"uv":[7,2,7.815,2.7],"texture":"#0"},"up":{"uv":[7,2,7.815,2.7],"texture":"#0"},"west":{"uv":[7,2,7.815,2.7],"texture":"#0"},"east":{"uv":[7,2,7.815,2.7],"texture":"#0"}}},{"from":[7.8072,8.4157,5.4304],"to":[8.1972,8.565701,5.8679],"rotation":{"origin":[7.807188,8.4157,5.4304],"axis":"x","angle":-22.5},"faces":{"down":{"uv":[6,2,7,3],"texture":"#0"},"up":{"uv":[6,2,7,3],"texture":"#0"},"west":{"uv":[6,2,7,3],"texture":"#0"},"east":{"uv":[6,2,7,3],"texture":"#0"}}},{"from":[7.8072,8.9157,3.8679],"to":[8.1972,9.378201,4.0179],"faces":{"down":{"uv":[7,2,7.815,2.7],"texture":"#0"},"south":{"uv":[7,2,7.815,2.7],"texture":"#0"},"west":{"uv":[7,2,7.815,2.7],"texture":"#0"},"east":{"uv":[7,2,7.815,2.7],"texture":"#0"}}},{"from":[7.8072,9.1032,3.7429],"to":[7.9972,9.253201,3.8929],"faces":{"down":{"uv":[7,2,7.815,2.7],"texture":"#0"},"up":{"uv":[7,2,7.815,2.7],"texture":"#0"},"north":{"uv":[7,2,7.815,2.7],"texture":"#0"},"west":{"uv":[7,2,7.815,2.7],"texture":"#0"},"east":{"uv":[7,2,7.815,2.7],"texture":"#0"}}},{"from":[7.6522,7.3532,5.9929],"to":[8.3522,9.541201,6.0554],"faces":{"down":{"uv":[6,2,7,3],"texture":"#0","rotation":270},"north":{"uv":[6,2,7,3],"texture":"#0","rotation":270},"west":{"uv":[6,2,7,3],"texture":"#0","rotation":270},"east":{"uv":[6,2,7,3],"texture":"#0","rotation":270}}},{"from":[7.6522,7.6032,5.9304],"to":[8.3522,9.791201,5.9929],"faces":{"down":{"uv":[6,2,7,3],"texture":"#0","rotation":270},"north":{"uv":[6,2,7,3],"texture":"#0","rotation":270},"south":{"uv":[6,2,7,3],"texture":"#0","rotation":270},"west":{"uv":[6,2,7,3],"texture":"#0","rotation":270},"east":{"uv":[6,2,7,3],"texture":"#0","rotation":270}}},{"from":[7.6522,7.8532,5.8679],"to":[8.3522,10.0412,5.9304],"faces":{"down":{"uv":[6,2,7,3],"texture":"#0","rotation":270},"north":{"uv":[6,2,7,3],"texture":"#0","rotation":270},"south":{"uv":[6,2,7,3],"texture":"#0","rotation":270},"west":{"uv":[6,2,7,3],"texture":"#0","rotation":270},"east":{"uv":[6,2,7,3],"texture":"#0","rotation":270}}},{"from":[7.6522,8.1032,5.8054],"to":[8.3522,10.2912,5.8679],"faces":{"down":{"uv":[6,2,7,3],"texture":"#0","rotation":270},"north":{"uv":[6,2,7,3],"texture":"#0","rotation":270},"south":{"uv":[6,2,7,3],"texture":"#0","rotation":270},"west":{"uv":[6,2,7,3],"texture":"#0","rotation":270},"east":{"uv":[6,2,7,3],"texture":"#0","rotation":270}}},{"from":[7.6522,8.3532,5.7429],"to":[8.3522,10.5412,5.8054],"faces":{"down":{"uv":[6,2,7,3],"texture":"#0","rotation":270},"up":{"uv":[6,2,7,3],"texture":"#0","rotation":270},"north":{"uv":[6,2,7,3],"texture":"#0","rotation":270},"south":{"uv":[6,2,7,3],"texture":"#0","rotation":270},"west":{"uv":[6,2,7,3],"texture":"#0","rotation":270},"east":{"uv":[6,2,7,3],"texture":"#0","rotation":270}}},{"from":[7.6522,8.6657,5.6679],"to":[8.3522,9.103701,5.7429],"faces":{"north":{"uv":[6,2,7,3],"texture":"#0","rotation":90},"west":{"uv":[6,2,7,3],"texture":"#0","rotation":90},"east":{"uv":[6,2,7,3],"texture":"#0","rotation":90}}},{"from":[7.6522,8.8527,5.4304],"to":[8.3522,9.603201,5.7434],"rotation":{"origin":[7.652187,9.6032,5.4304],"axis":"x","angle":-22.5},"faces":{"north":{"uv":[7,2,8,3],"texture":"#0","rotation":270},"west":{"uv":[7,2,8,3],"texture":"#0","rotation":270},"east":{"uv":[7,2,8,3],"texture":"#0","rotation":270}}},{"from":[7.6522,5.8532,6.0554],"to":[8.3522,9.5407,6.4304],"faces":{"down":{"uv":[6,2,7,3],"texture":"#0"},"north":{"uv":[6,2,7,3],"texture":"#0"},"south":{"uv":[6,2,7,3],"texture":"#0"},"west":{"uv":[6,2,7,3],"texture":"#0"},"east":{"uv":[6,2,7,3],"texture":"#0"}}},{"from":[7.7059,7.0412,7.3679],"to":[8.2984,9.291699,7.6179],"faces":{"south":{"uv":[6,2,7,3],"texture":"#0"},"west":{"uv":[6,2,7,3],"texture":"#0"},"east":{"uv":[6,2,7,3],"texture":"#0"}}},{"from":[7.5347,6.2907,6.2429],"to":[8.4697,9.6932,7.4054],"faces":{"down":{"uv":[6,2,7,3],"texture":"#0"},"north":{"uv":[6,2,7,3],"texture":"#0"},"west":{"uv":[6,2,7,3],"texture":"#0"},"east":{"uv":[6,2,7,3],"texture":"#0"}}},{"from":[7.5347,7.5407,6.1679],"to":[8.4697,9.5407,6.2304],"faces":{"down":{"uv":[6,2,7,3],"texture":"#0","rotation":270},"north":{"uv":[6,2,7,3],"texture":"#0","rotation":270},"west":{"uv":[6,2,7,3],"texture":"#0","rotation":270},"east":{"uv":[6,2,7,3],"texture":"#0","rotation":270}}},{"from":[7.5347,7.7907,6.1054],"to":[8.4697,9.7907,6.1679],"faces":{"down":{"uv":[6,2,7,3],"texture":"#0","rotation":270},"north":{"uv":[6,2,7,3],"texture":"#0","rotation":270},"west":{"uv":[6,2,7,3],"texture":"#0","rotation":270},"east":{"uv":[6,2,7,3],"texture":"#0","rotation":270}}},{"from":[7.5347,7.9782,6.0429],"to":[8.4697,9.9782,6.1054],"faces":{"down":{"uv":[6,2,7,3],"texture":"#0","rotation":270},"north":{"uv":[6,2,7,3],"texture":"#0","rotation":270},"west":{"uv":[6,2,7,3],"texture":"#0","rotation":270},"east":{"uv":[6,2,7,3],"texture":"#0","rotation":270}}},{"from":[7.5347,8.1657,5.9804],"to":[8.4697,10.1657,6.0429],"faces":{"down":{"uv":[6,2,7,3],"texture":"#0","rotation":270},"north":{"uv":[6,2,7,3],"texture":"#0","rotation":270},"west":{"uv":[6,2,7,3],"texture":"#0","rotation":270},"east":{"uv":[6,2,7,3],"texture":"#0","rotation":270}}},{"from":[7.5347,8.3532,5.9179],"to":[8.4697,10.3532,5.9804],"faces":{"down":{"uv":[6,2,7,3],"texture":"#0","rotation":270},"north":{"uv":[6,2,7,3],"texture":"#0","rotation":270},"west":{"uv":[6,2,7,3],"texture":"#0","rotation":270},"east":{"uv":[6,2,7,3],"texture":"#0","rotation":270}}},{"from":[7.5347,8.5407,5.8554],"to":[8.4697,9.6657,5.9179],"faces":{"down":{"uv":[6,2,7,3],"texture":"#0","rotation":90},"north":{"uv":[6,2,7,3],"texture":"#0","rotation":90},"west":{"uv":[6,2,7,3],"texture":"#0","rotation":90},"east":{"uv":[6,2,7,3],"texture":"#0","rotation":90}}},{"from":[7.5347,9.0407,5.7304],"to":[8.4697,9.9157,5.7929],"faces":{"down":{"uv":[7,2,8,3],"texture":"#0","rotation":90},"north":{"uv":[7,2,8,3],"texture":"#0","rotation":90},"west":{"uv":[7,2,8,3],"texture":"#0","rotation":90},"east":{"uv":[7,2,8,3],"texture":"#0","rotation":90}}},{"from":[7.5347,8.7907,5.7929],"to":[8.4697,9.9782,5.8554],"faces":{"down":{"uv":[6,2,7,3],"texture":"#0","rotation":90},"north":{"uv":[6,2,7,3],"texture":"#0","rotation":90},"west":{"uv":[6,2,7,3],"texture":"#0","rotation":90},"east":{"uv":[6,2,7,3],"texture":"#0","rotation":90}}},{"from":[7.5347,9.2907,5.6679],"to":[8.4697,9.7907,5.7304],"faces":{"down":{"uv":[7,2,8,3],"texture":"#0","rotation":90},"north":{"uv":[7,2,8,3],"texture":"#0","rotation":90},"west":{"uv":[7,2,8,3],"texture":"#0","rotation":90},"east":{"uv":[7,2,8,3],"texture":"#0","rotation":90}}},{"from":[7.7272,5.8532,7.3429],"to":[8.2772,7.2657,7.9304],"faces":{"down":{"uv":[6,0,8.35,3.555],"texture":"#0"},"up":{"uv":[6,0,8.35,3.555],"texture":"#0"},"south":{"uv":[6,0,8.35,3.555],"texture":"#0"},"west":{"uv":[6,0,8.35,3.555],"texture":"#0"},"east":{"uv":[6,0,8.35,3.555],"texture":"#0"}}},{"from":[7.7272,7.2032,7.8054],"to":[8.2772,7.5303,7.8679],"faces":{"up":{"uv":[6,0,8.35,3.555],"texture":"#0","rotation":270},"south":{"uv":[6,0,8.35,3.555],"texture":"#0","rotation":270},"west":{"uv":[6,0,8.35,3.555],"texture":"#0","rotation":270},"east":{"uv":[6,0,8.35,3.555],"texture":"#0","rotation":270}}},{"from":[7.7272,7.2032,7.7429],"to":[8.2772,7.8428,7.8054],"faces":{"up":{"uv":[6,2,7,3],"texture":"#0","rotation":270},"south":{"uv":[6,2,7,3],"texture":"#0","rotation":270},"west":{"uv":[6,2,7,3],"texture":"#0","rotation":270},"east":{"uv":[6,2,7,3],"texture":"#0","rotation":270}}},{"from":[7.7272,7.2032,7.6804],"to":[8.2772,8.0928,7.7429],"faces":{"up":{"uv":[6,2,7,3],"texture":"#0","rotation":270},"south":{"uv":[6,2,7,3],"texture":"#0","rotation":270},"west":{"uv":[6,2,7,3],"texture":"#0","rotation":270},"east":{"uv":[6,2,7,3],"texture":"#0","rotation":270}}},{"from":[7.7272,7.2032,7.6179],"to":[8.2772,8.3428,7.6804],"faces":{"up":{"uv":[6,2,7,3],"texture":"#0","rotation":270},"south":{"uv":[6,2,7,3],"texture":"#0","rotation":270},"west":{"uv":[6,2,7,3],"texture":"#0","rotation":270},"east":{"uv":[6,2,7,3],"texture":"#0","rotation":270}}},{"from":[7.7059,8.9782,7.5549],"to":[8.2984,9.1803,7.6179],"rotation":{"origin":[7.705937,8.9782,7.6179],"axis":"x","angle":22.5},"faces":{"south":{"uv":[7,2,8,3],"texture":"#0","rotation":90},"west":{"uv":[7,2,8,3],"texture":"#0","rotation":90},"east":{"uv":[7,2,8,3],"texture":"#0","rotation":90}}},{"from":[7.7059,9.0407,7.6179],"to":[8.2984,9.228701,7.945],"rotation":{"origin":[7.705937,9.0407,7.6179],"axis":"x","angle":-45},"faces":{"down":{"uv":[7,2,8,3],"texture":"#0"},"west":{"uv":[7,2,8,3],"texture":"#0"},"east":{"uv":[7,2,8,3],"texture":"#0"}}},{"from":[7.7059,9.1657,7.6929],"to":[8.2984,9.228701,8.145],"rotation":{"origin":[7.705937,9.1657,7.692901],"axis":"x","angle":-22.5},"faces":{"down":{"uv":[7,2,8,3],"texture":"#0"},"west":{"uv":[7,2,8,3],"texture":"#0"},"east":{"uv":[7,2,8,3],"texture":"#0"}}},{"from":[7.5347,5.8532,7.4054],"to":[7.7847,7.1407,7.9054],"rotation":{"origin":[7.534688,5.8532,7.4054],"axis":"y","angle":22.5},"faces":{"down":{"uv":[6,0,8.35,3.555],"texture":"#0"},"up":{"uv":[6,0,8.35,3.555],"texture":"#0"},"west":{"uv":[6,0,8.35,3.555],"texture":"#0"},"east":{"uv":[6,0,8.35,3.555],"texture":"#0"}}},{"from":[8.2197,5.8532,7.4054],"to":[8.4697,7.1407,7.9054],"rotation":{"origin":[8.469687,5.8532,7.4054],"axis":"y","angle":-22.5},"faces":{"down":{"uv":[6,2,8.325,3.804],"texture":"#0"},"up":{"uv":[6,2,8.325,3.804],"texture":"#0"},"west":{"uv":[6,2,8.325,3.804],"texture":"#0"},"east":{"uv":[6,2,8.325,3.804],"texture":"#0"}}},{"from":[7.5347,7.0782,7.4054],"to":[7.7847,9.3657,7.6554],"rotation":{"origin":[7.534688,7.078199,7.4054],"axis":"y","angle":45},"faces":{"west":{"uv":[6,2,7,3],"texture":"#0"}}},{"from":[8.2197,7.0782,7.1554],"to":[8.4697,9.3657,7.4054],"rotation":{"origin":[8.469687,7.078199,7.4054],"axis":"y","angle":45},"faces":{"south":{"uv":[6,2,7,3],"texture":"#0"}}},{"from":[7.6822,2.7532,6.5304],"to":[8.3222,6.3782,7.4054],"faces":{"down":{"uv":[2,8,2.64,8.549],"texture":"#0"},"west":{"uv":[2,8,2.64,8.549],"texture":"#0"},"east":{"uv":[2,8,2.64,8.549],"texture":"#0"}}},{"from":[7.5347,5.8532,6.2429],"to":[8.4697,6.4032,6.4429],"faces":{"down":{"uv":[6,1,8.35,3.679],"texture":"#0"},"north":{"uv":[6,1,8.35,3.679],"texture":"#0"},"west":{"uv":[6,1,8.35,3.679],"texture":"#0"},"east":{"uv":[6,1,8.35,3.679],"texture":"#0"}}},{"from":[7.5347,5.8532,7.3554],"to":[8.4697,6.4032,7.405399],"faces":{"down":{"uv":[6,2,7,3],"texture":"#0","rotation":90},"west":{"uv":[6,2,7,3],"texture":"#0","rotation":90},"east":{"uv":[6,2,7,3],"texture":"#0","rotation":90}}},{"from":[7.6822,2.7532,6.1804],"to":[7.9322,6.3782,6.5304],"rotation":{"origin":[7.682188,2.7532,6.5304],"axis":"y","angle":-22.5},"faces":{"down":{"uv":[2,8,2.64,8.549],"texture":"#0"},"west":{"uv":[2,8,2.64,8.549],"texture":"#0"}}},{"from":[8.0722,2.7532,6.1804],"to":[8.3222,6.3782,6.5304],"rotation":{"origin":[8.322187,2.7532,6.5304],"axis":"y","angle":22.5},"faces":{"down":{"uv":[2,8,2.64,8.549],"texture":"#0"},"east":{"uv":[2,8,2.64,8.549],"texture":"#0"}}},{"from":[7.8157,2.7532,6.2077],"to":[8.1887,6.3782,6.5807],"faces":{"down":{"uv":[2,8,2.64,8.549],"texture":"#0"},"north":{"uv":[2,8,2.64,8.549],"texture":"#0"},"west":{"uv":[2,8,2.64,8.549],"texture":"#0"},"east":{"uv":[2,8,2.64,8.549],"texture":"#0"}}},{"from":[7.7722,2.7532,7.4054],"to":[8.2322,6.3782,7.4954],"faces":{"down":{"uv":[2,8,2.64,8.549],"texture":"#0"},"south":{"uv":[2,8,2.64,8.549],"texture":"#0"},"west":{"uv":[2,8,2.64,8.549],"texture":"#0"},"east":{"uv":[2,8,2.64,8.549],"texture":"#0"}}},{"from":[7.6822,2.7532,7.4054],"to":[7.7572,6.3782,7.5339],"rotation":{"origin":[7.682188,2.7532,7.4054],"axis":"y","angle":45},"faces":{"down":{"uv":[2,8,2.64,8.549],"texture":"#0"},"west":{"uv":[2,8,2.64,8.549],"texture":"#0"}}},{"from":[8.2472,2.7532,7.4054],"to":[8.3222,6.3782,7.5339],"rotation":{"origin":[8.322187,2.7532,7.4054],"axis":"y","angle":-45},"faces":{"down":{"uv":[2,8,2.64,8.549],"texture":"#0","rotation":90},"east":{"uv":[2,8,2.64,8.549],"texture":"#0"}}},{"from":[7.8422,2.7532,7.4954],"to":[8.1622,6.0032,7.5454],"faces":{"down":{"uv":[2,8,2.64,8.549],"texture":"#0"},"south":{"uv":[2,8,2.64,8.549],"texture":"#0"},"west":{"uv":[2,8,2.64,8.549],"texture":"#0"},"east":{"uv":[2,8,2.64,8.549],"texture":"#0"}}},{"from":[7.5347,5.8532,7.3554],"to":[8.4697,6.1037,7.405399],"rotation":{"origin":[7.534688,5.8532,7.3554],"axis":"x","angle":-22.5},"faces":{"north":{"uv":[6,1,8.35,3.679],"texture":"#0"},"west":{"uv":[6,1,8.35,3.679],"texture":"#0"},"east":{"uv":[6,1,8.35,3.679],"texture":"#0"}}},{"from":[7.5347,6.0407,7.3054],"to":[8.4697,6.4162,7.4179],"rotation":{"origin":[7.534688,6.0407,7.3054],"axis":"x","angle":-45},"faces":{"north":{"uv":[6,1,8.35,3.679],"texture":"#0"},"west":{"uv":[6,1,8.35,3.679],"texture":"#0"},"east":{"uv":[6,1,8.35,3.679],"texture":"#0"}}},{"from":[7.5347,6.1657,6.9299],"to":[8.4697,6.2912,7.3054],"rotation":{"origin":[7.534688,6.1657,7.3054],"axis":"x","angle":22.5},"faces":{"down":{"uv":[6,1,8.35,3.679],"texture":"#0","rotation":90},"west":{"uv":[6,1,8.35,3.679],"texture":"#0","rotation":90},"east":{"uv":[6,1,8.35,3.679],"texture":"#0","rotation":90}}},{"from":[7.5347,5.8532,6.3304],"to":[8.4697,6.1037,6.4429],"rotation":{"origin":[7.534688,5.8532,6.442901],"axis":"x","angle":22.5},"faces":{"south":{"uv":[6,1,8.35,3.679],"texture":"#0","rotation":90},"west":{"uv":[6,1,8.35,3.679],"texture":"#0","rotation":90},"east":{"uv":[6,1,8.35,3.679],"texture":"#0","rotation":90}}},{"from":[7.5347,6.0407,6.4929],"to":[8.4697,6.2782,6.8059],"rotation":{"origin":[7.534688,6.0407,6.4929],"axis":"x","angle":-45},"faces":{"down":{"uv":[6,1,8.35,3.679],"texture":"#0"},"west":{"uv":[6,1,8.35,3.679],"texture":"#0"},"east":{"uv":[6,1,8.35,3.679],"texture":"#0"}}},{"from":[7.5347,6.2282,6.6804],"to":[8.4697,6.3537,6.8684],"rotation":{"origin":[7.534688,6.2282,6.6804],"axis":"x","angle":-22.5},"faces":{"down":{"uv":[6,1,8.35,3.679],"texture":"#0"},"west":{"uv":[6,1,8.35,3.679],"texture":"#0"},"east":{"uv":[6,1,8.35,3.679],"texture":"#0"}}},{"from":[7.5347,5.9782,7.3054],"to":[8.4697,6.2912,7.3684],"faces":{"down":{"uv":[6,1,8.35,3.679],"texture":"#0"},"north":{"uv":[6,1,8.35,3.679],"texture":"#0"},"west":{"uv":[6,1,8.35,3.679],"texture":"#0"},"east":{"uv":[6,1,8.35,3.679],"texture":"#0"}}},{"from":[7.7272,11.4782,2.6304],"to":[8.2772,11.6032,3.0179],"faces":{"up":{"uv":[13,13,13.815,13.7],"texture":"#0"},"north":{"uv":[13,13,13.815,13.7],"texture":"#0"},"south":{"uv":[13,13,13.815,13.7],"texture":"#0"},"west":{"uv":[13,13,13.815,13.7],"texture":"#0"},"east":{"uv":[13,13,13.815,13.7],"texture":"#0"}}},{"from":[7.7272,11.4782,3.3679],"to":[8.2772,11.6032,3.5679],"faces":{"up":{"uv":[13,13,13.815,13.7],"texture":"#0"},"north":{"uv":[13,13,13.815,13.7],"texture":"#0"},"south":{"uv":[13,13,13.815,13.7],"texture":"#0"},"west":{"uv":[13,13,13.815,13.7],"texture":"#0"},"east":{"uv":[13,13,13.815,13.7],"texture":"#0"}}},{"from":[7.7272,11.4782,3.8429],"to":[8.2772,11.6032,4.0429],"faces":{"up":{"uv":[13,13,13.815,13.7],"texture":"#0"},"north":{"uv":[13,13,13.815,13.7],"texture":"#0"},"south":{"uv":[13,13,13.815,13.7],"texture":"#0"},"west":{"uv":[13,13,13.815,13.7],"texture":"#0"},"east":{"uv":[13,13,13.815,13.7],"texture":"#0"}}},{"from":[7.7272,11.4782,4.3179],"to":[8.2772,11.6032,4.5179],"faces":{"up":{"uv":[13,13,13.815,13.7],"texture":"#0"},"north":{"uv":[13,13,13.815,13.7],"texture":"#0"},"south":{"uv":[13,13,13.815,13.7],"texture":"#0"},"west":{"uv":[13,13,13.815,13.7],"texture":"#0"},"east":{"uv":[13,13,13.815,13.7],"texture":"#0"}}},{"from":[7.7272,11.4782,4.7929],"to":[8.2772,11.6032,4.9929],"faces":{"up":{"uv":[13,13,13.815,13.7],"texture":"#0"},"north":{"uv":[13,13,13.815,13.7],"texture":"#0"},"south":{"uv":[13,13,13.815,13.7],"texture":"#0"},"west":{"uv":[13,13,13.815,13.7],"texture":"#0"},"east":{"uv":[13,13,13.815,13.7],"texture":"#0"}}},{"from":[7.7272,11.4782,5.2579],"to":[8.2772,11.6032,5.4579],"faces":{"up":{"uv":[13,13,13.815,13.7],"texture":"#0"},"north":{"uv":[13,13,13.815,13.7],"texture":"#0"},"south":{"uv":[13,13,13.815,13.7],"texture":"#0"},"west":{"uv":[13,13,13.815,13.7],"texture":"#0"},"east":{"uv":[13,13,13.815,13.7],"texture":"#0"}}},{"from":[7.7272,11.4782,5.7304],"to":[8.2772,11.6032,5.9304],"faces":{"up":{"uv":[13,13,13.815,13.7],"texture":"#0"},"north":{"uv":[13,13,13.815,13.7],"texture":"#0"},"south":{"uv":[13,13,13.815,13.7],"texture":"#0"},"west":{"uv":[13,13,13.815,13.7],"texture":"#0"},"east":{"uv":[13,13,13.815,13.7],"texture":"#0"}}},{"from":[7.7272,11.4782,6.2079],"to":[8.2772,11.6032,6.4079],"faces":{"up":{"uv":[13,13,13.815,13.7],"texture":"#0"},"north":{"uv":[13,13,13.815,13.7],"texture":"#0"},"south":{"uv":[13,13,13.815,13.7],"texture":"#0"},"west":{"uv":[13,13,13.815,13.7],"texture":"#0"},"east":{"uv":[13,13,13.815,13.7],"texture":"#0"}}},{"from":[7.7272,11.4782,6.6829],"to":[8.2772,11.6032,6.8829],"faces":{"up":{"uv":[13,13,13.815,13.7],"texture":"#0"},"north":{"uv":[13,13,13.815,13.7],"texture":"#0"},"south":{"uv":[13,13,13.815,13.7],"texture":"#0"},"west":{"uv":[13,13,13.815,13.7],"texture":"#0"},"east":{"uv":[13,13,13.815,13.7],"texture":"#0"}}},{"from":[7.7272,11.4782,7.1629],"to":[8.2772,11.6032,7.362898],"faces":{"up":{"uv":[13,13,13.815,13.7],"texture":"#0"},"north":{"uv":[13,13,13.815,13.7],"texture":"#0"},"south":{"uv":[13,13,13.815,13.7],"texture":"#0"},"west":{"uv":[13,13,13.815,13.7],"texture":"#0"},"east":{"uv":[13,13,13.815,13.7],"texture":"#0"}}},{"from":[7.7272,11.4782,7.6379],"to":[8.2772,11.6032,7.8379],"faces":{"up":{"uv":[13,13,13.815,13.7],"texture":"#0"},"north":{"uv":[13,13,13.815,13.7],"texture":"#0"},"south":{"uv":[13,13,13.815,13.7],"texture":"#0"},"west":{"uv":[13,13,13.815,13.7],"texture":"#0"},"east":{"uv":[13,13,13.815,13.7],"texture":"#0"}}},{"from":[7.7272,11.4782,8.1179],"to":[8.2772,11.6032,8.4029],"faces":{"up":{"uv":[13,13,13.815,13.7],"texture":"#0"},"north":{"uv":[13,13,13.815,13.7],"texture":"#0"},"south":{"uv":[13,13,13.815,13.7],"texture":"#0"},"west":{"uv":[13,13,13.815,13.7],"texture":"#0"},"east":{"uv":[13,13,13.815,13.7],"texture":"#0"}}},{"from":[7.8647,11.4782,1.8479],"to":[8.1397,11.6282,2.1229],"faces":{"up":{"uv":[13,13,13.815,13.7],"texture":"#0"},"north":{"uv":[13,13,13.815,13.7],"texture":"#0"},"south":{"uv":[13,13,13.815,13.7],"texture":"#0"},"west":{"uv":[13,13,13.815,13.7],"texture":"#0"},"east":{"uv":[13,13,13.815,13.7],"texture":"#0"}}},{"from":[7.9647,11.6807,1.9479],"to":[8.0397,11.8307,2.0229],"faces":{"up":{"uv":[13,13,13.815,13.7],"texture":"#0"},"north":{"uv":[13,13,13.815,13.7],"texture":"#0"},"south":{"uv":[13,13,13.815,13.7],"texture":"#0"},"west":{"uv":[13,13,13.815,13.7],"texture":"#0"},"east":{"uv":[13,13,13.815,13.7],"texture":"#0"}}},{"from":[7.9522,11.4132,1.7929],"to":[8.0522,11.7082,1.962901],"rotation":{"origin":[7.952188,11.7082,1.7929],"axis":"x","angle":45},"faces":{"north":{"uv":[13,13,13.815,13.7],"texture":"#0","rotation":90},"west":{"uv":[13,13,13.815,13.7],"texture":"#0","rotation":90},"east":{"uv":[13,13,13.815,13.7],"texture":"#0","rotation":90}}},{"from":[7.9522,11.4757,1.7929],"to":[8.0522,11.7082,2.212901],"faces":{"up":{"uv":[13,13,13.815,13.7],"texture":"#0","rotation":90},"west":{"uv":[13,13,13.815,13.7],"texture":"#0","rotation":90},"east":{"uv":[13,13,13.815,13.7],"texture":"#0","rotation":90}}},{"from":[7.9522,11.4757,2.2129],"to":[8.0522,11.7082,2.6879],"rotation":{"origin":[7.9522,11.7082,2.2129],"axis":"x","angle":22.5},"faces":{"up":{"uv":[13,13,13.815,13.7],"texture":"#0","rotation":90},"west":{"uv":[13,13,13.815,13.7],"texture":"#0","rotation":90},"east":{"uv":[13,13,13.815,13.7],"texture":"#0","rotation":90}}},{"from":[7.7272,11.3282,1.5554],"to":[8.2772,11.5032,1.6554],"rotation":{"origin":[7.727187,11.5032,1.5554],"axis":"x","angle":22.5},"faces":{"north":{"uv":[14.19,14.815,14,12],"texture":"#0"},"west":{"uv":[14.19,14.815,14,12],"texture":"#0"},"east":{"uv":[14.19,14.815,14,12],"texture":"#0"}}},{"from":[7.6322,11.3532,8.2829],"to":[8.3722,11.5032,9.144899],"faces":{"down":{"uv":[12,12,12.19,14.815],"texture":"#0"},"up":{"uv":[12,12,12.19,14.815],"texture":"#0"},"north":{"uv":[12,12,12.19,14.815],"texture":"#0"},"south":{"uv":[12,12,12.19,14.815],"texture":"#0"},"west":{"uv":[12,12,12.19,14.815],"texture":"#0"},"east":{"uv":[12,12,12.19,14.815],"texture":"#0"}}},{"from":[7.7022,11.5332,8.9529],"to":[7.7897,12.0032,9.0159],"rotation":{"origin":[7.702188,12.0032,8.9529],"axis":"x","angle":45},"faces":{"north":{"uv":[12,12,14.19,14.815],"texture":"#0"},"west":{"uv":[12,12,14.19,14.815],"texture":"#0"},"east":{"uv":[12,12,14.19,14.815],"texture":"#0"}}},{"from":[7.7022,11.6257,8.9529],"to":[7.7897,12.0032,9.0029],"rotation":{"origin":[7.702188,12.0032,8.9529],"axis":"x","angle":-22.5},"faces":{"up":{"uv":[12,12,14.19,14.815],"texture":"#0"},"south":{"uv":[12,12,14.19,14.815],"texture":"#0"},"west":{"uv":[12,12,14.19,14.815],"texture":"#0"},"east":{"uv":[12,12,14.19,14.815],"texture":"#0"}}},{"from":[7.6322,11.5032,8.6229],"to":[8.3722,11.6732,9.144899],"faces":{"up":{"uv":[12,12,14.19,14.815],"texture":"#0"},"south":{"uv":[12,12,14.19,14.815],"texture":"#0"},"west":{"uv":[12,12,14.19,14.815],"texture":"#0"},"east":{"uv":[12,12,14.19,14.815],"texture":"#0"}}},{"from":[7.6322,11.4227,8.6229],"to":[8.3722,11.6732,8.7979],"rotation":{"origin":[7.632188,11.6732,8.6229],"axis":"x","angle":45},"faces":{"north":{"uv":[12,12,12.19,14.815],"texture":"#0"},"west":{"uv":[12,12,12.19,14.815],"texture":"#0"},"east":{"uv":[12,12,12.19,14.815],"texture":"#0"}}},{"from":[8.2147,11.5332,8.9529],"to":[8.302199,12.0032,9.0029],"rotation":{"origin":[8.214687,12.0032,8.9529],"axis":"x","angle":45},"faces":{"north":{"uv":[12,12,14.19,14.815],"texture":"#0"},"west":{"uv":[12,12,14.19,14.815],"texture":"#0"},"east":{"uv":[12,12,14.19,14.815],"texture":"#0"}}},{"from":[8.2147,11.6257,8.9529],"to":[8.302199,12.0032,9.0029],"rotation":{"origin":[8.214687,12.0032,8.9529],"axis":"x","angle":-22.5},"faces":{"up":{"uv":[12,12,14.19,14.815],"texture":"#0"},"south":{"uv":[12,12,14.19,14.815],"texture":"#0"},"west":{"uv":[12,12,14.19,14.815],"texture":"#0"},"east":{"uv":[12,12,14.19,14.815],"texture":"#0"}}},{"from":[7.7022,11.6732,8.6929],"to":[7.7897,11.9732,8.977898],"rotation":{"origin":[7.702188,11.6732,8.692901],"axis":"x","angle":45},"faces":{"west":{"uv":[12,12,14.19,14.815],"texture":"#0"},"east":{"uv":[12,12,14.19,14.815],"texture":"#0"}}},{"from":[7.7022,11.7032,8.8804],"to":[7.7897,11.9532,8.9929],"rotation":{"origin":[7.702188,11.9532,8.9929],"axis":"x","angle":-22.5},"faces":{"west":{"uv":[12,12,14.19,14.815],"texture":"#0"},"east":{"uv":[12,12,14.19,14.815],"texture":"#0"}}},{"from":[8.2147,11.6732,8.6929],"to":[8.302199,11.9732,8.977898],"rotation":{"origin":[8.214687,11.6732,8.692901],"axis":"x","angle":45},"faces":{"west":{"uv":[12,12,14.19,14.815],"texture":"#0"},"east":{"uv":[12,12,14.19,14.815],"texture":"#0"}}},{"from":[8.2147,11.706,8.8726],"to":[8.302199,11.961,8.9851],"rotation":{"origin":[8.2147,11.961,8.9851],"axis":"x","angle":-22.5},"faces":{"west":{"uv":[12,12,14.19,14.815],"texture":"#0"},"east":{"uv":[12,12,14.19,14.815],"texture":"#0"}}},{"from":[7.7472,11.5232,9.1179],"to":[8.2572,11.6732,10.1179],"faces":{"down":{"uv":[12,12,14.19,14.815],"texture":"#0"},"up":{"uv":[12,12,14.19,14.815],"texture":"#0"},"west":{"uv":[12,12,14.19,14.815],"texture":"#0"},"east":{"uv":[12,12,14.19,14.815],"texture":"#0"}}},{"from":[7.7472,11.6232,10.1179],"to":[8.2572,11.6732,10.1979],"rotation":{"origin":[7.747188,11.6732,10.1179],"axis":"x","angle":45},"faces":{"up":{"uv":[15,12,15.19,14.815],"texture":"#0"},"west":{"uv":[15,12,15.19,14.815],"texture":"#0"},"east":{"uv":[15,12,15.19,14.815],"texture":"#0"}}},{"from":[7.7472,11.5232,10.1179],"to":[8.2572,11.6157,10.1754],"faces":{"down":{"uv":[0,1.3,0.19,2],"texture":"#0"},"south":{"uv":[0,1.3,0.19,2],"texture":"#0"},"west":{"uv":[0,1.3,0.19,2],"texture":"#0"},"east":{"uv":[0,1.3,0.19,2],"texture":"#0"}}},{"from":[7.5272,11.2232,9.472899],"to":[7.7272,11.7107,10.0979],"faces":{"down":{"uv":[12,12,14.19,14.815],"texture":"#0"},"up":{"uv":[12,12,14.19,14.815],"texture":"#0"},"north":{"uv":[12,12,14.19,14.815],"texture":"#0"},"south":{"uv":[12,12,14.19,14.815],"texture":"#0"},"east":{"uv":[12,12,14.19,14.815],"texture":"#0"}}},{"from":[7.5272,11.2232,9.9579],"to":[7.6672,11.7107,10.0979],"rotation":{"origin":[7.527187,11.2232,10.0979],"axis":"y","angle":45},"faces":{"down":{"uv":[12,12,14.19,14.815],"texture":"#0"},"up":{"uv":[12,12,14.19,14.815],"texture":"#0"},"west":{"uv":[12,12,14.19,14.815],"texture":"#0"}}},{"from":[7.5272,11.2232,9.472899],"to":[7.6672,11.7107,9.6129],"rotation":{"origin":[7.527187,11.2232,9.4729],"axis":"y","angle":-45},"faces":{"down":{"uv":[13,13,14,14],"texture":"#0"},"up":{"uv":[13,13,14,14],"texture":"#0"},"west":{"uv":[13,13,14,14],"texture":"#0"}}},{"from":[7.4277,11.2232,9.5729],"to":[7.5677,11.7107,9.9979],"faces":{"down":{"uv":[13,13,14,14],"texture":"#0"},"up":{"uv":[13,13,14,14],"texture":"#0"},"north":{"uv":[13,13,14,14],"texture":"#0"},"south":{"uv":[13,13,14,14],"texture":"#0"},"west":{"uv":[13,13,14,14],"texture":"#0"}}},{"from":[8.2772,11.2232,9.472899],"to":[8.4772,11.7107,10.0979],"faces":{"down":{"uv":[12,12,14.19,14.815],"texture":"#0"},"up":{"uv":[12,12,14.19,14.815],"texture":"#0"},"north":{"uv":[12,12,14.19,14.815],"texture":"#0"},"south":{"uv":[12,12,14.19,14.815],"texture":"#0"},"west":{"uv":[12,12,14.19,14.815],"texture":"#0"}}},{"from":[8.4367,11.2232,9.5729],"to":[8.5767,11.7107,9.9979],"faces":{"down":{"uv":[14.45,14.5,14.75,15.5],"texture":"#0"},"up":{"uv":[14.45,14.5,14.75,15.5],"texture":"#0"},"north":{"uv":[14.45,14.5,14.75,15.5],"texture":"#0"},"south":{"uv":[14.45,14.5,14.75,15.5],"texture":"#0"},"east":{"uv":[14.45,14.5,14.75,15.5],"texture":"#0"}}},{"from":[8.4772,11.2232,9.9579],"to":[8.6172,11.7107,10.0979],"rotation":{"origin":[8.477187,11.2232,10.0979],"axis":"y","angle":45},"faces":{"down":{"uv":[12,12,14.19,14.815],"texture":"#0"},"up":{"uv":[12,12,14.19,14.815],"texture":"#0"},"south":{"uv":[12,12,14.19,14.815],"texture":"#0"}}},{"from":[8.4772,11.2232,9.472899],"to":[8.6172,11.7107,9.6129],"rotation":{"origin":[8.477187,11.2232,9.4729],"axis":"y","angle":-45},"faces":{"down":{"uv":[14.45,14.5,14.75,15.5],"texture":"#0"},"up":{"uv":[14.45,14.5,14.75,15.5],"texture":"#0"},"north":{"uv":[14.45,14.5,14.75,15.5],"texture":"#0"}}},{"from":[7.7897,11.6482,9.0729],"to":[8.2147,11.7132,9.1229],"rotation":{"origin":[7.789687,11.7132,9.0729],"axis":"x","angle":-22.5},"faces":{"up":{"uv":[12,12,14.19,14.815],"texture":"#0"},"south":{"uv":[12,12,14.19,14.815],"texture":"#0"}}},{"from":[7.7897,11.6632,8.6954],"to":[8.2147,11.7132,9.0729],"faces":{"up":{"uv":[12,12,14.19,14.815],"texture":"#0"},"north":{"uv":[12,12,14.19,14.815],"texture":"#0"},"south":{"uv":[12,12,14.19,14.815],"texture":"#0"}}},{"from":[7.7897,11.5857,8.6954],"to":[8.2147,11.7132,8.7454],"rotation":{"origin":[7.789687,11.7132,8.6954],"axis":"x","angle":45},"faces":{"north":{"uv":[12,12,14.19,14.815],"texture":"#0"}}},{"from":[7.9235,10.8882,9.8054],"to":[8.080899,11.2682,10.1854],"faces":{"down":{"uv":[13,13,13.815,13.7],"texture":"#0"},"up":{"uv":[13,13,13.815,13.7],"texture":"#0"},"south":{"uv":[13,13,13.815,13.7],"texture":"#0"}}},{"from":[7.9235,10.8882,9.8054],"to":[8.303499,11.0456,10.1854],"rotation":{"origin":[7.923488,10.8882,9.8054],"axis":"z","angle":45},"faces":{"south":{"uv":[13,13,13.815,13.7],"texture":"#0"},"west":{"uv":[13,13,13.815,13.7],"texture":"#0"},"east":{"uv":[13,13,13.815,13.7],"texture":"#0"}}},{"from":[8.0809,10.8882,9.8054],"to":[8.2383,11.2682,10.1854],"rotation":{"origin":[8.080888,10.8882,9.8054],"axis":"z","angle":45},"faces":{"down":{"uv":[13,13,13.815,13.7],"texture":"#0"},"up":{"uv":[13,13,13.815,13.7],"texture":"#0"},"south":{"uv":[13,13,13.815,13.7],"texture":"#0"}}},{"from":[7.8122,11.0007,9.8054],"to":[8.1922,11.1581,10.1854],"faces":{"south":{"uv":[13,13,13.815,13.7],"texture":"#0","rotation":270},"west":{"uv":[13,13,13.815,13.7],"texture":"#0","rotation":270},"east":{"uv":[13,13,13.815,13.7],"texture":"#0","rotation":270}}},{"from":[7.3872,9.703199,0.9299],"to":[8.6172,9.9857,1.2429],"faces":{"west":{"uv":[7,2,7.815,2.7],"texture":"#0","rotation":270},"east":{"uv":[7,2,7.815,2.7],"texture":"#0","rotation":270}}},{"from":[7.3872,9.9782,0.9929],"to":[8.6172,11.1662,1.2754],"rotation":{"origin":[7.387187,9.9782,0.9928999],"axis":"x","angle":22.5},"faces":{"west":{"uv":[1,2,10.5,3],"texture":"#0","rotation":90},"east":{"uv":[1,2,10.5,3],"texture":"#0","rotation":90}}},{"from":[7.1022,9.890699,5.4679],"to":[8.9022,10.4532,6.4054],"faces":{"down":{"uv":[1,13,2.875,14.125],"texture":"#0"},"up":{"uv":[1,13,2.875,14.125],"texture":"#0"},"north":{"uv":[1,13,2.875,14.125],"texture":"#0"},"south":{"uv":[1,13,2.875,14.125],"texture":"#0"},"west":{"uv":[1,13,2.875,14.125],"texture":"#0"},"east":{"uv":[1,13,2.875,14.125],"texture":"#0"}}},{"from":[7.1022,9.890699,5.4679],"to":[7.6022,10.4532,5.9679],"rotation":{"origin":[7.102187,9.890699,5.4679],"axis":"y","angle":45},"faces":{"down":{"uv":[1,13,2.875,14.125],"texture":"#0"},"up":{"uv":[1,13,2.875,14.125],"texture":"#0"},"north":{"uv":[1,13,2.875,14.125],"texture":"#0"}}},{"from":[7.1022,9.890699,6.4054],"to":[7.6022,10.4532,6.9054],"rotation":{"origin":[7.102187,9.890699,6.4054],"axis":"y","angle":45},"faces":{"down":{"uv":[1,13,2.875,14.125],"texture":"#0"},"up":{"uv":[1,13,2.875,14.125],"texture":"#0"},"west":{"uv":[1,13,2.875,14.125],"texture":"#0"}}},{"from":[8.4022,9.890699,4.9679],"to":[8.9022,10.4532,5.4679],"rotation":{"origin":[8.902187,9.890699,5.4679],"axis":"y","angle":45},"faces":{"down":{"uv":[1,13,2.875,14.125],"texture":"#0"},"up":{"uv":[1,13,2.875,14.125],"texture":"#0"},"east":{"uv":[1,13,2.875,14.125],"texture":"#0"}}},{"from":[8.4022,9.890699,5.9054],"to":[8.9022,10.4532,6.4054],"rotation":{"origin":[8.902187,9.890699,6.4054],"axis":"y","angle":45},"faces":{"down":{"uv":[1,13,2.875,14.125],"texture":"#0"},"up":{"uv":[1,13,2.875,14.125],"texture":"#0"},"south":{"uv":[1,13,2.875,14.125],"texture":"#0"}}},{"from":[8.0022,10.4587,1.4929],"to":[8.6172,11.3532,5.2754],"faces":{"up":{"uv":[2,2,2.815,2.7],"texture":"#0","rotation":270},"east":{"uv":[2,2,2.815,2.7],"texture":"#0","rotation":270}}},{"from":[8.0022,10.4587,8.4929],"to":[8.6172,11.3532,8.9629],"faces":{"up":{"uv":[2,2,2.815,2.7],"texture":"#0","rotation":270},"east":{"uv":[2,2,2.815,2.7],"texture":"#0","rotation":270}}},{"from":[8.0022,11.0212,8.4929],"to":[8.6172,11.3532,8.7129],"rotation":{"origin":[8.002188,11.3532,8.4929],"axis":"x","angle":22.5},"faces":{"north":{"uv":[2,2,2.815,2.7],"texture":"#0","rotation":270},"east":{"uv":[2,2,2.815,2.7],"texture":"#0","rotation":270}}},{"from":[8.0022,10.2712,8.4304],"to":[8.6167,11.1657,8.9654],"rotation":{"origin":[8.002188,11.1657,8.4304],"axis":"x","angle":45},"faces":{"north":{"uv":[2,2,2.815,2.7],"texture":"#0","rotation":270},"east":{"uv":[2,2,2.815,2.7],"texture":"#0","rotation":270}}},{"from":[8.0022,10.3087,7.5129],"to":[8.6167,10.5782,8.2329],"rotation":{"origin":[8.002188,10.5782,7.5129],"axis":"x","angle":-22.5},"faces":{"up":{"uv":[2,2,2.815,2.7],"texture":"#0","rotation":270},"east":{"uv":[2,2,2.815,2.7],"texture":"#0","rotation":270}}},{"from":[8.0022,10.3712,7.5129],"to":[8.6167,10.5782,7.6704],"rotation":{"origin":[8.002188,10.5782,7.5129],"axis":"x","angle":45},"faces":{"north":{"uv":[1,1,3.815,1.7],"texture":"#0","rotation":270},"east":{"uv":[1,1,3.815,1.7],"texture":"#0","rotation":270}}},{"from":[8.0022,11.0212,5.0554],"to":[8.6172,11.3532,5.2754],"rotation":{"origin":[8.002188,11.3532,5.2754],"axis":"x","angle":-22.5},"faces":{"south":{"uv":[2,2,2.815,2.7],"texture":"#0","rotation":180},"east":{"uv":[2,2,2.815,2.7],"texture":"#0","rotation":180}}},{"from":[8.0022,10.6307,5.3304],"to":[8.6167,11.1657,6.2249],"rotation":{"origin":[8.002188,11.1657,5.3304],"axis":"x","angle":45},"faces":{"up":{"uv":[2,2,2.815,2.7],"texture":"#0","rotation":270},"east":{"uv":[2,2,2.815,2.7],"texture":"#0","rotation":270}}},{"from":[8.0022,10.4207,6.2929],"to":[8.6167,10.5782,6.4999],"rotation":{"origin":[8.002188,10.5782,6.2929],"axis":"x","angle":45},"faces":{"up":{"uv":[1,1,3.815,1.7],"texture":"#0","rotation":270},"east":{"uv":[1,1,3.815,1.7],"texture":"#0","rotation":270}}},{"from":[8.0022,10.3087,5.5729],"to":[8.6167,10.5782,6.2929],"rotation":{"origin":[8.002188,10.5782,6.2929],"axis":"x","angle":22.5},"faces":{"up":{"uv":[1,1,3.815,1.7],"texture":"#0","rotation":180},"east":{"uv":[1,1,3.815,1.7],"texture":"#0","rotation":180}}},{"from":[8.0022,10.4532,5.2754],"to":[8.3772,11.3532,6.2429],"faces":{"up":{"uv":[2,2,2.815,2.7],"texture":"#0","rotation":270},"east":{"uv":[2,2,2.815,2.7],"texture":"#0","rotation":270}}},{"from":[8.0022,10.4532,7.5554],"to":[8.3772,11.3532,8.5229],"faces":{"up":{"uv":[2,2,2.815,2.7],"texture":"#0","rotation":270},"east":{"uv":[2,2,2.815,2.7],"texture":"#0","rotation":270}}},{"from":[8.0022,11.2032,6.2429],"to":[8.3772,11.3532,7.5854],"faces":{"down":{"uv":[1,1,3.815,1.7],"texture":"#0","rotation":270},"up":{"uv":[1,1,3.815,1.7],"texture":"#0","rotation":270},"east":{"uv":[1,1,3.815,1.7],"texture":"#0","rotation":270}}},{"from":[8.1647,10.7032,5.2754],"to":[8.377199,11.2032,6.2429],"rotation":{"origin":[8.377188,11.2032,5.2754],"axis":"z","angle":22.5},"faces":{"south":{"uv":[2,2,2.815,2.7],"texture":"#0","rotation":180},"east":{"uv":[2,2,2.815,2.7],"texture":"#0","rotation":180}}},{"from":[8.1647,10.7032,7.5554],"to":[8.377199,11.2032,8.5229],"rotation":{"origin":[8.377188,11.2032,7.5554],"axis":"z","angle":22.5},"faces":{"north":{"uv":[2,2,2.815,2.7],"texture":"#0","rotation":180},"east":{"uv":[2,2,2.815,2.7],"texture":"#0","rotation":180}}},{"from":[8.3597,10.4917,5.7129],"to":[8.5722,10.7417,6.2429],"faces":{"up":{"uv":[2,2,2.815,2.7],"texture":"#0","rotation":180},"south":{"uv":[2,2,2.815,2.7],"texture":"#0","rotation":180},"east":{"uv":[2,2,2.815,2.7],"texture":"#0","rotation":180}}},{"from":[8.3597,10.4917,7.5554],"to":[8.5722,10.7417,8.0854],"faces":{"up":{"uv":[2,2,2.815,2.7],"texture":"#0","rotation":180},"north":{"uv":[2,2,2.815,2.7],"texture":"#0","rotation":180},"east":{"uv":[2,2,2.815,2.7],"texture":"#0","rotation":180}}},{"from":[8.0022,11.2282,6.0879],"to":[8.3772,11.3282,6.5554],"rotation":{"origin":[8.002188,11.2282,6.5554],"axis":"x","angle":-22.5},"faces":{"down":{"uv":[2,2,2.815,2.7],"texture":"#0","rotation":90},"east":{"uv":[2,2,2.815,2.7],"texture":"#0","rotation":90}}},{"from":[8.0022,11.2282,7.2429],"to":[8.3772,11.3282,7.7104],"rotation":{"origin":[8.002188,11.2282,7.2429],"axis":"x","angle":22.5},"faces":{"down":{"uv":[1,1,3.815,1.7],"texture":"#0"},"east":{"uv":[1,1,3.815,1.7],"texture":"#0"}}},{"from":[8.6209,10.5282,1.7754],"to":[8.7459,11.2782,3.9504],"faces":{"down":{"uv":[12,12,12.815,12.7],"texture":"#0"},"up":{"uv":[12,12,12.815,12.7],"texture":"#0"},"north":{"uv":[12,12,12.815,12.7],"texture":"#0"},"south":{"uv":[12,12,12.815,12.7],"texture":"#0"},"east":{"uv":[12,12,12.815,12.7],"texture":"#0"}}},{"from":[8.6209,10.6782,3.9504],"to":[8.7459,11.1282,4.7504],"faces":{"down":{"uv":[12,12,12.815,12.7],"texture":"#0"},"up":{"uv":[12,12,12.815,12.7],"texture":"#0"},"south":{"uv":[12,12,12.815,12.7],"texture":"#0"},"east":{"uv":[12,12,12.815,12.7],"texture":"#0"}}},{"from":[8.6209,10.5282,3.8129],"to":[8.7459,10.7657,3.9504],"rotation":{"origin":[8.620937,10.5282,3.9504],"axis":"x","angle":22.5},"faces":{"south":{"uv":[12,12,12.815,12.7],"texture":"#0","rotation":270},"east":{"uv":[12,12,12.815,12.7],"texture":"#0","rotation":270}}},{"from":[8.6209,11.0407,3.8129],"to":[8.7459,11.2782,3.9504],"rotation":{"origin":[8.620937,11.2782,3.9504],"axis":"x","angle":-22.5},"faces":{"south":{"uv":[12,12,12.815,12.7],"texture":"#0","rotation":180},"east":{"uv":[12,12,12.815,12.7],"texture":"#0","rotation":180}}},{"from":[8.715899,10.6532,1.7754],"to":[8.840899,11.1582,2.0879],"faces":{"down":{"uv":[12,12,12.815,12.7],"texture":"#0"},"up":{"uv":[12,12,12.815,12.7],"texture":"#0"},"north":{"uv":[12,12,12.815,12.7],"texture":"#0"},"south":{"uv":[12,12,12.815,12.7],"texture":"#0"},"east":{"uv":[12,12,12.815,12.7],"texture":"#0"}}},{"from":[8.715899,10.6532,2.3879],"to":[8.840899,11.1582,2.5879],"faces":{"down":{"uv":[12,12,12.815,12.7],"texture":"#0"},"up":{"uv":[12,12,12.815,12.7],"texture":"#0"},"north":{"uv":[12,12,12.815,12.7],"texture":"#0"},"south":{"uv":[12,12,12.815,12.7],"texture":"#0"},"east":{"uv":[12,12,12.815,12.7],"texture":"#0"}}},{"from":[8.715899,10.6532,2.8869],"to":[8.840899,11.1582,3.0869],"faces":{"down":{"uv":[12,12,12.815,12.7],"texture":"#0"},"up":{"uv":[12,12,12.815,12.7],"texture":"#0"},"north":{"uv":[12,12,12.815,12.7],"texture":"#0"},"south":{"uv":[12,12,12.815,12.7],"texture":"#0"},"east":{"uv":[12,12,12.815,12.7],"texture":"#0"}}},{"from":[8.715899,10.6532,3.4179],"to":[8.840899,11.1582,3.6179],"faces":{"down":{"uv":[12,12,12.815,12.7],"texture":"#0"},"up":{"uv":[12,12,12.815,12.7],"texture":"#0"},"north":{"uv":[12,12,12.815,12.7],"texture":"#0"},"south":{"uv":[12,12,12.815,12.7],"texture":"#0"},"east":{"uv":[12,12,12.815,12.7],"texture":"#0"}}},{"from":[8.6909,11.0332,1.7754],"to":[8.840899,11.1582,2.0879],"rotation":{"origin":[8.840938,11.1582,1.7754],"axis":"z","angle":-45},"faces":{"up":{"uv":[12,12,12.815,12.7],"texture":"#0","rotation":180},"north":{"uv":[12,12,12.815,12.7],"texture":"#0","rotation":180},"south":{"uv":[12,12,12.815,12.7],"texture":"#0","rotation":180}}},{"from":[8.715899,10.5032,1.7754],"to":[8.840899,10.6532,2.0879],"rotation":{"origin":[8.840938,10.6532,1.7754],"axis":"z","angle":-45},"faces":{"north":{"uv":[12,12,12.815,12.7],"texture":"#0","rotation":180},"south":{"uv":[12,12,12.815,12.7],"texture":"#0","rotation":180},"east":{"uv":[12,12,12.815,12.7],"texture":"#0","rotation":180}}},{"from":[8.6909,10.5032,2.3879],"to":[8.840899,10.6532,2.5879],"rotation":{"origin":[8.840938,10.6532,2.3879],"axis":"z","angle":-45},"faces":{"north":{"uv":[12,12,12.815,12.7],"texture":"#0","rotation":180},"south":{"uv":[12,12,12.815,12.7],"texture":"#0","rotation":180},"east":{"uv":[12,12,12.815,12.7],"texture":"#0","rotation":180}}},{"from":[8.6909,11.0082,2.3879],"to":[8.840899,11.1582,2.5879],"rotation":{"origin":[8.840938,11.1582,2.3879],"axis":"z","angle":-45},"faces":{"up":{"uv":[12,12,12.815,12.7],"texture":"#0","rotation":180},"north":{"uv":[12,12,12.815,12.7],"texture":"#0","rotation":180},"south":{"uv":[12,12,12.815,12.7],"texture":"#0","rotation":180}}},{"from":[8.6909,11.0082,2.8869],"to":[8.840899,11.1582,3.0869],"rotation":{"origin":[8.840938,11.1582,2.8869],"axis":"z","angle":-45},"faces":{"up":{"uv":[12,12,12.815,12.7],"texture":"#0","rotation":180},"north":{"uv":[12,12,12.815,12.7],"texture":"#0","rotation":180},"south":{"uv":[12,12,12.815,12.7],"texture":"#0","rotation":180}}},{"from":[8.6909,10.5032,2.8869],"to":[8.840899,10.6532,3.0869],"rotation":{"origin":[8.840938,10.6532,2.8869],"axis":"z","angle":-45},"faces":{"north":{"uv":[12,12,12.815,12.7],"texture":"#0","rotation":180},"south":{"uv":[12,12,12.815,12.7],"texture":"#0","rotation":180},"east":{"uv":[12,12,12.815,12.7],"texture":"#0","rotation":180}}},{"from":[8.6909,10.5032,3.4179],"to":[8.840899,10.6532,3.6179],"rotation":{"origin":[8.840938,10.6532,3.4179],"axis":"z","angle":-45},"faces":{"north":{"uv":[12,12,12.815,12.7],"texture":"#0","rotation":180},"south":{"uv":[12,12,12.815,12.7],"texture":"#0","rotation":180},"east":{"uv":[12,12,12.815,12.7],"texture":"#0","rotation":180}}},{"from":[8.6909,11.0082,3.4179],"to":[8.840899,11.1582,3.6179],"rotation":{"origin":[8.840938,11.1582,3.4179],"axis":"z","angle":-45},"faces":{"up":{"uv":[12,12,12.815,12.7],"texture":"#0","rotation":180},"north":{"uv":[12,12,12.815,12.7],"texture":"#0","rotation":180},"south":{"uv":[12,12,12.815,12.7],"texture":"#0","rotation":180}}},{"from":[7.7622,10.9432,1.0929],"to":[8.2422,11.0682,1.4054],"faces":{"down":{"uv":[1,2,1.48,2.625],"texture":"#0"},"up":{"uv":[1,2,1.48,2.625],"texture":"#0"},"north":{"uv":[1,2,1.48,2.625],"texture":"#0"},"west":{"uv":[1,2,1.48,2.625],"texture":"#0"},"east":{"uv":[1,2,1.48,2.625],"texture":"#0"}}},{"from":[7.3522,9.1932,5.9054],"to":[8.6522,9.4757,6.2954],"faces":{"down":{"uv":[6,12,6.78,12.565],"texture":"#0"},"up":{"uv":[6,12,6.78,12.565],"texture":"#0"},"north":{"uv":[6,12,6.78,12.565],"texture":"#0"},"south":{"uv":[6,12,6.78,12.565],"texture":"#0"},"west":{"uv":[6,12,6.78,12.565],"texture":"#0"},"east":{"uv":[6,12,6.78,12.565],"texture":"#0"}}},{"from":[7.8922,9.0057,4.9304],"to":[8.1022,9.5407,5.0679],"rotation":{"origin":[7.892187,9.5407,4.9304],"axis":"x","angle":-22.5},"faces":{"north":{"uv":[7,2,7.815,2.7],"texture":"#0","rotation":270},"south":{"uv":[7,2,7.815,2.7],"texture":"#0","rotation":270},"west":{"uv":[7,2,7.815,2.7],"texture":"#0","rotation":270},"east":{"uv":[7,2,7.815,2.7],"texture":"#0","rotation":270}}},{"from":[7.8922,8.8532,5.0804],"to":[8.1022,9.2907,5.1804],"faces":{"down":{"uv":[7,2,7.815,2.7],"texture":"#0","rotation":270},"up":{"uv":[7,2,7.815,2.7],"texture":"#0","rotation":270},"north":{"uv":[7,2,7.815,2.7],"texture":"#0","rotation":270},"west":{"uv":[7,2,7.815,2.7],"texture":"#0","rotation":270},"east":{"uv":[7,2,7.815,2.7],"texture":"#0","rotation":270}}},{"from":[7.8922,8.703199,5.1179],"to":[8.1022,9.0032,5.2179],"rotation":{"origin":[7.892187,9.003201,5.1179],"axis":"x","angle":22.5},"faces":{"down":{"uv":[7,2,7.815,2.7],"texture":"#0","rotation":270},"up":{"uv":[7,2,7.815,2.7],"texture":"#0","rotation":270},"north":{"uv":[7,2,7.815,2.7],"texture":"#0","rotation":270},"south":{"uv":[7,2,7.815,2.7],"texture":"#0","rotation":270},"west":{"uv":[7,2,7.815,2.7],"texture":"#0","rotation":270},"east":{"uv":[7,2,7.815,2.7],"texture":"#0","rotation":270}}},{"from":[7.8922,8.623199,4.9429],"to":[8.1022,8.6732,5.1429],"rotation":{"origin":[7.892187,8.623199,4.9429],"axis":"x","angle":-45},"faces":{"down":{"uv":[7,2,7.815,2.7],"texture":"#0"},"up":{"uv":[7,2,7.815,2.7],"texture":"#0"},"north":{"uv":[7,2,7.815,2.7],"texture":"#0"},"west":{"uv":[7,2,7.815,2.7],"texture":"#0"},"east":{"uv":[7,2,7.815,2.7],"texture":"#0"}}},{"from":[7.8922,8.623199,4.9304],"to":[8.1022,8.6732,5.1304],"rotation":{"origin":[7.892187,8.623199,4.9304],"axis":"x","angle":-22.5},"faces":{"down":{"uv":[7,2,7.815,2.7],"texture":"#0"},"up":{"uv":[7,2,7.815,2.7],"texture":"#0"},"north":{"uv":[7,2,7.815,2.7],"texture":"#0"},"west":{"uv":[7,2,7.815,2.7],"texture":"#0"},"east":{"uv":[7,2,7.815,2.7],"texture":"#0"}}},{"from":[7.8922,8.6982,5.1129],"to":[8.1022,8.8107,5.2504],"rotation":{"origin":[7.892187,8.6982,5.1129],"axis":"x","angle":-45},"faces":{"down":{"uv":[3,12.5,3.815,13.2],"texture":"#0"},"west":{"uv":[3,12.5,3.815,13.2],"texture":"#0"},"east":{"uv":[3,12.5,3.815,13.2],"texture":"#0"}}},{"from":[7.8922,8.7932,5.0979],"to":[8.1022,8.930699,5.2104],"rotation":{"origin":[7.892187,8.7932,5.2104],"axis":"x","angle":22.5},"faces":{"south":{"uv":[7,2,7.815,2.7],"texture":"#0","rotation":90},"west":{"uv":[7,2,7.815,2.7],"texture":"#0","rotation":90},"east":{"uv":[7,2,7.815,2.7],"texture":"#0","rotation":90}}},{"from":[7.8922,8.9182,5.1504],"to":[8.1022,9.0982,5.2629],"faces":{"south":{"uv":[7,2,7.815,2.7],"texture":"#0","rotation":90},"west":{"uv":[7,2,7.815,2.7],"texture":"#0","rotation":90},"east":{"uv":[7,2,7.815,2.7],"texture":"#0","rotation":90}}},{"from":[7.8922,9.5407,4.8054],"to":[8.1022,9.6657,5.1529],"rotation":{"origin":[7.892187,9.5407,4.8054],"axis":"x","angle":45},"faces":{"down":{"uv":[7,2,7.815,2.7],"texture":"#0"},"west":{"uv":[7,2,7.815,2.7],"texture":"#0"},"east":{"uv":[7,2,7.815,2.7],"texture":"#0"}}},{"from":[7.9372,9.2907,5.0554],"to":[8.0172,9.5132,5.1804],"faces":{"up":{"uv":[7,2,7.815,2.7],"texture":"#0","rotation":90},"north":{"uv":[7,2,7.815,2.7],"texture":"#0","rotation":90},"south":{"uv":[7,2,7.815,2.7],"texture":"#0","rotation":90},"west":{"uv":[7,2,7.815,2.7],"texture":"#0","rotation":90},"east":{"uv":[7,2,7.815,2.7],"texture":"#0","rotation":90}}},{"from":[7.9372,9.4157,5.1804],"to":[8.0172,9.6032,5.4029],"rotation":{"origin":[7.937187,9.4157,5.1804],"axis":"x","angle":-45},"faces":{"down":{"uv":[7,2,7.815,2.7],"texture":"#0"},"up":{"uv":[7,2,7.815,2.7],"texture":"#0"},"north":{"uv":[7,2,7.815,2.7],"texture":"#0"},"south":{"uv":[7,2,7.815,2.7],"texture":"#0"},"west":{"uv":[7,2,7.815,2.7],"texture":"#0"},"east":{"uv":[7,2,7.815,2.7],"texture":"#0"}}},{"from":[7.8922,9.3807,4.9929],"to":[8.1022,9.5407,5.1179],"faces":{"down":{"uv":[7,2,7.815,2.7],"texture":"#0","rotation":270},"north":{"uv":[7,2,7.815,2.7],"texture":"#0","rotation":270},"south":{"uv":[7,2,7.815,2.7],"texture":"#0","rotation":270},"west":{"uv":[7,2,7.815,2.7],"texture":"#0","rotation":270},"east":{"uv":[7,2,7.815,2.7],"texture":"#0","rotation":270}}},{"from":[7.7522,11.7032,8.9769],"to":[8.252199,11.7732,9.0554],"faces":{"up":{"uv":[12,12,14.19,14.815],"texture":"#0"},"north":{"uv":[12,12,14.19,14.815],"texture":"#0"},"south":{"uv":[12,12,14.19,14.815],"texture":"#0"}}},{"from":[7.8522,11.7907,8.9929],"to":[7.9272,11.91495,9.0429],"faces":{"north":{"uv":[12,12,14.19,14.815],"texture":"#0"},"south":{"uv":[12,12,14.19,14.815],"texture":"#0"},"west":{"uv":[12,12,14.19,14.815],"texture":"#0"},"east":{"uv":[12,12,14.19,14.815],"texture":"#0"}}},{"from":[7.8522,11.915,8.9929],"to":[7.9272,12.03925,9.0429],"rotation":{"origin":[7.852187,11.91495,8.9929],"axis":"z","angle":-45},"faces":{"north":{"uv":[12,12,14.19,14.815],"texture":"#0"},"south":{"uv":[12,12,14.19,14.815],"texture":"#0"},"west":{"uv":[12,12,14.19,14.815],"texture":"#0"},"east":{"uv":[12,12,14.19,14.815],"texture":"#0"}}},{"from":[7.8522,11.7907,8.9929],"to":[7.97645,11.8657,9.0429],"rotation":{"origin":[7.852187,11.7907,8.9929],"axis":"z","angle":-45},"faces":{"down":{"uv":[12,12,14.19,14.815],"texture":"#0"},"up":{"uv":[12,12,14.19,14.815],"texture":"#0"},"north":{"uv":[12,12,14.19,14.815],"texture":"#0"},"south":{"uv":[12,12,14.19,14.815],"texture":"#0"}}},{"from":[8.0772,11.6664,8.9929],"to":[8.1522,11.79065,9.0429],"rotation":{"origin":[8.152187,11.7907,8.9929],"axis":"z","angle":-45},"faces":{"north":{"uv":[12,12,14.19,14.815],"texture":"#0"},"south":{"uv":[12,12,14.19,14.815],"texture":"#0"},"west":{"uv":[12,12,14.19,14.815],"texture":"#0"},"east":{"uv":[12,12,14.19,14.815],"texture":"#0"}}},{"from":[8.0772,11.7907,8.9929],"to":[8.1522,11.91495,9.0429],"faces":{"north":{"uv":[12,12,14.19,14.815],"texture":"#0","rotation":90},"south":{"uv":[12,12,14.19,14.815],"texture":"#0","rotation":90},"west":{"uv":[12,12,14.19,14.815],"texture":"#0","rotation":90},"east":{"uv":[12,12,14.19,14.815],"texture":"#0","rotation":90}}},{"from":[8.0279,11.8399,8.9929],"to":[8.15215,11.9149,9.0429],"rotation":{"origin":[8.152187,11.91495,8.9929],"axis":"z","angle":-45},"faces":{"down":{"uv":[12,12,14.19,14.815],"texture":"#0"},"up":{"uv":[12,12,14.19,14.815],"texture":"#0"},"north":{"uv":[12,12,14.19,14.815],"texture":"#0"},"south":{"uv":[12,12,14.19,14.815],"texture":"#0"}}},{"from":[7.9404,11.9282,8.9929],"to":[8.06465,12.0032,9.0429],"faces":{"down":{"uv":[12,12,14.19,14.815],"texture":"#0"},"up":{"uv":[12,12,14.19,14.815],"texture":"#0"},"north":{"uv":[12,12,14.19,14.815],"texture":"#0"},"south":{"uv":[12,12,14.19,14.815],"texture":"#0"}}},{"from":[7.9147,11.6032,1.8979],"to":[8.0897,11.7782,2.0729],"faces":{"up":{"uv":[13,13,13.815,13.7],"texture":"#0"},"north":{"uv":[13,13,13.815,13.7],"texture":"#0"},"south":{"uv":[13,13,13.815,13.7],"texture":"#0"},"west":{"uv":[13,13,13.815,13.7],"texture":"#0"},"east":{"uv":[13,13,13.815,13.7],"texture":"#0"}}},{"from":[8.0647,10.4548,6.1179],"to":[8.5022,11.2648,7.6179],"rotation":{"origin":[8.5022,10.45476,6.1179],"axis":"z","angle":22.5},"faces":{"up":{"uv":[13,13,14,14],"texture":"#0","rotation":270},"north":{"uv":[14,14,13,13],"texture":"#0","rotation":270},"south":{"uv":[14,14,13,13],"texture":"#0","rotation":90},"west":{"uv":[14,14,13,13],"texture":"#0","rotation":90},"east":{"uv":[13,13,14,14],"texture":"#0","rotation":270}}},{"from":[7.7951,9.6353,-8.6745],"to":[8.215334,11.31619,0.3255005],"faces":{"down":{"uv":[7.5,2,8.5,3],"texture":"#0","rotation":270},"up":{"uv":[7.5,2,8.5,3],"texture":"#0","rotation":270},"north":{"uv":[7.5,2,8.5,3],"texture":"#0","rotation":270},"south":{"uv":[7.5,2,8.5,3],"texture":"#0","rotation":270}}},{"from":[7.2854,9.9745,-8.6745],"to":[7.594985,10.39473,0.3255005],"rotation":{"origin":[7.285412,9.974503,-8.071404],"axis":"z","angle":-45},"faces":{"down":{"uv":[7.5,2,8.5,3],"texture":"#0","rotation":270},"north":{"uv":[7.5,2,8.5,3],"texture":"#0","rotation":270},"south":{"uv":[7.5,2,8.5,3],"texture":"#0","rotation":270}}},{"from":[8.0861,9.755799,-8.6745],"to":[8.506344,10.06537,0.3255005],"rotation":{"origin":[8.50638,9.755846,-8.071404],"axis":"z","angle":-45},"faces":{"north":{"uv":[7.5,2,8.5,3],"texture":"#0","rotation":270},"south":{"uv":[7.5,2,8.5,3],"texture":"#0","rotation":270},"east":{"uv":[7.5,2,8.5,3],"texture":"#0","rotation":270}}},{"from":[7.62,10.0906,-8.6745],"to":[7.795111,10.2657,0.3255005],"faces":{"north":{"uv":[7.5,2,8.5,3],"texture":"#0","rotation":270},"south":{"uv":[7.5,2,8.5,3],"texture":"#0","rotation":270}}},{"from":[8.2154,10.0906,-8.6745],"to":[8.390512,10.2657,0.3255005],"faces":{"north":{"uv":[7.5,2,8.5,3],"texture":"#0","rotation":270},"south":{"uv":[7.5,2,8.5,3],"texture":"#0","rotation":270}}},{"from":[7.62,10.6859,-8.6745],"to":[7.795111,10.861,0.3255005],"faces":{"north":{"uv":[7.5,2,8.5,3],"texture":"#0","rotation":270},"south":{"uv":[7.5,2,8.5,3],"texture":"#0","rotation":270}}},{"from":[7.5042,10.8861,-8.6745],"to":[7.924444,11.19567,0.3255005],"rotation":{"origin":[7.50414,11.19568,-8.071404],"axis":"z","angle":-45},"faces":{"north":{"uv":[7.5,2,8.5,3],"texture":"#0","rotation":270},"south":{"uv":[7.5,2,8.5,3],"texture":"#0","rotation":270},"west":{"uv":[7.5,2,8.5,3],"texture":"#0","rotation":270}}},{"from":[7.4799,9.6353,-8.6745],"to":[7.795087,10.05553,0.3255005],"rotation":{"origin":[7.795147,9.63531,-8.674554],"axis":"z","angle":-22.5},"faces":{"down":{"uv":[7.5,2,8.5,3],"texture":"#0","rotation":270},"north":{"uv":[7.5,2,8.5,3],"texture":"#0","rotation":270},"south":{"uv":[7.5,2,8.5,3],"texture":"#0","rotation":270}}},{"from":[8.4255,9.9505,-8.6745],"to":[8.845744,10.26568,0.3255005],"rotation":{"origin":[8.845715,10.26565,-8.674554],"axis":"z","angle":-22.5},"faces":{"north":{"uv":[7.5,2,8.5,3],"texture":"#0","rotation":270},"south":{"uv":[7.5,2,8.5,3],"texture":"#0","rotation":270},"east":{"uv":[7.5,2,8.5,3],"texture":"#0","rotation":270}}},{"from":[8.2154,9.6353,-8.6745],"to":[8.530587,10.05553,0.3255005],"rotation":{"origin":[8.215374,9.63531,-8.071404],"axis":"z","angle":22.5},"faces":{"down":{"uv":[7.5,2,8.5,3],"texture":"#0","rotation":270},"north":{"uv":[7.5,2,8.5,3],"texture":"#0","rotation":270},"south":{"uv":[7.5,2,8.5,3],"texture":"#0","rotation":270}}},{"from":[7.48,10.896,-8.6745],"to":[7.795187,11.31623,0.3255005],"rotation":{"origin":[7.795147,11.31622,-8.071404],"axis":"z","angle":22.5},"faces":{"up":{"uv":[7.5,2,8.5,3],"texture":"#0","rotation":270},"north":{"uv":[7.5,2,8.5,3],"texture":"#0","rotation":270},"south":{"uv":[7.5,2,8.5,3],"texture":"#0","rotation":270}}},{"from":[7.1648,9.9505,-8.6745],"to":[7.585044,10.26568,0.3255005],"rotation":{"origin":[7.164806,10.26565,-8.071404],"axis":"z","angle":22.5},"faces":{"north":{"uv":[7.5,2,8.5,3],"texture":"#0","rotation":270},"south":{"uv":[7.5,2,8.5,3],"texture":"#0","rotation":270},"west":{"uv":[7.5,2,8.5,3],"texture":"#0","rotation":270}}},{"from":[7.1648,10.6859,-8.6745],"to":[7.585044,11.00108,0.3255005],"rotation":{"origin":[7.164806,10.68588,-8.674554],"axis":"z","angle":-22.5},"faces":{"north":{"uv":[7.5,2,8.5,3],"texture":"#0","rotation":270},"south":{"uv":[7.5,2,8.5,3],"texture":"#0","rotation":270},"west":{"uv":[7.5,2,8.5,3],"texture":"#0","rotation":270}}},{"from":[8.2154,10.6859,-8.6745],"to":[8.390512,10.861,0.3255005],"faces":{"up":{"uv":[7.5,2,8.5,3],"texture":"#0","rotation":270},"north":{"uv":[7.5,2,8.5,3],"texture":"#0","rotation":270},"south":{"uv":[7.5,2,8.5,3],"texture":"#0","rotation":270},"east":{"uv":[7.5,2,8.5,3],"texture":"#0","rotation":270}}},{"from":[8.2154,10.896,-8.6745],"to":[8.530587,11.31623,0.3255005],"rotation":{"origin":[8.215374,11.31622,-8.674554],"axis":"z","angle":-22.5},"faces":{"up":{"uv":[7.5,2,8.5,3],"texture":"#0","rotation":270},"north":{"uv":[7.5,2,8.5,3],"texture":"#0","rotation":270},"south":{"uv":[7.5,2,8.5,3],"texture":"#0","rotation":270}}},{"from":[8.3049,10.9771,-8.6745],"to":[8.725144,11.28667,0.3255005],"rotation":{"origin":[8.725109,10.9771,-8.071404],"axis":"z","angle":45},"faces":{"north":{"uv":[7.5,2,8.5,3],"texture":"#0","rotation":270},"south":{"uv":[7.5,2,8.5,3],"texture":"#0","rotation":270},"east":{"uv":[7.5,2,8.5,3],"texture":"#0","rotation":270}}},{"from":[8.4255,10.6859,-8.6745],"to":[8.845744,11.00108,0.3255005],"rotation":{"origin":[8.845715,10.68588,-8.071404],"axis":"z","angle":22.5},"faces":{"north":{"uv":[7.5,2,8.5,3],"texture":"#0","rotation":270},"south":{"uv":[7.5,2,8.5,3],"texture":"#0","rotation":270},"east":{"uv":[7.5,2,8.5,3],"texture":"#0","rotation":270}}},{"from":[7.1648,10.2657,-8.6745],"to":[8.845715,10.68591,0.3255005],"faces":{"north":{"uv":[7.5,2,8.5,3],"texture":"#0","rotation":270},"south":{"uv":[7.5,2,8.5,3],"texture":"#0","rotation":270},"west":{"uv":[7.5,2,8.5,3],"texture":"#0","rotation":270},"east":{"uv":[7.5,2,8.5,3],"texture":"#0","rotation":270}}}],"display":{"thirdperson_righthand":{"rotation":[35,0,0],"translation":[0,0,3],"scale":[0.9,0.9,0.9]},"thirdperson_lefthand":{"rotation":[35,0,0],"translation":[0,0,3],"scale":[0.9,0.9,0.9]},"firstperson_righthand":{"translation":[-2.5,2,2],"scale":[1.05,1.05,1.05]},"firstperson_lefthand":{"translation":[-2.5,2,2],"scale":[1.05,1.05,1.05]},"gui":{"rotation":[-15,130,0],"translation":[4,0,0],"scale":[0.8,0.8,0.8]},"head":{"translation":[0,12,0],"scale":[0.6,0.6,0.6]},"ground":{"rotation":[0,0,90],"scale":[0.8,0.8,0.8]},"fixed":{"rotation":[0,90,0],"translation":[5,0,-1]}}}