{
"elements":[
{
"from":[-7.8125,9.1125,7.475],
"to":[-7.6875,10.1625,8.525],
"faces":{
"down":{"uv":[2.25,7.25,2.75,7.75],"texture":"#0"},
"up":{"uv":[2.25,7.25,2.75,7.75],"texture":"#0"},
"north":{"uv":[2.25,7.25,2.75,7.75],"texture":"#0"},
"south":{"uv":[2.25,7.25,2.75,7.75],"texture":"#0"},
"west":{"uv":[2.25,7.25,2.75,7.75],"texture":"#0"},
"east":{"uv":[2.25,7.25,2.75,7.75],"texture":"#0"}
}
},
{
"from":[6.1875,8.575,6.85],
"to":[15.125,10.95,9.15],
"faces":{
"down":{"uv":[2.25,7.25,2.75,7.75],"texture":"#0"},
"up":{"uv":[2.25,7.25,2.75,7.75],"texture":"#0"},
"north":{"uv":[2.25,7.25,2.75,7.75],"texture":"#0"},
"south":{"uv":[2.25,7.25,2.75,7.75],"texture":"#0"},
"west":{"uv":[2.25,7.25,2.75,7.75],"texture":"#0"},
"east":{"uv":[2.25,7.25,2.75,7.75],"texture":"#0"}
}
},
{
"from":[-0.1979,-2.5145,7.3125],
"to":[2.0896,1.3605,8.6875],
"rotation":{"origin":[1.039619,1.11047,8],"axis":"z","angle":-22.5},
"faces":{
"down":{"uv":[2.25,7.25,2.75,7.75],"texture":"#0"},
"up":{"uv":[2.25,7.25,2.75,7.75],"texture":"#0"},
"north":{"uv":[2.25,7.25,2.75,7.75],"texture":"#0"},
"south":{"uv":[2.25,7.25,2.75,7.75],"texture":"#0"},
"west":{"uv":[2.25,7.25,2.75,7.75],"texture":"#0"},
"east":{"uv":[2.25,7.25,2.75,7.75],"texture":"#0"}
}
},
{
"from":[11.7216,2.7187,7.375],
"to":[12.8091,7.3312,8.6875],
"rotation":{"origin":[12.07155,4.6687,8],"axis":"z","angle":22.5},
"faces":{
"down":{"uv":[2.25,7.25,2.75,7.75],"texture":"#0"},
"up":{"uv":[2.25,7.25,2.75,7.75],"texture":"#0"},
"north":{"uv":[2.25,7.25,2.75,7.75],"texture":"#0"},
"south":{"uv":[2.25,7.25,2.75,7.75],"texture":"#0"},
"west":{"uv":[2.25,7.25,2.75,7.75],"texture":"#0"},
"east":{"uv":[2.25,7.25,2.75,7.75],"texture":"#0"}
}
},
{
"from":[5.5224,5.0928,7.699],
"to":[6.3724,5.292799,8.299],
"rotation":{"origin":[6.22864,5.19279,7.99896],"axis":"z","angle":-45},
"faces":{
"down":{"uv":[2.25,7.25,2.75,7.75],"texture":"#0"},
"up":{"uv":[2.25,7.25,2.75,7.75],"texture":"#0"},
"north":{"uv":[2.25,7.25,2.75,7.75],"texture":"#0"},
"south":{"uv":[2.25,7.25,2.75,7.75],"texture":"#0"}
}
},
{
"from":[6.275,5.015,7.7],
"to":[9.275,5.215,8.3],
"faces":{
"down":{"uv":[2.25,7.25,2.75,7.75],"texture":"#0"},
"up":{"uv":[2.25,7.25,2.75,7.75],"texture":"#0"},
"north":{"uv":[2.25,7.25,2.75,7.75],"texture":"#0"},
"south":{"uv":[2.25,7.25,2.75,7.75],"texture":"#0"},
"west":{"uv":[2.25,7.25,2.75,7.75],"texture":"#0"},
"east":{"uv":[2.25,7.25,2.75,7.75],"texture":"#0"}
}
},
{
"from":[17.8125,10.5625,7.3],
"to":[27.125,10.7875,8.699999],
"faces":{
"down":{"uv":[2.25,7.25,2.75,7.75],"texture":"#0"},
"up":{"uv":[2.25,7.25,2.75,7.75],"texture":"#0"},
"north":{"uv":[2.25,7.25,2.75,7.75],"texture":"#0"},
"south":{"uv":[2.25,7.25,2.75,7.75],"texture":"#0"},
"west":{"uv":[2.25,7.25,2.75,7.75],"texture":"#0"}
}
},
{
"from":[27.6,4.35,7.2375],
"to":[28,10.8875,8.762499],
"faces":{
"down":{"uv":[2.25,7.25,2.75,7.75],"texture":"#0"},
"up":{"uv":[2.25,7.25,2.75,7.75],"texture":"#0"},
"north":{"uv":[2.25,7.25,2.75,7.75],"texture":"#0"},
"south":{"uv":[2.25,7.25,2.75,7.75],"texture":"#0"},
"west":{"uv":[2.25,7.25,2.75,7.75],"texture":"#0"},
"east":{"uv":[2.25,7.25,2.75,7.75],"texture":"#0"}
}
},
{
"from":[16.6875,10.225,7.3],
"to":[27.725,10.725,8.699999],
"rotation":{"origin":[12.625,9.375,8],"axis":"z","angle":-22.5},
"faces":{
"down":{"uv":[2.25,7.25,2.75,7.75],"texture":"#0"},
"up":{"uv":[2.25,7.25,2.75,7.75],"texture":"#0"},
"north":{"uv":[2.25,7.25,2.75,7.75],"texture":"#0"},
"south":{"uv":[2.25,7.25,2.75,7.75],"texture":"#0"}
}
},
{
"from":[26.875,4.3,7.2],
"to":[27.475,10.9,8.8],
"faces":{
"down":{"uv":[2.25,7.25,2.75,7.75],"texture":"#0"},
"up":{"uv":[2.25,7.25,2.75,7.75],"texture":"#0"},
"north":{"uv":[2.25,7.25,2.75,7.75],"texture":"#0"},
"south":{"uv":[2.25,7.25,2.75,7.75],"texture":"#0"},
"west":{"uv":[2.25,7.25,2.75,7.75],"texture":"#0"},
"east":{"uv":[2.25,7.25,2.75,7.75],"texture":"#0"}
}
},
{
"from":[15.625,8.575,7.3],
"to":[16.9375,10.75,8.699999],
"faces":{
"down":{"uv":[2.25,7.25,2.75,7.75],"texture":"#0"},
"up":{"uv":[2.25,7.25,2.75,7.75],"texture":"#0"},
"north":{"uv":[2.25,7.25,2.75,7.75],"texture":"#0"},
"south":{"uv":[2.25,7.25,2.75,7.75],"texture":"#0"},
"east":{"uv":[2.25,7.25,2.75,7.75],"texture":"#0"}
}
},
{
"from":[14.3,14.8625,7.3],
"to":[17.0875,15.389,8.699999],
"rotation":{"origin":[5.625,10,8],"axis":"z","angle":-22.5},
"faces":{
"down":{"uv":[2.25,7.25,2.75,7.75],"texture":"#0"},
"up":{"uv":[2.25,7.25,2.75,7.75],"texture":"#0"},
"north":{"uv":[2.25,7.25,2.75,7.75],"texture":"#0"},
"south":{"uv":[2.25,7.25,2.75,7.75],"texture":"#0"}
}
},
{
"from":[20.775,7.35,7.8],
"to":[21.675,10.45,8.199999],
"faces":{
"down":{"uv":[2.25,7.25,2.75,7.75],"texture":"#0"},
"north":{"uv":[2.25,7.25,2.75,7.75],"texture":"#0"},
"south":{"uv":[2.25,7.25,2.75,7.75],"texture":"#0"},
"west":{"uv":[2.25,7.25,2.75,7.75],"texture":"#0"},
"east":{"uv":[2.25,7.25,2.75,7.75],"texture":"#0"}
}
},
{
"from":[15.125,8.575,7.3],
"to":[15.725,11.65,8.699999],
"faces":{
"down":{"uv":[2.25,7.25,2.75,7.75],"texture":"#0"},
"up":{"uv":[2.25,7.25,2.75,7.75],"texture":"#0"},
"north":{"uv":[2.25,7.25,2.75,7.75],"texture":"#0"},
"south":{"uv":[2.25,7.25,2.75,7.75],"texture":"#0"},
"west":{"uv":[2.25,7.25,2.75,7.75],"texture":"#0"},
"east":{"uv":[2.25,7.25,2.75,7.75],"texture":"#0"}
}
},
{
"from":[0.375,9.95,7.2],
"to":[15.125,11.95,8.8],
"faces":{
"down":{"uv":[2.25,7.25,2.75,7.75],"texture":"#0"},
"up":{"uv":[2.25,7.25,2.75,7.75],"texture":"#0"},
"north":{"uv":[2.25,7.25,2.75,7.75],"texture":"#0"},
"south":{"uv":[2.25,7.25,2.75,7.75],"texture":"#0"},
"west":{"uv":[2.25,7.25,2.75,7.75],"texture":"#0"},
"east":{"uv":[2.25,7.25,2.75,7.75],"texture":"#0"}
}
},
{
"from":[11.9234,11.426,7.201],
"to":[14.7734,12.451,7.401],
"rotation":{"origin":[13.47338,11.95104,7.301],"axis":"z","angle":-22.5},
"faces":{
"down":{"uv":[2.25,7.25,2.75,7.75],"texture":"#0"},
"up":{"uv":[2.25,7.25,2.75,7.75],"texture":"#0"},
"north":{"uv":[2.25,7.25,2.75,7.75],"texture":"#0"},
"south":{"uv":[2.25,7.25,2.75,7.75],"texture":"#0"}
}
},
{
"from":[-5.1125,4.3,7.575],
"to":[-4.012498,8.699999,8.45],
"faces":{
"up":{"uv":[2.25,7.25,2.75,7.75],"texture":"#0"},
"north":{"uv":[2.25,7.25,2.75,7.75],"texture":"#0"},
"south":{"uv":[2.25,7.25,2.75,7.75],"texture":"#0"},
"west":{"uv":[2.25,7.25,2.75,7.75],"texture":"#0"},
"east":{"uv":[2.25,7.25,2.75,7.75],"texture":"#0"}
}
},
{
"from":[2.375,11.95,7.4],
"to":[11.125,12.15,8.6],
"faces":{
"up":{"uv":[2.25,7.25,2.75,7.75],"texture":"#0"},
"north":{"uv":[2.25,7.25,2.75,7.75],"texture":"#0"},
"south":{"uv":[2.25,7.25,2.75,7.75],"texture":"#0"},
"west":{"uv":[2.25,7.25,2.75,7.75],"texture":"#0"},
"east":{"uv":[2.25,7.25,2.75,7.75],"texture":"#0"}
}
},
{
"from":[-7.625,10.7625,7.2],
"to":[0.375,11.7,8.3625],
"faces":{
"down":{"uv":[2.25,7.25,2.75,7.75],"texture":"#0"},
"up":{"uv":[2.25,7.25,2.75,7.75],"texture":"#0"},
"north":{"uv":[2.25,7.25,2.75,7.75],"texture":"#0"},
"south":{"uv":[2.25,7.25,2.75,7.75],"texture":"#0"},
"west":{"uv":[2.25,7.25,2.75,7.75],"texture":"#0"}
}
},
{
"from":[-7.625,11.7,7.575],
"to":[0.375,11.95,8.425],
"faces":{
"down":{"uv":[2.25,7.25,2.75,7.75],"texture":"#0"},
"up":{"uv":[2.25,7.25,2.75,7.75],"texture":"#0"},
"north":{"uv":[2.25,7.25,2.75,7.75],"texture":"#0"},
"south":{"uv":[2.25,7.25,2.75,7.75],"texture":"#0"},
"west":{"uv":[2.25,7.25,2.75,7.75],"texture":"#0"}
}
},
{
"from":[11.175,11.8,7.201],
"to":[12.23,13,7.401],
"faces":{
"up":{"uv":[2.25,7.25,2.75,7.75],"texture":"#0"},
"north":{"uv":[2.25,7.25,2.75,7.75],"texture":"#0"},
"south":{"uv":[2.25,7.25,2.75,7.75],"texture":"#0"},
"west":{"uv":[2.25,7.25,2.75,7.75],"texture":"#0"},
"east":{"uv":[2.25,7.25,2.75,7.75],"texture":"#0"}
}
},
{
"from":[9.875,12.12,7.4],
"to":[11.125,12.32,8.6],
"faces":{
"up":{"uv":[2.25,7.25,2.75,7.75],"texture":"#0"},
"north":{"uv":[2.25,7.25,2.75,7.75],"texture":"#0"},
"south":{"uv":[2.25,7.25,2.75,7.75],"texture":"#0"},
"west":{"uv":[2.25,7.25,2.75,7.75],"texture":"#0"},
"east":{"uv":[2.25,7.25,2.75,7.75],"texture":"#0"}
}
},
{
"from":[9.375,12.12,7.4],
"to":[9.625,12.32,8.6],
"faces":{
"up":{"uv":[2.25,7.25,2.75,7.75],"texture":"#0"},
"north":{"uv":[2.25,7.25,2.75,7.75],"texture":"#0"},
"south":{"uv":[2.25,7.25,2.75,7.75],"texture":"#0"},
"west":{"uv":[2.25,7.25,2.75,7.75],"texture":"#0"},
"east":{"uv":[2.25,7.25,2.75,7.75],"texture":"#0"}
}
},
{
"from":[8.875,12.12,7.4],
"to":[9.125,12.32,8.6],
"faces":{
"up":{"uv":[2.25,7.25,2.75,7.75],"texture":"#0"},
"north":{"uv":[2.25,7.25,2.75,7.75],"texture":"#0"},
"south":{"uv":[2.25,7.25,2.75,7.75],"texture":"#0"},
"west":{"uv":[2.25,7.25,2.75,7.75],"texture":"#0"},
"east":{"uv":[2.25,7.25,2.75,7.75],"texture":"#0"}
}
},
{
"from":[8.375,12.12,7.4],
"to":[8.625,12.32,8.6],
"faces":{
"up":{"uv":[2.25,7.25,2.75,7.75],"texture":"#0"},
"north":{"uv":[2.25,7.25,2.75,7.75],"texture":"#0"},
"south":{"uv":[2.25,7.25,2.75,7.75],"texture":"#0"},
"west":{"uv":[2.25,7.25,2.75,7.75],"texture":"#0"},
"east":{"uv":[2.25,7.25,2.75,7.75],"texture":"#0"}
}
},
{
"from":[6.875,12.12,7.4],
"to":[7.125,12.32,8.6],
"faces":{
"up":{"uv":[2.25,7.25,2.75,7.75],"texture":"#0"},
"north":{"uv":[2.25,7.25,2.75,7.75],"texture":"#0"},
"south":{"uv":[2.25,7.25,2.75,7.75],"texture":"#0"},
"west":{"uv":[2.25,7.25,2.75,7.75],"texture":"#0"},
"east":{"uv":[2.25,7.25,2.75,7.75],"texture":"#0"}
}
},
{
"from":[7.375,12.12,7.4],
"to":[7.625,12.32,8.6],
"faces":{
"up":{"uv":[2.25,7.25,2.75,7.75],"texture":"#0"},
"north":{"uv":[2.25,7.25,2.75,7.75],"texture":"#0"},
"south":{"uv":[2.25,7.25,2.75,7.75],"texture":"#0"},
"west":{"uv":[2.25,7.25,2.75,7.75],"texture":"#0"},
"east":{"uv":[2.25,7.25,2.75,7.75],"texture":"#0"}
}
},
{
"from":[7.875,12.12,7.4],
"to":[8.125,12.32,8.6],
"faces":{
"up":{"uv":[2.25,7.25,2.75,7.75],"texture":"#0"},
"north":{"uv":[2.25,7.25,2.75,7.75],"texture":"#0"},
"south":{"uv":[2.25,7.25,2.75,7.75],"texture":"#0"},
"west":{"uv":[2.25,7.25,2.75,7.75],"texture":"#0"},
"east":{"uv":[2.25,7.25,2.75,7.75],"texture":"#0"}
}
},
{
"from":[5.375,12.12,7.4],
"to":[5.625,12.32,8.6],
"faces":{
"up":{"uv":[2.25,7.25,2.75,7.75],"texture":"#0"},
"north":{"uv":[2.25,7.25,2.75,7.75],"texture":"#0"},
"south":{"uv":[2.25,7.25,2.75,7.75],"texture":"#0"},
"west":{"uv":[2.25,7.25,2.75,7.75],"texture":"#0"},
"east":{"uv":[2.25,7.25,2.75,7.75],"texture":"#0"}
}
},
{
"from":[5.875,12.12,7.4],
"to":[6.125,12.32,8.6],
"faces":{
"up":{"uv":[2.25,7.25,2.75,7.75],"texture":"#0"},
"north":{"uv":[2.25,7.25,2.75,7.75],"texture":"#0"},
"south":{"uv":[2.25,7.25,2.75,7.75],"texture":"#0"},
"west":{"uv":[2.25,7.25,2.75,7.75],"texture":"#0"},
"east":{"uv":[2.25,7.25,2.75,7.75],"texture":"#0"}
}
},
{
"from":[6.375,12.12,7.4],
"to":[6.625,12.32,8.6],
"faces":{
"up":{"uv":[2.25,7.25,2.75,7.75],"texture":"#0"},
"north":{"uv":[2.25,7.25,2.75,7.75],"texture":"#0"},
"south":{"uv":[2.25,7.25,2.75,7.75],"texture":"#0"},
"west":{"uv":[2.25,7.25,2.75,7.75],"texture":"#0"},
"east":{"uv":[2.25,7.25,2.75,7.75],"texture":"#0"}
}
},
{
"from":[3.875,12.12,7.4],
"to":[4.125,12.32,8.6],
"faces":{
"up":{"uv":[2.25,7.25,2.75,7.75],"texture":"#0"},
"north":{"uv":[2.25,7.25,2.75,7.75],"texture":"#0"},
"south":{"uv":[2.25,7.25,2.75,7.75],"texture":"#0"},
"west":{"uv":[2.25,7.25,2.75,7.75],"texture":"#0"},
"east":{"uv":[2.25,7.25,2.75,7.75],"texture":"#0"}
}
},
{
"from":[4.375,12.12,7.4],
"to":[4.625,12.32,8.6],
"faces":{
"up":{"uv":[2.25,7.25,2.75,7.75],"texture":"#0"},
"north":{"uv":[2.25,7.25,2.75,7.75],"texture":"#0"},
"south":{"uv":[2.25,7.25,2.75,7.75],"texture":"#0"},
"west":{"uv":[2.25,7.25,2.75,7.75],"texture":"#0"},
"east":{"uv":[2.25,7.25,2.75,7.75],"texture":"#0"}
}
},
{
"from":[4.875,12.12,7.4],
"to":[5.125,12.32,8.6],
"faces":{
"up":{"uv":[2.25,7.25,2.75,7.75],"texture":"#0"},
"north":{"uv":[2.25,7.25,2.75,7.75],"texture":"#0"},
"south":{"uv":[2.25,7.25,2.75,7.75],"texture":"#0"},
"west":{"uv":[2.25,7.25,2.75,7.75],"texture":"#0"},
"east":{"uv":[2.25,7.25,2.75,7.75],"texture":"#0"}
}
},
{
"from":[2.375,12.12,7.4],
"to":[3.625,12.32,8.6],
"faces":{
"up":{"uv":[2.25,7.25,2.75,7.75],"texture":"#0"},
"north":{"uv":[2.25,7.25,2.75,7.75],"texture":"#0"},
"south":{"uv":[2.25,7.25,2.75,7.75],"texture":"#0"},
"west":{"uv":[2.25,7.25,2.75,7.75],"texture":"#0"},
"east":{"uv":[2.25,7.25,2.75,7.75],"texture":"#0"}
}
},
{
"from":[10.4129,2.3568,7.375],
"to":[13.1129,3.0068,8.6875],
"rotation":{"origin":[12.26289,4.55676,8],"axis":"z","angle":22.5},
"faces":{
"down":{"uv":[2.25,7.25,2.75,7.75],"texture":"#0"},
"up":{"uv":[2.25,7.25,2.75,7.75],"texture":"#0"},
"north":{"uv":[2.25,7.25,2.75,7.75],"texture":"#0"},
"south":{"uv":[2.25,7.25,2.75,7.75],"texture":"#0"},
"west":{"uv":[2.25,7.25,2.75,7.75],"texture":"#0"},
"east":{"uv":[2.25,7.25,2.75,7.75],"texture":"#0"}
}
},
{
"from":[10.9716,2.3187,7.375],
"to":[12.4216,7.718699,8.6875],
"rotation":{"origin":[11.32155,4.0187,8],"axis":"z","angle":22.5},
"faces":{
"north":{"uv":[2.25,7.25,2.75,7.75],"texture":"#0"},
"south":{"uv":[2.25,7.25,2.75,7.75],"texture":"#0"},
"west":{"uv":[2.25,7.25,2.75,7.75],"texture":"#0"}
}
},
{
"from":[10.9716,7.5687,7.0625],
"to":[12.1716,9.2187,8.875],
"rotation":{"origin":[11.32155,8.2687,8],"axis":"z","angle":-45},
"faces":{
"up":{"uv":[2.25,7.25,2.75,7.75],"texture":"#0"},
"north":{"uv":[2.25,7.25,2.75,7.75],"texture":"#0"},
"south":{"uv":[2.25,7.25,2.75,7.75],"texture":"#0"},
"east":{"uv":[2.25,7.25,2.75,7.75],"texture":"#0"}
}
},
{
"from":[11.8715,8.1687,7.0625],
"to":[13.5215,9.3687,8.875],
"rotation":{"origin":[12.57155,9.0187,8],"axis":"z","angle":22.5},
"faces":{
"down":{"uv":[2.25,7.25,2.75,7.75],"texture":"#0"},
"north":{"uv":[2.25,7.25,2.75,7.75],"texture":"#0"},
"south":{"uv":[2.25,7.25,2.75,7.75],"texture":"#0"},
"west":{"uv":[2.25,7.25,2.75,7.75],"texture":"#0"}
}
},
{
"from":[3.9716,7.0687,7.0625],
"to":[11.9216,9.2187,8.875],
"faces":{
"down":{"uv":[2.25,7.25,2.75,7.75],"texture":"#0"},
"up":{"uv":[2.25,7.25,2.75,7.75],"texture":"#0"},
"north":{"uv":[2.25,7.25,2.75,7.75],"texture":"#0"},
"south":{"uv":[2.25,7.25,2.75,7.75],"texture":"#0"},
"west":{"uv":[2.25,7.25,2.75,7.75],"texture":"#0"},
"east":{"uv":[2.25,7.25,2.75,7.75],"texture":"#0"}
}
},
{
"from":[18.0625,10.125,7.3],
"to":[24.625,10.6,8.699999],
"faces":{
"down":{"uv":[2.25,7.25,2.75,7.75],"texture":"#0"},
"north":{"uv":[2.25,7.25,2.75,7.75],"texture":"#0"},
"south":{"uv":[2.25,7.25,2.75,7.75],"texture":"#0"},
"west":{"uv":[2.25,7.25,2.75,7.75],"texture":"#0"},
"east":{"uv":[2.25,7.25,2.75,7.75],"texture":"#0"}
}
},
{
"from":[26.275,4.85,7.8],
"to":[26.925,10.575,8.199999],
"faces":{
"down":{"uv":[2.25,7.25,2.75,7.75],"texture":"#0"},
"north":{"uv":[2.25,7.25,2.75,7.75],"texture":"#0"},
"south":{"uv":[2.25,7.25,2.75,7.75],"texture":"#0"},
"west":{"uv":[2.25,7.25,2.75,7.75],"texture":"#0"}
}
},
{
"from":[25.695,5.1,7.8],
"to":[26.345,6.95,8.199999],
"faces":{
"down":{"uv":[2.25,7.25,2.75,7.75],"texture":"#0"},
"up":{"uv":[2.25,7.25,2.75,7.75],"texture":"#0"},
"north":{"uv":[2.25,7.25,2.75,7.75],"texture":"#0"},
"south":{"uv":[2.25,7.25,2.75,7.75],"texture":"#0"},
"west":{"uv":[2.25,7.25,2.75,7.75],"texture":"#0"}
}
},
{
"from":[17.875,10.6625,7.8],
"to":[26.725,11.1,8.199999],
"rotation":{"origin":[12.625,9.3125,8],"axis":"z","angle":-22.5},
"faces":{
"down":{"uv":[2.25,7.25,2.75,7.75],"texture":"#0"},
"up":{"uv":[2.25,7.25,2.75,7.75],"texture":"#0"},
"north":{"uv":[2.25,7.25,2.75,7.75],"texture":"#0"},
"south":{"uv":[2.25,7.25,2.75,7.75],"texture":"#0"}
}
},
{
"from":[16.9,8.537499,7.8],
"to":[19.175,10.575,8.199999],
"faces":{
"down":{"uv":[2.25,7.25,2.75,7.75],"texture":"#0"},
"up":{"uv":[2.25,7.25,2.75,7.75],"texture":"#0"},
"north":{"uv":[2.25,7.25,2.75,7.75],"texture":"#0"},
"south":{"uv":[2.25,7.25,2.75,7.75],"texture":"#0"},
"east":{"uv":[2.25,7.25,2.75,7.75],"texture":"#0"}
}
},
{
"from":[25.445,4.85,7.8],
"to":[26.1575,6.2,8.199999],
"rotation":{"origin":[26.02,5.9,8],"axis":"z","angle":-45},
"faces":{
"down":{"uv":[2.25,7.25,2.75,7.75],"texture":"#0"},
"north":{"uv":[2.25,7.25,2.75,7.75],"texture":"#0"},
"south":{"uv":[2.25,7.25,2.75,7.75],"texture":"#0"},
"west":{"uv":[2.25,7.25,2.75,7.75],"texture":"#0"},
"east":{"uv":[2.25,7.25,2.75,7.75],"texture":"#0"}
}
},
{
"from":[20.695,2.9125,7.8],
"to":[21.345,4.2625,8.199999],
"rotation":{"origin":[26.02,6.2125,8],"axis":"z","angle":-45},
"faces":{
"down":{"uv":[2.25,7.25,2.75,7.75],"texture":"#0"},
"north":{"uv":[2.25,7.25,2.75,7.75],"texture":"#0"},
"south":{"uv":[2.25,7.25,2.75,7.75],"texture":"#0"},
"west":{"uv":[2.25,7.25,2.75,7.75],"texture":"#0"},
"east":{"uv":[2.25,7.25,2.75,7.75],"texture":"#0"}
}
},
{
"from":[22.195,8.3125,7.8],
"to":[22.845,9.9125,8.199999],
"rotation":{"origin":[26.02,5.8625,8],"axis":"z","angle":22.5},
"faces":{
"down":{"uv":[2.25,7.25,2.75,7.75],"texture":"#0"},
"north":{"uv":[2.25,7.25,2.75,7.75],"texture":"#0"},
"south":{"uv":[2.25,7.25,2.75,7.75],"texture":"#0"},
"west":{"uv":[2.25,7.25,2.75,7.75],"texture":"#0"},
"east":{"uv":[2.25,7.25,2.75,7.75],"texture":"#0"}
}
},
{
"from":[2.5216,4.5812,7.0625],
"to":[5.5466,8.2437,8.875],
"rotation":{"origin":[6.82155,8.1437,8],"axis":"z","angle":-22.5},
"faces":{
"down":{"uv":[2.25,7.25,2.75,7.75],"texture":"#0"},
"up":{"uv":[2.25,7.25,2.75,7.75],"texture":"#0"},
"north":{"uv":[2.25,7.25,2.75,7.75],"texture":"#0"},
"south":{"uv":[2.25,7.25,2.75,7.75],"texture":"#0"},
"west":{"uv":[2.25,7.25,2.75,7.75],"texture":"#0"},
"east":{"uv":[2.25,7.25,2.75,7.75],"texture":"#0"}
}
},
{
"from":[4.409,5.5687,7.375],
"to":[5.9215,7.0937,8.625],
"faces":{
"down":{"uv":[2.25,7.25,2.75,7.75],"texture":"#0"},
"north":{"uv":[2.25,7.25,2.75,7.75],"texture":"#0"},
"south":{"uv":[2.25,7.25,2.75,7.75],"texture":"#0"},
"west":{"uv":[2.25,7.25,2.75,7.75],"texture":"#0"},
"east":{"uv":[2.25,7.25,2.75,7.75],"texture":"#0"}
}
},
{
"from":[9.6901,4.9051,7.6973],
"to":[9.8901,6.2426,8.2973],
"rotation":{"origin":[9.76004,5.66759,7.99726],"axis":"z","angle":-45},
"faces":{
"up":{"uv":[2.25,7.25,2.75,7.75],"texture":"#0"},
"north":{"uv":[2.25,7.25,2.75,7.75],"texture":"#0"},
"south":{"uv":[2.25,7.25,2.75,7.75],"texture":"#0"},
"west":{"uv":[2.25,7.25,2.75,7.75],"texture":"#0"},
"east":{"uv":[2.25,7.25,2.75,7.75],"texture":"#0"}
}
},
{
"from":[-7.625,8.075,7.225],
"to":[2.3125,8.575,8.775],
"faces":{
"down":{"uv":[2.25,7.25,2.75,7.75],"texture":"#0"},
"up":{"uv":[2.25,7.25,2.75,7.75],"texture":"#0"},
"north":{"uv":[2.25,7.25,2.75,7.75],"texture":"#0"},
"south":{"uv":[2.25,7.25,2.75,7.75],"texture":"#0"},
"west":{"uv":[2.25,7.25,2.75,7.75],"texture":"#0"},
"east":{"uv":[2.25,7.25,2.75,7.75],"texture":"#0"}
}
},
{
"from":[8.7497,6.708,7.7],
"to":[8.949699,7.447999,8.3],
"rotation":{"origin":[9.09973,6.69274,8],"axis":"z","angle":22.5},
"faces":{
"north":{"uv":[2.25,7.25,2.75,7.75],"texture":"#0"},
"south":{"uv":[2.25,7.25,2.75,7.75],"texture":"#0"},
"west":{"uv":[2.25,7.25,2.75,7.75],"texture":"#0"},
"east":{"uv":[2.25,7.25,2.75,7.75],"texture":"#0"}
}
},
{
"from":[8.7125,5.6677,7.7],
"to":[8.949999,6.6927,8.3],
"faces":{
"down":{"uv":[2.25,7.25,2.75,7.75],"texture":"#0"},
"up":{"uv":[2.25,7.25,2.75,7.75],"texture":"#0"},
"north":{"uv":[2.25,7.25,2.75,7.75],"texture":"#0"},
"south":{"uv":[2.25,7.25,2.75,7.75],"texture":"#0"},
"west":{"uv":[2.25,7.25,2.75,7.75],"texture":"#0"},
"east":{"uv":[2.25,7.25,2.75,7.75],"texture":"#0"}
}
},
{
"from":[11.175,11.8,8.598],
"to":[12.23,13,8.798],
"faces":{
"up":{"uv":[2.25,7.25,2.75,7.75],"texture":"#0"},
"north":{"uv":[2.25,7.25,2.75,7.75],"texture":"#0"},
"south":{"uv":[2.25,7.25,2.75,7.75],"texture":"#0"},
"west":{"uv":[2.25,7.25,2.75,7.75],"texture":"#0"},
"east":{"uv":[2.25,7.25,2.75,7.75],"texture":"#0"}
}
},
{
"from":[11.9234,11.426,8.598],
"to":[14.7734,12.451,8.798],
"rotation":{"origin":[13.47338,11.95104,8.676],"axis":"z","angle":-22.5},
"faces":{
"down":{"uv":[2.25,7.25,2.75,7.75],"texture":"#0"},
"up":{"uv":[2.25,7.25,2.75,7.75],"texture":"#0"},
"north":{"uv":[2.25,7.25,2.75,7.75],"texture":"#0"},
"south":{"uv":[2.25,7.25,2.75,7.75],"texture":"#0"}
}
},
{
"from":[-7.625,8.575,6.85],
"to":[0.375,10.95,7.275],
"faces":{
"down":{"uv":[2.25,7.25,2.75,7.75],"texture":"#0"},
"up":{"uv":[2.25,7.25,2.75,7.75],"texture":"#0"},
"north":{"uv":[2.25,7.25,2.75,7.75],"texture":"#0"},
"south":{"uv":[2.25,7.25,2.75,7.75],"texture":"#0"},
"west":{"uv":[2.25,7.25,2.75,7.75],"texture":"#0"},
"east":{"uv":[2.25,7.25,2.75,7.75],"texture":"#0"}
}
},
{
"from":[-7.625,8.575,8.724999],
"to":[0.375,10.95,9.149999],
"faces":{
"down":{"uv":[2.25,7.25,2.75,7.75],"texture":"#0"},
"up":{"uv":[2.25,7.25,2.75,7.75],"texture":"#0"},
"north":{"uv":[2.25,7.25,2.75,7.75],"texture":"#0"},
"south":{"uv":[2.25,7.25,2.75,7.75],"texture":"#0"},
"west":{"uv":[2.25,7.25,2.75,7.75],"texture":"#0"}
}
},
{
"from":[18,10.75,7.425],
"to":[26.875,10.9125,8.574999],
"faces":{
"up":{"uv":[2.25,7.25,2.75,7.75],"texture":"#0"},
"north":{"uv":[2.25,7.25,2.75,7.75],"texture":"#0"},
"south":{"uv":[2.25,7.25,2.75,7.75],"texture":"#0"},
"west":{"uv":[2.25,7.25,2.75,7.75],"texture":"#0"}
}
},
{
"from":[14.55,15.3,7.425],
"to":[17.0875,15.5765,8.475],
"rotation":{"origin":[5.875,10.5,8],"axis":"z","angle":-22.5},
"faces":{
"down":{"uv":[2.25,7.25,2.75,7.75],"texture":"#0"},
"up":{"uv":[2.25,7.25,2.75,7.75],"texture":"#0"},
"north":{"uv":[2.25,7.25,2.75,7.75],"texture":"#0"},
"south":{"uv":[2.25,7.25,2.75,7.75],"texture":"#0"},
"east":{"uv":[2.25,7.25,2.75,7.75],"texture":"#0"}
}
},
{
"from":[2.0591,4.3437,8.8125],
"to":[2.3341,6.7812,9.0625],
"rotation":{"origin":[6.82155,7.4437,9.625],"axis":"z","angle":-22.5},
"faces":{
"down":{"uv":[2.25,7.25,2.75,7.75],"texture":"#0"},
"north":{"uv":[2.25,7.25,2.75,7.75],"texture":"#0"},
"south":{"uv":[2.25,7.25,2.75,7.75],"texture":"#0"},
"west":{"uv":[2.25,7.25,2.75,7.75],"texture":"#0"},
"east":{"uv":[2.25,7.25,2.75,7.75],"texture":"#0"}
}
},
{
"from":[2.0591,4.3437,6.9375],
"to":[2.3341,6.7812,7.1875],
"rotation":{"origin":[6.82155,7.4437,8],"axis":"z","angle":-22.5},
"faces":{
"down":{"uv":[2.25,7.25,2.75,7.75],"texture":"#0"},
"north":{"uv":[2.25,7.25,2.75,7.75],"texture":"#0"},
"south":{"uv":[2.25,7.25,2.75,7.75],"texture":"#0"},
"west":{"uv":[2.25,7.25,2.75,7.75],"texture":"#0"},
"east":{"uv":[2.25,7.25,2.75,7.75],"texture":"#0"}
}
},
{
"from":[-7.5605,12.2316,7.577],
"to":[-5.6855,12.6066,8.427],
"faces":{
"up":{"uv":[2.25,7.25,2.75,7.75],"texture":"#0"},
"north":{"uv":[2.25,7.25,2.75,7.75],"texture":"#0"},
"south":{"uv":[2.25,7.25,2.75,7.75],"texture":"#0"},
"west":{"uv":[2.25,7.25,2.75,7.75],"texture":"#0"},
"east":{"uv":[2.25,7.25,2.75,7.75],"texture":"#0"}
}
},
{
"from":[-6.0366,11.5929,7.577],
"to":[-5.4741,12.5304,8.427],
"rotation":{"origin":[-5.78664,12.04406,7.98003],"axis":"z","angle":22.5},
"faces":{
"down":{"uv":[2.25,7.25,2.75,7.75],"texture":"#0"},
"north":{"uv":[2.25,7.25,2.75,7.75],"texture":"#0"},
"south":{"uv":[2.25,7.25,2.75,7.75],"texture":"#0"},
"west":{"uv":[2.25,7.25,2.75,7.75],"texture":"#0"},
"east":{"uv":[2.25,7.25,2.75,7.75],"texture":"#0"}
}
},
{
"from":[-7.5613,12.5785,7.54],
"to":[-5.7488,12.941,7.59],
"faces":{
"down":{"uv":[2.25,7.25,2.75,7.75],"texture":"#0"},
"up":{"uv":[2.25,7.25,2.75,7.75],"texture":"#0"},
"north":{"uv":[2.25,7.25,2.75,7.75],"texture":"#0"},
"south":{"uv":[2.25,7.25,2.75,7.75],"texture":"#0"},
"west":{"uv":[2.25,7.25,2.75,7.75],"texture":"#0"},
"east":{"uv":[2.25,7.25,2.75,7.75],"texture":"#0"}
}
},
{
"from":[-7.4357,13.4191,7.65],
"to":[-6.0607,13.4816,7.849998],
"faces":{
"down":{"uv":[2.25,7.25,2.75,7.75],"texture":"#0"},
"up":{"uv":[2.25,7.25,2.75,7.75],"texture":"#0"},
"north":{"uv":[2.25,7.25,2.75,7.75],"texture":"#0"},
"south":{"uv":[2.25,7.25,2.75,7.75],"texture":"#0"},
"west":{"uv":[2.25,7.25,2.75,7.75],"texture":"#0"},
"east":{"uv":[2.25,7.25,2.75,7.75],"texture":"#0"}
}
},
{
"from":[12.8984,10.876,7.2635],
"to":[15.6234,11.801,8.650999],
"rotation":{"origin":[14.32338,11.40104,8.051],"axis":"z","angle":-22.5},
"faces":{
"down":{"uv":[2.25,7.25,2.75,7.75],"texture":"#0"},
"up":{"uv":[2.25,7.25,2.75,7.75],"texture":"#0"},
"north":{"uv":[2.25,7.25,2.75,7.75],"texture":"#0"},
"south":{"uv":[2.25,7.25,2.75,7.75],"texture":"#0"},
"west":{"uv":[2.25,7.25,2.75,7.75],"texture":"#0"}
}
},
{
"from":[12.05,11.375,7.348],
"to":[13.18,12.3125,8.6105],
"faces":{
"up":{"uv":[2.25,7.25,2.75,7.75],"texture":"#0"},
"north":{"uv":[2.25,7.25,2.75,7.75],"texture":"#0"},
"south":{"uv":[2.25,7.25,2.75,7.75],"texture":"#0"},
"west":{"uv":[2.25,7.25,2.75,7.75],"texture":"#0"},
"east":{"uv":[2.25,7.25,2.75,7.75],"texture":"#0"}
}
},
{
"from":[-7.5746,7.7498,7.4198],
"to":[-6.3246,7.9498,8.619801],
"faces":{
"down":{"uv":[1,8,2,9],"texture":"#0"},
"north":{"uv":[1,8,2,9],"texture":"#0"},
"south":{"uv":[1,8,2,9],"texture":"#0"},
"west":{"uv":[1,8,2,9],"texture":"#0"},
"east":{"uv":[1,8,2,9],"texture":"#0"}
}
},
{
"from":[-6.0746,7.7498,7.4198],
"to":[-5.8246,7.9498,8.619801],
"faces":{
"down":{"uv":[1,8,2,9],"texture":"#0"},
"north":{"uv":[1,8,2,9],"texture":"#0"},
"south":{"uv":[1,8,2,9],"texture":"#0"},
"west":{"uv":[1,8,2,9],"texture":"#0"},
"east":{"uv":[1,8,2,9],"texture":"#0"}
}
},
{
"from":[-5.5746,7.7498,7.4198],
"to":[-5.3246,7.9498,8.619801],
"faces":{
"down":{"uv":[1,8,2,9],"texture":"#0"},
"north":{"uv":[1,8,2,9],"texture":"#0"},
"south":{"uv":[1,8,2,9],"texture":"#0"},
"west":{"uv":[1,8,2,9],"texture":"#0"}
}
},
{
"from":[-7.5746,7.9298,7.4198],
"to":[-1.3246,8.129801,8.619801],
"faces":{
"down":{"uv":[1,8,2,9],"texture":"#0"},
"north":{"uv":[1,8,2,9],"texture":"#0"},
"south":{"uv":[1,8,2,9],"texture":"#0"},
"west":{"uv":[1,8,2,9],"texture":"#0"},
"east":{"uv":[1,8,2,9],"texture":"#0"}
}
},
{
"from":[-2.5746,7.7498,7.4198],
"to":[-1.3246,7.9498,8.619801],
"faces":{
"down":{"uv":[1,8,2,9],"texture":"#0"},
"north":{"uv":[1,8,2,9],"texture":"#0"},
"south":{"uv":[1,8,2,9],"texture":"#0"},
"west":{"uv":[1,8,2,9],"texture":"#0"},
"east":{"uv":[1,8,2,9],"texture":"#0"}
}
},
{
"from":[-3.5746,7.7498,7.4198],
"to":[-3.3246,7.9498,8.619801],
"faces":{
"down":{"uv":[1,8,2,9],"texture":"#0"},
"north":{"uv":[1,8,2,9],"texture":"#0"},
"south":{"uv":[1,8,2,9],"texture":"#0"},
"west":{"uv":[1,8,2,9],"texture":"#0"},
"east":{"uv":[1,8,2,9],"texture":"#0"}
}
},
{
"from":[-3.0746,7.7498,7.4198],
"to":[-2.8246,7.9498,8.619801],
"faces":{
"down":{"uv":[1,8,2,9],"texture":"#0"},
"north":{"uv":[1,8,2,9],"texture":"#0"},
"south":{"uv":[1,8,2,9],"texture":"#0"},
"west":{"uv":[1,8,2,9],"texture":"#0"},
"east":{"uv":[1,8,2,9],"texture":"#0"}
}
},
{
"from":[-7.5746,9.1248,6.4448],
"to":[-6.3246,10.1498,6.6448],
"faces":{
"down":{"uv":[1,8,2,9],"texture":"#0"},
"up":{"uv":[1,8,2,9],"texture":"#0"},
"north":{"uv":[1,8,2,9],"texture":"#0"},
"west":{"uv":[1,8,2,9],"texture":"#0"},
"east":{"uv":[1,8,2,9],"texture":"#0"}
}
},
{
"from":[-6.0746,9.1248,6.4448],
"to":[-5.8246,10.1498,6.6448],
"faces":{
"down":{"uv":[1,8,2,9],"texture":"#0"},
"up":{"uv":[1,8,2,9],"texture":"#0"},
"north":{"uv":[1,8,2,9],"texture":"#0"},
"west":{"uv":[1,8,2,9],"texture":"#0"},
"east":{"uv":[1,8,2,9],"texture":"#0"}
}
},
{
"from":[-5.5746,9.1248,6.4448],
"to":[-5.3246,10.1498,6.6448],
"faces":{
"down":{"uv":[1,8,2,9],"texture":"#0"},
"up":{"uv":[1,8,2,9],"texture":"#0"},
"north":{"uv":[1,8,2,9],"texture":"#0"},
"west":{"uv":[1,8,2,9],"texture":"#0"},
"east":{"uv":[1,8,2,9],"texture":"#0"}
}
},
{
"from":[-4.5746,9.1248,6.4448],
"to":[-4.3246,10.1498,6.6448],
"faces":{
"down":{"uv":[1,8,2,9],"texture":"#0"},
"up":{"uv":[1,8,2,9],"texture":"#0"},
"north":{"uv":[1,8,2,9],"texture":"#0"},
"west":{"uv":[1,8,2,9],"texture":"#0"},
"east":{"uv":[1,8,2,9],"texture":"#0"}
}
},
{
"from":[-4.0746,9.1248,6.4448],
"to":[-3.8246,10.1498,6.6448],
"faces":{
"down":{"uv":[1,8,2,9],"texture":"#0"},
"up":{"uv":[1,8,2,9],"texture":"#0"},
"north":{"uv":[1,8,2,9],"texture":"#0"},
"west":{"uv":[1,8,2,9],"texture":"#0"},
"east":{"uv":[1,8,2,9],"texture":"#0"}
}
},
{
"from":[-5.0746,9.1248,6.4448],
"to":[-4.8246,10.1498,6.6448],
"faces":{
"down":{"uv":[1,8,2,9],"texture":"#0"},
"up":{"uv":[1,8,2,9],"texture":"#0"},
"north":{"uv":[1,8,2,9],"texture":"#0"},
"west":{"uv":[1,8,2,9],"texture":"#0"},
"east":{"uv":[1,8,2,9],"texture":"#0"}
}
},
{
"from":[-7.5746,9.1298,6.6448],
"to":[-1.3246,10.1548,7.2448],
"faces":{
"down":{"uv":[1,8,2,9],"texture":"#0"},
"up":{"uv":[1,8,2,9],"texture":"#0"},
"north":{"uv":[1,8,2,9],"texture":"#0"},
"west":{"uv":[1,8,2,9],"texture":"#0"},
"east":{"uv":[1,8,2,9],"texture":"#0"}
}
},
{
"from":[-2.5746,9.1248,6.4448],
"to":[-1.3246,10.1498,6.6448],
"faces":{
"down":{"uv":[1,8,2,9],"texture":"#0"},
"up":{"uv":[1,8,2,9],"texture":"#0"},
"north":{"uv":[1,8,2,9],"texture":"#0"},
"west":{"uv":[1,8,2,9],"texture":"#0"},
"east":{"uv":[1,8,2,9],"texture":"#0"}
}
},
{
"from":[-3.5746,9.1248,6.4448],
"to":[-3.3246,10.1498,6.6448],
"faces":{
"down":{"uv":[1,8,2,9],"texture":"#0"},
"up":{"uv":[1,8,2,9],"texture":"#0"},
"north":{"uv":[1,8,2,9],"texture":"#0"},
"west":{"uv":[1,8,2,9],"texture":"#0"},
"east":{"uv":[1,8,2,9],"texture":"#0"}
}
},
{
"from":[-3.0746,9.1248,6.4448],
"to":[-2.8246,10.1498,6.6448],
"faces":{
"down":{"uv":[1,8,2,9],"texture":"#0"},
"up":{"uv":[1,8,2,9],"texture":"#0"},
"north":{"uv":[1,8,2,9],"texture":"#0"},
"west":{"uv":[1,8,2,9],"texture":"#0"},
"east":{"uv":[1,8,2,9],"texture":"#0"}
}
},
{
"from":[-8.125,9.2375,7.6],
"to":[1.6875,10.0375,8.4],
"faces":{
"down":{"uv":[2.25,7.25,2.75,7.75],"texture":"#0"},
"up":{"uv":[2.25,7.25,2.75,7.75],"texture":"#0"},
"north":{"uv":[2.25,7.25,2.75,7.75],"texture":"#0"},
"south":{"uv":[2.25,7.25,2.75,7.75],"texture":"#0"}
}
},
{
"from":[-8.1875,9.1125,7.475],
"to":[-8.0625,10.1625,8.525],
"faces":{
"down":{"uv":[2.25,7.25,2.75,7.75],"texture":"#0"},
"up":{"uv":[2.25,7.25,2.75,7.75],"texture":"#0"},
"north":{"uv":[2.25,7.25,2.75,7.75],"texture":"#0"},
"south":{"uv":[2.25,7.25,2.75,7.75],"texture":"#0"},
"west":{"uv":[2.25,7.25,2.75,7.75],"texture":"#0"},
"east":{"uv":[2.25,7.25,2.75,7.75],"texture":"#0"}
}
},
{
"from":[-8.3125,9.175,7.5375],
"to":[-8.1875,10.1,8.4625],
"faces":{
"down":{"uv":[2.25,7.25,2.75,7.75],"texture":"#0"},
"up":{"uv":[2.25,7.25,2.75,7.75],"texture":"#0"},
"north":{"uv":[2.25,7.25,2.75,7.75],"texture":"#0"},
"south":{"uv":[2.25,7.25,2.75,7.75],"texture":"#0"},
"west":{"uv":[2.25,7.25,2.75,7.75],"texture":"#0"}
}
},
{
"from":[-8.4375,9.2375,7.6],
"to":[-8.3125,10.0375,8.4],
"faces":{
"down":{"uv":[2.25,7.25,2.75,7.75],"texture":"#0"},
"up":{"uv":[2.25,7.25,2.75,7.75],"texture":"#0"},
"north":{"uv":[2.25,7.25,2.75,7.75],"texture":"#0"},
"south":{"uv":[2.25,7.25,2.75,7.75],"texture":"#0"},
"west":{"uv":[2.25,7.25,2.75,7.75],"texture":"#0"}
}
},
{
"from":[-9.75,9.3,7.6625],
"to":[-8.4375,9.975,8.3375],
"faces":{
"down":{"uv":[2.25,7.25,2.75,7.75],"texture":"#0"},
"up":{"uv":[2.25,7.25,2.75,7.75],"texture":"#0"},
"north":{"uv":[2.25,7.25,2.75,7.75],"texture":"#0"},
"south":{"uv":[2.25,7.25,2.75,7.75],"texture":"#0"},
"west":{"uv":[2.25,7.25,2.75,7.75],"texture":"#0"}
}
},
{
"from":[-9.875,9.3625,7.725],
"to":[-9.75,9.9125,8.275],
"faces":{
"down":{"uv":[2.25,7.25,2.75,7.75],"texture":"#0"},
"up":{"uv":[2.25,7.25,2.75,7.75],"texture":"#0"},
"north":{"uv":[2.25,7.25,2.75,7.75],"texture":"#0"},
"south":{"uv":[2.25,7.25,2.75,7.75],"texture":"#0"}
}
},
{
"from":[-9.9375,9.3,7.6625],
"to":[-9.8125,9.975,8.3375],
"faces":{
"down":{"uv":[2.25,7.25,2.75,7.75],"texture":"#0"},
"up":{"uv":[2.25,7.25,2.75,7.75],"texture":"#0"},
"north":{"uv":[2.25,7.25,2.75,7.75],"texture":"#0"},
"south":{"uv":[2.25,7.25,2.75,7.75],"texture":"#0"},
"west":{"uv":[2.25,7.25,2.75,7.75],"texture":"#0"},
"east":{"uv":[2.25,7.25,2.75,7.75],"texture":"#0"}
}
},
{
"from":[-10.0625,9.3,7.6625],
"to":[-9.9375,9.4125,8.3375],
"faces":{
"down":{"uv":[2.25,7.25,2.75,7.75],"texture":"#0"},
"up":{"uv":[2.25,7.25,2.75,7.75],"texture":"#0"},
"north":{"uv":[2.25,7.25,2.75,7.75],"texture":"#0"},
"south":{"uv":[2.25,7.25,2.75,7.75],"texture":"#0"},
"west":{"uv":[2.25,7.25,2.75,7.75],"texture":"#0"}
}
},
{
"from":[-10.0625,9.8625,7.6625],
"to":[-9.9375,9.975,8.3375],
"faces":{
"down":{"uv":[2.25,7.25,2.75,7.75],"texture":"#0"},
"up":{"uv":[2.25,7.25,2.75,7.75],"texture":"#0"},
"north":{"uv":[2.25,7.25,2.75,7.75],"texture":"#0"},
"south":{"uv":[2.25,7.25,2.75,7.75],"texture":"#0"},
"west":{"uv":[2.25,7.25,2.75,7.75],"texture":"#0"}
}
},
{
"from":[-10.0625,9.3625,8.224999],
"to":[-9.9375,9.9125,8.337499],
"faces":{
"north":{"uv":[2.25,7.25,2.75,7.75],"texture":"#0"},
"south":{"uv":[2.25,7.25,2.75,7.75],"texture":"#0"},
"west":{"uv":[2.25,7.25,2.75,7.75],"texture":"#0"}
}
},
{
"from":[-10.0625,9.3625,7.6625],
"to":[-9.9375,9.9125,7.775],
"faces":{
"north":{"uv":[2.25,7.25,2.75,7.75],"texture":"#0"},
"south":{"uv":[2.25,7.25,2.75,7.75],"texture":"#0"},
"west":{"uv":[2.25,7.25,2.75,7.75],"texture":"#0"}
}
},
{
"from":[-7.6305,7.9257,8.4423],
"to":[1.9945,8.363199,9.1173],
"rotation":{"origin":[-2.75554,8.30073,8.34227],"axis":"x","angle":-45},
"faces":{
"down":{"uv":[2.25,7.25,2.75,7.75],"texture":"#0"},
"up":{"uv":[2.25,7.25,2.75,7.75],"texture":"#0"},
"south":{"uv":[2.25,7.25,2.75,7.75],"texture":"#0"},
"west":{"uv":[2.25,7.25,2.75,7.75],"texture":"#0"},
"east":{"uv":[2.25,7.25,2.75,7.75],"texture":"#0"}
}
},
{
"from":[-7.6305,8.5507,7.15],
"to":[1.9945,8.9882,7.824998],
"rotation":{"origin":[-2.75554,8.92573,7.02977],"axis":"x","angle":45},
"faces":{
"down":{"uv":[2.25,7.25,2.75,7.75],"texture":"#0"},
"up":{"uv":[2.25,7.25,2.75,7.75],"texture":"#0"},
"north":{"uv":[2.25,7.25,2.75,7.75],"texture":"#0"},
"west":{"uv":[2.25,7.25,2.75,7.75],"texture":"#0"},
"east":{"uv":[2.25,7.25,2.75,7.75],"texture":"#0"}
}
},
{
"from":[-7.4988,12.9187,8.380199],
"to":[-5.8738,13.2687,8.442699],
"faces":{
"down":{"uv":[2.25,7.25,2.75,7.75],"texture":"#0"},
"up":{"uv":[2.25,7.25,2.75,7.75],"texture":"#0"},
"north":{"uv":[2.25,7.25,2.75,7.75],"texture":"#0"},
"south":{"uv":[2.25,7.25,2.75,7.75],"texture":"#0"},
"west":{"uv":[2.25,7.25,2.75,7.75],"texture":"#0"},
"east":{"uv":[2.25,7.25,2.75,7.75],"texture":"#0"}
}
},
{
"from":[-7.4988,12.9187,7.5552],
"to":[-5.8738,13.2687,7.6177],
"faces":{
"down":{"uv":[2.25,7.25,2.75,7.75],"texture":"#0"},
"up":{"uv":[2.25,7.25,2.75,7.75],"texture":"#0"},
"north":{"uv":[2.25,7.25,2.75,7.75],"texture":"#0"},
"south":{"uv":[2.25,7.25,2.75,7.75],"texture":"#0"},
"west":{"uv":[2.25,7.25,2.75,7.75],"texture":"#0"},
"east":{"uv":[2.25,7.25,2.75,7.75],"texture":"#0"}
}
},
{
"from":[-7.4363,13.2312,8.3552],
"to":[-6.0613,13.4562,8.4177],
"faces":{
"down":{"uv":[2.25,7.25,2.75,7.75],"texture":"#0"},
"up":{"uv":[2.25,7.25,2.75,7.75],"texture":"#0"},
"north":{"uv":[2.25,7.25,2.75,7.75],"texture":"#0"},
"south":{"uv":[2.25,7.25,2.75,7.75],"texture":"#0"},
"west":{"uv":[2.25,7.25,2.75,7.75],"texture":"#0"},
"east":{"uv":[2.25,7.25,2.75,7.75],"texture":"#0"}
}
},
{
"from":[-7.4363,13.2312,7.6052],
"to":[-6.0613,13.4562,7.6677],
"faces":{
"down":{"uv":[2.25,7.25,2.75,7.75],"texture":"#0"},
"up":{"uv":[2.25,7.25,2.75,7.75],"texture":"#0"},
"north":{"uv":[2.25,7.25,2.75,7.75],"texture":"#0"},
"south":{"uv":[2.25,7.25,2.75,7.75],"texture":"#0"},
"west":{"uv":[2.25,7.25,2.75,7.75],"texture":"#0"},
"east":{"uv":[2.25,7.25,2.75,7.75],"texture":"#0"}
}
},
{
"from":[-7.623,11.8566,7.577],
"to":[-5.6855,12.2316,8.427],
"faces":{
"up":{"uv":[2.25,7.25,2.75,7.75],"texture":"#0"},
"north":{"uv":[2.25,7.25,2.75,7.75],"texture":"#0"},
"south":{"uv":[2.25,7.25,2.75,7.75],"texture":"#0"},
"west":{"uv":[2.25,7.25,2.75,7.75],"texture":"#0"},
"east":{"uv":[2.25,7.25,2.75,7.75],"texture":"#0"}
}
},
{
"from":[15.125,11.6375,7.425],
"to":[15.85,11.8675,8.475],
"faces":{
"down":{"uv":[2.25,7.25,2.75,7.75],"texture":"#0"},
"up":{"uv":[2.25,7.25,2.75,7.75],"texture":"#0"},
"north":{"uv":[2.25,7.25,2.75,7.75],"texture":"#0"},
"south":{"uv":[2.25,7.25,2.75,7.75],"texture":"#0"},
"east":{"uv":[2.25,7.25,2.75,7.75],"texture":"#0"}
}
},
{
"from":[1.1771,1.3605,7.3125],
"to":[2.0896,6.923,8.6875],
"rotation":{"origin":[1.039619,1.11047,8],"axis":"z","angle":-22.5},
"faces":{
"down":{"uv":[2.25,7.25,2.75,7.75],"texture":"#0"},
"up":{"uv":[2.25,7.25,2.75,7.75],"texture":"#0"},
"north":{"uv":[2.25,7.25,2.75,7.75],"texture":"#0"},
"south":{"uv":[2.25,7.25,2.75,7.75],"texture":"#0"},
"west":{"uv":[2.25,7.25,2.75,7.75],"texture":"#0"},
"east":{"uv":[2.25,7.25,2.75,7.75],"texture":"#0"}
}
},
{
"from":[-0.1979,1.3605,7.3125],
"to":[0.7146001,6.923,8.6875],
"rotation":{"origin":[1.039619,1.11047,8],"axis":"z","angle":-22.5},
"faces":{
"down":{"uv":[2.25,7.25,2.75,7.75],"texture":"#0"},
"up":{"uv":[2.25,7.25,2.75,7.75],"texture":"#0"},
"north":{"uv":[2.25,7.25,2.75,7.75],"texture":"#0"},
"south":{"uv":[2.25,7.25,2.75,7.75],"texture":"#0"},
"west":{"uv":[2.25,7.25,2.75,7.75],"texture":"#0"},
"east":{"uv":[2.25,7.25,2.75,7.75],"texture":"#0"}
}
},
{
"from":[0.5521,1.3605,7.4375],
"to":[1.3396,6.923,8.5625],
"rotation":{"origin":[1.039619,1.11047,8],"axis":"z","angle":-22.5},
"faces":{
"down":{"uv":[1,8,2,9],"texture":"#0"},
"up":{"uv":[1,8,2,9],"texture":"#0"},
"north":{"uv":[1,8,2,9],"texture":"#0"},
"south":{"uv":[1,8,2,9],"texture":"#0"},
"west":{"uv":[1,8,2,9],"texture":"#0"},
"east":{"uv":[1,8,2,9],"texture":"#0"}
}
},
{
"from":[-0.3229,-2.5145,7.1875],
"to":[2.2146,-2.202,8.8125],
"rotation":{"origin":[1.039619,1.11047,8],"axis":"z","angle":-22.5},
"faces":{
"down":{"uv":[2.25,7.25,2.75,7.75],"texture":"#0"},
"up":{"uv":[2.25,7.25,2.75,7.75],"texture":"#0"},
"north":{"uv":[2.25,7.25,2.75,7.75],"texture":"#0"},
"south":{"uv":[2.25,7.25,2.75,7.75],"texture":"#0"},
"west":{"uv":[2.25,7.25,2.75,7.75],"texture":"#0"},
"east":{"uv":[2.25,7.25,2.75,7.75],"texture":"#0"}
}
},
{
"from":[0.375,8.575,7.225],
"to":[6.1875,10.95,9.15],
"faces":{
"down":{"uv":[2.25,7.25,2.75,7.75],"texture":"#0"},
"up":{"uv":[2.25,7.25,2.75,7.75],"texture":"#0"},
"north":{"uv":[2.25,7.25,2.75,7.75],"texture":"#0"},
"south":{"uv":[2.25,7.25,2.75,7.75],"texture":"#0"},
"west":{"uv":[2.25,7.25,2.75,7.75],"texture":"#0"}
}
},
{
"from":[0.375,8.575,6.6625],
"to":[6.1875,8.95,7.275],
"faces":{
"down":{"uv":[2.25,7.25,2.75,7.75],"texture":"#0"},
"up":{"uv":[2.25,7.25,2.75,7.75],"texture":"#0"},
"north":{"uv":[2.25,7.25,2.75,7.75],"texture":"#0"},
"west":{"uv":[2.25,7.25,2.75,7.75],"texture":"#0"},
"east":{"uv":[2.25,7.25,2.75,7.75],"texture":"#0"}
}
},
{
"from":[0.375,8.95,6.6625],
"to":[0.8125,10.95,7.275],
"faces":{
"up":{"uv":[2.25,7.25,2.75,7.75],"texture":"#0"},
"north":{"uv":[2.25,7.25,2.75,7.75],"texture":"#0"},
"west":{"uv":[2.25,7.25,2.75,7.75],"texture":"#0"},
"east":{"uv":[2.25,7.25,2.75,7.75],"texture":"#0"}
}
},
{
"from":[5.75,8.95,6.6625],
"to":[6.1875,10.95,7.275],
"faces":{
"up":{"uv":[2.25,7.25,2.75,7.75],"texture":"#0"},
"north":{"uv":[2.25,7.25,2.75,7.75],"texture":"#0"},
"west":{"uv":[2.25,7.25,2.75,7.75],"texture":"#0"},
"east":{"uv":[2.25,7.25,2.75,7.75],"texture":"#0"}
}
},
{
"from":[0.8125,10.575,6.9125],
"to":[5.75,10.95,7.275],
"faces":{
"down":{"uv":[2.25,7.25,2.75,7.75],"texture":"#0"},
"up":{"uv":[2.25,7.25,2.75,7.75],"texture":"#0"},
"north":{"uv":[2.25,7.25,2.75,7.75],"texture":"#0"}
}
},
{
"from":[0.8125,8.95,6.975],
"to":[5.75,10.575,7.275],
"faces":{
"north":{"uv":[2.25,7.25,2.75,7.75],"texture":"#0"}
}
},
{
"from":[27.475,4.5375,7.3625],
"to":[27.625,10.7625,8.637499],
"faces":{
"down":{"uv":[2.25,7.25,2.75,7.75],"texture":"#0"},
"up":{"uv":[2.25,7.25,2.75,7.75],"texture":"#0"},
"north":{"uv":[2.25,7.25,2.75,7.75],"texture":"#0"},
"south":{"uv":[2.25,7.25,2.75,7.75],"texture":"#0"}
}
},
{
"from":[27.85,4.35,7.2375],
"to":[28.1875,6.0125,8.762499],
"faces":{
"down":{"uv":[2.25,7.25,2.75,7.75],"texture":"#0"},
"up":{"uv":[2.25,7.25,2.75,7.75],"texture":"#0"},
"north":{"uv":[2.25,7.25,2.75,7.75],"texture":"#0"},
"south":{"uv":[2.25,7.25,2.75,7.75],"texture":"#0"},
"east":{"uv":[2.25,7.25,2.75,7.75],"texture":"#0"}
}
},
{
"from":[27.85,9.224999,7.2375],
"to":[28.1875,10.8875,8.762499],
"faces":{
"down":{"uv":[2.25,7.25,2.75,7.75],"texture":"#0"},
"up":{"uv":[2.25,7.25,2.75,7.75],"texture":"#0"},
"north":{"uv":[2.25,7.25,2.75,7.75],"texture":"#0"},
"south":{"uv":[2.25,7.25,2.75,7.75],"texture":"#0"},
"east":{"uv":[2.25,7.25,2.75,7.75],"texture":"#0"}
}
},
{
"from":[15.125,8.575,6.8625],
"to":[16.1875,10.9375,7.324998],
"faces":{
"down":{"uv":[2.25,7.25,2.75,7.75],"texture":"#0"},
"up":{"uv":[2.25,7.25,2.75,7.75],"texture":"#0"},
"north":{"uv":[2.25,7.25,2.75,7.75],"texture":"#0"},
"south":{"uv":[2.25,7.25,2.75,7.75],"texture":"#0"},
"east":{"uv":[2.25,7.25,2.75,7.75],"texture":"#0"}
}
},
{
"from":[16.8625,10.3625,7.3],
"to":[17.65,10.639,8.699999],
"faces":{
"down":{"uv":[2.25,7.25,2.75,7.75],"texture":"#0"},
"up":{"uv":[2.25,7.25,2.75,7.75],"texture":"#0"},
"north":{"uv":[2.25,7.25,2.75,7.75],"texture":"#0"},
"south":{"uv":[2.25,7.25,2.75,7.75],"texture":"#0"},
"east":{"uv":[2.25,7.25,2.75,7.75],"texture":"#0"}
}
},
{
"from":[15.6125,10.7375,7.3],
"to":[16.525,11.139,8.699999],
"faces":{
"up":{"uv":[2.25,7.25,2.75,7.75],"texture":"#0"},
"north":{"uv":[2.25,7.25,2.75,7.75],"texture":"#0"},
"south":{"uv":[2.25,7.25,2.75,7.75],"texture":"#0"},
"east":{"uv":[2.25,7.25,2.75,7.75],"texture":"#0"}
}
},
{
"from":[15.8561,8.5828,7.1737],
"to":[16.9186,10.9453,7.6362],
"rotation":{"origin":[16.38734,9.7015,7.40492],"axis":"y","angle":-45},
"faces":{
"down":{"uv":[2.25,7.25,2.75,7.75],"texture":"#0"},
"up":{"uv":[2.25,7.25,2.75,7.75],"texture":"#0"},
"north":{"uv":[2.25,7.25,2.75,7.75],"texture":"#0"},
"south":{"uv":[2.25,7.25,2.75,7.75],"texture":"#0"},
"east":{"uv":[2.25,7.25,2.75,7.75],"texture":"#0"}
}
},
{
"from":[15.125,8.575,8.675],
"to":[16.1875,10.9375,9.1375],
"faces":{
"down":{"uv":[2.25,7.25,2.75,7.75],"texture":"#0"},
"up":{"uv":[2.25,7.25,2.75,7.75],"texture":"#0"},
"north":{"uv":[2.25,7.25,2.75,7.75],"texture":"#0"},
"south":{"uv":[2.25,7.25,2.75,7.75],"texture":"#0"},
"east":{"uv":[2.25,7.25,2.75,7.75],"texture":"#0"}
}
},
{
"from":[15.8561,8.5828,8.361199],
"to":[16.9186,10.9453,8.8237],
"rotation":{"origin":[16.38734,9.7015,8.59242],"axis":"y","angle":45},
"faces":{
"down":{"uv":[2.25,7.25,2.75,7.75],"texture":"#0"},
"up":{"uv":[2.25,7.25,2.75,7.75],"texture":"#0"},
"north":{"uv":[2.25,7.25,2.75,7.75],"texture":"#0"},
"south":{"uv":[2.25,7.25,2.75,7.75],"texture":"#0"},
"east":{"uv":[2.25,7.25,2.75,7.75],"texture":"#0"}
}
},
{
"from":[14.5,8.575,6.425],
"to":[15,11.8125,6.887498],
"faces":{
"down":{"uv":[2.25,7.25,2.75,7.75],"texture":"#0"},
"up":{"uv":[2.25,7.25,2.75,7.75],"texture":"#0"},
"north":{"uv":[2.25,7.25,2.75,7.75],"texture":"#0"},
"south":{"uv":[2.25,7.25,2.75,7.75],"texture":"#0"},
"west":{"uv":[2.25,7.25,2.75,7.75],"texture":"#0"},
"east":{"uv":[2.25,7.25,2.75,7.75],"texture":"#0"}
}
},
{
"from":[15,9.2,6.675],
"to":[15.3125,11.25,6.887498],
"faces":{
"down":{"uv":[2.25,7.25,2.75,7.75],"texture":"#0"},
"up":{"uv":[2.25,7.25,2.75,7.75],"texture":"#0"},
"north":{"uv":[2.25,7.25,2.75,7.75],"texture":"#0"},
"south":{"uv":[2.25,7.25,2.75,7.75],"texture":"#0"},
"east":{"uv":[2.25,7.25,2.75,7.75],"texture":"#0"}
}
},
{
"from":[15,10.95,6.8625],
"to":[15.3125,11.25,7.324998],
"faces":{
"down":{"uv":[2.25,7.25,2.75,7.75],"texture":"#0"},
"up":{"uv":[2.25,7.25,2.75,7.75],"texture":"#0"},
"south":{"uv":[2.25,7.25,2.75,7.75],"texture":"#0"},
"east":{"uv":[2.25,7.25,2.75,7.75],"texture":"#0"}
}
},
{
"from":[14.5,10.95,6.8625],
"to":[15.125,11.9375,7.324998],
"faces":{
"up":{"uv":[2.25,7.25,2.75,7.75],"texture":"#0"},
"north":{"uv":[2.25,7.25,2.75,7.75],"texture":"#0"},
"west":{"uv":[2.25,7.25,2.75,7.75],"texture":"#0"},
"east":{"uv":[2.25,7.25,2.75,7.75],"texture":"#0"}
}
},
{
"from":[-7.625,10.7625,8.325],
"to":[-5.625,11.7,8.7375],
"faces":{
"down":{"uv":[2.25,7.25,2.75,7.75],"texture":"#0"},
"up":{"uv":[2.25,7.25,2.75,7.75],"texture":"#0"},
"south":{"uv":[2.25,7.25,2.75,7.75],"texture":"#0"},
"west":{"uv":[2.25,7.25,2.75,7.75],"texture":"#0"},
"east":{"uv":[2.25,7.25,2.75,7.75],"texture":"#0"}
}
},
{
"from":[-5.625,10.7625,8.45],
"to":[0.375,11.1375,8.7375],
"faces":{
"down":{"uv":[2.25,7.25,2.75,7.75],"texture":"#0"},
"up":{"uv":[2.25,7.25,2.75,7.75],"texture":"#0"},
"north":{"uv":[2.25,7.25,2.75,7.75],"texture":"#0"},
"south":{"uv":[2.25,7.25,2.75,7.75],"texture":"#0"}
}
},
{
"from":[-1.3125,11.1375,8.3875],
"to":[0.4375,11.7,8.7375],
"faces":{
"down":{"uv":[2.25,7.25,2.75,7.75],"texture":"#0"},
"up":{"uv":[2.25,7.25,2.75,7.75],"texture":"#0"},
"north":{"uv":[2.25,7.25,2.75,7.75],"texture":"#0"},
"south":{"uv":[2.25,7.25,2.75,7.75],"texture":"#0"},
"west":{"uv":[2.25,7.25,2.75,7.75],"texture":"#0"}
}
},
{
"from":[-5.625,11.45,8.3875],
"to":[-1.9375,11.7,8.7375],
"faces":{
"down":{"uv":[2.25,7.25,2.75,7.75],"texture":"#0"},
"up":{"uv":[2.25,7.25,2.75,7.75],"texture":"#0"},
"south":{"uv":[2.25,7.25,2.75,7.75],"texture":"#0"},
"east":{"uv":[2.25,7.25,2.75,7.75],"texture":"#0"}
}
},
{
"from":[-5.625,11.1375,8.1375],
"to":[-1.25,11.7,8.425],
"faces":{
"down":{"uv":[1,8,2,9],"texture":"#0"},
"south":{"uv":[1,8,2,9],"texture":"#0"},
"west":{"uv":[1,8,2,9],"texture":"#0"},
"east":{"uv":[1,8,2,9],"texture":"#0"}
}
},
{
"from":[-1.9375,11.575,8.3875],
"to":[-1.1875,11.7,8.4875],
"faces":{
"down":{"uv":[2.25,7.25,2.75,7.75],"texture":"#0"},
"up":{"uv":[2.25,7.25,2.75,7.75],"texture":"#0"},
"south":{"uv":[2.25,7.25,2.75,7.75],"texture":"#0"}
}
},
{
"from":[-5.375,11.2,8.3875],
"to":[-5.125,11.3875,9.2375],
"faces":{
"down":{"uv":[1,8,2,9],"texture":"#0"},
"up":{"uv":[1,8,2,9],"texture":"#0"},
"west":{"uv":[1,8,2,9],"texture":"#0"},
"east":{"uv":[1,8,2,9],"texture":"#0"}
}
},
{
"from":[-5.5625,11.1375,9.2],
"to":[-5.0625,11.45,9.55],
"faces":{
"down":{"uv":[1,8,2,9],"texture":"#0"},
"up":{"uv":[1,8,2,9],"texture":"#0"},
"north":{"uv":[1,8,2,9],"texture":"#0"},
"south":{"uv":[1,8,2,9],"texture":"#0"},
"west":{"uv":[1,8,2,9],"texture":"#0"},
"east":{"uv":[1,8,2,9],"texture":"#0"}
}
},
{
"from":[5,7.95,8.912499],
"to":[5.9375,8.575,9.024999],
"faces":{
"down":{"uv":[2.25,7.25,2.75,7.75],"texture":"#0"},
"south":{"uv":[2.25,7.25,2.75,7.75],"texture":"#0"},
"west":{"uv":[2.25,7.25,2.75,7.75],"texture":"#0"},
"east":{"uv":[2.25,7.25,2.75,7.75],"texture":"#0"}
}
},
{
"from":[5,7.7,8.912499],
"to":[5.9375,7.825,9.024999],
"faces":{
"down":{"uv":[2.25,7.25,2.75,7.75],"texture":"#0"},
"up":{"uv":[2.25,7.25,2.75,7.75],"texture":"#0"},
"south":{"uv":[2.25,7.25,2.75,7.75],"texture":"#0"},
"west":{"uv":[2.25,7.25,2.75,7.75],"texture":"#0"},
"east":{"uv":[2.25,7.25,2.75,7.75],"texture":"#0"}
}
},
{
"from":[5.3125,7.2625,8.912499],
"to":[5.6875,7.95,9.024999],
"faces":{
"down":{"uv":[2.25,7.25,2.75,7.75],"texture":"#0"},
"south":{"uv":[2.25,7.25,2.75,7.75],"texture":"#0"},
"west":{"uv":[2.25,7.25,2.75,7.75],"texture":"#0"},
"east":{"uv":[2.25,7.25,2.75,7.75],"texture":"#0"}
}
},
{
"from":[5.3125,8.075,9.037499],
"to":[5.6875,8.595,9.274999],
"faces":{
"down":{"uv":[2.25,7.25,2.75,7.75],"texture":"#0"},
"up":{"uv":[2.25,7.25,2.75,7.75],"texture":"#0"},
"south":{"uv":[2.25,7.25,2.75,7.75],"texture":"#0"},
"west":{"uv":[2.25,7.25,2.75,7.75],"texture":"#0"},
"east":{"uv":[2.25,7.25,2.75,7.75],"texture":"#0"}
}
},
{
"from":[5.125,8.575,9.162499],
"to":[5.875,9.1375,9.274999],
"faces":{
"down":{"uv":[2.25,7.25,2.75,7.75],"texture":"#0"},
"up":{"uv":[2.25,7.25,2.75,7.75],"texture":"#0"},
"south":{"uv":[2.25,7.25,2.75,7.75],"texture":"#0"},
"west":{"uv":[2.25,7.25,2.75,7.75],"texture":"#0"},
"east":{"uv":[2.25,7.25,2.75,7.75],"texture":"#0"}
}
},
{
"from":[5.3125,7.6375,8.974999],
"to":[5.6875,8.095,9.114999],
"faces":{
"down":{"uv":[2.25,7.25,2.75,7.75],"texture":"#0"},
"up":{"uv":[2.25,7.25,2.75,7.75],"texture":"#0"},
"north":{"uv":[2.25,7.25,2.75,7.75],"texture":"#0"},
"south":{"uv":[2.25,7.25,2.75,7.75],"texture":"#0"},
"west":{"uv":[2.25,7.25,2.75,7.75],"texture":"#0"},
"east":{"uv":[2.25,7.25,2.75,7.75],"texture":"#0"}
}
},
{
"from":[5.3125,7.8875,9.09],
"to":[5.6875,8.095,9.2025],
"faces":{
"down":{"uv":[2.25,7.25,2.75,7.75],"texture":"#0"},
"south":{"uv":[2.25,7.25,2.75,7.75],"texture":"#0"},
"west":{"uv":[2.25,7.25,2.75,7.75],"texture":"#0"},
"east":{"uv":[2.25,7.25,2.75,7.75],"texture":"#0"}
}
},
{
"from":[-5.4125,7.2,7.25],
"to":[-3.7125,8.6,8.75],
"faces":{
"down":{"uv":[2.25,7.25,2.75,7.75],"texture":"#0"},
"north":{"uv":[2.25,7.25,2.75,7.75],"texture":"#0"},
"south":{"uv":[2.25,7.25,2.75,7.75],"texture":"#0"},
"west":{"uv":[2.25,7.25,2.75,7.75],"texture":"#0"},
"east":{"uv":[2.25,7.25,2.75,7.75],"texture":"#0"}
}
},
{
"from":[-5.3375,3.75,7.325],
"to":[-3.8125,4.35,8.675],
"faces":{
"down":{"uv":[2.25,7.25,2.75,7.75],"texture":"#0"},
"up":{"uv":[2.25,7.25,2.75,7.75],"texture":"#0"},
"north":{"uv":[2.25,7.25,2.75,7.75],"texture":"#0"},
"south":{"uv":[2.25,7.25,2.75,7.75],"texture":"#0"},
"west":{"uv":[2.25,7.25,2.75,7.75],"texture":"#0"},
"east":{"uv":[2.25,7.25,2.75,7.75],"texture":"#0"}
}
},
{
"from":[-5.2375,6.575,7.45],
"to":[-3.912498,6.975,8.55],
"faces":{
"down":{"uv":[2.25,7.25,2.75,7.75],"texture":"#0"},
"up":{"uv":[2.25,7.25,2.75,7.75],"texture":"#0"},
"north":{"uv":[2.25,7.25,2.75,7.75],"texture":"#0"},
"south":{"uv":[2.25,7.25,2.75,7.75],"texture":"#0"},
"west":{"uv":[2.25,7.25,2.75,7.75],"texture":"#0"},
"east":{"uv":[2.25,7.25,2.75,7.75],"texture":"#0"}
}
},
{
"from":[-5.2375,5.875,7.45],
"to":[-3.912498,6.275,8.55],
"faces":{
"down":{"uv":[2.25,7.25,2.75,7.75],"texture":"#0"},
"up":{"uv":[2.25,7.25,2.75,7.75],"texture":"#0"},
"north":{"uv":[2.25,7.25,2.75,7.75],"texture":"#0"},
"south":{"uv":[2.25,7.25,2.75,7.75],"texture":"#0"},
"west":{"uv":[2.25,7.25,2.75,7.75],"texture":"#0"},
"east":{"uv":[2.25,7.25,2.75,7.75],"texture":"#0"}
}
},
{
"from":[-5.2375,5.175,7.45],
"to":[-3.912498,5.574998,8.55],
"faces":{
"down":{"uv":[2.25,7.25,2.75,7.75],"texture":"#0"},
"up":{"uv":[2.25,7.25,2.75,7.75],"texture":"#0"},
"north":{"uv":[2.25,7.25,2.75,7.75],"texture":"#0"},
"south":{"uv":[2.25,7.25,2.75,7.75],"texture":"#0"},
"west":{"uv":[2.25,7.25,2.75,7.75],"texture":"#0"},
"east":{"uv":[2.25,7.25,2.75,7.75],"texture":"#0"}
}
},
{
"from":[-5.2375,4.55,7.45],
"to":[-3.912498,4.949998,8.55],
"faces":{
"down":{"uv":[2.25,7.25,2.75,7.75],"texture":"#0"},
"up":{"uv":[2.25,7.25,2.75,7.75],"texture":"#0"},
"north":{"uv":[2.25,7.25,2.75,7.75],"texture":"#0"},
"south":{"uv":[2.25,7.25,2.75,7.75],"texture":"#0"},
"west":{"uv":[2.25,7.25,2.75,7.75],"texture":"#0"},
"east":{"uv":[2.25,7.25,2.75,7.75],"texture":"#0"}
}
},
{
"from":[-4.9125,7.4,7.175],
"to":[-4.1875,7.949999,8.824999],
"faces":{
"down":{"uv":[2.25,7.25,2.75,7.75],"texture":"#0"},
"up":{"uv":[2.25,7.25,2.75,7.75],"texture":"#0"},
"north":{"uv":[2.25,7.25,2.75,7.75],"texture":"#0"},
"south":{"uv":[2.25,7.25,2.75,7.75],"texture":"#0"},
"west":{"uv":[2.25,7.25,2.75,7.75],"texture":"#0"},
"east":{"uv":[2.25,7.25,2.75,7.75],"texture":"#0"}
}
},
{
"from":[2.0591,4.3437,6.9375],
"to":[2.3341,4.6562,9.0625],
"rotation":{"origin":[6.82155,7.4437,8],"axis":"z","angle":-22.5},
"faces":{
"down":{"uv":[2.25,7.25,2.75,7.75],"texture":"#0"},
"up":{"uv":[2.25,7.25,2.75,7.75],"texture":"#0"},
"north":{"uv":[2.25,7.25,2.75,7.75],"texture":"#0"},
"south":{"uv":[2.25,7.25,2.75,7.75],"texture":"#0"},
"west":{"uv":[2.25,7.25,2.75,7.75],"texture":"#0"},
"east":{"uv":[2.25,7.25,2.75,7.75],"texture":"#0"}
}
},
{
"from":[1.2099,5.9381,6.9375],
"to":[4.4724,6.2131,7.1875],
"rotation":{"origin":[2.42868,6.07556,8],"axis":"z","angle":-22.5},
"faces":{
"down":{"uv":[2.25,7.25,2.75,7.75],"texture":"#0"},
"up":{"uv":[2.25,7.25,2.75,7.75],"texture":"#0"},
"north":{"uv":[2.25,7.25,2.75,7.75],"texture":"#0"},
"south":{"uv":[2.25,7.25,2.75,7.75],"texture":"#0"},
"west":{"uv":[2.25,7.25,2.75,7.75],"texture":"#0"},
"east":{"uv":[2.25,7.25,2.75,7.75],"texture":"#0"}
}
},
{
"from":[1.2099,5.9381,8.8125],
"to":[4.4724,6.2131,9.0625],
"rotation":{"origin":[2.42868,6.07556,8],"axis":"z","angle":-22.5},
"faces":{
"down":{"uv":[2.25,7.25,2.75,7.75],"texture":"#0"},
"up":{"uv":[2.25,7.25,2.75,7.75],"texture":"#0"},
"north":{"uv":[2.25,7.25,2.75,7.75],"texture":"#0"},
"south":{"uv":[2.25,7.25,2.75,7.75],"texture":"#0"},
"west":{"uv":[2.25,7.25,2.75,7.75],"texture":"#0"},
"east":{"uv":[2.25,7.25,2.75,7.75],"texture":"#0"}
}
},
{
"from":[4.8341,3.2187,6.9375],
"to":[5.1091,3.5312,9.0625],
"rotation":{"origin":[9.59655,6.3187,8],"axis":"z","angle":-22.5},
"faces":{
"down":{"uv":[2.25,7.25,2.75,7.75],"texture":"#0"},
"up":{"uv":[2.25,7.25,2.75,7.75],"texture":"#0"},
"north":{"uv":[2.25,7.25,2.75,7.75],"texture":"#0"},
"south":{"uv":[2.25,7.25,2.75,7.75],"texture":"#0"},
"west":{"uv":[2.25,7.25,2.75,7.75],"texture":"#0"},
"east":{"uv":[2.25,7.25,2.75,7.75],"texture":"#0"}
}
},
{
"from":[11.225,11.375,7.348],
"to":[11.83,12.3125,7.6105],
"faces":{
"up":{"uv":[2.25,7.25,2.75,7.75],"texture":"#0"},
"north":{"uv":[2.25,7.25,2.75,7.75],"texture":"#0"},
"south":{"uv":[2.25,7.25,2.75,7.75],"texture":"#0"},
"west":{"uv":[2.25,7.25,2.75,7.75],"texture":"#0"},
"east":{"uv":[2.25,7.25,2.75,7.75],"texture":"#0"}
}
},
{
"from":[11.225,11.375,8.398],
"to":[11.83,12.3125,8.6605],
"faces":{
"up":{"uv":[2.25,7.25,2.75,7.75],"texture":"#0"},
"north":{"uv":[2.25,7.25,2.75,7.75],"texture":"#0"},
"south":{"uv":[2.25,7.25,2.75,7.75],"texture":"#0"},
"west":{"uv":[2.25,7.25,2.75,7.75],"texture":"#0"},
"east":{"uv":[2.25,7.25,2.75,7.75],"texture":"#0"}
}
},
{
"from":[-7.5746,9.1248,9.319799],
"to":[-6.3246,10.1498,9.519799],
"faces":{
"down":{"uv":[1,8,2,9],"texture":"#0"},
"up":{"uv":[1,8,2,9],"texture":"#0"},
"south":{"uv":[1,8,2,9],"texture":"#0"},
"west":{"uv":[1,8,2,9],"texture":"#0"},
"east":{"uv":[1,8,2,9],"texture":"#0"}
}
},
{
"from":[-6.0746,9.1248,9.319799],
"to":[-5.8246,10.1498,9.519799],
"faces":{
"down":{"uv":[1,8,2,9],"texture":"#0"},
"up":{"uv":[1,8,2,9],"texture":"#0"},
"south":{"uv":[1,8,2,9],"texture":"#0"},
"west":{"uv":[1,8,2,9],"texture":"#0"},
"east":{"uv":[1,8,2,9],"texture":"#0"}
}
},
{
"from":[-5.5746,9.1248,9.319799],
"to":[-5.3246,10.1498,9.519799],
"faces":{
"down":{"uv":[1,8,2,9],"texture":"#0"},
"up":{"uv":[1,8,2,9],"texture":"#0"},
"south":{"uv":[1,8,2,9],"texture":"#0"},
"west":{"uv":[1,8,2,9],"texture":"#0"},
"east":{"uv":[1,8,2,9],"texture":"#0"}
}
},
{
"from":[-5.0746,9.1248,9.319799],
"to":[-4.8246,10.1498,9.519799],
"faces":{
"down":{"uv":[1,8,2,9],"texture":"#0"},
"up":{"uv":[1,8,2,9],"texture":"#0"},
"south":{"uv":[1,8,2,9],"texture":"#0"},
"west":{"uv":[1,8,2,9],"texture":"#0"},
"east":{"uv":[1,8,2,9],"texture":"#0"}
}
},
{
"from":[-4.5746,9.1248,9.319799],
"to":[-4.3246,10.1498,9.519799],
"faces":{
"down":{"uv":[1,8,2,9],"texture":"#0"},
"up":{"uv":[1,8,2,9],"texture":"#0"},
"south":{"uv":[1,8,2,9],"texture":"#0"},
"west":{"uv":[1,8,2,9],"texture":"#0"},
"east":{"uv":[1,8,2,9],"texture":"#0"}
}
},
{
"from":[-4.0746,9.1248,9.319799],
"to":[-3.8246,10.1498,9.519799],
"faces":{
"down":{"uv":[1,8,2,9],"texture":"#0"},
"up":{"uv":[1,8,2,9],"texture":"#0"},
"south":{"uv":[1,8,2,9],"texture":"#0"},
"west":{"uv":[1,8,2,9],"texture":"#0"},
"east":{"uv":[1,8,2,9],"texture":"#0"}
}
},
{
"from":[-3.5746,9.1248,9.319799],
"to":[-3.3246,10.1498,9.519799],
"faces":{
"down":{"uv":[1,8,2,9],"texture":"#0"},
"up":{"uv":[1,8,2,9],"texture":"#0"},
"south":{"uv":[1,8,2,9],"texture":"#0"},
"west":{"uv":[1,8,2,9],"texture":"#0"},
"east":{"uv":[1,8,2,9],"texture":"#0"}
}
},
{
"from":[-3.0746,9.1248,9.319799],
"to":[-2.8246,10.1498,9.519799],
"faces":{
"down":{"uv":[1,8,2,9],"texture":"#0"},
"up":{"uv":[1,8,2,9],"texture":"#0"},
"south":{"uv":[1,8,2,9],"texture":"#0"},
"west":{"uv":[1,8,2,9],"texture":"#0"},
"east":{"uv":[1,8,2,9],"texture":"#0"}
}
},
{
"from":[-2.5746,9.1248,9.319799],
"to":[-1.3246,10.1498,9.519799],
"faces":{
"down":{"uv":[1,8,2,9],"texture":"#0"},
"up":{"uv":[1,8,2,9],"texture":"#0"},
"south":{"uv":[1,8,2,9],"texture":"#0"},
"west":{"uv":[1,8,2,9],"texture":"#0"},
"east":{"uv":[1,8,2,9],"texture":"#0"}
}
},
{
"from":[-7.5746,9.1298,9.0948],
"to":[-1.3246,10.1548,9.319799],
"faces":{
"down":{"uv":[2.25,7.25,2.75,7.75],"texture":"#0"},
"up":{"uv":[2.25,7.25,2.75,7.75],"texture":"#0"},
"south":{"uv":[2.25,7.25,2.75,7.75],"texture":"#0"},
"west":{"uv":[2.25,7.25,2.75,7.75],"texture":"#0"},
"east":{"uv":[2.25,7.25,2.75,7.75],"texture":"#0"}
}
},
{
"from":[-7.5613,12.5785,8.415],
"to":[-5.7488,12.941,8.465],
"faces":{
"down":{"uv":[2.25,7.25,2.75,7.75],"texture":"#0"},
"up":{"uv":[2.25,7.25,2.75,7.75],"texture":"#0"},
"north":{"uv":[2.25,7.25,2.75,7.75],"texture":"#0"},
"south":{"uv":[2.25,7.25,2.75,7.75],"texture":"#0"},
"west":{"uv":[2.25,7.25,2.75,7.75],"texture":"#0"},
"east":{"uv":[2.25,7.25,2.75,7.75],"texture":"#0"}
}
},
{
"from":[-7.4357,13.4191,8.175],
"to":[-6.0607,13.4816,8.375],
"faces":{
"down":{"uv":[2.25,7.25,2.75,7.75],"texture":"#0"},
"up":{"uv":[2.25,7.25,2.75,7.75],"texture":"#0"},
"north":{"uv":[2.25,7.25,2.75,7.75],"texture":"#0"},
"south":{"uv":[2.25,7.25,2.75,7.75],"texture":"#0"},
"west":{"uv":[2.25,7.25,2.75,7.75],"texture":"#0"},
"east":{"uv":[2.25,7.25,2.75,7.75],"texture":"#0"}
}
},
{
"from":[-7.4357,13.4691,7.825],
"to":[-6.0607,13.5316,8.2],
"faces":{
"down":{"uv":[2.25,7.25,2.75,7.75],"texture":"#0"},
"up":{"uv":[2.25,7.25,2.75,7.75],"texture":"#0"},
"north":{"uv":[2.25,7.25,2.75,7.75],"texture":"#0"},
"south":{"uv":[2.25,7.25,2.75,7.75],"texture":"#0"},
"west":{"uv":[2.25,7.25,2.75,7.75],"texture":"#0"},
"east":{"uv":[2.25,7.25,2.75,7.75],"texture":"#0"}
}
},
{
"from":[4.6245,4.3177,7.7],
"to":[4.862,5.9427,8.3],
"faces":{
"down":{"uv":[2.25,7.25,2.75,7.75],"texture":"#0"},
"north":{"uv":[2.25,7.25,2.75,7.75],"texture":"#0"},
"south":{"uv":[2.25,7.25,2.75,7.75],"texture":"#0"},
"west":{"uv":[2.25,7.25,2.75,7.75],"texture":"#0"},
"east":{"uv":[2.25,7.25,2.75,7.75],"texture":"#0"}
}
},
{
"from":[-7.1357,12.5816,7.925],
"to":[-6.8857,13.1066,8.1],
"faces":{
"up":{"uv":[2.25,7.25,2.75,7.75],"texture":"#0"},
"north":{"uv":[2.25,7.25,2.75,7.75],"texture":"#0"},
"south":{"uv":[2.25,7.25,2.75,7.75],"texture":"#0"},
"west":{"uv":[2.25,7.25,2.75,7.75],"texture":"#0"},
"east":{"uv":[2.25,7.25,2.75,7.75],"texture":"#0"}
}
},
{
"from":[11.4,11.375,7.698],
"to":[11.53,12.5625,8.3105],
"faces":{
"up":{"uv":[2.25,7.25,2.75,7.75],"texture":"#0"},
"north":{"uv":[2.25,7.25,2.75,7.75],"texture":"#0"},
"south":{"uv":[2.25,7.25,2.75,7.75],"texture":"#0"},
"west":{"uv":[2.25,7.25,2.75,7.75],"texture":"#0"},
"east":{"uv":[2.25,7.25,2.75,7.75],"texture":"#0"}
}
},
{
"from":[11.4,12.925,7.798],
"to":[11.53,13.0625,8.2105],
"faces":{
"down":{"uv":[2.25,7.25,2.75,7.75],"texture":"#0"},
"up":{"uv":[2.25,7.25,2.75,7.75],"texture":"#0"},
"north":{"uv":[2.25,7.25,2.75,7.75],"texture":"#0"},
"south":{"uv":[2.25,7.25,2.75,7.75],"texture":"#0"},
"west":{"uv":[2.25,7.25,2.75,7.75],"texture":"#0"},
"east":{"uv":[2.25,7.25,2.75,7.75],"texture":"#0"}
}
},
{
"from":[11.4,12.375,8.198],
"to":[11.53,12.9875,8.3105],
"faces":{
"up":{"uv":[2.25,7.25,2.75,7.75],"texture":"#0"},
"north":{"uv":[2.25,7.25,2.75,7.75],"texture":"#0"},
"south":{"uv":[2.25,7.25,2.75,7.75],"texture":"#0"},
"west":{"uv":[2.25,7.25,2.75,7.75],"texture":"#0"},
"east":{"uv":[2.25,7.25,2.75,7.75],"texture":"#0"}
}
},
{
"from":[11.4,12.375,7.698],
"to":[11.53,12.9875,7.8105],
"faces":{
"up":{"uv":[2.25,7.25,2.75,7.75],"texture":"#0"},
"north":{"uv":[2.25,7.25,2.75,7.75],"texture":"#0"},
"south":{"uv":[2.25,7.25,2.75,7.75],"texture":"#0"},
"west":{"uv":[2.25,7.25,2.75,7.75],"texture":"#0"},
"east":{"uv":[2.25,7.25,2.75,7.75],"texture":"#0"}
}
},
{
"from":[11.8,11.375,7.673],
"to":[12.055,12.0875,8.3355],
"faces":{
"up":{"uv":[2.25,7.25,2.75,7.75],"texture":"#0"},
"north":{"uv":[2.25,7.25,2.75,7.75],"texture":"#0"},
"south":{"uv":[2.25,7.25,2.75,7.75],"texture":"#0"},
"west":{"uv":[2.25,7.25,2.75,7.75],"texture":"#0"}
}
}
],
"display":{
"thirdperson_righthand":{
"rotation":[180,-90,130],
"translation":[0,3,2],
"scale":[0.6,0.6,0.6]
},
"thirdperson_lefthand":{
"rotation":[180,90,-130],
"translation":[0,3,2],
"scale":[0.6,0.6,0.6]
},
"firstperson_righthand":{
"rotation":[0,-90,0],
"translation":[-2.5,3.75,1],
"scale":[0.5,0.5,0.5]
},
"firstperson_lefthand":{
"rotation":[0,90,0],
"translation":[-2.5,3.75,1],
"scale":[0.5,0.5,0.5]
},
"gui":{
"rotation":[-15,40,0],
"translation":[-0.5,0,0],
"scale":[0.5,0.5,0.5]
},
"head":{
"rotation":[0,-90,0],
"translation":[0,15,0],
"scale":[0.6,0.6,0.6]
},
"ground":{
"rotation":[90,0,0],
"scale":[0.6,0.6,0.6]
},
"fixed":{
"translation":[0,0,-1],
"scale":[0.8,0.8,0.8]
}
}
}