{
"elements":[
{
"from":[2.1875,8.5844,7.2512],
"to":[30.625,8.86565,8.75745],
"faces":{
"down":{"uv":[7,6,8,7],"texture":"#0"},
"up":{"uv":[7,6,8,7],"texture":"#0"},
"north":{"uv":[7,6,8,7],"texture":"#0"},
"south":{"uv":[7,6,8,7],"texture":"#0"},
"west":{"uv":[7,6,8,7],"texture":"#0"}
}
},
{
"from":[18.2188,4.3719,7.6662],
"to":[18.26255,6.2469,8.35995],
"faces":{
"down":{"uv":[7,6,8,7],"texture":"#0"},
"north":{"uv":[7,6,8,7],"texture":"#0"},
"south":{"uv":[7,6,8,7],"texture":"#0"},
"east":{"uv":[7,6,8,7],"texture":"#0"}
}
},
{
"from":[18.8062,1.1281,7.6162],
"to":[19.7687,1.3281,8.30995],
"rotation":{"origin":[12.25,5.68436,8.01],"axis":"z","angle":22.5},
"faces":{
"down":{"uv":[7,6,8,7],"texture":"#0"},
"up":{"uv":[7,6,8,7],"texture":"#0"},
"north":{"uv":[7,6,8,7],"texture":"#0"},
"south":{"uv":[7,6,8,7],"texture":"#0"},
"east":{"uv":[7,6,8,7],"texture":"#0"}
}
},
{
"from":[20.9062,2.3719,7.4475],
"to":[22.09995,4.7469,8.516251],
"rotation":{"origin":[20.6875,3.96561,7.26],"axis":"z","angle":22.5},
"faces":{
"down":{"uv":[7,6,8,7],"texture":"#3"},
"north":{"uv":[7,6,8,7],"texture":"#3"},
"south":{"uv":[7,6,8,7],"texture":"#3"},
"west":{"uv":[7,6,8,7],"texture":"#3"},
"east":{"uv":[7,6,8,7],"texture":"#3"}
}
},
{
"from":[26.125,4.0125,7.635],
"to":[30.65625,4.85625,8.3475],
"faces":{
"down":{"uv":[7,6,8,7],"texture":"#0"},
"up":{"uv":[7,6,8,7],"texture":"#0"},
"north":{"uv":[7,6,8,7],"texture":"#0"},
"south":{"uv":[7,6,8,7],"texture":"#0"},
"west":{"uv":[7,6,8,7],"texture":"#0"},
"east":{"uv":[7,6,8,7],"texture":"#0"}
}
},
{
"from":[2.1875,8.8594,7.6038],
"to":[20.71875,9.0594,8.44755],
"faces":{
"up":{"uv":[7,6,8,7],"texture":"#0"},
"north":{"uv":[7,6,8,7],"texture":"#0"},
"south":{"uv":[7,6,8,7],"texture":"#0"},
"west":{"uv":[7,6,8,7],"texture":"#0"},
"east":{"uv":[7,6,8,7],"texture":"#0"}
}
},
{
"from":[17.0688,8.8719,8.309999],
"to":[18.38755,9.9719,8.541249],
"faces":{
"north":{"uv":[7,6,8,7],"texture":"#3"},
"south":{"uv":[7,6,8,7],"texture":"#3"},
"west":{"uv":[7,6,8,7],"texture":"#3"},
"east":{"uv":[7,6,8,7],"texture":"#3"}
}
},
{
"from":[17.0688,8.8719,7.4162],
"to":[18.38755,9.9719,7.647449],
"faces":{
"north":{"uv":[7,6,8,7],"texture":"#3"},
"south":{"uv":[7,6,8,7],"texture":"#3"},
"west":{"uv":[7,6,8,7],"texture":"#3"},
"east":{"uv":[7,6,8,7],"texture":"#3"}
}
},
{
"from":[-14.3312,7.0594,7.385],
"to":[-10.94995,8.6594,8.66625],
"faces":{
"down":{"uv":[7,6,8,7],"texture":"#3"},
"up":{"uv":[7,6,8,7],"texture":"#3"},
"north":{"uv":[7,6,8,7],"texture":"#3"},
"south":{"uv":[7,6,8,7],"texture":"#3"},
"west":{"uv":[7,6,8,7],"texture":"#3"},
"east":{"uv":[7,6,8,7],"texture":"#3"}
}
},
{
"from":[5.825,5.375,9.3913],
"to":[10.70625,6.59375,9.48505],
"rotation":{"origin":[7.53125,5.981239,9.4475],"axis":"x","angle":-22.5},
"faces":{
"down":{"uv":[7,6,8,7],"texture":"#3"},
"up":{"uv":[7,6,8,7],"texture":"#3"},
"north":{"uv":[7,6,8,7],"texture":"#3"},
"south":{"uv":[7,6,8,7],"texture":"#3"},
"west":{"uv":[7,6,8,7],"texture":"#3"},
"east":{"uv":[7,6,8,7],"texture":"#3"}
}
},
{
"from":[25.2188,3.825,7.635],
"to":[25.83755,6.825,8.3475],
"rotation":{"origin":[25.21875,6.199989,7.26],"axis":"z","angle":22.5},
"faces":{
"up":{"uv":[7,6,8,7],"texture":"#0"},
"north":{"uv":[7,6,8,7],"texture":"#0"},
"south":{"uv":[7,6,8,7],"texture":"#0"},
"west":{"uv":[7,6,8,7],"texture":"#0"},
"east":{"uv":[7,6,8,7],"texture":"#0"}
}
},
{
"from":[13.8438,7.7312,6.2913],
"to":[14.2188,8.106199,7.2913],
"faces":{
"down":{"uv":[7,6,8,7],"texture":"#0"},
"up":{"uv":[7,6,8,7],"texture":"#0"},
"north":{"uv":[7,6,8,7],"texture":"#0"},
"south":{"uv":[7,6,8,7],"texture":"#0"},
"west":{"uv":[7,6,8,7],"texture":"#0"},
"east":{"uv":[7,6,8,7],"texture":"#0"}
}
},
{
"from":[13.8438,7.6687,5.9562],
"to":[14.2188,8.543699,6.3312],
"rotation":{"origin":[13.84375,8.543739,5.95625],"axis":"x","angle":-22.5},
"faces":{
"north":{"uv":[7,6,8,7],"texture":"#0"},
"south":{"uv":[7,6,8,7],"texture":"#0"},
"west":{"uv":[7,6,8,7],"texture":"#0"},
"east":{"uv":[7,6,8,7],"texture":"#0"}
}
},
{
"from":[13.8438,8.3087,5.7913],
"to":[14.2188,8.6837,6.2913],
"faces":{
"down":{"uv":[7,6,8,7],"texture":"#0"},
"up":{"uv":[7,6,8,7],"texture":"#0"},
"north":{"uv":[7,6,8,7],"texture":"#0"},
"south":{"uv":[7,6,8,7],"texture":"#0"},
"west":{"uv":[7,6,8,7],"texture":"#0"},
"east":{"uv":[7,6,8,7],"texture":"#0"}
}
},
{
"from":[12.6875,5.6531,8.8225],
"to":[18.21875,7.5281,9.04438],
"faces":{
"down":{"uv":[7,6,8,7],"texture":"#0"},
"up":{"uv":[7,6,8,7],"texture":"#0"},
"north":{"uv":[7,6,8,7],"texture":"#0"},
"south":{"uv":[7,6,8,7],"texture":"#0"},
"west":{"uv":[7,6,8,7],"texture":"#0"}
}
},
{
"from":[9.6875,6.5844,7.2412],
"to":[30.625,6.9594,8.74745],
"faces":{
"down":{"uv":[7,6,8,7],"texture":"#0"},
"up":{"uv":[7,6,8,7],"texture":"#0"},
"north":{"uv":[7,6,8,7],"texture":"#0"},
"south":{"uv":[7,6,8,7],"texture":"#0"},
"west":{"uv":[7,6,8,7],"texture":"#0"}
}
},
{
"from":[9.656199,6.6156,7.1444],
"to":[30.62495,7.5281,7.5194],
"rotation":{"origin":[15.59375,6.790619,7.222561],"axis":"x","angle":-22.5},
"faces":{
"down":{"uv":[7,6,8,7],"texture":"#0"},
"up":{"uv":[7,6,8,7],"texture":"#0"},
"north":{"uv":[7,6,8,7],"texture":"#0"},
"south":{"uv":[7,6,8,7],"texture":"#0"},
"west":{"uv":[7,6,8,7],"texture":"#0"}
}
},
{
"from":[13.3438,8.474999,6.7538],
"to":[18.31255,8.778119,7.1288],
"rotation":{"origin":[15.59375,7.571869,7.222561],"axis":"x","angle":22.5},
"faces":{
"down":{"uv":[7,6,8,7],"texture":"#0"},
"north":{"uv":[7,6,8,7],"texture":"#0"},
"south":{"uv":[7,6,8,7],"texture":"#0"},
"west":{"uv":[7,6,8,7],"texture":"#0"},
"east":{"uv":[7,6,8,7],"texture":"#0"}
}
},
{
"from":[9.656199,7.9438,8.9101],
"to":[30.62495,8.944921,9.2851],
"rotation":{"origin":[15.59375,7.571869,9.25381],"axis":"x","angle":-22.5},
"faces":{
"down":{"uv":[7,6,8,7],"texture":"#0"},
"north":{"uv":[7,6,8,7],"texture":"#0"},
"south":{"uv":[7,6,8,7],"texture":"#0"},
"west":{"uv":[7,6,8,7],"texture":"#0"},
"east":{"uv":[7,6,8,7],"texture":"#0"}
}
},
{
"from":[9.656199,6.4437,8.5351],
"to":[30.62495,7.3562,8.9101],
"rotation":{"origin":[15.59375,6.790619,9.25381],"axis":"x","angle":22.5},
"faces":{
"down":{"uv":[7,6,8,7],"texture":"#0"},
"up":{"uv":[7,6,8,7],"texture":"#0"},
"north":{"uv":[7,6,8,7],"texture":"#0"},
"south":{"uv":[7,6,8,7],"texture":"#0"},
"west":{"uv":[7,6,8,7],"texture":"#0"},
"east":{"uv":[7,6,8,7],"texture":"#0"}
}
},
{
"from":[12.8438,5.0281,8.8225],
"to":[18.2188,5.74685,9.04438],
"faces":{
"down":{"uv":[7,6,8,7],"texture":"#0"},
"north":{"uv":[7,6,8,7],"texture":"#0"},
"south":{"uv":[7,6,8,7],"texture":"#0"},
"west":{"uv":[7,6,8,7],"texture":"#0"}
}
},
{
"from":[12.4375,6.3719,8.8225],
"to":[12.6875,7.52815,9.04438],
"faces":{
"down":{"uv":[7,6,8,7],"texture":"#0"},
"up":{"uv":[7,6,8,7],"texture":"#0"},
"north":{"uv":[7,6,8,7],"texture":"#0"},
"south":{"uv":[7,6,8,7],"texture":"#0"},
"west":{"uv":[7,6,8,7],"texture":"#0"}
}
},
{
"from":[13.1562,4.8719,8.8225],
"to":[18.2187,5.02815,9.04438],
"faces":{
"down":{"uv":[7,6,8,7],"texture":"#0"},
"north":{"uv":[7,6,8,7],"texture":"#0"},
"south":{"uv":[7,6,8,7],"texture":"#0"},
"west":{"uv":[7,6,8,7],"texture":"#0"}
}
},
{
"from":[18.2188,5.6531,7.4475],
"to":[21.7188,6.5906,8.528749],
"faces":{
"down":{"uv":[7,6,8,7],"texture":"#0"},
"north":{"uv":[7,6,8,7],"texture":"#0"},
"south":{"uv":[7,6,8,7],"texture":"#0"},
"east":{"uv":[7,6,8,7],"texture":"#0"}
}
},
{
"from":[20.5938,4.7469,7.4475],
"to":[21.72505,5.6844,8.516251],
"faces":{
"down":{"uv":[7,6,8,7],"texture":"#3"},
"north":{"uv":[7,6,8,7],"texture":"#3"},
"south":{"uv":[7,6,8,7],"texture":"#3"},
"west":{"uv":[7,6,8,7],"texture":"#3"},
"east":{"uv":[7,6,8,7],"texture":"#3"}
}
},
{
"from":[-15.4688,7.5331,7.5275],
"to":[10.24995,7.951849,7.7275],
"faces":{
"down":{"uv":[7,6,8,7],"texture":"#3"},
"up":{"uv":[7,6,8,7],"texture":"#3"},
"north":{"uv":[7,6,8,7],"texture":"#3"},
"south":{"uv":[7,6,8,7],"texture":"#3"},
"west":{"uv":[7,6,8,7],"texture":"#3"},
"east":{"uv":[7,6,8,7],"texture":"#3"}
}
},
{
"from":[-15.4688,7.525,8.3319],
"to":[10.24995,7.943749,8.531899],
"faces":{
"down":{"uv":[7,6,8,7],"texture":"#3"},
"up":{"uv":[7,6,8,7],"texture":"#3"},
"north":{"uv":[7,6,8,7],"texture":"#3"},
"south":{"uv":[7,6,8,7],"texture":"#3"},
"west":{"uv":[7,6,8,7],"texture":"#3"},
"east":{"uv":[7,6,8,7],"texture":"#3"}
}
},
{
"from":[-15.4688,7.6831,7.8815],
"to":[10.24995,8.10185,8.081499],
"rotation":{"origin":[-4.53125,8.35936,7.99438],"axis":"x","angle":-45},
"faces":{
"north":{"uv":[7,6,8,7],"texture":"#3"},
"south":{"uv":[7,6,8,7],"texture":"#3"},
"west":{"uv":[7,6,8,7],"texture":"#3"},
"east":{"uv":[7,6,8,7],"texture":"#3"}
}
},
{
"from":[-15.4688,8.0406,7.8162],
"to":[10.24995,8.2406,8.23495],
"faces":{
"down":{"uv":[7,6,8,7],"texture":"#3"},
"up":{"uv":[7,6,8,7],"texture":"#3"},
"north":{"uv":[7,6,8,7],"texture":"#3"},
"south":{"uv":[7,6,8,7],"texture":"#3"},
"west":{"uv":[7,6,8,7],"texture":"#3"},
"east":{"uv":[7,6,8,7],"texture":"#3"}
}
},
{
"from":[-15.4688,7.5425,7.39],
"to":[10.24995,7.96125,7.59],
"rotation":{"origin":[-4.53125,7.92186,7.99438],"axis":"x","angle":-45},
"faces":{
"north":{"uv":[7,6,8,7],"texture":"#3"},
"south":{"uv":[7,6,8,7],"texture":"#3"},
"west":{"uv":[7,6,8,7],"texture":"#3"},
"east":{"uv":[7,6,8,7],"texture":"#3"}
}
},
{
"from":[-15.4688,7.2331,7.8162],
"to":[10.24995,7.4331,8.23495],
"faces":{
"down":{"uv":[7,6,8,7],"texture":"#3"},
"up":{"uv":[7,6,8,7],"texture":"#3"},
"north":{"uv":[7,6,8,7],"texture":"#3"},
"south":{"uv":[7,6,8,7],"texture":"#3"},
"west":{"uv":[7,6,8,7],"texture":"#3"},
"east":{"uv":[7,6,8,7],"texture":"#3"}
}
},
{
"from":[-15.4688,8.196899,7.3788],
"to":[10.24995,8.396899,7.79755],
"rotation":{"origin":[-4.53125,8.35936,7.99438],"axis":"x","angle":-45},
"faces":{
"down":{"uv":[7,6,8,7],"texture":"#3"},
"up":{"uv":[7,6,8,7],"texture":"#3"},
"west":{"uv":[7,6,8,7],"texture":"#3"},
"east":{"uv":[7,6,8,7],"texture":"#3"}
}
},
{
"from":[-15.4688,7.3901,7.3705],
"to":[10.24995,7.5901,7.78925],
"rotation":{"origin":[-4.53125,8.35936,7.99438],"axis":"x","angle":-45},
"faces":{
"down":{"uv":[7,6,8,7],"texture":"#3"},
"up":{"uv":[7,6,8,7],"texture":"#3"},
"west":{"uv":[7,6,8,7],"texture":"#3"},
"east":{"uv":[7,6,8,7],"texture":"#3"}
}
},
{
"from":[20.5938,2.1219,7.3225],
"to":[22.10005,2.40315,8.641251],
"rotation":{"origin":[20.6875,3.96561,7.26],"axis":"z","angle":22.5},
"faces":{
"down":{"uv":[7,6,8,7],"texture":"#3"},
"up":{"uv":[7,6,8,7],"texture":"#3"},
"north":{"uv":[7,6,8,7],"texture":"#3"},
"south":{"uv":[7,6,8,7],"texture":"#3"},
"west":{"uv":[7,6,8,7],"texture":"#3"},
"east":{"uv":[7,6,8,7],"texture":"#3"}
}
},
{
"from":[18.2872,3.4477,7.6162],
"to":[19.21845,3.6477,8.30995],
"rotation":{"origin":[20.47157,4.266439,8.01],"axis":"z","angle":-22.5},
"faces":{
"down":{"uv":[7,6,8,7],"texture":"#0"},
"up":{"uv":[7,6,8,7],"texture":"#0"},
"north":{"uv":[7,6,8,7],"texture":"#0"},
"south":{"uv":[7,6,8,7],"texture":"#0"}
}
},
{
"from":[19.006,3.9789,7.6162],
"to":[20.06225,4.1789,8.30995],
"faces":{
"down":{"uv":[7,6,8,7],"texture":"#0"},
"up":{"uv":[7,6,8,7],"texture":"#0"},
"north":{"uv":[7,6,8,7],"texture":"#0"},
"south":{"uv":[7,6,8,7],"texture":"#0"},
"west":{"uv":[7,6,8,7],"texture":"#0"},
"east":{"uv":[7,6,8,7],"texture":"#0"}
}
},
{
"from":[2.1875,7.7875,6.7538],
"to":[2.75,8.77812,7.1288],
"rotation":{"origin":[8.125,7.571869,7.222561],"axis":"x","angle":22.5},
"faces":{
"down":{"uv":[7,6,8,7],"texture":"#0"},
"north":{"uv":[7,6,8,7],"texture":"#0"},
"south":{"uv":[7,6,8,7],"texture":"#0"},
"west":{"uv":[7,6,8,7],"texture":"#0"},
"east":{"uv":[7,6,8,7],"texture":"#0"}
}
},
{
"from":[2.1875,7.9438,8.9101],
"to":[2.75,8.944921,9.2851],
"rotation":{"origin":[8.125,7.571869,9.25381],"axis":"x","angle":-22.5},
"faces":{
"down":{"uv":[7,6,8,7],"texture":"#0"},
"north":{"uv":[7,6,8,7],"texture":"#0"},
"south":{"uv":[7,6,8,7],"texture":"#0"},
"west":{"uv":[7,6,8,7],"texture":"#0"},
"east":{"uv":[7,6,8,7],"texture":"#0"}
}
},
{
"from":[2.1875,6.4594,8.6601],
"to":[2.75,7.3719,9.0351],
"rotation":{"origin":[8.125,7.134369,9.25381],"axis":"x","angle":22.5},
"faces":{
"up":{"uv":[7,6,8,7],"texture":"#0"},
"north":{"uv":[7,6,8,7],"texture":"#0"},
"south":{"uv":[7,6,8,7],"texture":"#0"},
"west":{"uv":[7,6,8,7],"texture":"#0"},
"east":{"uv":[7,6,8,7],"texture":"#0"}
}
},
{
"from":[2.1875,6.6469,7.0038],
"to":[2.75,7.5594,7.3788],
"rotation":{"origin":[8.125,7.134369,7.222561],"axis":"x","angle":-22.5},
"faces":{
"up":{"uv":[7,6,8,7],"texture":"#0"},
"north":{"uv":[7,6,8,7],"texture":"#0"},
"south":{"uv":[7,6,8,7],"texture":"#0"},
"west":{"uv":[7,6,8,7],"texture":"#0"},
"east":{"uv":[7,6,8,7],"texture":"#0"}
}
},
{
"from":[2.6875,7.9594,8.9101],
"to":[9.75,8.319901,9.206981],
"rotation":{"origin":[9.03125,7.759369,9.25381],"axis":"x","angle":-22.5},
"faces":{
"up":{"uv":[7,6,8,7],"texture":"#0"},
"north":{"uv":[7,6,8,7],"texture":"#0"},
"south":{"uv":[7,6,8,7],"texture":"#0"},
"west":{"uv":[7,6,8,7],"texture":"#0"},
"east":{"uv":[7,6,8,7],"texture":"#0"}
}
},
{
"from":[2.6875,7.8031,6.8319],
"to":[9.75,8.153099,7.12877],
"rotation":{"origin":[9.03125,7.759369,7.222561],"axis":"x","angle":22.5},
"faces":{
"up":{"uv":[7,6,8,7],"texture":"#0"},
"north":{"uv":[7,6,8,7],"texture":"#0"},
"south":{"uv":[7,6,8,7],"texture":"#0"},
"west":{"uv":[7,6,8,7],"texture":"#0"},
"east":{"uv":[7,6,8,7],"texture":"#0"}
}
},
{
"from":[2.7188,6.9437,8.5194],
"to":[9.7188,7.32495,8.80065],
"rotation":{"origin":[9.0625,6.525,9.25381],"axis":"x","angle":22.5},
"faces":{
"down":{"uv":[7,6,8,7],"texture":"#0"},
"north":{"uv":[7,6,8,7],"texture":"#0"},
"south":{"uv":[7,6,8,7],"texture":"#0"},
"west":{"uv":[7,6,8,7],"texture":"#0"},
"east":{"uv":[7,6,8,7],"texture":"#0"}
}
},
{
"from":[2.7188,7.1312,7.2538],
"to":[9.7188,7.51245,7.51943],
"rotation":{"origin":[9.0625,6.525,7.222561],"axis":"x","angle":-22.5},
"faces":{
"down":{"uv":[7,6,8,7],"texture":"#0"},
"north":{"uv":[7,6,8,7],"texture":"#0"},
"south":{"uv":[7,6,8,7],"texture":"#0"},
"west":{"uv":[7,6,8,7],"texture":"#0"},
"east":{"uv":[7,6,8,7],"texture":"#0"}
}
},
{
"from":[2.7188,8.474999,6.7538],
"to":[9.68755,8.778119,7.1288],
"rotation":{"origin":[9.0625,7.571869,7.222561],"axis":"x","angle":22.5},
"faces":{
"down":{"uv":[7,6,8,7],"texture":"#0"},
"north":{"uv":[7,6,8,7],"texture":"#0"},
"south":{"uv":[7,6,8,7],"texture":"#0"},
"west":{"uv":[7,6,8,7],"texture":"#0"},
"east":{"uv":[7,6,8,7],"texture":"#0"}
}
},
{
"from":[2.7188,8.6312,8.9101],
"to":[9.68755,8.94482,9.2851],
"rotation":{"origin":[9.0625,7.571869,9.25381],"axis":"x","angle":-22.5},
"faces":{
"down":{"uv":[7,6,8,7],"texture":"#0"},
"north":{"uv":[7,6,8,7],"texture":"#0"},
"south":{"uv":[7,6,8,7],"texture":"#0"},
"west":{"uv":[7,6,8,7],"texture":"#0"},
"east":{"uv":[7,6,8,7],"texture":"#0"}
}
},
{
"from":[2.7188,6.6156,7.1444],
"to":[9.68755,6.8406,7.5194],
"rotation":{"origin":[9.0625,6.790619,7.222561],"axis":"x","angle":-22.5},
"faces":{
"up":{"uv":[7,6,8,7],"texture":"#0"},
"north":{"uv":[7,6,8,7],"texture":"#0"},
"west":{"uv":[7,6,8,7],"texture":"#0"},
"east":{"uv":[7,6,8,7],"texture":"#0"}
}
},
{
"from":[2.7188,6.4438,8.5194],
"to":[9.68755,6.6688,8.910019],
"rotation":{"origin":[9.0625,6.790619,9.25381],"axis":"x","angle":22.5},
"faces":{
"up":{"uv":[7,6,8,7],"texture":"#0"},
"south":{"uv":[7,6,8,7],"texture":"#0"},
"west":{"uv":[7,6,8,7],"texture":"#0"},
"east":{"uv":[7,6,8,7],"texture":"#0"}
}
},
{
"from":[8.8125,6.6625,7.2538],
"to":[9.03125,7.325,7.51943],
"rotation":{"origin":[9.0625,6.525,7.222561],"axis":"x","angle":-22.5},
"faces":{
"up":{"uv":[7,6,8,7],"texture":"#0"},
"north":{"uv":[7,6,8,7],"texture":"#0"},
"south":{"uv":[7,6,8,7],"texture":"#0"},
"west":{"uv":[7,6,8,7],"texture":"#0"},
"east":{"uv":[7,6,8,7],"texture":"#0"}
}
},
{
"from":[8.8125,6.475,8.503799],
"to":[9.03125,7.1375,8.80068],
"rotation":{"origin":[9.0625,6.525,9.25381],"axis":"x","angle":22.5},
"faces":{
"down":{"uv":[7,6,8,7],"texture":"#0"},
"up":{"uv":[7,6,8,7],"texture":"#0"},
"north":{"uv":[7,6,8,7],"texture":"#0"},
"south":{"uv":[7,6,8,7],"texture":"#0"},
"west":{"uv":[7,6,8,7],"texture":"#0"},
"east":{"uv":[7,6,8,7],"texture":"#0"}
}
},
{
"from":[8.8125,8.1469,8.9101],
"to":[9.03125,8.819901,9.206981],
"rotation":{"origin":[9.03125,7.759369,9.25381],"axis":"x","angle":-22.5},
"faces":{
"down":{"uv":[7,6,8,7],"texture":"#0"},
"up":{"uv":[7,6,8,7],"texture":"#0"},
"north":{"uv":[7,6,8,7],"texture":"#0"},
"south":{"uv":[7,6,8,7],"texture":"#0"},
"west":{"uv":[7,6,8,7],"texture":"#0"},
"east":{"uv":[7,6,8,7],"texture":"#0"}
}
},
{
"from":[8.8125,7.9906,6.8319],
"to":[9.03125,8.653099,7.12877],
"rotation":{"origin":[9.03125,7.759369,7.222561],"axis":"x","angle":22.5},
"faces":{
"down":{"uv":[7,6,8,7],"texture":"#0"},
"up":{"uv":[7,6,8,7],"texture":"#0"},
"north":{"uv":[7,6,8,7],"texture":"#0"},
"south":{"uv":[7,6,8,7],"texture":"#0"},
"west":{"uv":[7,6,8,7],"texture":"#0"},
"east":{"uv":[7,6,8,7],"texture":"#0"}
}
},
{
"from":[7.9062,8.1469,8.9101],
"to":[8.12495,8.819901,9.206981],
"rotation":{"origin":[8.125,7.759369,9.25381],"axis":"x","angle":-22.5},
"faces":{
"down":{"uv":[7,6,8,7],"texture":"#0"},
"up":{"uv":[7,6,8,7],"texture":"#0"},
"north":{"uv":[7,6,8,7],"texture":"#0"},
"south":{"uv":[7,6,8,7],"texture":"#0"},
"west":{"uv":[7,6,8,7],"texture":"#0"},
"east":{"uv":[7,6,8,7],"texture":"#0"}
}
},
{
"from":[7.9062,7.9906,6.8319],
"to":[8.12495,8.653099,7.12877],
"rotation":{"origin":[8.125,7.759369,7.222561],"axis":"x","angle":22.5},
"faces":{
"down":{"uv":[7,6,8,7],"texture":"#0"},
"up":{"uv":[7,6,8,7],"texture":"#0"},
"north":{"uv":[7,6,8,7],"texture":"#0"},
"south":{"uv":[7,6,8,7],"texture":"#0"},
"west":{"uv":[7,6,8,7],"texture":"#0"},
"east":{"uv":[7,6,8,7],"texture":"#0"}
}
},
{
"from":[7.9062,6.475,8.5194],
"to":[8.12495,7.1375,8.80065],
"rotation":{"origin":[8.15625,6.525,9.25381],"axis":"x","angle":22.5},
"faces":{
"down":{"uv":[7,6,8,7],"texture":"#0"},
"up":{"uv":[7,6,8,7],"texture":"#0"},
"north":{"uv":[7,6,8,7],"texture":"#0"},
"south":{"uv":[7,6,8,7],"texture":"#0"},
"west":{"uv":[7,6,8,7],"texture":"#0"},
"east":{"uv":[7,6,8,7],"texture":"#0"}
}
},
{
"from":[7.9062,6.6625,7.2538],
"to":[8.12495,7.325,7.51943],
"rotation":{"origin":[8.15625,6.525,7.222561],"axis":"x","angle":-22.5},
"faces":{
"up":{"uv":[7,6,8,7],"texture":"#0"},
"north":{"uv":[7,6,8,7],"texture":"#0"},
"south":{"uv":[7,6,8,7],"texture":"#0"},
"west":{"uv":[7,6,8,7],"texture":"#0"},
"east":{"uv":[7,6,8,7],"texture":"#0"}
}
},
{
"from":[7,8.1469,8.9101],
"to":[7.21875,8.819901,9.206981],
"rotation":{"origin":[7.21875,7.759369,9.25381],"axis":"x","angle":-22.5},
"faces":{
"down":{"uv":[7,6,8,7],"texture":"#0"},
"up":{"uv":[7,6,8,7],"texture":"#0"},
"north":{"uv":[7,6,8,7],"texture":"#0"},
"south":{"uv":[7,6,8,7],"texture":"#0"},
"west":{"uv":[7,6,8,7],"texture":"#0"},
"east":{"uv":[7,6,8,7],"texture":"#0"}
}
},
{
"from":[7,7.9906,6.8319],
"to":[7.21875,8.653099,7.12877],
"rotation":{"origin":[7.21875,7.759369,7.222561],"axis":"x","angle":22.5},
"faces":{
"down":{"uv":[7,6,8,7],"texture":"#0"},
"up":{"uv":[7,6,8,7],"texture":"#0"},
"north":{"uv":[7,6,8,7],"texture":"#0"},
"south":{"uv":[7,6,8,7],"texture":"#0"},
"west":{"uv":[7,6,8,7],"texture":"#0"},
"east":{"uv":[7,6,8,7],"texture":"#0"}
}
},
{
"from":[7,6.475,8.5194],
"to":[7.21875,7.1375,8.80065],
"rotation":{"origin":[7.25,6.525,9.25381],"axis":"x","angle":22.5},
"faces":{
"down":{"uv":[7,6,8,7],"texture":"#0"},
"up":{"uv":[7,6,8,7],"texture":"#0"},
"north":{"uv":[7,6,8,7],"texture":"#0"},
"south":{"uv":[7,6,8,7],"texture":"#0"},
"west":{"uv":[7,6,8,7],"texture":"#0"},
"east":{"uv":[7,6,8,7],"texture":"#0"}
}
},
{
"from":[7,6.6625,7.2538],
"to":[7.21875,7.325,7.51943],
"rotation":{"origin":[7.25,6.525,7.222561],"axis":"x","angle":-22.5},
"faces":{
"up":{"uv":[7,6,8,7],"texture":"#0"},
"north":{"uv":[7,6,8,7],"texture":"#0"},
"south":{"uv":[7,6,8,7],"texture":"#0"},
"west":{"uv":[7,6,8,7],"texture":"#0"},
"east":{"uv":[7,6,8,7],"texture":"#0"}
}
},
{
"from":[6.0938,8.1469,8.9101],
"to":[6.31255,8.819901,9.206981],
"rotation":{"origin":[6.3125,7.759369,9.25381],"axis":"x","angle":-22.5},
"faces":{
"down":{"uv":[7,6,8,7],"texture":"#0"},
"up":{"uv":[7,6,8,7],"texture":"#0"},
"north":{"uv":[7,6,8,7],"texture":"#0"},
"south":{"uv":[7,6,8,7],"texture":"#0"},
"west":{"uv":[7,6,8,7],"texture":"#0"},
"east":{"uv":[7,6,8,7],"texture":"#0"}
}
},
{
"from":[6.0938,7.9906,6.8319],
"to":[6.31255,8.653099,7.12877],
"rotation":{"origin":[6.3125,7.759369,7.222561],"axis":"x","angle":22.5},
"faces":{
"down":{"uv":[7,6,8,7],"texture":"#0"},
"up":{"uv":[7,6,8,7],"texture":"#0"},
"north":{"uv":[7,6,8,7],"texture":"#0"},
"south":{"uv":[7,6,8,7],"texture":"#0"},
"west":{"uv":[7,6,8,7],"texture":"#0"},
"east":{"uv":[7,6,8,7],"texture":"#0"}
}
},
{
"from":[6.0938,6.475,8.5194],
"to":[6.31255,7.1375,8.80065],
"rotation":{"origin":[6.34375,6.525,9.25381],"axis":"x","angle":22.5},
"faces":{
"down":{"uv":[7,6,8,7],"texture":"#0"},
"up":{"uv":[7,6,8,7],"texture":"#0"},
"north":{"uv":[7,6,8,7],"texture":"#0"},
"south":{"uv":[7,6,8,7],"texture":"#0"},
"west":{"uv":[7,6,8,7],"texture":"#0"},
"east":{"uv":[7,6,8,7],"texture":"#0"}
}
},
{
"from":[6.0938,6.6625,7.2538],
"to":[6.31255,7.325,7.51943],
"rotation":{"origin":[6.34375,6.525,7.222561],"axis":"x","angle":-22.5},
"faces":{
"up":{"uv":[7,6,8,7],"texture":"#0"},
"north":{"uv":[7,6,8,7],"texture":"#0"},
"south":{"uv":[7,6,8,7],"texture":"#0"},
"west":{"uv":[7,6,8,7],"texture":"#0"},
"east":{"uv":[7,6,8,7],"texture":"#0"}
}
},
{
"from":[5.1875,8.1469,8.9101],
"to":[5.40625,8.819901,9.206981],
"rotation":{"origin":[5.40625,7.759369,9.25381],"axis":"x","angle":-22.5},
"faces":{
"down":{"uv":[7,6,8,7],"texture":"#0"},
"up":{"uv":[7,6,8,7],"texture":"#0"},
"north":{"uv":[7,6,8,7],"texture":"#0"},
"south":{"uv":[7,6,8,7],"texture":"#0"},
"west":{"uv":[7,6,8,7],"texture":"#0"},
"east":{"uv":[7,6,8,7],"texture":"#0"}
}
},
{
"from":[5.1875,7.9906,6.8319],
"to":[5.40625,8.653099,7.12877],
"rotation":{"origin":[5.40625,7.759369,7.222561],"axis":"x","angle":22.5},
"faces":{
"down":{"uv":[7,6,8,7],"texture":"#0"},
"up":{"uv":[7,6,8,7],"texture":"#0"},
"north":{"uv":[7,6,8,7],"texture":"#0"},
"south":{"uv":[7,6,8,7],"texture":"#0"},
"west":{"uv":[7,6,8,7],"texture":"#0"},
"east":{"uv":[7,6,8,7],"texture":"#0"}
}
},
{
"from":[5.1875,6.475,8.5194],
"to":[5.40625,7.1375,8.80065],
"rotation":{"origin":[5.4375,6.525,9.25381],"axis":"x","angle":22.5},
"faces":{
"down":{"uv":[7,6,8,7],"texture":"#0"},
"up":{"uv":[7,6,8,7],"texture":"#0"},
"north":{"uv":[7,6,8,7],"texture":"#0"},
"south":{"uv":[7,6,8,7],"texture":"#0"},
"west":{"uv":[7,6,8,7],"texture":"#0"},
"east":{"uv":[7,6,8,7],"texture":"#0"}
}
},
{
"from":[5.1875,6.6625,7.2538],
"to":[5.40625,7.325,7.51943],
"rotation":{"origin":[5.4375,6.525,7.222561],"axis":"x","angle":-22.5},
"faces":{
"up":{"uv":[7,6,8,7],"texture":"#0"},
"north":{"uv":[7,6,8,7],"texture":"#0"},
"south":{"uv":[7,6,8,7],"texture":"#0"},
"west":{"uv":[7,6,8,7],"texture":"#0"},
"east":{"uv":[7,6,8,7],"texture":"#0"}
}
},
{
"from":[4.3125,8.1469,8.9101],
"to":[4.53125,8.819901,9.206981],
"rotation":{"origin":[4.53125,7.759369,9.25381],"axis":"x","angle":-22.5},
"faces":{
"down":{"uv":[7,6,8,7],"texture":"#0"},
"up":{"uv":[7,6,8,7],"texture":"#0"},
"north":{"uv":[7,6,8,7],"texture":"#0"},
"south":{"uv":[7,6,8,7],"texture":"#0"},
"west":{"uv":[7,6,8,7],"texture":"#0"},
"east":{"uv":[7,6,8,7],"texture":"#0"}
}
},
{
"from":[4.3125,7.9906,6.8319],
"to":[4.53125,8.653099,7.12877],
"rotation":{"origin":[4.53125,7.759369,7.222561],"axis":"x","angle":22.5},
"faces":{
"down":{"uv":[7,6,8,7],"texture":"#0"},
"up":{"uv":[7,6,8,7],"texture":"#0"},
"north":{"uv":[7,6,8,7],"texture":"#0"},
"south":{"uv":[7,6,8,7],"texture":"#0"},
"west":{"uv":[7,6,8,7],"texture":"#0"},
"east":{"uv":[7,6,8,7],"texture":"#0"}
}
},
{
"from":[4.3125,6.475,8.5194],
"to":[4.53125,7.1375,8.80065],
"rotation":{"origin":[4.5625,6.525,9.25381],"axis":"x","angle":22.5},
"faces":{
"down":{"uv":[7,6,8,7],"texture":"#0"},
"up":{"uv":[7,6,8,7],"texture":"#0"},
"north":{"uv":[7,6,8,7],"texture":"#0"},
"south":{"uv":[7,6,8,7],"texture":"#0"},
"west":{"uv":[7,6,8,7],"texture":"#0"},
"east":{"uv":[7,6,8,7],"texture":"#0"}
}
},
{
"from":[4.3125,6.6625,7.2538],
"to":[4.53125,7.325,7.51943],
"rotation":{"origin":[4.5625,6.525,7.222561],"axis":"x","angle":-22.5},
"faces":{
"up":{"uv":[7,6,8,7],"texture":"#0"},
"north":{"uv":[7,6,8,7],"texture":"#0"},
"south":{"uv":[7,6,8,7],"texture":"#0"},
"west":{"uv":[7,6,8,7],"texture":"#0"},
"east":{"uv":[7,6,8,7],"texture":"#0"}
}
},
{
"from":[3.4375,6.6625,7.2538],
"to":[3.65625,7.325,7.51943],
"rotation":{"origin":[3.6875,6.525,7.222561],"axis":"x","angle":-22.5},
"faces":{
"up":{"uv":[7,6,8,7],"texture":"#0"},
"north":{"uv":[7,6,8,7],"texture":"#0"},
"south":{"uv":[7,6,8,7],"texture":"#0"},
"west":{"uv":[7,6,8,7],"texture":"#0"},
"east":{"uv":[7,6,8,7],"texture":"#0"}
}
},
{
"from":[3.4375,8.1469,8.9101],
"to":[3.65625,8.819901,9.206981],
"rotation":{"origin":[3.65625,7.759369,9.25381],"axis":"x","angle":-22.5},
"faces":{
"down":{"uv":[7,6,8,7],"texture":"#0"},
"up":{"uv":[7,6,8,7],"texture":"#0"},
"north":{"uv":[7,6,8,7],"texture":"#0"},
"south":{"uv":[7,6,8,7],"texture":"#0"},
"west":{"uv":[7,6,8,7],"texture":"#0"},
"east":{"uv":[7,6,8,7],"texture":"#0"}
}
},
{
"from":[30.625,7.7562,6.7538],
"to":[30.78125,8.778069,7.1288],
"rotation":{"origin":[17.15625,7.571869,7.222561],"axis":"x","angle":22.5},
"faces":{
"north":{"uv":[7,6,8,7],"texture":"#0"},
"south":{"uv":[7,6,8,7],"texture":"#0"},
"west":{"uv":[7,6,8,7],"texture":"#0"},
"east":{"uv":[7,6,8,7],"texture":"#0"}
}
},
{
"from":[3.4375,7.9906,6.8319],
"to":[3.65625,8.653099,7.12877],
"rotation":{"origin":[3.65625,7.759369,7.222561],"axis":"x","angle":22.5},
"faces":{
"down":{"uv":[7,6,8,7],"texture":"#0"},
"up":{"uv":[7,6,8,7],"texture":"#0"},
"north":{"uv":[7,6,8,7],"texture":"#0"},
"south":{"uv":[7,6,8,7],"texture":"#0"},
"west":{"uv":[7,6,8,7],"texture":"#0"},
"east":{"uv":[7,6,8,7],"texture":"#0"}
}
},
{
"from":[3.4375,6.475,8.5194],
"to":[3.65625,7.1375,8.80065],
"rotation":{"origin":[3.6875,6.525,9.25381],"axis":"x","angle":22.5},
"faces":{
"down":{"uv":[7,6,8,7],"texture":"#0"},
"up":{"uv":[7,6,8,7],"texture":"#0"},
"north":{"uv":[7,6,8,7],"texture":"#0"},
"south":{"uv":[7,6,8,7],"texture":"#0"},
"west":{"uv":[7,6,8,7],"texture":"#0"},
"east":{"uv":[7,6,8,7],"texture":"#0"}
}
},
{
"from":[9.656199,7.7875,6.7538],
"to":[13.4062,8.77812,7.1288],
"rotation":{"origin":[15.59375,7.571869,7.222561],"axis":"x","angle":22.5},
"faces":{
"down":{"uv":[7,6,8,7],"texture":"#0"},
"north":{"uv":[7,6,8,7],"texture":"#0"},
"south":{"uv":[7,6,8,7],"texture":"#0"},
"west":{"uv":[7,6,8,7],"texture":"#0"},
"east":{"uv":[7,6,8,7],"texture":"#0"}
}
},
{
"from":[18.2656,7.7875,6.7538],
"to":[30.62497,8.77812,7.1288],
"rotation":{"origin":[15.59375,7.571869,7.222561],"axis":"x","angle":22.5},
"faces":{
"down":{"uv":[7,6,8,7],"texture":"#0"},
"north":{"uv":[7,6,8,7],"texture":"#0"},
"south":{"uv":[7,6,8,7],"texture":"#0"},
"west":{"uv":[7,6,8,7],"texture":"#0"},
"east":{"uv":[7,6,8,7],"texture":"#0"}
}
},
{
"from":[12.5312,7.3187,6.9413],
"to":[21.18745,8.76245,7.03505],
"rotation":{"origin":[15.59375,7.571869,7.222561],"axis":"x","angle":22.5},
"faces":{
"down":{"uv":[7,6,8,7],"texture":"#3"},
"north":{"uv":[7,6,8,7],"texture":"#3"},
"south":{"uv":[7,6,8,7],"texture":"#3"},
"west":{"uv":[7,6,8,7],"texture":"#3"},
"east":{"uv":[7,6,8,7],"texture":"#3"}
}
},
{
"from":[30.625,8.4906,7.2512],
"to":[30.78125,8.8656,8.75745],
"faces":{
"up":{"uv":[7,6,8,7],"texture":"#0"},
"north":{"uv":[7,6,8,7],"texture":"#0"},
"south":{"uv":[7,6,8,7],"texture":"#0"},
"west":{"uv":[7,6,8,7],"texture":"#0"}
}
},
{
"from":[30.625,7.9125,8.9101],
"to":[30.78125,8.94487,9.2851],
"rotation":{"origin":[17.15625,7.571869,9.25381],"axis":"x","angle":-22.5},
"faces":{
"down":{"uv":[7,6,8,7],"texture":"#0"},
"north":{"uv":[7,6,8,7],"texture":"#0"},
"south":{"uv":[7,6,8,7],"texture":"#0"},
"west":{"uv":[7,6,8,7],"texture":"#0"},
"east":{"uv":[7,6,8,7],"texture":"#0"}
}
},
{
"from":[30.625,7.7406,7.21],
"to":[30.78125,8.584349,8.81],
"faces":{
"up":{"uv":[7,6,8,7],"texture":"#0"},
"north":{"uv":[7,6,8,7],"texture":"#0"},
"south":{"uv":[7,6,8,7],"texture":"#0"},
"west":{"uv":[7,6,8,7],"texture":"#0"}
}
},
{
"from":[30.625,3.9125,7.345],
"to":[30.78125,4.568749,8.695],
"faces":{
"down":{"uv":[7,6,8,7],"texture":"#0"},
"north":{"uv":[7,6,8,7],"texture":"#0"},
"south":{"uv":[7,6,8,7],"texture":"#0"},
"west":{"uv":[7,6,8,7],"texture":"#0"}
}
},
{
"from":[30.625,6.3812,6.8662],
"to":[30.78125,7.92807,9.138081],
"faces":{
"down":{"uv":[7,6,8,7],"texture":"#0"},
"up":{"uv":[7,6,8,7],"texture":"#0"},
"north":{"uv":[7,6,8,7],"texture":"#0"},
"south":{"uv":[7,6,8,7],"texture":"#0"},
"west":{"uv":[7,6,8,7],"texture":"#0"}
}
},
{
"from":[15.5125,1.5031,7.3725],
"to":[16.6875,6.65935,8.647499],
"faces":{
"down":{"uv":[7,6,8,7],"texture":"#3"},
"north":{"uv":[7,6,8,7],"texture":"#3"},
"south":{"uv":[7,6,8,7],"texture":"#3"},
"west":{"uv":[7,6,8,7],"texture":"#3"}
}
},
{
"from":[14.3562,1.6594,7.56],
"to":[15.5312,6.6594,8.459999],
"faces":{
"down":{"uv":[7,6,8,7],"texture":"#3"},
"north":{"uv":[7,6,8,7],"texture":"#3"},
"south":{"uv":[7,6,8,7],"texture":"#3"},
"west":{"uv":[7,6,8,7],"texture":"#3"}
}
},
{
"from":[13.2312,1.8156,7.3725],
"to":[14.37495,6.65935,8.647499],
"faces":{
"down":{"uv":[7,6,8,7],"texture":"#3"},
"north":{"uv":[7,6,8,7],"texture":"#3"},
"south":{"uv":[7,6,8,7],"texture":"#3"},
"west":{"uv":[7,6,8,7],"texture":"#3"},
"east":{"uv":[7,6,8,7],"texture":"#3"}
}
},
{
"from":[15.0438,1.5344,7.2788],
"to":[15.6563,1.7219,8.7413],
"faces":{
"down":{"uv":[7,6,8,7],"texture":"#3"},
"up":{"uv":[7,6,8,7],"texture":"#3"},
"north":{"uv":[7,6,8,7],"texture":"#3"},
"south":{"uv":[7,6,8,7],"texture":"#3"},
"west":{"uv":[7,6,8,7],"texture":"#3"},
"east":{"uv":[7,6,8,7],"texture":"#3"}
}
},
{
"from":[13.8875,1.7219,7.2788],
"to":[14.5,1.9094,8.7413],
"faces":{
"down":{"uv":[7,6,8,7],"texture":"#3"},
"up":{"uv":[7,6,8,7],"texture":"#3"},
"north":{"uv":[7,6,8,7],"texture":"#3"},
"south":{"uv":[7,6,8,7],"texture":"#3"},
"west":{"uv":[7,6,8,7],"texture":"#3"},
"east":{"uv":[7,6,8,7],"texture":"#3"}
}
},
{
"from":[16.2,1.3781,7.2788],
"to":[16.8125,1.5656,8.7413],
"faces":{
"down":{"uv":[7,6,8,7],"texture":"#3"},
"up":{"uv":[7,6,8,7],"texture":"#3"},
"north":{"uv":[7,6,8,7],"texture":"#3"},
"south":{"uv":[7,6,8,7],"texture":"#3"},
"west":{"uv":[7,6,8,7],"texture":"#3"},
"east":{"uv":[7,6,8,7],"texture":"#3"}
}
},
{
"from":[17.3875,1.2219,7.2788],
"to":[18.03125,1.4094,8.7413],
"faces":{
"down":{"uv":[7,6,8,7],"texture":"#3"},
"up":{"uv":[7,6,8,7],"texture":"#3"},
"north":{"uv":[7,6,8,7],"texture":"#3"},
"south":{"uv":[7,6,8,7],"texture":"#3"},
"west":{"uv":[7,6,8,7],"texture":"#3"},
"east":{"uv":[7,6,8,7],"texture":"#3"}
}
},
{
"from":[-14.0188,7.0594,6.8538],
"to":[-10.6688,8.6594,7.38505],
"faces":{
"down":{"uv":[7,6,8,7],"texture":"#3"},
"up":{"uv":[7,6,8,7],"texture":"#3"},
"north":{"uv":[7,6,8,7],"texture":"#3"},
"south":{"uv":[7,6,8,7],"texture":"#3"},
"west":{"uv":[7,6,8,7],"texture":"#3"},
"east":{"uv":[7,6,8,7],"texture":"#3"}
}
},
{
"from":[-13.7062,7.0594,6.6662],
"to":[-10.4187,8.6594,7.0412],
"faces":{
"down":{"uv":[7,6,8,7],"texture":"#3"},
"up":{"uv":[7,6,8,7],"texture":"#3"},
"north":{"uv":[7,6,8,7],"texture":"#3"},
"south":{"uv":[7,6,8,7],"texture":"#3"},
"west":{"uv":[7,6,8,7],"texture":"#3"},
"east":{"uv":[7,6,8,7],"texture":"#3"}
}
},
{
"from":[-14.0188,7.0594,8.6662],
"to":[-10.6688,8.6594,9.19745],
"faces":{
"down":{"uv":[7,6,8,7],"texture":"#3"},
"up":{"uv":[7,6,8,7],"texture":"#3"},
"north":{"uv":[7,6,8,7],"texture":"#3"},
"south":{"uv":[7,6,8,7],"texture":"#3"},
"west":{"uv":[7,6,8,7],"texture":"#3"},
"east":{"uv":[7,6,8,7],"texture":"#3"}
}
},
{
"from":[-13.7062,7.0594,9.01],
"to":[-10.4187,8.6594,9.385],
"faces":{
"down":{"uv":[7,6,8,7],"texture":"#3"},
"up":{"uv":[7,6,8,7],"texture":"#3"},
"north":{"uv":[7,6,8,7],"texture":"#3"},
"south":{"uv":[7,6,8,7],"texture":"#3"},
"west":{"uv":[7,6,8,7],"texture":"#3"},
"east":{"uv":[7,6,8,7],"texture":"#3"}
}
},
{
"from":[-13.7062,8.4969,9.3538],
"to":[-10.4187,8.6594,9.63505],
"faces":{
"down":{"uv":[7,6,8,7],"texture":"#3"},
"up":{"uv":[7,6,8,7],"texture":"#3"},
"south":{"uv":[7,6,8,7],"texture":"#3"},
"west":{"uv":[7,6,8,7],"texture":"#3"},
"east":{"uv":[7,6,8,7],"texture":"#3"}
}
},
{
"from":[-12.175,7.2469,9.3538],
"to":[-11.91875,8.50315,9.63505],
"faces":{
"down":{"uv":[7,6,8,7],"texture":"#3"},
"south":{"uv":[7,6,8,7],"texture":"#3"},
"west":{"uv":[7,6,8,7],"texture":"#3"},
"east":{"uv":[7,6,8,7],"texture":"#3"}
}
},
{
"from":[-13.7062,7.0594,9.3538],
"to":[-10.4187,7.2219,9.63505],
"faces":{
"down":{"uv":[7,6,8,7],"texture":"#3"},
"up":{"uv":[7,6,8,7],"texture":"#3"},
"south":{"uv":[7,6,8,7],"texture":"#3"},
"west":{"uv":[7,6,8,7],"texture":"#3"},
"east":{"uv":[7,6,8,7],"texture":"#3"}
}
},
{
"from":[-13.7062,7.2469,9.3538],
"to":[-13.4187,8.50315,9.63505],
"faces":{
"down":{"uv":[7,6,8,7],"texture":"#3"},
"south":{"uv":[7,6,8,7],"texture":"#3"},
"west":{"uv":[7,6,8,7],"texture":"#3"},
"east":{"uv":[7,6,8,7],"texture":"#3"}
}
},
{
"from":[-10.7062,7.2469,9.3538],
"to":[-10.4187,8.50315,9.63505],
"faces":{
"down":{"uv":[7,6,8,7],"texture":"#3"},
"south":{"uv":[7,6,8,7],"texture":"#3"},
"west":{"uv":[7,6,8,7],"texture":"#3"},
"east":{"uv":[7,6,8,7],"texture":"#3"}
}
},
{
"from":[15.0625,4.5906,8.8225],
"to":[18.21875,4.7156,9.04438],
"faces":{
"down":{"uv":[7,6,8,7],"texture":"#0"},
"north":{"uv":[7,6,8,7],"texture":"#0"},
"south":{"uv":[7,6,8,7],"texture":"#0"},
"west":{"uv":[7,6,8,7],"texture":"#0"}
}
},
{
"from":[14.0312,4.7156,8.8225],
"to":[18.2187,4.87185,9.04438],
"faces":{
"down":{"uv":[7,6,8,7],"texture":"#0"},
"north":{"uv":[7,6,8,7],"texture":"#0"},
"south":{"uv":[7,6,8,7],"texture":"#0"},
"west":{"uv":[7,6,8,7],"texture":"#0"}
}
},
{
"from":[16.0938,4.4344,8.8225],
"to":[18.2188,4.59065,9.04438],
"faces":{
"down":{"uv":[7,6,8,7],"texture":"#0"},
"north":{"uv":[7,6,8,7],"texture":"#0"},
"south":{"uv":[7,6,8,7],"texture":"#0"},
"west":{"uv":[7,6,8,7],"texture":"#0"}
}
},
{
"from":[17.1875,4.3094,8.8225],
"to":[18.21875,4.4344,9.04438],
"faces":{
"down":{"uv":[7,6,8,7],"texture":"#0"},
"north":{"uv":[7,6,8,7],"texture":"#0"},
"south":{"uv":[7,6,8,7],"texture":"#0"},
"west":{"uv":[7,6,8,7],"texture":"#0"}
}
},
{
"from":[16.7938,1.2844,7.2788],
"to":[17.43755,1.4719,8.7413],
"faces":{
"down":{"uv":[7,6,8,7],"texture":"#3"},
"up":{"uv":[7,6,8,7],"texture":"#3"},
"north":{"uv":[7,6,8,7],"texture":"#3"},
"south":{"uv":[7,6,8,7],"texture":"#3"},
"west":{"uv":[7,6,8,7],"texture":"#3"},
"east":{"uv":[7,6,8,7],"texture":"#3"}
}
},
{
"from":[15.6375,1.4406,7.2788],
"to":[16.21875,1.6281,8.7413],
"faces":{
"down":{"uv":[7,6,8,7],"texture":"#3"},
"up":{"uv":[7,6,8,7],"texture":"#3"},
"north":{"uv":[7,6,8,7],"texture":"#3"},
"south":{"uv":[7,6,8,7],"texture":"#3"},
"west":{"uv":[7,6,8,7],"texture":"#3"},
"east":{"uv":[7,6,8,7],"texture":"#3"}
}
},
{
"from":[14.4812,1.6281,7.2788],
"to":[15.06245,1.78435,8.7413],
"faces":{
"down":{"uv":[7,6,8,7],"texture":"#3"},
"up":{"uv":[7,6,8,7],"texture":"#3"},
"north":{"uv":[7,6,8,7],"texture":"#3"},
"south":{"uv":[7,6,8,7],"texture":"#3"},
"west":{"uv":[7,6,8,7],"texture":"#3"},
"east":{"uv":[7,6,8,7],"texture":"#3"}
}
},
{
"from":[13.2625,1.7844,7.2788],
"to":[13.90625,1.9719,8.7413],
"faces":{
"down":{"uv":[7,6,8,7],"texture":"#3"},
"up":{"uv":[7,6,8,7],"texture":"#3"},
"north":{"uv":[7,6,8,7],"texture":"#3"},
"south":{"uv":[7,6,8,7],"texture":"#3"},
"west":{"uv":[7,6,8,7],"texture":"#3"},
"east":{"uv":[7,6,8,7],"texture":"#3"}
}
},
{
"from":[30.625,5.1312,7.0638],
"to":[30.78125,5.7562,8.94505],
"faces":{
"down":{"uv":[7,6,8,7],"texture":"#0"},
"north":{"uv":[7,6,8,7],"texture":"#0"},
"south":{"uv":[7,6,8,7],"texture":"#0"},
"west":{"uv":[7,6,8,7],"texture":"#0"}
}
},
{
"from":[30.625,4.5687,7.1888],
"to":[30.78125,5.16245,8.8513],
"faces":{
"down":{"uv":[7,6,8,7],"texture":"#0"},
"north":{"uv":[7,6,8,7],"texture":"#0"},
"south":{"uv":[7,6,8,7],"texture":"#0"},
"west":{"uv":[7,6,8,7],"texture":"#0"}
}
},
{
"from":[30.625,5.7562,6.96],
"to":[30.78125,6.3812,9.06],
"faces":{
"down":{"uv":[7,6,8,7],"texture":"#0"},
"north":{"uv":[7,6,8,7],"texture":"#0"},
"south":{"uv":[7,6,8,7],"texture":"#0"},
"west":{"uv":[7,6,8,7],"texture":"#0"}
}
},
{
"from":[30.7812,7.7406,7.21],
"to":[31.4687,8.584349,8.81],
"faces":{
"up":{"uv":[7,6,8,7],"texture":"#3"},
"north":{"uv":[7,6,8,7],"texture":"#3"},
"south":{"uv":[7,6,8,7],"texture":"#3"},
"east":{"uv":[7,6,8,7],"texture":"#3"}
}
},
{
"from":[30.7812,8.4906,7.2512],
"to":[31.4687,8.8656,8.75745],
"faces":{
"up":{"uv":[7,6,8,7],"texture":"#3"},
"north":{"uv":[7,6,8,7],"texture":"#3"},
"south":{"uv":[7,6,8,7],"texture":"#3"},
"east":{"uv":[7,6,8,7],"texture":"#3"}
}
},
{
"from":[30.7812,7.7875,6.7538],
"to":[31.4687,8.77812,7.1288],
"rotation":{"origin":[17.3125,7.571869,7.222561],"axis":"x","angle":22.5},
"faces":{
"down":{"uv":[7,6,8,7],"texture":"#3"},
"north":{"uv":[7,6,8,7],"texture":"#3"},
"south":{"uv":[7,6,8,7],"texture":"#3"},
"west":{"uv":[7,6,8,7],"texture":"#3"},
"east":{"uv":[7,6,8,7],"texture":"#3"}
}
},
{
"from":[30.7812,6.3812,6.8662],
"to":[31.4687,7.92807,9.138081],
"faces":{
"down":{"uv":[7,6,8,7],"texture":"#3"},
"up":{"uv":[7,6,8,7],"texture":"#3"},
"north":{"uv":[7,6,8,7],"texture":"#3"},
"south":{"uv":[7,6,8,7],"texture":"#3"},
"east":{"uv":[7,6,8,7],"texture":"#3"}
}
},
{
"from":[30.7812,7.9438,8.9101],
"to":[31.4687,8.944921,9.2851],
"rotation":{"origin":[17.3125,7.571869,9.25381],"axis":"x","angle":-22.5},
"faces":{
"north":{"uv":[7,6,8,7],"texture":"#3"},
"south":{"uv":[7,6,8,7],"texture":"#3"},
"west":{"uv":[7,6,8,7],"texture":"#3"},
"east":{"uv":[7,6,8,7],"texture":"#3"}
}
},
{
"from":[30.7812,5.7562,6.96],
"to":[31.4687,6.3812,9.06],
"faces":{
"down":{"uv":[7,6,8,7],"texture":"#3"},
"north":{"uv":[7,6,8,7],"texture":"#3"},
"south":{"uv":[7,6,8,7],"texture":"#3"},
"east":{"uv":[7,6,8,7],"texture":"#3"}
}
},
{
"from":[30.7812,5.1312,7.0638],
"to":[31.4687,5.7562,8.94505],
"faces":{
"down":{"uv":[7,6,8,7],"texture":"#3"},
"north":{"uv":[7,6,8,7],"texture":"#3"},
"south":{"uv":[7,6,8,7],"texture":"#3"},
"east":{"uv":[7,6,8,7],"texture":"#3"}
}
},
{
"from":[30.7812,4.5687,7.1888],
"to":[31.4687,5.16245,8.8513],
"faces":{
"down":{"uv":[7,6,8,7],"texture":"#3"},
"north":{"uv":[7,6,8,7],"texture":"#3"},
"south":{"uv":[7,6,8,7],"texture":"#3"},
"east":{"uv":[7,6,8,7],"texture":"#3"}
}
},
{
"from":[30.7812,3.9125,7.345],
"to":[31.4687,4.568749,8.695],
"faces":{
"down":{"uv":[7,6,8,7],"texture":"#3"},
"north":{"uv":[7,6,8,7],"texture":"#3"},
"south":{"uv":[7,6,8,7],"texture":"#3"},
"east":{"uv":[7,6,8,7],"texture":"#3"}
}
},
{
"from":[24.3082,4.2006,7.635],
"to":[25.71445,4.81936,8.3475],
"rotation":{"origin":[25.83942,5.50999,7.99125],"axis":"z","angle":45},
"faces":{
"down":{"uv":[7,6,8,7],"texture":"#0"},
"up":{"uv":[7,6,8,7],"texture":"#0"},
"north":{"uv":[7,6,8,7],"texture":"#0"},
"south":{"uv":[7,6,8,7],"texture":"#0"},
"west":{"uv":[7,6,8,7],"texture":"#0"},
"east":{"uv":[7,6,8,7],"texture":"#0"}
}
},
{
"from":[18.2188,6.2156,7.2912],
"to":[19.3438,6.5906,8.5912],
"faces":{
"down":{"uv":[7,6,8,7],"texture":"#0"},
"north":{"uv":[7,6,8,7],"texture":"#0"},
"south":{"uv":[7,6,8,7],"texture":"#0"},
"east":{"uv":[7,6,8,7],"texture":"#0"}
}
},
{
"from":[2.1875,6.9594,7.1731],
"to":[2.5625,8.584399,8.851221],
"faces":{
"down":{"uv":[7,6,8,7],"texture":"#0"},
"up":{"uv":[7,6,8,7],"texture":"#0"},
"north":{"uv":[7,6,8,7],"texture":"#0"},
"south":{"uv":[7,6,8,7],"texture":"#0"},
"west":{"uv":[7,6,8,7],"texture":"#0"},
"east":{"uv":[7,6,8,7],"texture":"#0"}
}
},
{
"from":[12.6875,5.6531,7.01],
"to":[18.21875,7.5281,7.185],
"faces":{
"down":{"uv":[7,6,8,7],"texture":"#0"},
"up":{"uv":[7,6,8,7],"texture":"#0"},
"north":{"uv":[7,6,8,7],"texture":"#0"},
"south":{"uv":[7,6,8,7],"texture":"#0"},
"west":{"uv":[7,6,8,7],"texture":"#0"}
}
},
{
"from":[12.4375,6.3719,7.01],
"to":[12.6875,7.52815,7.185],
"faces":{
"down":{"uv":[7,6,8,7],"texture":"#0"},
"north":{"uv":[7,6,8,7],"texture":"#0"},
"south":{"uv":[7,6,8,7],"texture":"#0"},
"west":{"uv":[7,6,8,7],"texture":"#0"}
}
},
{
"from":[12.8438,5.0281,7.01],
"to":[18.2188,5.74685,7.185],
"faces":{
"down":{"uv":[7,6,8,7],"texture":"#0"},
"north":{"uv":[7,6,8,7],"texture":"#0"},
"south":{"uv":[7,6,8,7],"texture":"#0"},
"west":{"uv":[7,6,8,7],"texture":"#0"}
}
},
{
"from":[13.1562,4.8719,7.01],
"to":[18.2187,5.02815,7.185],
"faces":{
"down":{"uv":[7,6,8,7],"texture":"#0"},
"north":{"uv":[7,6,8,7],"texture":"#0"},
"south":{"uv":[7,6,8,7],"texture":"#0"},
"west":{"uv":[7,6,8,7],"texture":"#0"}
}
},
{
"from":[14.0312,4.7156,7.01],
"to":[18.2187,4.87185,7.185],
"faces":{
"down":{"uv":[7,6,8,7],"texture":"#0"},
"north":{"uv":[7,6,8,7],"texture":"#0"},
"south":{"uv":[7,6,8,7],"texture":"#0"},
"west":{"uv":[7,6,8,7],"texture":"#0"}
}
},
{
"from":[15.0625,4.5906,7.01],
"to":[18.21875,4.7156,7.185],
"faces":{
"down":{"uv":[7,6,8,7],"texture":"#0"},
"north":{"uv":[7,6,8,7],"texture":"#0"},
"south":{"uv":[7,6,8,7],"texture":"#0"},
"west":{"uv":[7,6,8,7],"texture":"#0"}
}
},
{
"from":[17.1875,4.3094,7.01],
"to":[18.21875,4.4344,7.185],
"faces":{
"down":{"uv":[7,6,8,7],"texture":"#0"},
"north":{"uv":[7,6,8,7],"texture":"#0"},
"south":{"uv":[7,6,8,7],"texture":"#0"},
"west":{"uv":[7,6,8,7],"texture":"#0"}
}
},
{
"from":[16.0938,4.4344,7.01],
"to":[18.2188,4.59065,7.185],
"faces":{
"down":{"uv":[7,6,8,7],"texture":"#0"},
"north":{"uv":[7,6,8,7],"texture":"#0"},
"south":{"uv":[7,6,8,7],"texture":"#0"},
"west":{"uv":[7,6,8,7],"texture":"#0"}
}
},
{
"from":[18.0312,4.3094,7.01],
"to":[18.2187,7.52815,9.04125],
"faces":{
"down":{"uv":[7,6,8,7],"texture":"#0"},
"up":{"uv":[7,6,8,7],"texture":"#0"},
"north":{"uv":[7,6,8,7],"texture":"#0"},
"south":{"uv":[7,6,8,7],"texture":"#0"},
"west":{"uv":[7,6,8,7],"texture":"#0"},
"east":{"uv":[7,6,8,7],"texture":"#0"}
}
},
{
"from":[13.0312,5.8406,7.1662],
"to":[13.31245,7.5281,8.87245],
"faces":{
"down":{"uv":[7,6,8,7],"texture":"#0"},
"up":{"uv":[7,6,8,7],"texture":"#0"},
"west":{"uv":[7,6,8,7],"texture":"#0"},
"east":{"uv":[7,6,8,7],"texture":"#0"}
}
},
{
"from":[16.6688,1.3781,7.3725],
"to":[17.8438,6.65935,8.647499],
"faces":{
"down":{"uv":[7,6,8,7],"texture":"#3"},
"north":{"uv":[7,6,8,7],"texture":"#3"},
"south":{"uv":[7,6,8,7],"texture":"#3"},
"west":{"uv":[7,6,8,7],"texture":"#3"}
}
},
{
"from":[18.1375,3.6906,7.6538],
"to":[18.25,6.65935,8.33505],
"rotation":{"origin":[18.03125,3.96561,7.9475],"axis":"z","angle":22.5},
"faces":{
"down":{"uv":[7,6,8,7],"texture":"#0"},
"north":{"uv":[7,6,8,7],"texture":"#0"},
"south":{"uv":[7,6,8,7],"texture":"#0"},
"west":{"uv":[7,6,8,7],"texture":"#0"},
"east":{"uv":[7,6,8,7],"texture":"#0"}
}
},
{
"from":[17.825,1.3781,7.3725],
"to":[18.0625,6.65935,8.647499],
"faces":{
"down":{"uv":[7,6,8,7],"texture":"#3"},
"north":{"uv":[7,6,8,7],"texture":"#3"},
"south":{"uv":[7,6,8,7],"texture":"#3"},
"east":{"uv":[7,6,8,7],"texture":"#3"}
}
},
{
"from":[-13.7062,7.2469,6.385],
"to":[-13.4187,8.50315,6.66625],
"faces":{
"down":{"uv":[7,6,8,7],"texture":"#3"},
"north":{"uv":[7,6,8,7],"texture":"#3"},
"west":{"uv":[7,6,8,7],"texture":"#3"},
"east":{"uv":[7,6,8,7],"texture":"#3"}
}
},
{
"from":[-12.175,7.2469,6.385],
"to":[-11.91875,8.50315,6.66625],
"faces":{
"down":{"uv":[7,6,8,7],"texture":"#3"},
"north":{"uv":[7,6,8,7],"texture":"#3"},
"west":{"uv":[7,6,8,7],"texture":"#3"},
"east":{"uv":[7,6,8,7],"texture":"#3"}
}
},
{
"from":[-10.7062,7.2469,6.385],
"to":[-10.4187,8.50315,6.66625],
"faces":{
"down":{"uv":[7,6,8,7],"texture":"#3"},
"north":{"uv":[7,6,8,7],"texture":"#3"},
"west":{"uv":[7,6,8,7],"texture":"#3"},
"east":{"uv":[7,6,8,7],"texture":"#3"}
}
},
{
"from":[-13.7062,8.4969,6.385],
"to":[-10.4187,8.6594,6.66625],
"faces":{
"down":{"uv":[7,6,8,7],"texture":"#3"},
"up":{"uv":[7,6,8,7],"texture":"#3"},
"north":{"uv":[7,6,8,7],"texture":"#3"},
"west":{"uv":[7,6,8,7],"texture":"#3"},
"east":{"uv":[7,6,8,7],"texture":"#3"}
}
},
{
"from":[-13.7062,7.0594,6.385],
"to":[-10.4187,7.2219,6.66625],
"faces":{
"down":{"uv":[7,6,8,7],"texture":"#3"},
"up":{"uv":[7,6,8,7],"texture":"#3"},
"north":{"uv":[7,6,8,7],"texture":"#3"},
"west":{"uv":[7,6,8,7],"texture":"#3"},
"east":{"uv":[7,6,8,7],"texture":"#3"}
}
},
{
"from":[24.3125,8.4906,7.1888],
"to":[29.71875,8.9906,8.82005],
"faces":{
"down":{"uv":[7,6,8,7],"texture":"#3"},
"up":{"uv":[7,6,8,7],"texture":"#3"},
"north":{"uv":[7,6,8,7],"texture":"#3"},
"south":{"uv":[7,6,8,7],"texture":"#3"},
"west":{"uv":[7,6,8,7],"texture":"#3"},
"east":{"uv":[7,6,8,7],"texture":"#3"}
}
},
{
"from":[24.3125,7.8812,6.6288],
"to":[29.71875,8.8562,7.2538],
"rotation":{"origin":[15.59375,7.571869,7.222561],"axis":"x","angle":22.5},
"faces":{
"down":{"uv":[7,6,8,7],"texture":"#3"},
"up":{"uv":[7,6,8,7],"texture":"#3"},
"north":{"uv":[7,6,8,7],"texture":"#3"},
"south":{"uv":[7,6,8,7],"texture":"#3"},
"west":{"uv":[7,6,8,7],"texture":"#3"},
"east":{"uv":[7,6,8,7],"texture":"#3"}
}
},
{
"from":[24.3125,8.0844,8.7851],
"to":[29.71875,9.069901,9.4101],
"rotation":{"origin":[15.59375,7.571869,9.25381],"axis":"x","angle":-22.5},
"faces":{
"down":{"uv":[7,6,8,7],"texture":"#3"},
"up":{"uv":[7,6,8,7],"texture":"#3"},
"north":{"uv":[7,6,8,7],"texture":"#3"},
"south":{"uv":[7,6,8,7],"texture":"#3"},
"west":{"uv":[7,6,8,7],"texture":"#3"},
"east":{"uv":[7,6,8,7],"texture":"#3"}
}
},
{
"from":[2.1875,6.6,7.21],
"to":[9.71875,6.975,7.77875],
"faces":{
"down":{"uv":[7,6,8,7],"texture":"#0"},
"up":{"uv":[7,6,8,7],"texture":"#0"},
"north":{"uv":[7,6,8,7],"texture":"#0"},
"south":{"uv":[7,6,8,7],"texture":"#0"},
"west":{"uv":[7,6,8,7],"texture":"#0"},
"east":{"uv":[7,6,8,7],"texture":"#0"}
}
},
{
"from":[2.1875,6.6,8.241199],
"to":[9.71875,6.975,8.79433],
"faces":{
"down":{"uv":[7,6,8,7],"texture":"#0"},
"up":{"uv":[7,6,8,7],"texture":"#0"},
"north":{"uv":[7,6,8,7],"texture":"#0"},
"south":{"uv":[7,6,8,7],"texture":"#0"},
"west":{"uv":[7,6,8,7],"texture":"#0"},
"east":{"uv":[7,6,8,7],"texture":"#0"}
}
},
{
"from":[2.1875,6.6,7.585],
"to":[6.3125,6.975,8.4975],
"faces":{
"down":{"uv":[7,6,8,7],"texture":"#0"},
"up":{"uv":[7,6,8,7],"texture":"#0"},
"west":{"uv":[7,6,8,7],"texture":"#0"},
"east":{"uv":[7,6,8,7],"texture":"#0"}
}
},
{
"from":[8.8125,6.6,7.585],
"to":[9.0313,6.975,8.4975],
"faces":{
"down":{"uv":[7,6,8,7],"texture":"#0"},
"up":{"uv":[7,6,8,7],"texture":"#0"},
"west":{"uv":[7,6,8,7],"texture":"#0"},
"east":{"uv":[7,6,8,7],"texture":"#0"}
}
},
{
"from":[7.9062,6.6,7.585],
"to":[8.125,6.975,8.4975],
"faces":{
"down":{"uv":[7,6,8,7],"texture":"#0"},
"up":{"uv":[7,6,8,7],"texture":"#0"},
"west":{"uv":[7,6,8,7],"texture":"#0"},
"east":{"uv":[7,6,8,7],"texture":"#0"}
}
},
{
"from":[7,6.6,7.585],
"to":[7.2188,6.975,8.4975],
"faces":{
"down":{"uv":[7,6,8,7],"texture":"#0"},
"up":{"uv":[7,6,8,7],"texture":"#0"},
"west":{"uv":[7,6,8,7],"texture":"#0"},
"east":{"uv":[7,6,8,7],"texture":"#0"}
}
},
{
"from":[4.6562,5.9125,7.7725],
"to":[4.9687,6.6,8.27875],
"faces":{
"down":{"uv":[7,6,8,7],"texture":"#0"},
"north":{"uv":[7,6,8,7],"texture":"#0"},
"south":{"uv":[7,6,8,7],"texture":"#0"},
"west":{"uv":[7,6,8,7],"texture":"#0"},
"east":{"uv":[7,6,8,7],"texture":"#0"}
}
},
{
"from":[5.5938,5.9125,7.7725],
"to":[5.9063,6.6,8.27875],
"faces":{
"down":{"uv":[7,6,8,7],"texture":"#0"},
"north":{"uv":[7,6,8,7],"texture":"#0"},
"south":{"uv":[7,6,8,7],"texture":"#0"},
"west":{"uv":[7,6,8,7],"texture":"#0"},
"east":{"uv":[7,6,8,7],"texture":"#0"}
}
},
{
"from":[5.5938,5.8656,7.8662],
"to":[5.9063,5.9281,8.18495],
"faces":{
"down":{"uv":[7,6,8,7],"texture":"#0"},
"north":{"uv":[7,6,8,7],"texture":"#0"},
"south":{"uv":[7,6,8,7],"texture":"#0"},
"west":{"uv":[7,6,8,7],"texture":"#0"},
"east":{"uv":[7,6,8,7],"texture":"#0"}
}
},
{
"from":[4.6562,5.8656,7.8662],
"to":[4.9687,5.9281,8.18495],
"faces":{
"down":{"uv":[7,6,8,7],"texture":"#0"},
"north":{"uv":[7,6,8,7],"texture":"#0"},
"south":{"uv":[7,6,8,7],"texture":"#0"},
"west":{"uv":[7,6,8,7],"texture":"#0"},
"east":{"uv":[7,6,8,7],"texture":"#0"}
}
},
{
"from":[4.1375,5.9687,7.9538],
"to":[6.39375,6.12495,8.0788],
"faces":{
"down":{"uv":[7,6,8,7],"texture":"#0"},
"up":{"uv":[7,6,8,7],"texture":"#0"},
"north":{"uv":[7,6,8,7],"texture":"#0"},
"south":{"uv":[7,6,8,7],"texture":"#0"},
"west":{"uv":[7,6,8,7],"texture":"#0"},
"east":{"uv":[7,6,8,7],"texture":"#0"}
}
},
{
"from":[4.975,6.125,6.8975],
"to":[5.1,6.28125,9.15375],
"faces":{
"down":{"uv":[7,6,8,7],"texture":"#0"},
"up":{"uv":[7,6,8,7],"texture":"#0"},
"north":{"uv":[7,6,8,7],"texture":"#0"},
"south":{"uv":[7,6,8,7],"texture":"#0"},
"west":{"uv":[7,6,8,7],"texture":"#0"},
"east":{"uv":[7,6,8,7],"texture":"#0"}
}
},
{
"from":[5.4438,6.125,6.8975],
"to":[5.5688,6.28125,9.15375],
"faces":{
"down":{"uv":[7,6,8,7],"texture":"#0"},
"up":{"uv":[7,6,8,7],"texture":"#0"},
"north":{"uv":[7,6,8,7],"texture":"#0"},
"south":{"uv":[7,6,8,7],"texture":"#0"},
"west":{"uv":[7,6,8,7],"texture":"#0"},
"east":{"uv":[7,6,8,7],"texture":"#0"}
}
},
{
"from":[4.975,5.5281,6.8606],
"to":[5.56875,6.28436,7.01685],
"rotation":{"origin":[5.27187,6.20312,6.85375],"axis":"x","angle":22.5},
"faces":{
"down":{"uv":[7,6,8,7],"texture":"#0"},
"up":{"uv":[7,6,8,7],"texture":"#0"},
"north":{"uv":[7,6,8,7],"texture":"#0"},
"south":{"uv":[7,6,8,7],"texture":"#0"},
"west":{"uv":[7,6,8,7],"texture":"#0"},
"east":{"uv":[7,6,8,7],"texture":"#0"}
}
},
{
"from":[4.975,4.6412,8.8515],
"to":[5.56875,5.39745,9.00775],
"rotation":{"origin":[5.27187,6.20312,6.85375],"axis":"x","angle":-22.5},
"faces":{
"down":{"uv":[7,6,8,7],"texture":"#0"},
"up":{"uv":[7,6,8,7],"texture":"#0"},
"north":{"uv":[7,6,8,7],"texture":"#0"},
"south":{"uv":[7,6,8,7],"texture":"#0"},
"west":{"uv":[7,6,8,7],"texture":"#0"},
"east":{"uv":[7,6,8,7],"texture":"#0"}
}
},
{
"from":[2.1875,9.0156,7.6038],
"to":[2.5,9.1531,8.44755],
"faces":{
"up":{"uv":[7,6,8,7],"texture":"#0"},
"north":{"uv":[7,6,8,7],"texture":"#0"},
"south":{"uv":[7,6,8,7],"texture":"#0"},
"west":{"uv":[7,6,8,7],"texture":"#0"},
"east":{"uv":[7,6,8,7],"texture":"#0"}
}
},
{
"from":[2.8125,9.0156,7.6038],
"to":[3.125,9.1531,8.44755],
"faces":{
"up":{"uv":[7,6,8,7],"texture":"#0"},
"north":{"uv":[7,6,8,7],"texture":"#0"},
"south":{"uv":[7,6,8,7],"texture":"#0"},
"west":{"uv":[7,6,8,7],"texture":"#0"},
"east":{"uv":[7,6,8,7],"texture":"#0"}
}
},
{
"from":[3.4375,9.0156,7.6038],
"to":[3.75,9.1531,8.44755],
"faces":{
"up":{"uv":[7,6,8,7],"texture":"#0"},
"north":{"uv":[7,6,8,7],"texture":"#0"},
"south":{"uv":[7,6,8,7],"texture":"#0"},
"west":{"uv":[7,6,8,7],"texture":"#0"},
"east":{"uv":[7,6,8,7],"texture":"#0"}
}
},
{
"from":[4.0625,9.0156,7.6038],
"to":[4.375,9.1531,8.44755],
"faces":{
"up":{"uv":[7,6,8,7],"texture":"#0"},
"north":{"uv":[7,6,8,7],"texture":"#0"},
"south":{"uv":[7,6,8,7],"texture":"#0"},
"west":{"uv":[7,6,8,7],"texture":"#0"},
"east":{"uv":[7,6,8,7],"texture":"#0"}
}
},
{
"from":[5.9375,9.0156,7.6038],
"to":[6.25,9.1531,8.44755],
"faces":{
"up":{"uv":[7,6,8,7],"texture":"#0"},
"north":{"uv":[7,6,8,7],"texture":"#0"},
"south":{"uv":[7,6,8,7],"texture":"#0"},
"west":{"uv":[7,6,8,7],"texture":"#0"},
"east":{"uv":[7,6,8,7],"texture":"#0"}
}
},
{
"from":[6.5625,9.0156,7.6038],
"to":[6.875,9.1531,8.44755],
"faces":{
"up":{"uv":[7,6,8,7],"texture":"#0"},
"north":{"uv":[7,6,8,7],"texture":"#0"},
"south":{"uv":[7,6,8,7],"texture":"#0"},
"west":{"uv":[7,6,8,7],"texture":"#0"},
"east":{"uv":[7,6,8,7],"texture":"#0"}
}
},
{
"from":[5.3125,9.0156,7.6038],
"to":[5.625,9.1531,8.44755],
"faces":{
"up":{"uv":[7,6,8,7],"texture":"#0"},
"north":{"uv":[7,6,8,7],"texture":"#0"},
"south":{"uv":[7,6,8,7],"texture":"#0"},
"west":{"uv":[7,6,8,7],"texture":"#0"},
"east":{"uv":[7,6,8,7],"texture":"#0"}
}
},
{
"from":[4.6875,9.0156,7.6038],
"to":[5,9.1531,8.44755],
"faces":{
"up":{"uv":[7,6,8,7],"texture":"#0"},
"north":{"uv":[7,6,8,7],"texture":"#0"},
"south":{"uv":[7,6,8,7],"texture":"#0"},
"west":{"uv":[7,6,8,7],"texture":"#0"},
"east":{"uv":[7,6,8,7],"texture":"#0"}
}
},
{
"from":[9.0625,9.0156,7.6038],
"to":[9.375,9.1531,8.44755],
"faces":{
"up":{"uv":[7,6,8,7],"texture":"#0"},
"north":{"uv":[7,6,8,7],"texture":"#0"},
"south":{"uv":[7,6,8,7],"texture":"#0"},
"east":{"uv":[7,6,8,7],"texture":"#0"}
}
},
{
"from":[7.1875,9.0156,7.6038],
"to":[7.5,9.1531,8.44755],
"faces":{
"up":{"uv":[7,6,8,7],"texture":"#0"},
"north":{"uv":[7,6,8,7],"texture":"#0"},
"south":{"uv":[7,6,8,7],"texture":"#0"},
"west":{"uv":[7,6,8,7],"texture":"#0"},
"east":{"uv":[7,6,8,7],"texture":"#0"}
}
},
{
"from":[15.9688,9.0156,7.6038],
"to":[16.2813,9.1531,8.44755],
"faces":{
"up":{"uv":[7,6,8,7],"texture":"#0"},
"north":{"uv":[7,6,8,7],"texture":"#0"},
"south":{"uv":[7,6,8,7],"texture":"#0"},
"west":{"uv":[7,6,8,7],"texture":"#0"},
"east":{"uv":[7,6,8,7],"texture":"#0"}
}
},
{
"from":[16.5938,9.0156,7.6038],
"to":[16.9063,9.1531,8.44755],
"faces":{
"up":{"uv":[7,6,8,7],"texture":"#0"},
"north":{"uv":[7,6,8,7],"texture":"#0"},
"south":{"uv":[7,6,8,7],"texture":"#0"},
"west":{"uv":[7,6,8,7],"texture":"#0"},
"east":{"uv":[7,6,8,7],"texture":"#0"}
}
},
{
"from":[15.3438,9.0156,7.6038],
"to":[15.6563,9.1531,8.44755],
"faces":{
"up":{"uv":[7,6,8,7],"texture":"#0"},
"north":{"uv":[7,6,8,7],"texture":"#0"},
"south":{"uv":[7,6,8,7],"texture":"#0"},
"west":{"uv":[7,6,8,7],"texture":"#0"},
"east":{"uv":[7,6,8,7],"texture":"#0"}
}
},
{
"from":[14.7188,9.0156,7.6038],
"to":[15.0313,9.1531,8.44755],
"faces":{
"up":{"uv":[7,6,8,7],"texture":"#0"},
"north":{"uv":[7,6,8,7],"texture":"#0"},
"south":{"uv":[7,6,8,7],"texture":"#0"},
"east":{"uv":[7,6,8,7],"texture":"#0"}
}
},
{
"from":[13.4688,9.0156,7.6038],
"to":[13.7813,9.1531,8.44755],
"faces":{
"up":{"uv":[7,6,8,7],"texture":"#0"},
"north":{"uv":[7,6,8,7],"texture":"#0"},
"south":{"uv":[7,6,8,7],"texture":"#0"},
"west":{"uv":[7,6,8,7],"texture":"#0"}
}
},
{
"from":[12.8438,9.0156,7.6038],
"to":[13.1563,9.1531,8.44755],
"faces":{
"up":{"uv":[7,6,8,7],"texture":"#0"},
"north":{"uv":[7,6,8,7],"texture":"#0"},
"south":{"uv":[7,6,8,7],"texture":"#0"},
"west":{"uv":[7,6,8,7],"texture":"#0"},
"east":{"uv":[7,6,8,7],"texture":"#0"}
}
},
{
"from":[12.2188,9.0156,7.6038],
"to":[12.5313,9.1531,8.44755],
"faces":{
"up":{"uv":[7,6,8,7],"texture":"#0"},
"north":{"uv":[7,6,8,7],"texture":"#0"},
"south":{"uv":[7,6,8,7],"texture":"#0"},
"west":{"uv":[7,6,8,7],"texture":"#0"},
"east":{"uv":[7,6,8,7],"texture":"#0"}
}
},
{
"from":[11.5938,9.0156,7.6038],
"to":[11.9063,9.1531,8.44755],
"faces":{
"up":{"uv":[7,6,8,7],"texture":"#0"},
"north":{"uv":[7,6,8,7],"texture":"#0"},
"south":{"uv":[7,6,8,7],"texture":"#0"},
"west":{"uv":[7,6,8,7],"texture":"#0"},
"east":{"uv":[7,6,8,7],"texture":"#0"}
}
},
{
"from":[10.9688,9.0156,7.6038],
"to":[11.2813,9.1531,8.44755],
"faces":{
"up":{"uv":[7,6,8,7],"texture":"#0"},
"north":{"uv":[7,6,8,7],"texture":"#0"},
"south":{"uv":[7,6,8,7],"texture":"#0"},
"west":{"uv":[7,6,8,7],"texture":"#0"},
"east":{"uv":[7,6,8,7],"texture":"#0"}
}
},
{
"from":[10.3438,9.0156,7.6038],
"to":[10.6563,9.1531,8.44755],
"faces":{
"up":{"uv":[7,6,8,7],"texture":"#0"},
"north":{"uv":[7,6,8,7],"texture":"#0"},
"south":{"uv":[7,6,8,7],"texture":"#0"},
"west":{"uv":[7,6,8,7],"texture":"#0"},
"east":{"uv":[7,6,8,7],"texture":"#0"}
}
},
{
"from":[9.7188,9.0156,7.6038],
"to":[10.0313,9.1531,8.44755],
"faces":{
"up":{"uv":[7,6,8,7],"texture":"#0"},
"north":{"uv":[7,6,8,7],"texture":"#0"},
"south":{"uv":[7,6,8,7],"texture":"#0"},
"west":{"uv":[7,6,8,7],"texture":"#0"},
"east":{"uv":[7,6,8,7],"texture":"#0"}
}
},
{
"from":[20.375,9.0156,7.6038],
"to":[20.6875,9.1531,8.44755],
"faces":{
"up":{"uv":[7,6,8,7],"texture":"#0"},
"north":{"uv":[7,6,8,7],"texture":"#0"},
"south":{"uv":[7,6,8,7],"texture":"#0"},
"west":{"uv":[7,6,8,7],"texture":"#0"},
"east":{"uv":[7,6,8,7],"texture":"#0"}
}
},
{
"from":[19.75,9.0156,7.6038],
"to":[20.0625,9.1531,8.44755],
"faces":{
"up":{"uv":[7,6,8,7],"texture":"#0"},
"north":{"uv":[7,6,8,7],"texture":"#0"},
"south":{"uv":[7,6,8,7],"texture":"#0"},
"west":{"uv":[7,6,8,7],"texture":"#0"},
"east":{"uv":[7,6,8,7],"texture":"#0"}
}
},
{
"from":[19.125,9.0156,7.6038],
"to":[19.4375,9.1531,8.44755],
"faces":{
"up":{"uv":[7,6,8,7],"texture":"#0"},
"north":{"uv":[7,6,8,7],"texture":"#0"},
"south":{"uv":[7,6,8,7],"texture":"#0"},
"west":{"uv":[7,6,8,7],"texture":"#0"},
"east":{"uv":[7,6,8,7],"texture":"#0"}
}
},
{
"from":[18.5,9.0156,7.6038],
"to":[18.8125,9.1531,8.44755],
"faces":{
"up":{"uv":[7,6,8,7],"texture":"#0"},
"north":{"uv":[7,6,8,7],"texture":"#0"},
"south":{"uv":[7,6,8,7],"texture":"#0"},
"west":{"uv":[7,6,8,7],"texture":"#0"},
"east":{"uv":[7,6,8,7],"texture":"#0"}
}
},
{
"from":[4.7313,5.8125,9.2663],
"to":[12.30005,6.15625,9.61005],
"rotation":{"origin":[7.53125,5.981239,9.4475],"axis":"x","angle":-22.5},
"faces":{
"down":{"uv":[7,6,8,7],"texture":"#3"},
"up":{"uv":[7,6,8,7],"texture":"#3"},
"north":{"uv":[7,6,8,7],"texture":"#3"},
"south":{"uv":[7,6,8,7],"texture":"#3"},
"west":{"uv":[7,6,8,7],"texture":"#3"},
"east":{"uv":[7,6,8,7],"texture":"#3"}
}
},
{
"from":[12.2313,5.625,8.9538],
"to":[12.3313,6.375,9.92255],
"rotation":{"origin":[7.53125,5.981239,9.4475],"axis":"x","angle":-22.5},
"faces":{
"down":{"uv":[7,6,8,7],"texture":"#3"},
"up":{"uv":[7,6,8,7],"texture":"#3"},
"north":{"uv":[7,6,8,7],"texture":"#3"},
"south":{"uv":[7,6,8,7],"texture":"#3"},
"west":{"uv":[7,6,8,7],"texture":"#3"},
"east":{"uv":[7,6,8,7],"texture":"#3"}
}
},
{
"from":[4.7313,4.75,6.6412],
"to":[12.30005,5.09375,6.98495],
"rotation":{"origin":[7.53125,5.981239,9.4475],"axis":"x","angle":22.5},
"faces":{
"down":{"uv":[7,6,8,7],"texture":"#3"},
"up":{"uv":[7,6,8,7],"texture":"#3"},
"north":{"uv":[7,6,8,7],"texture":"#3"},
"south":{"uv":[7,6,8,7],"texture":"#3"},
"west":{"uv":[7,6,8,7],"texture":"#3"},
"east":{"uv":[7,6,8,7],"texture":"#3"}
}
},
{
"from":[5.825,4.3125,6.7662],
"to":[10.70625,5.53125,6.85995],
"rotation":{"origin":[7.53125,5.981239,9.4475],"axis":"x","angle":22.5},
"faces":{
"down":{"uv":[7,6,8,7],"texture":"#3"},
"up":{"uv":[7,6,8,7],"texture":"#3"},
"north":{"uv":[7,6,8,7],"texture":"#3"},
"south":{"uv":[7,6,8,7],"texture":"#3"},
"west":{"uv":[7,6,8,7],"texture":"#3"},
"east":{"uv":[7,6,8,7],"texture":"#3"}
}
},
{
"from":[12.2313,4.5625,6.3288],
"to":[12.3313,5.3125,7.29755],
"rotation":{"origin":[7.53125,5.981239,9.4475],"axis":"x","angle":22.5},
"faces":{
"down":{"uv":[7,6,8,7],"texture":"#3"},
"up":{"uv":[7,6,8,7],"texture":"#3"},
"north":{"uv":[7,6,8,7],"texture":"#3"},
"south":{"uv":[7,6,8,7],"texture":"#3"},
"west":{"uv":[7,6,8,7],"texture":"#3"},
"east":{"uv":[7,6,8,7],"texture":"#3"}
}
},
{
"from":[12.8438,11.1719,7.7131],
"to":[21.1563,11.4844,8.29122],
"faces":{
"down":{"uv":[7,6,8,7],"texture":"#0"},
"up":{"uv":[7,6,8,7],"texture":"#0"},
"north":{"uv":[7,6,8,7],"texture":"#0"},
"south":{"uv":[7,6,8,7],"texture":"#0"},
"west":{"uv":[7,6,8,7],"texture":"#0"},
"east":{"uv":[7,6,8,7],"texture":"#0"}
}
},
{
"from":[17.0688,9.8406,6.9475],
"to":[18.38755,10.59685,8.959999],
"faces":{
"down":{"uv":[7,6,8,7],"texture":"#3"},
"up":{"uv":[7,6,8,7],"texture":"#3"},
"north":{"uv":[7,6,8,7],"texture":"#3"},
"south":{"uv":[7,6,8,7],"texture":"#3"},
"west":{"uv":[7,6,8,7],"texture":"#3"},
"east":{"uv":[7,6,8,7],"texture":"#3"}
}
},
{
"from":[17.0688,8.7469,7.3538],
"to":[18.38755,9.2219,8.71005],
"faces":{
"up":{"uv":[7,6,8,7],"texture":"#3"},
"north":{"uv":[7,6,8,7],"texture":"#3"},
"south":{"uv":[7,6,8,7],"texture":"#3"},
"west":{"uv":[7,6,8,7],"texture":"#3"},
"east":{"uv":[7,6,8,7],"texture":"#3"}
}
},
{
"from":[17.0688,10.5906,6.9475],
"to":[17.4188,11.53435,8.959999],
"faces":{
"up":{"uv":[7,6,8,7],"texture":"#3"},
"north":{"uv":[7,6,8,7],"texture":"#3"},
"south":{"uv":[7,6,8,7],"texture":"#3"},
"west":{"uv":[7,6,8,7],"texture":"#3"},
"east":{"uv":[7,6,8,7],"texture":"#3"}
}
},
{
"from":[22.5312,10.2031,7.2288],
"to":[22.8437,11.17185,8.69755],
"faces":{
"down":{"uv":[7,5,15,7.6],"texture":"#1"},
"up":{"uv":[2,10,10,12.6],"texture":"#1"},
"north":{"uv":[8,4,16,7.5],"texture":"#1"},
"south":{"uv":[7,4,15,7.5],"texture":"#1"},
"west":{"uv":[6,3,8.6,6.5],"texture":"#1"},
"east":{"uv":[4,5,6.6,8.5],"texture":"#1"}
}
},
{
"from":[22.5312,9.9531,7.4475],
"to":[22.8437,10.2031,8.525629],
"faces":{
"down":{"uv":[7,5,15,7.6],"texture":"#1"},
"north":{"uv":[8,4,16,7.5],"texture":"#1"},
"south":{"uv":[7,4,15,7.5],"texture":"#1"},
"west":{"uv":[6,3,8.6,6.5],"texture":"#1"},
"east":{"uv":[4,5,6.6,8.5],"texture":"#1"}
}
},
{
"from":[22.5312,11.1719,7.4475],
"to":[22.8437,11.4219,8.5475],
"faces":{
"up":{"uv":[2,10,10,12.6],"texture":"#1"},
"north":{"uv":[8,4,16,7.5],"texture":"#1"},
"south":{"uv":[7,4,15,7.5],"texture":"#1"},
"west":{"uv":[6,3,8.6,6.5],"texture":"#1"},
"east":{"uv":[4,5,6.6,8.5],"texture":"#1"}
}
},
{
"from":[18.0375,10.5906,6.9475],
"to":[18.3875,11.53435,8.959999],
"faces":{
"up":{"uv":[7,6,8,7],"texture":"#3"},
"north":{"uv":[7,6,8,7],"texture":"#3"},
"south":{"uv":[7,6,8,7],"texture":"#3"},
"west":{"uv":[7,6,8,7],"texture":"#3"},
"east":{"uv":[7,6,8,7],"texture":"#3"}
}
},
{
"from":[12.0625,11.4219,7.635],
"to":[12.84375,11.70315,8.35375],
"faces":{
"down":{"uv":[7,6,8,7],"texture":"#0"},
"up":{"uv":[7,6,8,7],"texture":"#0"},
"north":{"uv":[7,6,8,7],"texture":"#0"},
"south":{"uv":[7,6,8,7],"texture":"#0"},
"west":{"uv":[7,6,8,7],"texture":"#0"},
"east":{"uv":[7,6,8,7],"texture":"#0"}
}
},
{
"from":[10.375,11.6406,7.5725],
"to":[12.0625,11.8906,8.4475],
"faces":{
"down":{"uv":[7,6,8,7],"texture":"#0"},
"up":{"uv":[7,6,8,7],"texture":"#0"},
"north":{"uv":[7,6,8,7],"texture":"#0"},
"south":{"uv":[7,6,8,7],"texture":"#0"},
"west":{"uv":[7,6,8,7],"texture":"#0"},
"east":{"uv":[7,6,8,7],"texture":"#0"}
}
},
{
"from":[13.6625,8.8719,7.4162],
"to":[14.98125,9.9719,7.647449],
"faces":{
"north":{"uv":[7,6,8,7],"texture":"#3"},
"south":{"uv":[7,6,8,7],"texture":"#3"},
"west":{"uv":[7,6,8,7],"texture":"#3"},
"east":{"uv":[7,6,8,7],"texture":"#3"}
}
},
{
"from":[13.6625,8.8719,8.309999],
"to":[14.98125,9.9719,8.541249],
"faces":{
"north":{"uv":[7,6,8,7],"texture":"#3"},
"south":{"uv":[7,6,8,7],"texture":"#3"},
"west":{"uv":[7,6,8,7],"texture":"#3"},
"east":{"uv":[7,6,8,7],"texture":"#3"}
}
},
{
"from":[13.6625,8.7469,7.3538],
"to":[14.98125,9.2219,8.71005],
"faces":{
"up":{"uv":[7,6,8,7],"texture":"#3"},
"north":{"uv":[7,6,8,7],"texture":"#3"},
"south":{"uv":[7,6,8,7],"texture":"#3"},
"west":{"uv":[7,6,8,7],"texture":"#3"},
"east":{"uv":[7,6,8,7],"texture":"#3"}
}
},
{
"from":[13.6625,9.8406,7.1038],
"to":[14.98125,11.59685,8.8038],
"faces":{
"down":{"uv":[7,6,8,7],"texture":"#3"},
"up":{"uv":[7,6,8,7],"texture":"#3"},
"north":{"uv":[7,6,8,7],"texture":"#3"},
"south":{"uv":[7,6,8,7],"texture":"#3"},
"west":{"uv":[7,6,8,7],"texture":"#3"},
"east":{"uv":[7,6,8,7],"texture":"#3"}
}
},
{
"from":[10.9531,10.2812,7.0256],
"to":[11.2656,11.0937,9.041229],
"faces":{
"down":{"uv":[7,5,15,7.6],"texture":"#1"},
"up":{"uv":[2,10,10,12.6],"texture":"#1"},
"west":{"uv":[6,3,8.6,6.5],"texture":"#1"},
"east":{"uv":[4,5,6.6,8.5],"texture":"#1"}
}
},
{
"from":[16.6562,10.3469,6.785],
"to":[16.7812,11.00315,7.22875],
"faces":{
"down":{"uv":[7,6,8,7],"texture":"#3"},
"up":{"uv":[7,6,8,7],"texture":"#3"},
"north":{"uv":[7,6,8,7],"texture":"#3"},
"south":{"uv":[7,6,8,7],"texture":"#3"},
"east":{"uv":[7,6,8,7],"texture":"#3"}
}
},
{
"from":[15.6625,10.1844,6.785],
"to":[16.6625,11.1844,7.22875],
"faces":{
"down":{"uv":[7,6,8,7],"texture":"#3"},
"up":{"uv":[7,6,8,7],"texture":"#3"},
"north":{"uv":[7,6,8,7],"texture":"#3"},
"south":{"uv":[7,6,8,7],"texture":"#3"},
"west":{"uv":[7,6,8,7],"texture":"#3"},
"east":{"uv":[7,6,8,7],"texture":"#3"}
}
},
{
"from":[15.8344,10.0594,6.785],
"to":[16.49065,10.1844,7.22875],
"faces":{
"down":{"uv":[7,6,8,7],"texture":"#3"},
"north":{"uv":[7,6,8,7],"texture":"#3"},
"south":{"uv":[7,6,8,7],"texture":"#3"},
"west":{"uv":[7,6,8,7],"texture":"#3"},
"east":{"uv":[7,6,8,7],"texture":"#3"}
}
},
{
"from":[15.5469,10.3469,6.785],
"to":[15.6719,11.00315,7.22875],
"faces":{
"down":{"uv":[7,6,8,7],"texture":"#3"},
"up":{"uv":[7,6,8,7],"texture":"#3"},
"north":{"uv":[7,6,8,7],"texture":"#3"},
"south":{"uv":[7,6,8,7],"texture":"#3"},
"west":{"uv":[7,6,8,7],"texture":"#3"}
}
},
{
"from":[15.8344,11.1844,6.785],
"to":[16.49065,11.3094,7.22875],
"faces":{
"up":{"uv":[7,6,8,7],"texture":"#3"},
"north":{"uv":[7,6,8,7],"texture":"#3"},
"south":{"uv":[7,6,8,7],"texture":"#3"},
"west":{"uv":[7,6,8,7],"texture":"#3"},
"east":{"uv":[7,6,8,7],"texture":"#3"}
}
},
{
"from":[16.6562,10.3469,8.6912],
"to":[16.7812,11.00315,9.134951],
"faces":{
"down":{"uv":[7,6,8,7],"texture":"#3"},
"up":{"uv":[7,6,8,7],"texture":"#3"},
"north":{"uv":[7,6,8,7],"texture":"#3"},
"south":{"uv":[7,6,8,7],"texture":"#3"},
"east":{"uv":[7,6,8,7],"texture":"#3"}
}
},
{
"from":[15.6625,10.1844,8.6912],
"to":[16.6625,11.1844,9.134951],
"faces":{
"down":{"uv":[7,6,8,7],"texture":"#3"},
"up":{"uv":[7,6,8,7],"texture":"#3"},
"north":{"uv":[7,6,8,7],"texture":"#3"},
"south":{"uv":[7,6,8,7],"texture":"#3"},
"west":{"uv":[7,6,8,7],"texture":"#3"},
"east":{"uv":[7,6,8,7],"texture":"#3"}
}
},
{
"from":[15.8344,10.0594,8.6912],
"to":[16.49065,10.1844,9.134951],
"faces":{
"down":{"uv":[7,6,8,7],"texture":"#3"},
"north":{"uv":[7,6,8,7],"texture":"#3"},
"south":{"uv":[7,6,8,7],"texture":"#3"},
"west":{"uv":[7,6,8,7],"texture":"#3"},
"east":{"uv":[7,6,8,7],"texture":"#3"}
}
},
{
"from":[15.5469,10.3469,8.6912],
"to":[15.6719,11.00315,9.134951],
"faces":{
"down":{"uv":[7,6,8,7],"texture":"#3"},
"up":{"uv":[7,6,8,7],"texture":"#3"},
"north":{"uv":[7,6,8,7],"texture":"#3"},
"south":{"uv":[7,6,8,7],"texture":"#3"},
"west":{"uv":[7,6,8,7],"texture":"#3"}
}
},
{
"from":[15.8344,11.1844,8.6912],
"to":[16.49065,11.3094,9.134951],
"faces":{
"up":{"uv":[7,6,8,7],"texture":"#3"},
"north":{"uv":[7,6,8,7],"texture":"#3"},
"south":{"uv":[7,6,8,7],"texture":"#3"},
"west":{"uv":[7,6,8,7],"texture":"#3"},
"east":{"uv":[7,6,8,7],"texture":"#3"}
}
},
{
"from":[7.7406,8.7469,7.3225],
"to":[9.05934,9.2219,8.709999],
"faces":{
"up":{"uv":[7,6,8,7],"texture":"#0"},
"north":{"uv":[7,6,8,7],"texture":"#0"},
"south":{"uv":[7,6,8,7],"texture":"#0"},
"west":{"uv":[7,6,8,7],"texture":"#0"},
"east":{"uv":[7,6,8,7],"texture":"#0"}
}
},
{
"from":[7.7406,9.2156,7.6038],
"to":[9.05934,9.51873,8.46005],
"faces":{
"up":{"uv":[7,6,8,7],"texture":"#0"},
"north":{"uv":[7,6,8,7],"texture":"#0"},
"south":{"uv":[7,6,8,7],"texture":"#0"},
"west":{"uv":[7,6,8,7],"texture":"#0"},
"east":{"uv":[7,6,8,7],"texture":"#0"}
}
},
{
"from":[8.9594,9.3094,7.8694],
"to":[9.79377,9.45628,8.05377],
"faces":{
"down":{"uv":[7,6,8,7],"texture":"#0"},
"up":{"uv":[7,6,8,7],"texture":"#0"},
"north":{"uv":[7,6,8,7],"texture":"#0"},
"south":{"uv":[7,6,8,7],"texture":"#0"}
}
},
{
"from":[9.6103,9.3168,7.8673],
"to":[9.794681,9.46368,8.81105],
"faces":{
"down":{"uv":[7,6,8,7],"texture":"#0"},
"up":{"uv":[7,6,8,7],"texture":"#0"},
"south":{"uv":[7,6,8,7],"texture":"#0"},
"west":{"uv":[7,6,8,7],"texture":"#0"},
"east":{"uv":[7,6,8,7],"texture":"#0"}
}
},
{
"from":[9.611,9.4885,8.7417],
"to":[9.79537,9.63537,9.41983],
"rotation":{"origin":[9.703171,9.39011,8.3386],"axis":"x","angle":22.5},
"faces":{
"down":{"uv":[7,6,8,7],"texture":"#0"},
"up":{"uv":[7,6,8,7],"texture":"#0"},
"south":{"uv":[7,6,8,7],"texture":"#0"},
"west":{"uv":[7,6,8,7],"texture":"#0"},
"east":{"uv":[7,6,8,7],"texture":"#0"}
}
},
{
"from":[9.6131,5.7791,9.379499],
"to":[9.79747,9.03535,9.52638],
"rotation":{"origin":[9.70533,8.891629,9.07798],"axis":"x","angle":-22.5},
"faces":{
"down":{"uv":[7,6,8,7],"texture":"#0"},
"up":{"uv":[7,6,8,7],"texture":"#0"},
"north":{"uv":[7,6,8,7],"texture":"#0"},
"south":{"uv":[7,6,8,7],"texture":"#0"},
"west":{"uv":[7,6,8,7],"texture":"#0"},
"east":{"uv":[7,6,8,7],"texture":"#0"}
}
},
{
"from":[9.8006,5.7791,9.379499],
"to":[10.04747,5.9416,9.52638],
"rotation":{"origin":[9.70533,8.891629,9.07798],"axis":"x","angle":-22.5},
"faces":{
"down":{"uv":[7,6,8,7],"texture":"#0"},
"up":{"uv":[7,6,8,7],"texture":"#0"},
"north":{"uv":[7,6,8,7],"texture":"#0"},
"south":{"uv":[7,6,8,7],"texture":"#0"},
"west":{"uv":[7,6,8,7],"texture":"#0"},
"east":{"uv":[7,6,8,7],"texture":"#0"}
}
},
{
"from":[10.0579,5.8877,10.3717],
"to":[13.61728,6.6127,10.76858],
"rotation":{"origin":[11.83755,6.25017,10.57014],"axis":"x","angle":-22.5},
"faces":{
"down":{"uv":[7,6,8,7],"texture":"#3"},
"up":{"uv":[7,6,8,7],"texture":"#3"},
"north":{"uv":[7,6,8,7],"texture":"#3"},
"south":{"uv":[7,6,8,7],"texture":"#3"},
"west":{"uv":[7,6,8,7],"texture":"#3"},
"east":{"uv":[7,6,8,7],"texture":"#3"}
}
},
{
"from":[13.6625,10.2,6.885],
"to":[14.98125,11.175,9.03812],
"faces":{
"down":{"uv":[7,6,8,7],"texture":"#3"},
"up":{"uv":[7,6,8,7],"texture":"#3"},
"north":{"uv":[7,6,8,7],"texture":"#3"},
"south":{"uv":[7,6,8,7],"texture":"#3"},
"west":{"uv":[7,6,8,7],"texture":"#3"},
"east":{"uv":[7,6,8,7],"texture":"#3"}
}
},
{
"from":[19.6604,4.9414,7.7345],
"to":[19.7729,5.67577,8.228251],
"faces":{
"down":{"uv":[7,6,8,7],"texture":"#0"},
"north":{"uv":[7,6,8,7],"texture":"#0"},
"south":{"uv":[7,6,8,7],"texture":"#0"},
"west":{"uv":[7,6,8,7],"texture":"#0"},
"east":{"uv":[7,6,8,7],"texture":"#0"}
}
},
{
"from":[19.4782,4.4168,7.7301],
"to":[19.60632,4.9793,8.22385],
"rotation":{"origin":[19.62821,4.534029,7.99258],"axis":"z","angle":-22.5},
"faces":{
"down":{"uv":[7,6,8,7],"texture":"#0"},
"north":{"uv":[7,6,8,7],"texture":"#0"},
"south":{"uv":[7,6,8,7],"texture":"#0"},
"west":{"uv":[7,6,8,7],"texture":"#0"},
"east":{"uv":[7,6,8,7],"texture":"#0"}
}
},
{
"from":[20.7094,8.7469,7.4006],
"to":[21.23127,9.00315,8.63184],
"faces":{
"up":{"uv":[7,6,8,7],"texture":"#0"},
"north":{"uv":[7,6,8,7],"texture":"#0"},
"south":{"uv":[7,6,8,7],"texture":"#0"},
"west":{"uv":[7,6,8,7],"texture":"#0"},
"east":{"uv":[7,6,8,7],"texture":"#0"}
}
},
{
"from":[20.7094,8.9969,7.4006],
"to":[21.23127,9.45628,7.49122],
"faces":{
"up":{"uv":[7,6,8,7],"texture":"#0"},
"north":{"uv":[7,6,8,7],"texture":"#0"},
"south":{"uv":[7,6,8,7],"texture":"#0"},
"west":{"uv":[7,6,8,7],"texture":"#0"},
"east":{"uv":[7,6,8,7],"texture":"#0"}
}
},
{
"from":[20.7094,8.9969,8.5412],
"to":[21.23127,9.45628,8.63182],
"faces":{
"up":{"uv":[7,6,8,7],"texture":"#0"},
"north":{"uv":[7,6,8,7],"texture":"#0"},
"south":{"uv":[7,6,8,7],"texture":"#0"},
"west":{"uv":[7,6,8,7],"texture":"#0"},
"east":{"uv":[7,6,8,7],"texture":"#0"}
}
},
{
"from":[20.7094,8.9812,7.5881],
"to":[21.23127,9.237451,8.44434],
"faces":{
"up":{"uv":[7,6,8,7],"texture":"#0"},
"north":{"uv":[7,6,8,7],"texture":"#0"},
"south":{"uv":[7,6,8,7],"texture":"#0"},
"west":{"uv":[7,6,8,7],"texture":"#0"},
"east":{"uv":[7,6,8,7],"texture":"#0"}
}
},
{
"from":[20.8969,9.2937,7.3694],
"to":[21.04377,9.424951,8.66314],
"faces":{
"down":{"uv":[7,6,8,7],"texture":"#0"},
"up":{"uv":[7,6,8,7],"texture":"#0"},
"north":{"uv":[7,6,8,7],"texture":"#0"},
"south":{"uv":[7,6,8,7],"texture":"#0"},
"west":{"uv":[7,6,8,7],"texture":"#0"},
"east":{"uv":[7,6,8,7],"texture":"#0"}
}
},
{
"from":[19.225,9.2937,8.1662],
"to":[21.23125,9.440571,8.44432],
"faces":{
"down":{"uv":[7,6,8,7],"texture":"#3"},
"up":{"uv":[7,6,8,7],"texture":"#3"},
"north":{"uv":[7,6,8,7],"texture":"#3"},
"south":{"uv":[7,6,8,7],"texture":"#3"},
"west":{"uv":[7,6,8,7],"texture":"#3"},
"east":{"uv":[7,6,8,7],"texture":"#3"}
}
},
{
"from":[19.225,9.2937,7.5881],
"to":[21.23125,9.440571,7.86622],
"faces":{
"down":{"uv":[7,6,8,7],"texture":"#3"},
"up":{"uv":[7,6,8,7],"texture":"#3"},
"north":{"uv":[7,6,8,7],"texture":"#3"},
"south":{"uv":[7,6,8,7],"texture":"#3"},
"west":{"uv":[7,6,8,7],"texture":"#3"},
"east":{"uv":[7,6,8,7],"texture":"#3"}
}
},
{
"from":[20.6156,9.2937,7.885],
"to":[21.23122,9.440571,8.16312],
"faces":{
"down":{"uv":[7,6,8,7],"texture":"#3"},
"up":{"uv":[7,6,8,7],"texture":"#3"},
"north":{"uv":[7,6,8,7],"texture":"#3"},
"west":{"uv":[7,6,8,7],"texture":"#3"},
"east":{"uv":[7,6,8,7],"texture":"#3"}
}
},
{
"from":[19.225,9.2937,7.885],
"to":[19.43438,9.440571,8.16312],
"faces":{
"down":{"uv":[7,6,8,7],"texture":"#3"},
"up":{"uv":[7,6,8,7],"texture":"#3"},
"north":{"uv":[7,6,8,7],"texture":"#3"},
"west":{"uv":[7,6,8,7],"texture":"#3"},
"east":{"uv":[7,6,8,7],"texture":"#3"}
}
},
{
"from":[21.1562,7.4437,6.8632],
"to":[30.62495,7.94995,7.1757],
"faces":{
"down":{"uv":[7,6,8,7],"texture":"#0"},
"up":{"uv":[7,6,8,7],"texture":"#0"},
"north":{"uv":[7,6,8,7],"texture":"#0"},
"south":{"uv":[7,6,8,7],"texture":"#0"},
"west":{"uv":[7,6,8,7],"texture":"#0"},
"east":{"uv":[7,6,8,7],"texture":"#0"}
}
},
{
"from":[2.1875,7.4437,6.8632],
"to":[13.42188,7.94995,7.1757],
"faces":{
"down":{"uv":[7,6,8,7],"texture":"#0"},
"up":{"uv":[7,6,8,7],"texture":"#0"},
"north":{"uv":[7,6,8,7],"texture":"#0"},
"south":{"uv":[7,6,8,7],"texture":"#0"},
"west":{"uv":[7,6,8,7],"texture":"#0"},
"east":{"uv":[7,6,8,7],"texture":"#0"}
}
},
{
"from":[2.1875,7.4281,8.8476],
"to":[30.625,7.93435,9.144481],
"faces":{
"down":{"uv":[7,6,8,7],"texture":"#0"},
"up":{"uv":[7,6,8,7],"texture":"#0"},
"north":{"uv":[7,6,8,7],"texture":"#0"},
"south":{"uv":[7,6,8,7],"texture":"#0"},
"west":{"uv":[7,6,8,7],"texture":"#0"}
}
},
{
"from":[10.375,11.6406,7.4788],
"to":[12.0625,11.84373,8.5413],
"rotation":{"origin":[11.21875,10.6953,8.01],"axis":"x","angle":45},
"faces":{
"down":{"uv":[7,6,8,7],"texture":"#0"},
"up":{"uv":[7,6,8,7],"texture":"#0"},
"west":{"uv":[7,6,8,7],"texture":"#0"},
"east":{"uv":[7,6,8,7],"texture":"#0"}
}
},
{
"from":[10.375,10.2578,8.955299],
"to":[12.0625,11.1328,9.18968],
"faces":{
"down":{"uv":[7,6,8,7],"texture":"#0"},
"up":{"uv":[7,6,8,7],"texture":"#0"},
"north":{"uv":[7,6,8,7],"texture":"#0"},
"south":{"uv":[7,6,8,7],"texture":"#0"},
"west":{"uv":[7,6,8,7],"texture":"#0"},
"east":{"uv":[7,6,8,7],"texture":"#0"}
}
},
{
"from":[10.375,10.164,8.955299],
"to":[12.0625,11.2265,9.15843],
"rotation":{"origin":[11.21875,10.6953,8.01],"axis":"x","angle":45},
"faces":{
"north":{"uv":[7,6,8,7],"texture":"#0"},
"south":{"uv":[7,6,8,7],"texture":"#0"},
"west":{"uv":[7,6,8,7],"texture":"#0"},
"east":{"uv":[7,6,8,7],"texture":"#0"}
}
},
{
"from":[10.375,9.5156,7.5725],
"to":[12.0625,9.7656,8.4475],
"faces":{
"down":{"uv":[7,6,8,7],"texture":"#0"},
"up":{"uv":[7,6,8,7],"texture":"#0"},
"north":{"uv":[7,6,8,7],"texture":"#0"},
"south":{"uv":[7,6,8,7],"texture":"#0"},
"west":{"uv":[7,6,8,7],"texture":"#0"},
"east":{"uv":[7,6,8,7],"texture":"#0"}
}
},
{
"from":[10.375,9.5469,7.4788],
"to":[12.0625,9.75003,8.5413],
"rotation":{"origin":[11.21875,10.6953,8.01],"axis":"x","angle":45},
"faces":{
"down":{"uv":[7,6,8,7],"texture":"#0"},
"up":{"uv":[7,6,8,7],"texture":"#0"},
"west":{"uv":[7,6,8,7],"texture":"#0"},
"east":{"uv":[7,6,8,7],"texture":"#0"}
}
},
{
"from":[10.375,10.2578,6.8303],
"to":[12.0625,11.1328,7.06468],
"faces":{
"down":{"uv":[7,6,8,7],"texture":"#0"},
"up":{"uv":[7,6,8,7],"texture":"#0"},
"north":{"uv":[7,6,8,7],"texture":"#0"},
"south":{"uv":[7,6,8,7],"texture":"#0"},
"west":{"uv":[7,6,8,7],"texture":"#0"},
"east":{"uv":[7,6,8,7],"texture":"#0"}
}
},
{
"from":[10.375,10.164,6.8616],
"to":[12.0625,11.2265,7.06473],
"rotation":{"origin":[11.21875,10.6953,8.01],"axis":"x","angle":45},
"faces":{
"north":{"uv":[7,6,8,7],"texture":"#0"},
"south":{"uv":[7,6,8,7],"texture":"#0"},
"west":{"uv":[7,6,8,7],"texture":"#0"},
"east":{"uv":[7,6,8,7],"texture":"#0"}
}
},
{
"from":[12.0625,11.4219,7.5413],
"to":[12.84375,11.65628,8.44755],
"rotation":{"origin":[12.45313,10.6953,7.99438],"axis":"x","angle":45},
"faces":{
"down":{"uv":[7,6,8,7],"texture":"#0"},
"up":{"uv":[7,6,8,7],"texture":"#0"},
"west":{"uv":[7,6,8,7],"texture":"#0"},
"east":{"uv":[7,6,8,7],"texture":"#0"}
}
},
{
"from":[12.0625,10.3359,8.6897],
"to":[12.84375,11.05465,9.0022],
"faces":{
"down":{"uv":[7,6,8,7],"texture":"#0"},
"up":{"uv":[7,6,8,7],"texture":"#0"},
"north":{"uv":[7,6,8,7],"texture":"#0"},
"south":{"uv":[7,6,8,7],"texture":"#0"},
"west":{"uv":[7,6,8,7],"texture":"#0"},
"east":{"uv":[7,6,8,7],"texture":"#0"}
}
},
{
"from":[12.0625,10.2422,8.7209],
"to":[12.84375,11.14845,8.955269],
"rotation":{"origin":[12.45313,10.6953,7.99438],"axis":"x","angle":45},
"faces":{
"north":{"uv":[7,6,8,7],"texture":"#0"},
"south":{"uv":[7,6,8,7],"texture":"#0"},
"west":{"uv":[7,6,8,7],"texture":"#0"},
"east":{"uv":[7,6,8,7],"texture":"#0"}
}
},
{
"from":[12.0625,9.7031,7.635],
"to":[12.84375,9.96873,8.35375],
"faces":{
"down":{"uv":[7,6,8,7],"texture":"#0"},
"up":{"uv":[7,6,8,7],"texture":"#0"},
"north":{"uv":[7,6,8,7],"texture":"#0"},
"south":{"uv":[7,6,8,7],"texture":"#0"},
"west":{"uv":[7,6,8,7],"texture":"#0"},
"east":{"uv":[7,6,8,7],"texture":"#0"}
}
},
{
"from":[12.0625,9.7344,7.5412],
"to":[12.84375,9.96878,8.44745],
"rotation":{"origin":[12.45313,10.6953,7.99438],"axis":"x","angle":45},
"faces":{
"down":{"uv":[7,6,8,7],"texture":"#0"},
"up":{"uv":[7,6,8,7],"texture":"#0"},
"west":{"uv":[7,6,8,7],"texture":"#0"},
"east":{"uv":[7,6,8,7],"texture":"#0"}
}
},
{
"from":[12.0625,10.3359,6.9866],
"to":[12.84375,11.05465,7.26785],
"faces":{
"down":{"uv":[7,6,8,7],"texture":"#0"},
"up":{"uv":[7,6,8,7],"texture":"#0"},
"north":{"uv":[7,6,8,7],"texture":"#0"},
"south":{"uv":[7,6,8,7],"texture":"#0"},
"west":{"uv":[7,6,8,7],"texture":"#0"},
"east":{"uv":[7,6,8,7],"texture":"#0"}
}
},
{
"from":[12.0625,10.2422,7.0334],
"to":[12.84375,11.14845,7.26777],
"rotation":{"origin":[12.45313,10.6953,7.99438],"axis":"x","angle":45},
"faces":{
"north":{"uv":[7,6,8,7],"texture":"#0"},
"south":{"uv":[7,6,8,7],"texture":"#0"},
"west":{"uv":[7,6,8,7],"texture":"#0"},
"east":{"uv":[7,6,8,7],"texture":"#0"}
}
},
{
"from":[12.8438,11.1719,7.635],
"to":[21.1563,11.45315,8.3225],
"rotation":{"origin":[17,10.68749,8.002191],"axis":"x","angle":45},
"faces":{
"down":{"uv":[7,6,8,7],"texture":"#0"},
"up":{"uv":[7,6,8,7],"texture":"#0"},
"west":{"uv":[7,6,8,7],"texture":"#0"},
"east":{"uv":[7,6,8,7],"texture":"#0"}
}
},
{
"from":[12.8438,10.414,8.455299],
"to":[21.1563,10.99212,8.767799],
"faces":{
"down":{"uv":[7,6,8,7],"texture":"#0"},
"up":{"uv":[7,6,8,7],"texture":"#0"},
"north":{"uv":[7,6,8,7],"texture":"#0"},
"south":{"uv":[7,6,8,7],"texture":"#0"},
"west":{"uv":[7,6,8,7],"texture":"#0"},
"east":{"uv":[7,6,8,7],"texture":"#0"}
}
},
{
"from":[12.8438,10.3359,8.4866],
"to":[21.1563,11.0234,8.7366],
"rotation":{"origin":[17,10.68749,8.002191],"axis":"x","angle":45},
"faces":{
"down":{"uv":[7,6,8,7],"texture":"#0"},
"north":{"uv":[7,6,8,7],"texture":"#0"},
"south":{"uv":[7,6,8,7],"texture":"#0"},
"west":{"uv":[7,6,8,7],"texture":"#0"},
"east":{"uv":[7,6,8,7],"texture":"#0"}
}
},
{
"from":[12.8438,9.9219,7.6819],
"to":[21.1563,10.20315,8.26002],
"faces":{
"down":{"uv":[7,6,8,7],"texture":"#0"},
"up":{"uv":[7,6,8,7],"texture":"#0"},
"north":{"uv":[7,6,8,7],"texture":"#0"},
"south":{"uv":[7,6,8,7],"texture":"#0"},
"west":{"uv":[7,6,8,7],"texture":"#0"},
"east":{"uv":[7,6,8,7],"texture":"#0"}
}
},
{
"from":[12.8438,9.9219,7.635],
"to":[21.1563,10.20315,8.3225],
"rotation":{"origin":[17,10.68749,8.002191],"axis":"x","angle":45},
"faces":{
"down":{"uv":[7,6,8,7],"texture":"#0"},
"up":{"uv":[7,6,8,7],"texture":"#0"},
"west":{"uv":[7,6,8,7],"texture":"#0"},
"east":{"uv":[7,6,8,7],"texture":"#0"}
}
},
{
"from":[12.8438,10.414,7.2053],
"to":[21.1563,10.94525,7.5178],
"faces":{
"down":{"uv":[7,6,8,7],"texture":"#0"},
"up":{"uv":[7,6,8,7],"texture":"#0"},
"north":{"uv":[7,6,8,7],"texture":"#0"},
"south":{"uv":[7,6,8,7],"texture":"#0"},
"west":{"uv":[7,6,8,7],"texture":"#0"},
"east":{"uv":[7,6,8,7],"texture":"#0"}
}
},
{
"from":[12.8438,10.3047,7.2366],
"to":[21.1563,11.03908,7.51785],
"rotation":{"origin":[17,10.68749,8.002191],"axis":"x","angle":45},
"faces":{
"down":{"uv":[7,6,8,7],"texture":"#0"},
"north":{"uv":[7,6,8,7],"texture":"#0"},
"south":{"uv":[7,6,8,7],"texture":"#0"},
"west":{"uv":[7,6,8,7],"texture":"#0"},
"east":{"uv":[7,6,8,7],"texture":"#0"}
}
},
{
"from":[21.1719,11.4219,7.635],
"to":[23.18752,11.70315,8.35375],
"faces":{
"down":{"uv":[7,6,8,7],"texture":"#0"},
"up":{"uv":[7,6,8,7],"texture":"#0"},
"north":{"uv":[7,6,8,7],"texture":"#0"},
"south":{"uv":[7,6,8,7],"texture":"#0"},
"west":{"uv":[7,6,8,7],"texture":"#0"},
"east":{"uv":[7,6,8,7],"texture":"#0"}
}
},
{
"from":[21.1719,10.2422,7.0334],
"to":[23.18752,11.14845,7.26777],
"rotation":{"origin":[21.5625,10.6953,7.99438],"axis":"x","angle":45},
"faces":{
"north":{"uv":[7,6,8,7],"texture":"#0"},
"south":{"uv":[7,6,8,7],"texture":"#0"},
"west":{"uv":[7,6,8,7],"texture":"#0"},
"east":{"uv":[7,6,8,7],"texture":"#0"}
}
},
{
"from":[21.1719,10.3359,6.9866],
"to":[23.18752,11.05465,7.26785],
"faces":{
"down":{"uv":[7,6,8,7],"texture":"#0"},
"up":{"uv":[7,6,8,7],"texture":"#0"},
"north":{"uv":[7,6,8,7],"texture":"#0"},
"south":{"uv":[7,6,8,7],"texture":"#0"},
"west":{"uv":[7,6,8,7],"texture":"#0"},
"east":{"uv":[7,6,8,7],"texture":"#0"}
}
},
{
"from":[21.1719,9.7344,7.5412],
"to":[23.18752,9.96878,8.44745],
"rotation":{"origin":[21.5625,10.6953,7.99438],"axis":"x","angle":45},
"faces":{
"down":{"uv":[7,6,8,7],"texture":"#0"},
"up":{"uv":[7,6,8,7],"texture":"#0"},
"west":{"uv":[7,6,8,7],"texture":"#0"},
"east":{"uv":[7,6,8,7],"texture":"#0"}
}
},
{
"from":[21.1719,11.4219,7.5413],
"to":[23.18752,11.65628,8.44755],
"rotation":{"origin":[21.5625,10.6953,7.99438],"axis":"x","angle":45},
"faces":{
"down":{"uv":[7,6,8,7],"texture":"#0"},
"up":{"uv":[7,6,8,7],"texture":"#0"},
"west":{"uv":[7,6,8,7],"texture":"#0"},
"east":{"uv":[7,6,8,7],"texture":"#0"}
}
},
{
"from":[21.1719,10.3359,8.6897],
"to":[23.18752,11.05465,9.0022],
"faces":{
"down":{"uv":[7,6,8,7],"texture":"#0"},
"up":{"uv":[7,6,8,7],"texture":"#0"},
"north":{"uv":[7,6,8,7],"texture":"#0"},
"south":{"uv":[7,6,8,7],"texture":"#0"},
"west":{"uv":[7,6,8,7],"texture":"#0"},
"east":{"uv":[7,6,8,7],"texture":"#0"}
}
},
{
"from":[21.1719,10.2422,8.7209],
"to":[23.18752,11.14845,8.955269],
"rotation":{"origin":[21.5625,10.6953,7.99438],"axis":"x","angle":45},
"faces":{
"north":{"uv":[7,6,8,7],"texture":"#0"},
"south":{"uv":[7,6,8,7],"texture":"#0"},
"west":{"uv":[7,6,8,7],"texture":"#0"},
"east":{"uv":[7,6,8,7],"texture":"#0"}
}
},
{
"from":[21.1719,9.7031,7.635],
"to":[23.18752,9.96873,8.35375],
"faces":{
"down":{"uv":[7,6,8,7],"texture":"#0"},
"up":{"uv":[7,6,8,7],"texture":"#0"},
"north":{"uv":[7,6,8,7],"texture":"#0"},
"south":{"uv":[7,6,8,7],"texture":"#0"},
"west":{"uv":[7,6,8,7],"texture":"#0"},
"east":{"uv":[7,6,8,7],"texture":"#0"}
}
},
{
"from":[2.7188,6.475,8.7382],
"to":[9.68755,7.1375,8.76945],
"rotation":{"origin":[3.6875,6.525,9.25381],"axis":"x","angle":22.5},
"faces":{
"up":{"uv":[7,6,8,7],"texture":"#3"},
"north":{"uv":[7,6,8,7],"texture":"#3"},
"south":{"uv":[7,6,8,7],"texture":"#3"},
"west":{"uv":[7,6,8,7],"texture":"#3"},
"east":{"uv":[7,6,8,7],"texture":"#3"}
}
},
{
"from":[2.7188,7.0219,6.5663],
"to":[9.68755,7.6844,6.59755],
"rotation":{"origin":[3.6875,6.525,9.25381],"axis":"x","angle":22.5},
"faces":{
"down":{"uv":[7,6,8,7],"texture":"#3"},
"up":{"uv":[7,6,8,7],"texture":"#3"},
"north":{"uv":[7,6,8,7],"texture":"#3"},
"south":{"uv":[7,6,8,7],"texture":"#3"},
"west":{"uv":[7,6,8,7],"texture":"#3"},
"east":{"uv":[7,6,8,7],"texture":"#3"}
}
},
{
"from":[2.7188,7.4594,7.4413],
"to":[9.68755,8.121899,7.47255],
"rotation":{"origin":[3.6875,6.525,9.25381],"axis":"x","angle":-22.5},
"faces":{
"up":{"uv":[7,6,8,7],"texture":"#3"},
"north":{"uv":[7,6,8,7],"texture":"#3"},
"south":{"uv":[7,6,8,7],"texture":"#3"},
"west":{"uv":[7,6,8,7],"texture":"#3"},
"east":{"uv":[7,6,8,7],"texture":"#3"}
}
},
{
"from":[2.7188,8.0062,9.5976],
"to":[9.68755,8.668711,9.62885],
"rotation":{"origin":[3.6875,6.525,9.25381],"axis":"x","angle":-22.5},
"faces":{
"down":{"uv":[7,6,8,7],"texture":"#3"},
"up":{"uv":[7,6,8,7],"texture":"#3"},
"north":{"uv":[7,6,8,7],"texture":"#3"},
"south":{"uv":[7,6,8,7],"texture":"#3"},
"west":{"uv":[7,6,8,7],"texture":"#3"},
"east":{"uv":[7,6,8,7],"texture":"#3"}
}
},
{
"from":[18.0375,11.5125,7.3538],
"to":[18.3875,11.76875,8.58505],
"faces":{
"up":{"uv":[7,6,8,7],"texture":"#3"},
"north":{"uv":[7,6,8,7],"texture":"#3"},
"south":{"uv":[7,6,8,7],"texture":"#3"},
"west":{"uv":[7,6,8,7],"texture":"#3"},
"east":{"uv":[7,6,8,7],"texture":"#3"}
}
},
{
"from":[17.0688,11.5125,7.3538],
"to":[17.4188,11.76875,8.58505],
"faces":{
"up":{"uv":[7,6,8,7],"texture":"#3"},
"north":{"uv":[7,6,8,7],"texture":"#3"},
"south":{"uv":[7,6,8,7],"texture":"#3"},
"west":{"uv":[7,6,8,7],"texture":"#3"},
"east":{"uv":[7,6,8,7],"texture":"#3"}
}
},
{
"from":[10.9531,11.0781,7.4006],
"to":[11.2656,11.68748,8.61935],
"faces":{
"up":{"uv":[7,6,8,7],"texture":"#1"},
"north":{"uv":[7,6,8,7],"texture":"#1"},
"south":{"uv":[7,6,8,7],"texture":"#1"},
"west":{"uv":[7,6,8,7],"texture":"#1"},
"east":{"uv":[7,6,8,7],"texture":"#1"}
}
},
{
"from":[10.9531,9.7656,7.4006],
"to":[11.2656,10.39061,8.61935],
"faces":{
"down":{"uv":[7,6,8,7],"texture":"#1"},
"north":{"uv":[7,6,8,7],"texture":"#1"},
"south":{"uv":[7,6,8,7],"texture":"#1"},
"west":{"uv":[7,6,8,7],"texture":"#1"},
"east":{"uv":[7,6,8,7],"texture":"#1"}
}
},
{
"from":[10.9531,9.7656,7.5725],
"to":[11.2656,10.06248,8.32251],
"rotation":{"origin":[11.03125,10.62186,7.9475],"axis":"x","angle":45},
"faces":{
"down":{"uv":[7,6,8,7],"texture":"#1"},
"up":{"uv":[7,6,8,7],"texture":"#1"},
"south":{"uv":[7,6,8,7],"texture":"#1"},
"west":{"uv":[7,6,8,7],"texture":"#1"},
"east":{"uv":[7,6,8,7],"texture":"#1"}
}
},
{
"from":[10.9531,11.3906,7.6038],
"to":[11.2656,11.67186,8.322559],
"rotation":{"origin":[11.03125,10.62186,7.9475],"axis":"x","angle":45},
"faces":{
"down":{"uv":[7,6,8,7],"texture":"#1"},
"up":{"uv":[7,6,8,7],"texture":"#1"},
"west":{"uv":[7,6,8,7],"texture":"#1"},
"east":{"uv":[7,6,8,7],"texture":"#1"}
}
},
{
"from":[10.9531,10.3875,8.6538],
"to":[11.2656,11.10626,8.93506],
"rotation":{"origin":[11.03125,10.62186,7.9475],"axis":"x","angle":45},
"faces":{
"up":{"uv":[7,6,8,7],"texture":"#1"},
"north":{"uv":[7,6,8,7],"texture":"#1"},
"south":{"uv":[7,6,8,7],"texture":"#1"},
"west":{"uv":[7,6,8,7],"texture":"#1"},
"east":{"uv":[7,6,8,7],"texture":"#1"}
}
},
{
"from":[10.9531,10.325,6.9819],
"to":[11.2656,11.07501,7.27878],
"rotation":{"origin":[11.03125,10.62186,7.9475],"axis":"x","angle":45},
"faces":{
"north":{"uv":[7,6,8,7],"texture":"#1"},
"south":{"uv":[7,6,8,7],"texture":"#1"},
"west":{"uv":[7,6,8,7],"texture":"#1"},
"east":{"uv":[7,6,8,7],"texture":"#1"}
}
}
],
"display":{
"thirdperson_righthand":{
"rotation":[180,-90,130],
"translation":[0,8.75,-2],
"scale":[0.7,0.7,0.7]
},
"thirdperson_lefthand":{
"rotation":[180,90,-130],
"translation":[0,8.75,-2],
"scale":[0.7,0.7,0.7]
},
"firstperson_righthand":{
"rotation":[0,-90,0],
"translation":[-2.5,5,-6],
"scale":[0.7,0.7,0.7]
},
"firstperson_lefthand":{
"rotation":[0,90,0],
"translation":[-2.5,5,-6],
"scale":[0.7,0.7,0.7]
},
"gui":{
"rotation":[-15,40,0],
"translation":[-0.125,0,0],
"scale":[0.45,0.45,0.45]
},
"head":{
"rotation":[0,-90,0],
"translation":[0,12,0],
"scale":[0.6,0.6,0.6]
},
"ground":{
"rotation":[90,0,0],
"translation":[-4,0,0],
"scale":[0.6,0.6,0.6]
},
"fixed":{
"translation":[0,0,-1],
"scale":[0.8,0.8,0.8]
}
}
}