{
"elements":[
{

"from":[7,7,7],
"to":[20,8,9],
"faces":{
"down":{"uv":[7,7,16,9],"texture":"#texture"},
"up":{"uv":[7,7,16,9],"texture":"#texture"},
"north":{"uv":[0,8,9,9],"texture":"#texture"},
"south":{"uv":[7,8,16,9],"texture":"#texture"},
"west":{"uv":[7,8,9,9],"texture":"#texture"},
"east":{"uv":[7,8,9,9],"texture":"#texture"}
}
},
{

"from":[14.75,6.8125,6.75],
"to":[15.25,7.25,7.5],
"faces":{
"down":{"uv":[14.75,8.5,15.25,9.25],"texture":"#texture"},
"up":{"uv":[14.75,6.75,15.25,7.5],"texture":"#texture"},
"north":{"uv":[0.75,8.75,1.25,9.1875],"texture":"#texture"},
"south":{"uv":[14.75,8.75,15.25,9.1875],"texture":"#texture"},
"west":{"uv":[6.75,8.75,7.5,9.1875],"texture":"#texture"},
"east":{"uv":[8.5,8.75,9.25,9.1875],"texture":"#texture"}
}
},
{

"from":[13.625,3,7.5],
"to":[15.25,7,8.5],
"rotation":{"origin":[13.625,7,7.5],"axis":"z","angle":22.5},
"faces":{
"down":{"uv":[15.15573,7.5,16,8.5],"texture":"#normalguntexture"},
"north":{"uv":[0,8.695518,0.8442659,12.69552],"texture":"#normalguntexture"},
"south":{"uv":[15.15573,8.695518,16,12.69552],"texture":"#normalguntexture"},
"west":{"uv":[7.5,8.695518,8.5,12.69552],"texture":"#normalguntexture"},
"east":{"uv":[7.5,8.695518,8.5,12.69552],"texture":"#normalguntexture"}
}
},
{

"from":[15.375,6.125,7.5],
"to":[15.75,7,8.5],
"faces":{
"north":{"uv":[0.25,9,0.625,9.875],"texture":"#normalguntexture"},
"south":{"uv":[15.375,9,15.75,9.875],"texture":"#normalguntexture"},
"east":{"uv":[7.5,9,8.5,9.875],"texture":"#normalguntexture"}
}
},
{

"from":[11.6875,6.625,7.5625],
"to":[13.875,7,8.4375],
"faces":{
"down":{"uv":[11.6875,7.5625,13.875,8.4375],"texture":"#texture"},
"north":{"uv":[2.125,9,4.3125,9.375],"texture":"#texture"},
"south":{"uv":[11.6875,9,13.875,9.375],"texture":"#texture"},
"west":{"uv":[7.5625,9,8.4375,9.375],"texture":"#texture"},
"east":{"uv":[7.5625,9,8.4375,9.375],"texture":"#texture"}
}
},
{

"from":[15.6875,6.5,7.5625],
"to":[17.8125,7.0625,8.4375],
"faces":{
"down":{"uv":[15.6875,7.5625,16,8.4375],"texture":"#texture"},
"north":{"uv":[0,8.9375,0.3125,9.5],"texture":"#texture"},
"south":{"uv":[15.6875,8.9375,16,9.5],"texture":"#texture"},
"west":{"uv":[7.5625,8.9375,8.4375,9.5],"texture":"#texture"},
"east":{"uv":[7.5625,8.9375,8.4375,9.5],"texture":"#texture"}
}
},
{

"from":[12,5.75,7.5625],
"to":[12.125,6.625,8.4375],
"faces":{
"down":{"uv":[12,7.5625,12.125,8.4375],"texture":"#texture"},
"up":{"uv":[12,7.5625,12.125,8.4375],"texture":"#texture"},
"north":{"uv":[3.875,9.375,4,10.25],"texture":"#texture"},
"south":{"uv":[12,9.375,12.125,10.25],"texture":"#texture"},
"west":{"uv":[7.5625,9.375,8.4375,10.25],"texture":"#texture"},
"east":{"uv":[7.5625,9.375,8.4375,10.25],"texture":"#texture"}
}
},
{

"from":[12,5.25,7.5625],
"to":[12.125,5.75,8.4375],
"rotation":{"origin":[12,5.75,7.5625],"axis":"z","angle":22.5},
"faces":{
"down":{"uv":[12.19134,7.5625,12.31634,8.4375],"texture":"#texture"},
"up":{"uv":[12.19134,7.5625,12.31634,8.4375],"texture":"#texture"},
"north":{"uv":[3.683659,10.21194,3.808659,10.71194],"texture":"#texture"},
"south":{"uv":[12.19134,10.21194,12.31634,10.71194],"texture":"#texture"},
"west":{"uv":[7.5625,10.21194,8.4375,10.71194],"texture":"#texture"},
"east":{"uv":[7.5625,10.21194,8.4375,10.71194],"texture":"#texture"}
}
},
{

"from":[12.1887,4.8488,7.5625],
"to":[12.3137,5.2863,8.4375],
"rotation":{"origin":[12.1887,5.28625,7.5625],"axis":"z","angle":45},
"faces":{
"down":{"uv":[12.49806,7.5625,12.62306,8.4375],"texture":"#texture"},
"up":{"uv":[12.49806,7.5625,12.62306,8.4375],"texture":"#texture"},
"north":{"uv":[3.376941,10.58561,3.501941,11.02311],"texture":"#texture"},
"south":{"uv":[12.49806,10.58561,12.62306,11.02311],"texture":"#texture"},
"west":{"uv":[7.5625,10.58561,8.4375,11.02311],"texture":"#texture"},
"east":{"uv":[7.5625,10.58561,8.4375,11.02311],"texture":"#texture"}
}
},
{

"from":[13.7288,4.8538,7.5625],
"to":[14.1038,5.1038,8.4375],
"rotation":{"origin":[13.7288,5.10375,7.5625],"axis":"z","angle":22.5},
"faces":{
"down":{"uv":[13.82447,7.5625,14.19947,8.4375],"texture":"#texture"},
"up":{"uv":[13.82447,7.5625,14.19947,8.4375],"texture":"#texture"},
"north":{"uv":[1.800529,10.87722,2.175529,11.12722],"texture":"#texture"},
"south":{"uv":[13.82447,10.87722,14.19947,11.12722],"texture":"#texture"},
"west":{"uv":[7.5625,10.87722,8.4375,11.12722],"texture":"#texture"},
"east":{"uv":[7.5625,10.87722,8.4375,11.12722],"texture":"#texture"}
}
},
{

"from":[13.3175,4.875,7.5625],
"to":[13.8175,5.125,8.4375],
"faces":{
"down":{"uv":[13.3175,7.5625,13.8175,8.4375],"texture":"#texture"},
"up":{"uv":[13.3175,7.5625,13.8175,8.4375],"texture":"#texture"},
"north":{"uv":[2.1825,10.875,2.6825,11.125],"texture":"#texture"},
"south":{"uv":[13.3175,10.875,13.8175,11.125],"texture":"#texture"},
"west":{"uv":[7.5625,10.875,8.4375,11.125],"texture":"#texture"},
"east":{"uv":[7.5625,10.875,8.4375,11.125],"texture":"#texture"}
}
},
{

"from":[12.8438,4.9212,7.5625],
"to":[13.3438,5.1087,8.4375],
"faces":{
"down":{"uv":[12.8438,7.5625,13.3438,8.4375],"texture":"#texture"},
"up":{"uv":[12.8438,7.5625,13.3438,8.4375],"texture":"#texture"},
"north":{"uv":[2.6562,10.89125,3.1562,11.07875],"texture":"#texture"},
"south":{"uv":[12.8438,10.89125,13.3438,11.07875],"texture":"#texture"},
"west":{"uv":[7.5625,10.89125,8.4375,11.07875],"texture":"#texture"},
"east":{"uv":[7.5625,10.89125,8.4375,11.07875],"texture":"#texture"}
}
},
{

"from":[12.5,4.9688,7.5625],
"to":[12.875,5.0938,8.4375],
"faces":{
"down":{"uv":[12.5,7.5625,12.875,8.4375],"texture":"#texture"},
"up":{"uv":[12.5,7.5625,12.875,8.4375],"texture":"#texture"},
"north":{"uv":[3.125,10.90625,3.5,11.03125],"texture":"#texture"},
"south":{"uv":[12.5,10.90625,12.875,11.03125],"texture":"#texture"},
"west":{"uv":[7.5625,10.90625,8.4375,11.03125],"texture":"#texture"},
"east":{"uv":[7.5625,10.90625,8.4375,11.03125],"texture":"#texture"}
}
},
{

"from":[14.1875,5.0625,7.5625],
"to":[14.5,5.625,8.4375],
"rotation":{"origin":[14.1875,5.625,7.5625],"axis":"z","angle":-22.5},
"faces":{
"down":{"uv":[13.97224,7.5625,14.28474,8.4375],"texture":"#texture"},
"up":{"uv":[13.97224,7.5625,14.28474,8.4375],"texture":"#texture"},
"north":{"uv":[1.71526,10.33218,2.02776,10.89468],"texture":"#texture"},
"south":{"uv":[13.97224,10.33218,14.28474,10.89468],"texture":"#texture"},
"west":{"uv":[7.5625,10.33218,8.4375,10.89468],"texture":"#texture"},
"east":{"uv":[7.5625,10.33218,8.4375,10.89468],"texture":"#texture"}
}
},
{

"from":[13.5938,6.2812,7.5625],
"to":[13.7813,6.6562,8.4375],
"rotation":{"origin":[13.5938,6.65625,7.5625],"axis":"z","angle":45},
"faces":{
"north":{"uv":[1.953535,9.233915,2.141035,9.608915],"texture":"#texture"},
"south":{"uv":[13.85896,9.233915,14.04646,9.608915],"texture":"#texture"},
"west":{"uv":[7.5625,9.233915,8.4375,9.608915],"texture":"#texture"}
}
},
{

"from":[12.0938,6.3438,7.625],
"to":[12.2813,6.7188,8.375],
"rotation":{"origin":[12.0938,6.71875,7.625],"axis":"z","angle":-22.5},
"faces":{
"down":{"uv":[11.95029,7.625,12.13779,8.375],"texture":"#texture"},
"up":{"uv":[11.95029,7.625,12.13779,8.375],"texture":"#texture"},
"north":{"uv":[3.862206,9.252705,4.049706,9.627705],"texture":"#texture"},
"south":{"uv":[11.95029,9.252705,12.13779,9.627705],"texture":"#texture"},
"west":{"uv":[7.625,9.252705,8.375,9.627705],"texture":"#texture"},
"east":{"uv":[7.625,9.252705,8.375,9.627705],"texture":"#texture"}
}
},
{

"from":[12.125,6.5,7.625],
"to":[12.4375,6.6875,8.375],
"rotation":{"origin":[12.125,6.6875,7.625],"axis":"z","angle":22.5},
"faces":{
"down":{"uv":[12.19675,7.625,12.50925,8.375],"texture":"#texture"},
"up":{"uv":[12.19675,7.625,12.50925,8.375],"texture":"#texture"},
"north":{"uv":[3.490746,9.298227,3.803246,9.485727],"texture":"#texture"},
"south":{"uv":[12.19675,9.298227,12.50925,9.485727],"texture":"#texture"},
"west":{"uv":[7.625,9.298227,8.375,9.485727],"texture":"#texture"},
"east":{"uv":[7.625,9.298227,8.375,9.485727],"texture":"#texture"}
}
},
{

"from":[13.25,5.875,7.625],
"to":[13.5,6.6875,8.375],
"faces":{
"down":{"uv":[13.25,7.625,13.5,8.375],"texture":"#normalguntexture"},
"up":{"uv":[13.25,7.625,13.5,8.375],"texture":"#normalguntexture"},
"north":{"uv":[2.5,9.3125,2.75,10.125],"texture":"#normalguntexture"},
"south":{"uv":[13.25,9.3125,13.5,10.125],"texture":"#normalguntexture"},
"west":{"uv":[7.625,9.3125,8.375,10.125],"texture":"#normalguntexture"},
"east":{"uv":[7.625,9.3125,8.375,10.125],"texture":"#normalguntexture"}
}
},
{

"from":[13.2813,5.5312,7.625],
"to":[13.5313,5.9687,8.375],
"rotation":{"origin":[13.2813,5.96875,7.625],"axis":"z","angle":-22.5},
"faces":{
"down":{"uv":[13.11388,7.625,13.36388,8.375],"texture":"#normalguntexture"},
"up":{"uv":[13.11388,7.625,13.36388,8.375],"texture":"#normalguntexture"},
"north":{"uv":[2.636125,9.997948,2.886125,10.43545],"texture":"#normalguntexture"},
"south":{"uv":[13.11388,9.997948,13.36388,10.43545],"texture":"#normalguntexture"},
"west":{"uv":[7.625,9.997948,8.375,10.43545],"texture":"#normalguntexture"},
"east":{"uv":[7.625,9.997948,8.375,10.43545],"texture":"#normalguntexture"}
}
},
{

"from":[14.6875,3.1562,7.5],
"to":[15.0625,3.5937,8.5],
"rotation":{"origin":[14.6875,3.59375,7.5],"axis":"z","angle":22.5},
"faces":{
"down":{"uv":[14.85492,7.5,15.22992,8.5],"texture":"#normalguntexture"},
"up":{"uv":[14.85492,7.5,15.22992,8.5],"texture":"#normalguntexture"},
"north":{"uv":[0.7700758,12.37295,1.145076,12.81045],"texture":"#normalguntexture"},
"south":{"uv":[14.85492,12.37295,15.22992,12.81045],"texture":"#normalguntexture"},
"west":{"uv":[7.5,12.37295,8.5,12.81045],"texture":"#normalguntexture"}
}
},
{

"from":[5,6.9688,7.1875],
"to":[7,8.62505,8.875],
"faces":{
"down":{"uv":[5,7.125,7,8.8125],"texture":"#texture"},
"up":{"uv":[5,7.1875,7,8.875],"texture":"#texture"},
"north":{"uv":[9,7.375,11,9.03125],"texture":"#texture"},
"south":{"uv":[5,7.375,7,9.03125],"texture":"#texture"},
"west":{"uv":[7.1875,7.375,8.875,9.03125],"texture":"#texture"},
"east":{"uv":[7.125,7.375,8.8125,9.03125],"texture":"#texture"}
}
},
{

"from":[-9.5625,7,7.2812],
"to":[5,7.5,7.7812],
"faces":{
"down":{"uv":[0,8.21875,5,8.71875],"texture":"#texture"},
"up":{"uv":[0,7.28125,5,7.78125],"texture":"#texture"},
"north":{"uv":[11,8.5,16,9],"texture":"#texture"},
"south":{"uv":[0,8.5,5,9],"texture":"#texture"}
}
},
{

"from":[-9.5625,8.125,8.3125],
"to":[5,8.625,8.8125],
"faces":{
"down":{"uv":[0,7.1875,5,7.6875],"texture":"#texture"},
"up":{"uv":[0,8.3125,5,8.8125],"texture":"#texture"},
"north":{"uv":[11,7.375,16,7.875],"texture":"#texture"},
"south":{"uv":[0,7.375,5,7.875],"texture":"#texture"}
}
},
{

"from":[-9.5625,7,8.281199],
"to":[5,7.5,8.781199],
"faces":{
"down":{"uv":[0,7.21875,5,7.71875],"texture":"#texture"},
"up":{"uv":[0,8.28125,5,8.78125],"texture":"#texture"},
"north":{"uv":[11,8.5,16,9],"texture":"#texture"},
"south":{"uv":[0,8.5,5,9],"texture":"#texture"}
}
},
{

"from":[-9.5625,8.125,7.2812],
"to":[5,8.625,7.7812],
"faces":{
"down":{"uv":[0,8.21875,5,8.71875],"texture":"#texture"},
"up":{"uv":[0,7.28125,5,7.78125],"texture":"#texture"},
"north":{"uv":[11,7.375,16,7.875],"texture":"#texture"},
"south":{"uv":[0,7.375,5,7.875],"texture":"#texture"}
}
},
{

"from":[4.75,8.625,7.625],
"to":[6.5,9,8.375],
"faces":{
"up":{"uv":[4.75,7.625,6.5,8.375],"texture":"#texture"},
"north":{"uv":[9.5,7,11.25,7.375],"texture":"#texture"},
"south":{"uv":[4.75,7,6.5,7.375],"texture":"#texture"},
"west":{"uv":[7.625,7,8.375,7.375],"texture":"#texture"},
"east":{"uv":[7.625,7,8.375,7.375],"texture":"#texture"}
}
},
{

"from":[4.75,9,7.6875],
"to":[5.1875,9.1875,8.3125],
"faces":{
"down":{"uv":[4.75,7.6875,5.1875,8.3125],"texture":"#texture"},
"up":{"uv":[4.75,7.6875,5.1875,8.3125],"texture":"#texture"},
"north":{"uv":[10.8125,6.8125,11.25,7],"texture":"#texture"},
"south":{"uv":[4.75,6.8125,5.1875,7],"texture":"#texture"},
"west":{"uv":[7.6875,6.8125,8.3125,7],"texture":"#texture"},
"east":{"uv":[7.6875,6.8125,8.3125,7],"texture":"#texture"}
}
},
{

"from":[5.875,9.0625,7.625],
"to":[6.1875,9.375,8.375],
"faces":{
"down":{"uv":[5.875,7.625,6.1875,8.375],"texture":"#texture"},
"up":{"uv":[5.875,7.625,6.1875,8.375],"texture":"#texture"},
"north":{"uv":[9.8125,6.625,10.125,6.9375],"texture":"#texture"},
"south":{"uv":[5.875,6.625,6.1875,6.9375],"texture":"#texture"},
"west":{"uv":[7.625,6.625,8.375,6.9375],"texture":"#texture"},
"east":{"uv":[7.625,6.625,8.375,6.9375],"texture":"#texture"}
}
},
{

"from":[-11.5562,7.4125,7.1],
"to":[-10.0562,8.2,8.9],
"faces":{
"down":{"uv":[4.4438,7.1,5.9438,8.9],"texture":"#texture"},
"up":{"uv":[4.4438,7.1,5.9438,8.9],"texture":"#texture"},
"north":{"uv":[10.0562,7.8,11.5562,8.5875],"texture":"#texture"},
"south":{"uv":[4.4438,7.8,5.9438,8.5875],"texture":"#texture"},
"west":{"uv":[7.1,7.8,8.9,8.5875],"texture":"#texture"},
"east":{"uv":[7.1,7.8,8.9,8.5875],"texture":"#texture"}
}
},
{

"from":[-11.5562,6.9062,7.6344],
"to":[-10.0562,8.7062,8.4219],
"faces":{
"down":{"uv":[4.4438,7.57812,5.9438,8.36562],"texture":"#texture"},
"up":{"uv":[4.4438,7.63438,5.9438,8.42188],"texture":"#texture"},
"north":{"uv":[10.0562,7.29375,11.5562,9.09375],"texture":"#texture"},
"south":{"uv":[4.4438,7.29375,5.9438,9.09375],"texture":"#texture"},
"west":{"uv":[7.63438,7.29375,8.42188,9.09375],"texture":"#texture"},
"east":{"uv":[7.57812,7.29375,8.36562,9.09375],"texture":"#texture"}
}
},
{

"from":[-11.5562,8.2,7.2969],
"to":[-10.0562,8.5375,7.6344],
"faces":{
"down":{"uv":[4.4438,8.36562,5.9438,8.70312],"texture":"#texture"},
"up":{"uv":[4.4438,7.29688,5.9438,7.63438],"texture":"#texture"},
"north":{"uv":[10.0562,7.4625,11.5562,7.8],"texture":"#texture"},
"south":{"uv":[4.4438,7.4625,5.9438,7.8],"texture":"#texture"},
"west":{"uv":[7.29688,7.4625,7.63438,7.8],"texture":"#texture"},
"east":{"uv":[8.36562,7.4625,8.70312,7.8],"texture":"#texture"}
}
},
{

"from":[-11.5562,7.075,8.4219],
"to":[-10.0562,7.4125,8.7594],
"faces":{
"down":{"uv":[4.4438,7.24062,5.9438,7.57812],"texture":"#texture"},
"up":{"uv":[4.4438,8.42188,5.9438,8.75938],"texture":"#texture"},
"north":{"uv":[10.0562,8.5875,11.5562,8.925],"texture":"#texture"},
"south":{"uv":[4.4438,8.5875,5.9438,8.925],"texture":"#texture"},
"west":{"uv":[8.42188,8.5875,8.75938,8.925],"texture":"#texture"},
"east":{"uv":[7.24062,8.5875,7.57812,8.925],"texture":"#texture"}
}
},
{

"from":[-11.5562,8.2,8.4219],
"to":[-10.0562,8.5375,8.7594],
"faces":{
"down":{"uv":[4.4438,7.24062,5.9438,7.57812],"texture":"#texture"},
"up":{"uv":[4.4438,8.42188,5.9438,8.75938],"texture":"#texture"},
"north":{"uv":[10.0562,7.4625,11.5562,7.8],"texture":"#texture"},
"south":{"uv":[4.4438,7.4625,5.9438,7.8],"texture":"#texture"},
"west":{"uv":[8.42188,7.4625,8.75938,7.8],"texture":"#texture"},
"east":{"uv":[7.24062,7.4625,7.57812,7.8],"texture":"#texture"}
}
},
{

"from":[-11.5562,7.075,7.2969],
"to":[-10.0562,7.4125,7.6344],
"faces":{
"down":{"uv":[4.4438,8.36562,5.9438,8.70312],"texture":"#texture"},
"up":{"uv":[4.4438,7.29688,5.9438,7.63438],"texture":"#texture"},
"north":{"uv":[10.0562,8.5875,11.5562,8.925],"texture":"#texture"},
"south":{"uv":[4.4438,8.5875,5.9438,8.925],"texture":"#texture"},
"west":{"uv":[7.29688,8.5875,7.63438,8.925],"texture":"#texture"},
"east":{"uv":[8.36562,8.5875,8.70312,8.925],"texture":"#texture"}
}
},
{

"from":[14.25,5,7.5625],
"to":[14.625,5.25,8.4375],
"rotation":{"origin":[14.25,5.25,7.5625],"axis":"z","angle":-22.5},
"faces":{
"down":{"uv":[14.15433,7.5625,14.52933,8.4375],"texture":"#texture"},
"up":{"uv":[14.15433,7.5625,14.52933,8.4375],"texture":"#texture"},
"north":{"uv":[1.470671,10.73097,1.845671,10.98097],"texture":"#texture"},
"south":{"uv":[14.15433,10.73097,14.52933,10.98097],"texture":"#texture"},
"west":{"uv":[7.5625,10.73097,8.4375,10.98097],"texture":"#texture"},
"east":{"uv":[7.5625,10.73097,8.4375,10.98097],"texture":"#texture"}
}
},
{

"from":[-10.0625,7.375,7],
"to":[-9.5625,8.25,9],
"faces":{
"down":{"uv":[5.9375,7,6.4375,9],"texture":"#texture"},
"up":{"uv":[5.9375,7,6.4375,9],"texture":"#texture"},
"north":{"uv":[9.5625,7.75,10.0625,8.625],"texture":"#texture"},
"south":{"uv":[5.9375,7.75,6.4375,8.625],"texture":"#texture"},
"west":{"uv":[7,7.75,9,8.625],"texture":"#texture"},
"east":{"uv":[7,7.75,9,8.625],"texture":"#texture"}
}
},
{

"from":[-10.0625,6.8125,7.5938],
"to":[-9.5625,8.8125,8.4688],
"faces":{
"down":{"uv":[5.9375,7.53125,6.4375,8.40625],"texture":"#texture"},
"up":{"uv":[5.9375,7.59375,6.4375,8.46875],"texture":"#texture"},
"north":{"uv":[9.5625,7.1875,10.0625,9.1875],"texture":"#texture"},
"south":{"uv":[5.9375,7.1875,6.4375,9.1875],"texture":"#texture"},
"west":{"uv":[7.59375,7.1875,8.46875,9.1875],"texture":"#texture"},
"east":{"uv":[7.53125,7.1875,8.40625,9.1875],"texture":"#texture"}
}
},
{

"from":[-10.0625,8.25,7.2188],
"to":[-9.5625,8.625,7.5938],
"faces":{
"down":{"uv":[5.9375,8.40625,6.4375,8.78125],"texture":"#texture"},
"up":{"uv":[5.9375,7.21875,6.4375,7.59375],"texture":"#texture"},
"north":{"uv":[9.5625,7.375,10.0625,7.75],"texture":"#texture"},
"south":{"uv":[5.9375,7.375,6.4375,7.75],"texture":"#texture"},
"west":{"uv":[7.21875,7.375,7.59375,7.75],"texture":"#texture"},
"east":{"uv":[8.40625,7.375,8.78125,7.75],"texture":"#texture"}
}
},
{

"from":[-10.0625,7,8.4688],
"to":[-9.5625,7.375,8.8438],
"faces":{
"down":{"uv":[5.9375,7.15625,6.4375,7.53125],"texture":"#texture"},
"up":{"uv":[5.9375,8.46875,6.4375,8.84375],"texture":"#texture"},
"north":{"uv":[9.5625,8.625,10.0625,9],"texture":"#texture"},
"south":{"uv":[5.9375,8.625,6.4375,9],"texture":"#texture"},
"west":{"uv":[8.46875,8.625,8.84375,9],"texture":"#texture"},
"east":{"uv":[7.15625,8.625,7.53125,9],"texture":"#texture"}
}
},
{

"from":[-10.0625,8.25,8.4688],
"to":[-9.5625,8.625,8.8438],
"faces":{
"down":{"uv":[5.9375,7.15625,6.4375,7.53125],"texture":"#texture"},
"up":{"uv":[5.9375,8.46875,6.4375,8.84375],"texture":"#texture"},
"north":{"uv":[9.5625,7.375,10.0625,7.75],"texture":"#texture"},
"south":{"uv":[5.9375,7.375,6.4375,7.75],"texture":"#texture"},
"west":{"uv":[8.46875,7.375,8.84375,7.75],"texture":"#texture"},
"east":{"uv":[7.15625,7.375,7.53125,7.75],"texture":"#texture"}
}
},
{

"from":[-10.0625,7,7.2188],
"to":[-9.5625,7.375,7.5938],
"faces":{
"down":{"uv":[5.9375,8.40625,6.4375,8.78125],"texture":"#texture"},
"up":{"uv":[5.9375,7.21875,6.4375,7.59375],"texture":"#texture"},
"north":{"uv":[9.5625,8.625,10.0625,9],"texture":"#texture"},
"south":{"uv":[5.9375,8.625,6.4375,9],"texture":"#texture"},
"west":{"uv":[7.21875,8.625,7.59375,9],"texture":"#texture"},
"east":{"uv":[8.40625,8.625,8.78125,9],"texture":"#texture"}
}
},
{

"from":[-9.5625,7.375,7.5938],
"to":[5,8.25,8.4688],
"faces":{
"down":{"uv":[0,7.53125,5,8.40625],"texture":"#texture"},
"up":{"uv":[0,7.59375,5,8.46875],"texture":"#texture"},
"north":{"uv":[11,7.75,16,8.625],"texture":"#texture"},
"south":{"uv":[0,7.75,5,8.625],"texture":"#texture"},
"west":{"uv":[7.59375,7.75,8.46875,8.625],"texture":"#texture"},
"east":{"uv":[7.53125,7.75,8.40625,8.625],"texture":"#texture"}
}
},
{

"from":[-8.9375,7.5,8.406199],
"to":[-8.375,8.125,8.781199],
"faces":{
"north":{"uv":[8.375,7.875,8.9375,8.5],"texture":"#texture"},
"south":{"uv":[7.0625,7.875,7.625,8.5],"texture":"#texture"},
"west":{"uv":[8.40625,7.875,8.78125,8.5],"texture":"#texture"},
"east":{"uv":[7.21875,7.875,7.59375,8.5],"texture":"#texture"}
}
},
{

"from":[-10.0625,6.3125,7.75],
"to":[-9.5625,6.8125,8.25],
"faces":{
"down":{"uv":[5.9375,7.75,6.4375,8.25],"texture":"#normalguntexture"},
"up":{"uv":[5.9375,7.75,6.4375,8.25],"texture":"#normalguntexture"},
"north":{"uv":[9.5625,9.1875,10.0625,9.6875],"texture":"#normalguntexture"},
"south":{"uv":[5.9375,9.1875,6.4375,9.6875],"texture":"#normalguntexture"},
"west":{"uv":[7.75,9.1875,8.25,9.6875],"texture":"#normalguntexture"},
"east":{"uv":[7.75,9.1875,8.25,9.6875],"texture":"#normalguntexture"}
}
},
{

"from":[-5.0312,6.1875,8.5],
"to":[-4.5312,6.6875,9.125],
"rotation":{"origin":[-5.03125,6.1875,8.5],"axis":"y","angle":22.5},
"faces":{
"down":{"uv":[10.96875,6.875,11.46875,7.5],"texture":"#normalguntexture"},
"up":{"uv":[10.96875,8.5,11.46875,9.125],"texture":"#normalguntexture"},
"north":{"uv":[4.53125,9.3125,5.03125,9.8125],"texture":"#normalguntexture"},
"south":{"uv":[10.96875,9.3125,11.46875,9.8125],"texture":"#normalguntexture"},
"west":{"uv":[8.5,9.3125,9.125,9.8125],"texture":"#normalguntexture"},
"east":{"uv":[6.875,9.3125,7.5,9.8125],"texture":"#normalguntexture"}
}
},
{

"from":[-10.0625,6.1875,7.4375],
"to":[-4.5625,6.6875,7.9375],
"faces":{
"down":{"uv":[5.9375,8.0625,11.4375,8.5625],"texture":"#normalguntexture"},
"up":{"uv":[5.9375,7.4375,11.4375,7.9375],"texture":"#normalguntexture"},
"north":{"uv":[4.5625,9.3125,10.0625,9.8125],"texture":"#normalguntexture"},
"south":{"uv":[5.9375,9.3125,11.4375,9.8125],"texture":"#normalguntexture"},
"west":{"uv":[7.4375,9.3125,7.9375,9.8125],"texture":"#normalguntexture"},
"east":{"uv":[8.0625,9.3125,8.5625,9.8125],"texture":"#normalguntexture"}
}
},
{

"from":[-10.0625,6.1875,8.0625],
"to":[-4.5625,6.6875,8.5625],
"faces":{
"down":{"uv":[5.9375,7.4375,11.4375,7.9375],"texture":"#normalguntexture"},
"up":{"uv":[5.9375,8.0625,11.4375,8.5625],"texture":"#normalguntexture"},
"north":{"uv":[4.5625,9.3125,10.0625,9.8125],"texture":"#normalguntexture"},
"south":{"uv":[5.9375,9.3125,11.4375,9.8125],"texture":"#normalguntexture"},
"west":{"uv":[8.0625,9.3125,8.5625,9.8125],"texture":"#normalguntexture"},
"east":{"uv":[7.4375,9.3125,7.9375,9.8125],"texture":"#normalguntexture"}
}
},
{

"from":[-4.7812,6.1875,6.875],
"to":[-4.2812,6.6875,7.5],
"rotation":{"origin":[-4.78125,6.1875,6.875],"axis":"y","angle":-22.5},
"faces":{
"down":{"uv":[11.21875,8.5,11.71875,9.125],"texture":"#normalguntexture"},
"up":{"uv":[11.21875,6.875,11.71875,7.5],"texture":"#normalguntexture"},
"north":{"uv":[4.28125,9.3125,4.78125,9.8125],"texture":"#normalguntexture"},
"south":{"uv":[11.21875,9.3125,11.71875,9.8125],"texture":"#normalguntexture"},
"west":{"uv":[6.875,9.3125,7.5,9.8125],"texture":"#normalguntexture"},
"east":{"uv":[8.5,9.3125,9.125,9.8125],"texture":"#normalguntexture"}
}
},
{

"from":[-11.875,7.375,7.6125],
"to":[-11.5,8.1875,8.424999],
"faces":{
"down":{"uv":[4.125,7.575,4.5,8.3875],"texture":"#normalguntexture"},
"up":{"uv":[4.125,7.6125,4.5,8.425],"texture":"#normalguntexture"},
"north":{"uv":[11.5,7.8125,11.875,8.625],"texture":"#normalguntexture"},
"south":{"uv":[4.125,7.8125,4.5,8.625],"texture":"#normalguntexture"},
"west":{"uv":[7.6125,7.8125,8.425,8.625],"texture":"#normalguntexture"},
"east":{"uv":[7.575,7.8125,8.3875,8.625],"texture":"#normalguntexture"}
}
},
{

"from":[-12.1875,7.375,7.425],
"to":[-11.875,8.1875,7.6125],
"faces":{
"down":{"uv":[3.8125,8.3875,4.125,8.575],"texture":"#normalguntexture"},
"up":{"uv":[3.8125,7.425,4.125,7.6125],"texture":"#normalguntexture"},
"north":{"uv":[11.875,7.8125,12.1875,8.625],"texture":"#normalguntexture"},
"south":{"uv":[3.8125,7.8125,4.125,8.625],"texture":"#normalguntexture"},
"west":{"uv":[7.425,7.8125,7.6125,8.625],"texture":"#normalguntexture"},
"east":{"uv":[8.3875,7.8125,8.575,8.625],"texture":"#normalguntexture"}
}
},
{

"from":[-12.5,7.375,7.2375],
"to":[-12.1875,8.1875,7.425],
"faces":{
"down":{"uv":[3.5,8.575,3.8125,8.7625],"texture":"#normalguntexture"},
"up":{"uv":[3.5,7.2375,3.8125,7.425],"texture":"#normalguntexture"},
"north":{"uv":[12.1875,7.8125,12.5,8.625],"texture":"#normalguntexture"},
"south":{"uv":[3.5,7.8125,3.8125,8.625],"texture":"#normalguntexture"},
"west":{"uv":[7.2375,7.8125,7.425,8.625],"texture":"#normalguntexture"},
"east":{"uv":[8.575,7.8125,8.7625,8.625],"texture":"#normalguntexture"}
}
},
{

"from":[-12.1875,7.375,8.425],
"to":[-11.875,8.1875,8.6125],
"faces":{
"down":{"uv":[3.8125,7.3875,4.125,7.575],"texture":"#normalguntexture"},
"up":{"uv":[3.8125,8.425,4.125,8.6125],"texture":"#normalguntexture"},
"north":{"uv":[11.875,7.8125,12.1875,8.625],"texture":"#normalguntexture"},
"south":{"uv":[3.8125,7.8125,4.125,8.625],"texture":"#normalguntexture"},
"west":{"uv":[8.425,7.8125,8.6125,8.625],"texture":"#normalguntexture"},
"east":{"uv":[7.3875,7.8125,7.575,8.625],"texture":"#normalguntexture"}
}
},
{

"from":[-12.5,7.375,8.6125],
"to":[-12.1875,8.1875,8.8],
"faces":{
"down":{"uv":[3.5,7.2,3.8125,7.3875],"texture":"#normalguntexture"},
"up":{"uv":[3.5,8.6125,3.8125,8.8],"texture":"#normalguntexture"},
"north":{"uv":[12.1875,7.8125,12.5,8.625],"texture":"#normalguntexture"},
"south":{"uv":[3.5,7.8125,3.8125,8.625],"texture":"#normalguntexture"},
"west":{"uv":[8.6125,7.8125,8.8,8.625],"texture":"#normalguntexture"},
"east":{"uv":[7.2,7.8125,7.3875,8.625],"texture":"#normalguntexture"}
}
},
{

"from":[-12.1875,8.1875,7.6125],
"to":[-11.875,8.375,8.424999],
"faces":{
"down":{"uv":[3.8125,7.575,4.125,8.3875],"texture":"#normalguntexture"},
"up":{"uv":[3.8125,7.6125,4.125,8.425],"texture":"#normalguntexture"},
"north":{"uv":[11.875,7.625,12.1875,7.8125],"texture":"#normalguntexture"},
"south":{"uv":[3.8125,7.625,4.125,7.8125],"texture":"#normalguntexture"},
"west":{"uv":[7.6125,7.625,8.425,7.8125],"texture":"#normalguntexture"},
"east":{"uv":[7.575,7.625,8.3875,7.8125],"texture":"#normalguntexture"}
}
},
{

"from":[-12.1875,7.1875,7.6125],
"to":[-11.875,7.375,8.424999],
"faces":{
"down":{"uv":[3.8125,7.575,4.125,8.3875],"texture":"#normalguntexture"},
"up":{"uv":[3.8125,7.6125,4.125,8.425],"texture":"#normalguntexture"},
"north":{"uv":[11.875,8.625,12.1875,8.8125],"texture":"#normalguntexture"},
"south":{"uv":[3.8125,8.625,4.125,8.8125],"texture":"#normalguntexture"},
"west":{"uv":[7.6125,8.625,8.425,8.8125],"texture":"#normalguntexture"},
"east":{"uv":[7.575,8.625,8.3875,8.8125],"texture":"#normalguntexture"}
}
},
{

"from":[-12.5,8.1875,8.425],
"to":[-12.1875,8.375,8.6125],
"faces":{
"down":{"uv":[3.5,7.3875,3.8125,7.575],"texture":"#normalguntexture"},
"up":{"uv":[3.5,8.425,3.8125,8.6125],"texture":"#normalguntexture"},
"north":{"uv":[12.1875,7.625,12.5,7.8125],"texture":"#normalguntexture"},
"south":{"uv":[3.5,7.625,3.8125,7.8125],"texture":"#normalguntexture"},
"west":{"uv":[8.425,7.625,8.6125,7.8125],"texture":"#normalguntexture"},
"east":{"uv":[7.3875,7.625,7.575,7.8125],"texture":"#normalguntexture"}
}
},
{

"from":[-12.5,7.1875,8.425],
"to":[-12.1875,7.375,8.6125],
"faces":{
"down":{"uv":[3.5,7.3875,3.8125,7.575],"texture":"#normalguntexture"},
"up":{"uv":[3.5,8.425,3.8125,8.6125],"texture":"#normalguntexture"},
"north":{"uv":[12.1875,8.625,12.5,8.8125],"texture":"#normalguntexture"},
"south":{"uv":[3.5,8.625,3.8125,8.8125],"texture":"#normalguntexture"},
"west":{"uv":[8.425,8.625,8.6125,8.8125],"texture":"#normalguntexture"},
"east":{"uv":[7.3875,8.625,7.575,8.8125],"texture":"#normalguntexture"}
}
},
{

"from":[-12.5,7.1875,7.425],
"to":[-12.1875,7.375,7.6125],
"faces":{
"down":{"uv":[3.5,8.3875,3.8125,8.575],"texture":"#normalguntexture"},
"up":{"uv":[3.5,7.425,3.8125,7.6125],"texture":"#normalguntexture"},
"north":{"uv":[12.1875,8.625,12.5,8.8125],"texture":"#normalguntexture"},
"south":{"uv":[3.5,8.625,3.8125,8.8125],"texture":"#normalguntexture"},
"west":{"uv":[7.425,8.625,7.6125,8.8125],"texture":"#normalguntexture"},
"east":{"uv":[8.3875,8.625,8.575,8.8125],"texture":"#normalguntexture"}
}
},
{

"from":[-12.5,8.1875,7.425],
"to":[-12.1875,8.375,7.6125],
"faces":{
"down":{"uv":[3.5,8.3875,3.8125,8.575],"texture":"#normalguntexture"},
"up":{"uv":[3.5,7.425,3.8125,7.6125],"texture":"#normalguntexture"},
"north":{"uv":[12.1875,7.625,12.5,7.8125],"texture":"#normalguntexture"},
"south":{"uv":[3.5,7.625,3.8125,7.8125],"texture":"#normalguntexture"},
"west":{"uv":[7.425,7.625,7.6125,7.8125],"texture":"#normalguntexture"},
"east":{"uv":[8.3875,7.625,8.575,7.8125],"texture":"#normalguntexture"}
}
},
{

"from":[-12.5,8.375,7.6125],
"to":[-12.1875,8.5625,8.424999],
"faces":{
"down":{"uv":[3.5,7.575,3.8125,8.3875],"texture":"#normalguntexture"},
"up":{"uv":[3.5,7.6125,3.8125,8.425],"texture":"#normalguntexture"},
"north":{"uv":[12.1875,7.4375,12.5,7.625],"texture":"#normalguntexture"},
"south":{"uv":[3.5,7.4375,3.8125,7.625],"texture":"#normalguntexture"},
"west":{"uv":[7.6125,7.4375,8.425,7.625],"texture":"#normalguntexture"},
"east":{"uv":[7.575,7.4375,8.3875,7.625],"texture":"#normalguntexture"}
}
},
{

"from":[-12.5,7,7.6125],
"to":[-12.1875,7.1875,8.424999],
"faces":{
"down":{"uv":[3.5,7.575,3.8125,8.3875],"texture":"#normalguntexture"},
"up":{"uv":[3.5,7.6125,3.8125,8.425],"texture":"#normalguntexture"},
"north":{"uv":[12.1875,8.8125,12.5,9],"texture":"#normalguntexture"},
"south":{"uv":[3.5,8.8125,3.8125,9],"texture":"#normalguntexture"},
"west":{"uv":[7.6125,8.8125,8.425,9],"texture":"#normalguntexture"},
"east":{"uv":[7.575,8.8125,8.3875,9],"texture":"#normalguntexture"}
}
},
{

"from":[-11.3125,8.625,7.75],
"to":[-10.75,8.8125,8.25],
"faces":{
"down":{"uv":[4.6875,7.75,5.25,8.25],"texture":"#texture"},
"up":{"uv":[4.6875,7.75,5.25,8.25],"texture":"#texture"},
"north":{"uv":[10.75,7.1875,11.3125,7.375],"texture":"#texture"},
"south":{"uv":[4.6875,7.1875,5.25,7.375],"texture":"#texture"},
"west":{"uv":[7.75,7.1875,8.25,7.375],"texture":"#texture"},
"east":{"uv":[7.75,7.1875,8.25,7.375],"texture":"#texture"}
}
},
{

"from":[20,7.3125,7],
"to":[20.5,8.6875,9],
"faces":{
"down":{"uv":[4,7,4.5,9],"texture":"#texture"},
"up":{"uv":[4,7,4.5,9],"texture":"#texture"},
"north":{"uv":[11.5,7.3125,12,8.6875],"texture":"#texture"},
"south":{"uv":[4,7.3125,4.5,8.6875],"texture":"#texture"},
"west":{"uv":[7,7.3125,9,8.6875],"texture":"#texture"},
"east":{"uv":[7,7.3125,9,8.6875],"texture":"#texture"}
}
},
{

"from":[20,7,7.3125],
"to":[20.5,9,8.6875],
"faces":{
"down":{"uv":[4,7.3125,4.5,8.6875],"texture":"#texture"},
"up":{"uv":[4,7.3125,4.5,8.6875],"texture":"#texture"},
"north":{"uv":[11.5,7,12,9],"texture":"#texture"},
"south":{"uv":[4,7,4.5,9],"texture":"#texture"},
"west":{"uv":[7.3125,7,8.6875,9],"texture":"#texture"},
"east":{"uv":[7.3125,7,8.6875,9],"texture":"#texture"}
}
},
{

"from":[20.5,7.3125,7],
"to":[25.375,8.6875,9],
"faces":{
"down":{"uv":[4.5,7,9.375,9],"texture":"#normalguntexture"},
"up":{"uv":[4.5,7,9.375,9],"texture":"#normalguntexture"},
"north":{"uv":[6.625,7.3125,11.5,8.6875],"texture":"#normalguntexture"},
"south":{"uv":[4.5,7.3125,9.375,8.6875],"texture":"#normalguntexture"},
"west":{"uv":[7,7.3125,9,8.6875],"texture":"#normalguntexture"},
"east":{"uv":[7,7.3125,9,8.6875],"texture":"#normalguntexture"}
}
},
{

"from":[20.5,7,7.3125],
"to":[21.875,9,8.6875],
"faces":{
"down":{"uv":[4.5,7.3125,5.875,8.6875],"texture":"#normalguntexture"},
"up":{"uv":[4.5,7.3125,5.875,8.6875],"texture":"#normalguntexture"},
"north":{"uv":[10.125,7,11.5,9],"texture":"#normalguntexture"},
"south":{"uv":[4.5,7,5.875,9],"texture":"#normalguntexture"},
"west":{"uv":[7.3125,7,8.6875,9],"texture":"#normalguntexture"},
"east":{"uv":[7.3125,7,8.6875,9],"texture":"#normalguntexture"}
}
},
{

"from":[21.6875,7.6875,7.3125],
"to":[25.8125,9,8.6875],
"rotation":{"origin":[21.6875,9,7.3125],"axis":"z","angle":22.5},
"faces":{
"down":{"uv":[6.189772,7.3125,10.31477,8.6875],"texture":"#normalguntexture"},
"up":{"uv":[6.189772,7.3125,10.31477,8.6875],"texture":"#normalguntexture"},
"north":{"uv":[5.685228,6.900092,9.810228,8.212592],"texture":"#normalguntexture"},
"south":{"uv":[6.189772,6.900092,10.31477,8.212592],"texture":"#normalguntexture"},
"west":{"uv":[7.3125,6.900092,8.6875,8.212592],"texture":"#normalguntexture"},
"east":{"uv":[7.3125,6.900092,8.6875,8.212592],"texture":"#normalguntexture"}
}
},
{

"from":[22.125,6.875,7.3125],
"to":[25.625,8.1875,8.6875],
"rotation":{"origin":[22.125,8.1875,7.3125],"axis":"z","angle":-22.5},
"faces":{
"down":{"uv":[5.622728,7.3125,9.122728,8.6875],"texture":"#normalguntexture"},
"up":{"uv":[5.622728,7.3125,9.122728,8.6875],"texture":"#normalguntexture"},
"north":{"uv":[6.877272,7.712592,10.37727,9.025092],"texture":"#normalguntexture"},
"south":{"uv":[5.622728,7.712592,9.122728,9.025092],"texture":"#normalguntexture"},
"west":{"uv":[7.3125,7.712592,8.6875,9.025092],"texture":"#normalguntexture"},
"east":{"uv":[7.3125,7.712592,8.6875,9.025092],"texture":"#normalguntexture"}
}
},
{

"from":[24.8438,5.625,7.3125],
"to":[25.4063,8.625,8.6875],
"faces":{
"down":{"uv":[8.8438,7.3125,9.4063,8.6875],"texture":"#normalguntexture"},
"up":{"uv":[8.8438,7.3125,9.4063,8.6875],"texture":"#normalguntexture"},
"north":{"uv":[6.5937,7.375,7.1562,10.375],"texture":"#normalguntexture"},
"south":{"uv":[8.8438,7.375,9.4063,10.375],"texture":"#normalguntexture"},
"west":{"uv":[7.3125,7.375,8.6875,10.375],"texture":"#normalguntexture"},
"east":{"uv":[7.3125,7.375,8.6875,10.375],"texture":"#normalguntexture"}
}
},
{

"from":[25.4375,9.375,7.3125],
"to":[26.3125,10.5625,8.6875],
"faces":{
"down":{"uv":[9.4375,7.3125,10.3125,8.6875],"texture":"#normalguntexture"},
"up":{"uv":[9.4375,7.3125,10.3125,8.6875],"texture":"#normalguntexture"},
"north":{"uv":[5.6875,5.4375,6.5625,6.625],"texture":"#normalguntexture"},
"south":{"uv":[9.4375,5.4375,10.3125,6.625],"texture":"#normalguntexture"},
"west":{"uv":[7.3125,5.4375,8.6875,6.625],"texture":"#normalguntexture"},
"east":{"uv":[7.3125,5.4375,8.6875,6.625],"texture":"#normalguntexture"}
}
},
{

"from":[25.5625,7.3125,7.3125],
"to":[26.375,9.6875,8.6875],
"rotation":{"origin":[25.5625,9.6875,7.3125],"axis":"z","angle":-22.5},
"faces":{
"down":{"uv":[8.653627,7.3125,9.466127,8.6875],"texture":"#normalguntexture"},
"up":{"uv":[8.653627,7.3125,9.466127,8.6875],"texture":"#normalguntexture"},
"north":{"uv":[6.533873,6.131714,7.346373,8.506714],"texture":"#normalguntexture"},
"south":{"uv":[8.653627,6.131714,9.466127,8.506714],"texture":"#normalguntexture"},
"west":{"uv":[7.3125,6.131714,8.6875,8.506714],"texture":"#normalguntexture"},
"east":{"uv":[7.3125,6.131714,8.6875,8.506714],"texture":"#normalguntexture"}
}
},
{

"from":[22.5,7.625,7],
"to":[25.5,8.6875,9],
"rotation":{"origin":[22.5,8.6875,7],"axis":"z","angle":22.5},
"faces":{
"down":{"uv":[6.906601,7,9.906601,9],"texture":"#normalguntexture"},
"up":{"uv":[6.906601,7,9.906601,9],"texture":"#normalguntexture"},
"north":{"uv":[6.093399,7.231622,9.093399,8.294122],"texture":"#normalguntexture"},
"south":{"uv":[6.906601,7.231622,9.906601,8.294122],"texture":"#normalguntexture"},
"west":{"uv":[7,7.231622,9,8.294122],"texture":"#normalguntexture"},
"east":{"uv":[7,7.231622,9,8.294122],"texture":"#normalguntexture"}
}
},
{

"from":[22.5,7.3125,7],
"to":[25.625,8.5,9],
"rotation":{"origin":[22.5,8.5,7],"axis":"z","angle":-22.5},
"faces":{
"down":{"uv":[6.045563,7,9.170563,9],"texture":"#normalguntexture"},
"up":{"uv":[6.045563,7,9.170563,9],"texture":"#normalguntexture"},
"north":{"uv":[6.829437,7.409607,9.954437,8.597107],"texture":"#normalguntexture"},
"south":{"uv":[6.045563,7.409607,9.170563,8.597107],"texture":"#normalguntexture"},
"west":{"uv":[7,7.409607,9,8.597107],"texture":"#normalguntexture"},
"east":{"uv":[7,7.409607,9,8.597107],"texture":"#normalguntexture"}
}
},
{

"from":[25.4375,8.1875,7],
"to":[25.875,9.375,9],
"rotation":{"origin":[25.4375,9.375,7],"axis":"z","angle":-22.5},
"faces":{
"down":{"uv":[8.983063,7,9.420563,9],"texture":"#normalguntexture"},
"up":{"uv":[8.983063,7,9.420563,9],"texture":"#normalguntexture"},
"north":{"uv":[6.579437,6.534607,7.016937,7.722107],"texture":"#normalguntexture"},
"south":{"uv":[8.983063,6.534607,9.420563,7.722107],"texture":"#normalguntexture"},
"west":{"uv":[7,6.534607,9,7.722107],"texture":"#normalguntexture"},
"east":{"uv":[7,6.534607,9,7.722107],"texture":"#normalguntexture"}
}
},
{

"from":[25.2813,9.2188,7],
"to":[25.8438,9.8438,9],
"faces":{
"down":{"uv":[9.2813,7,9.8438,9],"texture":"#normalguntexture"},
"up":{"uv":[9.2813,7,9.8438,9],"texture":"#normalguntexture"},
"north":{"uv":[6.1562,6.15625,6.7187,6.78125],"texture":"#normalguntexture"},
"south":{"uv":[9.2813,6.15625,9.8438,6.78125],"texture":"#normalguntexture"},
"west":{"uv":[7,6.15625,9,6.78125],"texture":"#normalguntexture"},
"east":{"uv":[7,6.15625,9,6.78125],"texture":"#normalguntexture"}
}
},
{

"from":[-7.3125,7.5,8.406199],
"to":[-6.75,8.125,8.781199],
"faces":{
"north":{"uv":[6.75,7.875,7.3125,8.5],"texture":"#texture"},
"south":{"uv":[8.6875,7.875,9.25,8.5],"texture":"#texture"},
"west":{"uv":[8.40625,7.875,8.78125,8.5],"texture":"#texture"},
"east":{"uv":[7.21875,7.875,7.59375,8.5],"texture":"#texture"}
}
},
{

"from":[-5.625,7.5,8.406199],
"to":[-5.0625,8.125,8.781199],
"faces":{
"north":{"uv":[5.0625,7.875,5.625,8.5],"texture":"#texture"},
"south":{"uv":[10.375,7.875,10.9375,8.5],"texture":"#texture"},
"west":{"uv":[8.40625,7.875,8.78125,8.5],"texture":"#texture"},
"east":{"uv":[7.21875,7.875,7.59375,8.5],"texture":"#texture"}
}
},
{

"from":[-3.9375,7.5,8.406199],
"to":[-3.375,8.125,8.781199],
"faces":{
"north":{"uv":[3.375,7.875,3.9375,8.5],"texture":"#texture"},
"south":{"uv":[12.0625,7.875,12.625,8.5],"texture":"#texture"},
"west":{"uv":[8.40625,7.875,8.78125,8.5],"texture":"#texture"},
"east":{"uv":[7.21875,7.875,7.59375,8.5],"texture":"#texture"}
}
},
{

"from":[-2.1875,7.5,8.406199],
"to":[-1.625,8.125,8.781199],
"faces":{
"north":{"uv":[1.625,7.875,2.1875,8.5],"texture":"#texture"},
"south":{"uv":[13.8125,7.875,14.375,8.5],"texture":"#texture"},
"west":{"uv":[8.40625,7.875,8.78125,8.5],"texture":"#texture"},
"east":{"uv":[7.21875,7.875,7.59375,8.5],"texture":"#texture"}
}
},
{

"from":[-0.4375,7.5,8.406199],
"to":[0.125,8.125,8.781199],
"faces":{
"north":{"uv":[15.875,7.875,16,8.5],"texture":"#texture"},
"south":{"uv":[0,7.875,0.125,8.5],"texture":"#texture"},
"west":{"uv":[8.40625,7.875,8.78125,8.5],"texture":"#texture"},
"east":{"uv":[7.21875,7.875,7.59375,8.5],"texture":"#texture"}
}
},
{

"from":[1.1875,7.5,8.406199],
"to":[1.75,8.125,8.781199],
"faces":{
"north":{"uv":[14.25,7.875,14.8125,8.5],"texture":"#texture"},
"south":{"uv":[1.1875,7.875,1.75,8.5],"texture":"#texture"},
"west":{"uv":[8.40625,7.875,8.78125,8.5],"texture":"#texture"},
"east":{"uv":[7.21875,7.875,7.59375,8.5],"texture":"#texture"}
}
},
{

"from":[3,7.5,8.406199],
"to":[3.5625,8.125,8.781199],
"faces":{
"north":{"uv":[12.4375,7.875,13,8.5],"texture":"#texture"},
"south":{"uv":[3,7.875,3.5625,8.5],"texture":"#texture"},
"west":{"uv":[8.40625,7.875,8.78125,8.5],"texture":"#texture"},
"east":{"uv":[7.21875,7.875,7.59375,8.5],"texture":"#texture"}
}
},
{

"from":[-7.75,8.3125,7.75],
"to":[-5.125,8.625,8.3125],
"faces":{
"down":{"uv":[8.25,7.6875,10.875,8.25],"texture":"#texture"},
"up":{"uv":[8.25,7.75,10.875,8.3125],"texture":"#texture"},
"north":{"uv":[5.125,7.375,7.75,7.6875],"texture":"#texture"},
"south":{"uv":[8.25,7.375,10.875,7.6875],"texture":"#texture"},
"west":{"uv":[7.75,7.375,8.3125,7.6875],"texture":"#texture"},
"east":{"uv":[7.6875,7.375,8.25,7.6875],"texture":"#texture"}
}
},
{

"from":[2.3125,8.3125,7.75],
"to":[2.875,8.625,8.3125],
"faces":{
"down":{"uv":[2.3125,7.6875,2.875,8.25],"texture":"#texture"},
"up":{"uv":[2.3125,7.75,2.875,8.3125],"texture":"#texture"},
"north":{"uv":[13.125,7.375,13.6875,7.6875],"texture":"#texture"},
"south":{"uv":[2.3125,7.375,2.875,7.6875],"texture":"#texture"},
"west":{"uv":[7.75,7.375,8.3125,7.6875],"texture":"#texture"},
"east":{"uv":[7.6875,7.375,8.25,7.6875],"texture":"#texture"}
}
},
{

"from":[-0.6875,8.3125,7.7812],
"to":[-0.15625,8.625,8.31245],
"faces":{
"down":{"uv":[15.3125,7.6875,15.84375,8.21875],"texture":"#texture"},
"up":{"uv":[15.3125,7.78125,15.84375,8.3125],"texture":"#texture"},
"north":{"uv":[0.15625,7.375,0.6875,7.6875],"texture":"#texture"},
"south":{"uv":[15.3125,7.375,15.84375,7.6875],"texture":"#texture"},
"west":{"uv":[7.78125,7.375,8.3125,7.6875],"texture":"#texture"},
"east":{"uv":[7.6875,7.375,8.21875,7.6875],"texture":"#texture"}
}
},
{

"from":[-2.3125,8.3125,7.75],
"to":[-1.75,8.625,8.3125],
"faces":{
"down":{"uv":[13.6875,7.6875,14.25,8.25],"texture":"#texture"},
"up":{"uv":[13.6875,7.75,14.25,8.3125],"texture":"#texture"},
"north":{"uv":[1.75,7.375,2.3125,7.6875],"texture":"#texture"},
"south":{"uv":[13.6875,7.375,14.25,7.6875],"texture":"#texture"},
"west":{"uv":[7.75,7.375,8.3125,7.6875],"texture":"#texture"},
"east":{"uv":[7.6875,7.375,8.25,7.6875],"texture":"#texture"}
}
},
{

"from":[-4.0625,8.3125,7.7812],
"to":[-3.46875,8.625,8.31245],
"faces":{
"down":{"uv":[11.9375,7.6875,12.53125,8.21875],"texture":"#texture"},
"up":{"uv":[11.9375,7.78125,12.53125,8.3125],"texture":"#texture"},
"north":{"uv":[3.46875,7.375,4.0625,7.6875],"texture":"#texture"},
"south":{"uv":[11.9375,7.375,12.53125,7.6875],"texture":"#texture"},
"west":{"uv":[7.78125,7.375,8.3125,7.6875],"texture":"#texture"},
"east":{"uv":[7.6875,7.375,8.21875,7.6875],"texture":"#texture"}
}
},
{

"from":[3.5,8.3125,7.7812],
"to":[4.75,8.625,8.3437],
"faces":{
"down":{"uv":[3.5,7.65625,4.75,8.21875],"texture":"#texture"},
"up":{"uv":[3.5,7.78125,4.75,8.34375],"texture":"#texture"},
"north":{"uv":[11.25,7.375,12.5,7.6875],"texture":"#texture"},
"south":{"uv":[3.5,7.375,4.75,7.6875],"texture":"#texture"},
"west":{"uv":[7.78125,7.375,8.34375,7.6875],"texture":"#texture"},
"east":{"uv":[7.65625,7.375,8.21875,7.6875],"texture":"#texture"}
}
},
{

"from":[-9.5,8.3125,7.75],
"to":[-8.9375,8.625,8.3125],
"faces":{
"down":{"uv":[6.5,7.6875,7.0625,8.25],"texture":"#texture"},
"up":{"uv":[6.5,7.75,7.0625,8.3125],"texture":"#texture"},
"north":{"uv":[8.9375,7.375,9.5,7.6875],"texture":"#texture"},
"south":{"uv":[6.5,7.375,7.0625,7.6875],"texture":"#texture"},
"west":{"uv":[7.75,7.375,8.3125,7.6875],"texture":"#texture"},
"east":{"uv":[7.6875,7.375,8.25,7.6875],"texture":"#texture"}
}
},
{

"from":[-9.5625,7,7.75],
"to":[-6.5,7.3125,8.3125],
"faces":{
"down":{"uv":[6.4375,7.6875,9.5,8.25],"texture":"#texture"},
"up":{"uv":[6.4375,7.75,9.5,8.3125],"texture":"#texture"},
"north":{"uv":[6.5,8.6875,9.5625,9],"texture":"#texture"},
"south":{"uv":[6.4375,8.6875,9.5,9],"texture":"#texture"},
"west":{"uv":[7.75,8.6875,8.3125,9],"texture":"#texture"},
"east":{"uv":[7.6875,8.6875,8.25,9],"texture":"#texture"}
}
},
{

"from":[-5.1875,7,7.75],
"to":[-4.5625,7.3125,8.3125],
"faces":{
"down":{"uv":[10.8125,7.6875,11.4375,8.25],"texture":"#texture"},
"up":{"uv":[10.8125,7.75,11.4375,8.3125],"texture":"#texture"},
"north":{"uv":[4.5625,8.6875,5.1875,9],"texture":"#texture"},
"south":{"uv":[10.8125,8.6875,11.4375,9],"texture":"#texture"},
"west":{"uv":[7.75,8.6875,8.3125,9],"texture":"#texture"},
"east":{"uv":[7.6875,8.6875,8.25,9],"texture":"#texture"}
}
},
{

"from":[-3.5,7,7.75],
"to":[-2.875,7.3125,8.3125],
"faces":{
"down":{"uv":[12.5,7.6875,13.125,8.25],"texture":"#texture"},
"up":{"uv":[12.5,7.75,13.125,8.3125],"texture":"#texture"},
"north":{"uv":[2.875,8.6875,3.5,9],"texture":"#texture"},
"south":{"uv":[12.5,8.6875,13.125,9],"texture":"#texture"},
"west":{"uv":[7.75,8.6875,8.3125,9],"texture":"#texture"},
"east":{"uv":[7.6875,8.6875,8.25,9],"texture":"#texture"}
}
},
{

"from":[-1.75,7,7.75],
"to":[2.5625,7.3125,8.3125],
"faces":{
"down":{"uv":[0,7.6875,2.5625,8.25],"texture":"#texture"},
"up":{"uv":[0,7.75,2.5625,8.3125],"texture":"#texture"},
"north":{"uv":[13.4375,8.6875,16,9],"texture":"#texture"},
"south":{"uv":[0,8.6875,2.5625,9],"texture":"#texture"},
"west":{"uv":[7.75,8.6875,8.3125,9],"texture":"#texture"},
"east":{"uv":[7.6875,8.6875,8.25,9],"texture":"#texture"}
}
},
{

"from":[4,7,7.75],
"to":[5,7.3125,8.3125],
"faces":{
"down":{"uv":[4,7.6875,5,8.25],"texture":"#texture"},
"up":{"uv":[4,7.75,5,8.3125],"texture":"#texture"},
"north":{"uv":[11,8.6875,12,9],"texture":"#texture"},
"south":{"uv":[4,8.6875,5,9],"texture":"#texture"},
"west":{"uv":[7.75,8.6875,8.3125,9],"texture":"#texture"},
"east":{"uv":[7.6875,8.6875,8.25,9],"texture":"#texture"}
}
},
{

"from":[15.375,6,7.5625],
"to":[15.875,6.4375,8.4375],
"rotation":{"origin":[15.375,6.4375,7.5625],"axis":"z","angle":45},
"faces":{
"down":{"uv":[15.68436,7.5625,16,8.4375],"texture":"#texture"},
"north":{"uv":[0,9.434359,0.3156404,9.871859],"texture":"#texture"},
"south":{"uv":[15.68436,9.434359,16,9.871859],"texture":"#texture"}
}
},
{

"from":[22.4375,5.5,7.3125],
"to":[23.4375,6.0625,8.6875],
"rotation":{"origin":[22.4375,6.0625,7.3125],"axis":"z","angle":45},
"faces":{
"down":{"uv":[6.835247,7.3125,7.835247,8.6875],"texture":"#normalguntexture"},
"up":{"uv":[6.835247,7.3125,7.835247,8.6875],"texture":"#normalguntexture"},
"north":{"uv":[8.164753,9.772747,9.164753,10.33525],"texture":"#normalguntexture"},
"south":{"uv":[6.835247,9.772747,7.835247,10.33525],"texture":"#normalguntexture"},
"west":{"uv":[7.3125,9.772747,8.6875,10.33525],"texture":"#normalguntexture"},
"east":{"uv":[7.3125,9.772747,8.6875,10.33525],"texture":"#normalguntexture"}
}
},
{

"from":[22.6563,6.0625,7.3125],
"to":[23.0938,6.6875,8.6875],
"rotation":{"origin":[22.6563,6.6875,7.3125],"axis":"z","angle":-22.5},
"faces":{
"down":{"uv":[6.417122,7.3125,6.854622,8.6875],"texture":"#normalguntexture"},
"up":{"uv":[6.417122,7.3125,6.854622,8.6875],"texture":"#normalguntexture"},
"north":{"uv":[9.145378,9.264925,9.582878,9.889925],"texture":"#normalguntexture"},
"south":{"uv":[6.417122,9.264925,6.854622,9.889925],"texture":"#normalguntexture"},
"west":{"uv":[7.3125,9.264925,8.6875,9.889925],"texture":"#normalguntexture"},
"east":{"uv":[7.3125,9.264925,8.6875,9.889925],"texture":"#normalguntexture"}
}
},
{

"from":[5.1875,9.0625,7.6875],
"to":[5.625,9.25,8.3125],
"faces":{
"down":{"uv":[5.1875,7.6875,5.625,8.3125],"texture":"#texture"},
"up":{"uv":[5.1875,7.6875,5.625,8.3125],"texture":"#texture"},
"north":{"uv":[10.375,6.75,10.8125,6.9375],"texture":"#texture"},
"south":{"uv":[5.1875,6.75,5.625,6.9375],"texture":"#texture"},
"west":{"uv":[7.6875,6.75,8.3125,6.9375],"texture":"#texture"},
"east":{"uv":[7.6875,6.75,8.3125,6.9375],"texture":"#texture"}
}
},
{

"from":[5.625,9.125,7.6875],
"to":[6.0625,9.3125,8.3125],
"faces":{
"down":{"uv":[5.625,7.6875,6.0625,8.3125],"texture":"#texture"},
"up":{"uv":[5.625,7.6875,6.0625,8.3125],"texture":"#texture"},
"north":{"uv":[9.9375,6.6875,10.375,6.875],"texture":"#texture"},
"south":{"uv":[5.625,6.6875,6.0625,6.875],"texture":"#texture"},
"west":{"uv":[7.6875,6.6875,8.3125,6.875],"texture":"#texture"},
"east":{"uv":[7.6875,6.6875,8.3125,6.875],"texture":"#texture"}
}
},
{

"from":[6.0625,9.1875,7.6875],
"to":[6.5,9.375,8.3125],
"faces":{
"down":{"uv":[6.0625,7.6875,6.5,8.3125],"texture":"#texture"},
"up":{"uv":[6.0625,7.6875,6.5,8.3125],"texture":"#texture"},
"north":{"uv":[9.5,6.625,9.9375,6.8125],"texture":"#texture"},
"south":{"uv":[6.0625,6.625,6.5,6.8125],"texture":"#texture"},
"west":{"uv":[7.6875,6.625,8.3125,6.8125],"texture":"#texture"},
"east":{"uv":[7.6875,6.625,8.3125,6.8125],"texture":"#texture"}
}
},
{

"from":[12.5,6.1875,6.375],
"to":[13,8.6875,6.875],
"faces":{
"down":{"uv":[12.5,9.125,13,9.625],"texture":"#texture"},
"up":{"uv":[12.5,6.375,13,6.875],"texture":"#texture"},
"north":{"uv":[3,7.3125,3.5,9.8125],"texture":"#texture"},
"south":{"uv":[12.5,7.3125,13,9.8125],"texture":"#texture"},
"west":{"uv":[6.375,7.3125,6.875,9.8125],"texture":"#texture"},
"east":{"uv":[9.125,7.3125,9.625,9.8125],"texture":"#texture"}
}
},
{

"from":[13.6875,6.8125,6.625],
"to":[14.0625,7.25,6.875],
"faces":{
"down":{"uv":[13.6875,9.125,14.0625,9.375],"texture":"#texture"},
"up":{"uv":[13.6875,6.625,14.0625,6.875],"texture":"#texture"},
"north":{"uv":[1.9375,8.75,2.3125,9.1875],"texture":"#texture"},
"south":{"uv":[13.6875,8.75,14.0625,9.1875],"texture":"#texture"},
"west":{"uv":[6.625,8.75,6.875,9.1875],"texture":"#texture"},
"east":{"uv":[9.125,8.75,9.375,9.1875],"texture":"#texture"}
}
},
{

"from":[14.4375,6.8125,6.75],
"to":[14.75,7.25,7],
"faces":{
"down":{"uv":[14.4375,9,14.75,9.25],"texture":"#texture"},
"up":{"uv":[14.4375,6.75,14.75,7],"texture":"#texture"},
"north":{"uv":[1.25,8.75,1.5625,9.1875],"texture":"#texture"},
"south":{"uv":[14.4375,8.75,14.75,9.1875],"texture":"#texture"},
"west":{"uv":[6.75,8.75,7,9.1875],"texture":"#texture"},
"east":{"uv":[9,8.75,9.25,9.1875],"texture":"#texture"}
}
},
{

"from":[14.0625,6.8125,6.6875],
"to":[14.4375,7.25,6.9375],
"faces":{
"down":{"uv":[14.0625,9.0625,14.4375,9.3125],"texture":"#texture"},
"up":{"uv":[14.0625,6.6875,14.4375,6.9375],"texture":"#texture"},
"north":{"uv":[1.5625,8.75,1.9375,9.1875],"texture":"#texture"},
"south":{"uv":[14.0625,8.75,14.4375,9.1875],"texture":"#texture"},
"west":{"uv":[6.6875,8.75,6.9375,9.1875],"texture":"#texture"},
"east":{"uv":[9.0625,8.75,9.3125,9.1875],"texture":"#texture"}
}
},
{

"from":[13.3125,6.8125,6.5625],
"to":[13.6875,7.25,6.8125],
"faces":{
"down":{"uv":[13.3125,9.1875,13.6875,9.4375],"texture":"#texture"},
"up":{"uv":[13.3125,6.5625,13.6875,6.8125],"texture":"#texture"},
"north":{"uv":[2.3125,8.75,2.6875,9.1875],"texture":"#texture"},
"south":{"uv":[13.3125,8.75,13.6875,9.1875],"texture":"#texture"},
"west":{"uv":[6.5625,8.75,6.8125,9.1875],"texture":"#texture"},
"east":{"uv":[9.1875,8.75,9.4375,9.1875],"texture":"#texture"}
}
},
{

"from":[13,6.8125,6.5],
"to":[13.3125,7.25,6.75],
"faces":{
"down":{"uv":[13,9.25,13.3125,9.5],"texture":"#texture"},
"up":{"uv":[13,6.5,13.3125,6.75],"texture":"#texture"},
"north":{"uv":[2.6875,8.75,3,9.1875],"texture":"#texture"},
"south":{"uv":[13,8.75,13.3125,9.1875],"texture":"#texture"},
"west":{"uv":[6.5,8.75,6.75,9.1875],"texture":"#texture"},
"east":{"uv":[9.25,8.75,9.5,9.1875],"texture":"#texture"}
}
},
{

"from":[5.1875,7.3125,6.9375],
"to":[6.75,7.75,7.1875],
"faces":{
"down":{"uv":[5.1875,8.8125,6.75,9.0625],"texture":"#texture"},
"up":{"uv":[5.1875,6.9375,6.75,7.1875],"texture":"#texture"},
"north":{"uv":[9.25,8.25,10.8125,8.6875],"texture":"#texture"},
"south":{"uv":[5.1875,8.25,6.75,8.6875],"texture":"#texture"},
"west":{"uv":[6.9375,8.25,7.1875,8.6875],"texture":"#texture"},
"east":{"uv":[8.8125,8.25,9.0625,8.6875],"texture":"#texture"}
}
},
{

"from":[5.875,7.3125,6.8125],
"to":[6.5,7.75,6.9375],
"faces":{
"down":{"uv":[5.875,9.0625,6.5,9.1875],"texture":"#texture"},
"up":{"uv":[5.875,6.8125,6.5,6.9375],"texture":"#texture"},
"north":{"uv":[9.5,8.25,10.125,8.6875],"texture":"#texture"},
"south":{"uv":[5.875,8.25,6.5,8.6875],"texture":"#texture"},
"west":{"uv":[6.8125,8.25,6.9375,8.6875],"texture":"#texture"},
"east":{"uv":[9.0625,8.25,9.1875,8.6875],"texture":"#texture"}
}
},
{

"from":[6.5,7.3125,6.75],
"to":[7.125,7.75,6.875],
"faces":{
"down":{"uv":[6.5,9.125,7.125,9.25],"texture":"#texture"},
"up":{"uv":[6.5,6.75,7.125,6.875],"texture":"#texture"},
"north":{"uv":[8.875,8.25,9.5,8.6875],"texture":"#texture"},
"south":{"uv":[6.5,8.25,7.125,8.6875],"texture":"#texture"},
"west":{"uv":[6.75,8.25,6.875,8.6875],"texture":"#texture"},
"east":{"uv":[9.125,8.25,9.25,8.6875],"texture":"#texture"}
}
},
{

"from":[7.125,7.0625,6.625],
"to":[7.4375,8,6.9375],
"faces":{
"down":{"uv":[7.125,9.0625,7.4375,9.375],"texture":"#texture"},
"up":{"uv":[7.125,6.625,7.4375,6.9375],"texture":"#texture"},
"north":{"uv":[8.5625,8,8.875,8.9375],"texture":"#texture"},
"south":{"uv":[7.125,8,7.4375,8.9375],"texture":"#texture"},
"west":{"uv":[6.625,8,6.9375,8.9375],"texture":"#texture"},
"east":{"uv":[9.0625,8,9.375,8.9375],"texture":"#texture"}
}
},
{

"from":[-10.75,8.6875,7.75],
"to":[-10.1875,8.875,8.25],
"faces":{
"down":{"uv":[5.25,7.75,5.8125,8.25],"texture":"#texture"},
"up":{"uv":[5.25,7.75,5.8125,8.25],"texture":"#texture"},
"north":{"uv":[10.1875,7.125,10.75,7.3125],"texture":"#texture"},
"south":{"uv":[5.25,7.125,5.8125,7.3125],"texture":"#texture"},
"west":{"uv":[7.75,7.125,8.25,7.3125],"texture":"#texture"},
"east":{"uv":[7.75,7.125,8.25,7.3125],"texture":"#texture"}
}
},
{

"from":[-10.1875,8.75,7.75],
"to":[-9.625,8.9375,8.25],
"faces":{
"down":{"uv":[5.8125,7.75,6.375,8.25],"texture":"#texture"},
"up":{"uv":[5.8125,7.75,6.375,8.25],"texture":"#texture"},
"north":{"uv":[9.625,7.0625,10.1875,7.25],"texture":"#texture"},
"south":{"uv":[5.8125,7.0625,6.375,7.25],"texture":"#texture"},
"west":{"uv":[7.75,7.0625,8.25,7.25],"texture":"#texture"},
"east":{"uv":[7.75,7.0625,8.25,7.25],"texture":"#texture"}
}
},
{

"from":[-9.625,8.6875,7.75],
"to":[-9.375,8.875,8.25],
"faces":{
"down":{"uv":[6.375,7.75,6.625,8.25],"texture":"#texture"},
"up":{"uv":[6.375,7.75,6.625,8.25],"texture":"#texture"},
"north":{"uv":[9.375,7.125,9.625,7.3125],"texture":"#texture"},
"south":{"uv":[6.375,7.125,6.625,7.3125],"texture":"#texture"},
"west":{"uv":[7.75,7.125,8.25,7.3125],"texture":"#texture"},
"east":{"uv":[7.75,7.125,8.25,7.3125],"texture":"#texture"}
}
},
{

"from":[-9.375,8.625,7.75],
"to":[-9.1875,8.8125,8.25],
"faces":{
"down":{"uv":[6.625,7.75,6.8125,8.25],"texture":"#texture"},
"up":{"uv":[6.625,7.75,6.8125,8.25],"texture":"#texture"},
"north":{"uv":[9.1875,7.1875,9.375,7.375],"texture":"#texture"},
"south":{"uv":[6.625,7.1875,6.8125,7.375],"texture":"#texture"},
"west":{"uv":[7.75,7.1875,8.25,7.375],"texture":"#texture"},
"east":{"uv":[7.75,7.1875,8.25,7.375],"texture":"#texture"}
}
},
{

"from":[-9.1875,8.5625,7.75],
"to":[-9,8.75,8.25],
"faces":{
"down":{"uv":[6.8125,7.75,7,8.25],"texture":"#texture"},
"up":{"uv":[6.8125,7.75,7,8.25],"texture":"#texture"},
"north":{"uv":[9,7.25,9.1875,7.4375],"texture":"#texture"},
"south":{"uv":[6.8125,7.25,7,7.4375],"texture":"#texture"},
"west":{"uv":[7.75,7.25,8.25,7.4375],"texture":"#texture"},
"east":{"uv":[7.75,7.25,8.25,7.4375],"texture":"#texture"}
}
},
{

"from":[-9,8.5,7.75],
"to":[-8.8125,8.6875,8.25],
"faces":{
"down":{"uv":[7,7.75,7.1875,8.25],"texture":"#texture"},
"up":{"uv":[7,7.75,7.1875,8.25],"texture":"#texture"},
"north":{"uv":[8.8125,7.3125,9,7.5],"texture":"#texture"},
"south":{"uv":[7,7.3125,7.1875,7.5],"texture":"#texture"},
"west":{"uv":[7.75,7.3125,8.25,7.5],"texture":"#texture"},
"east":{"uv":[7.75,7.3125,8.25,7.5],"texture":"#texture"}
}
},
{

"from":[0.8125,8.3125,7.7812],
"to":[1.34375,8.625,8.31245],
"faces":{
"down":{"uv":[0.8125,7.6875,1.34375,8.21875],"texture":"#texture"},
"up":{"uv":[0.8125,7.78125,1.34375,8.3125],"texture":"#texture"},
"north":{"uv":[14.65625,7.375,15.1875,7.6875],"texture":"#texture"},
"south":{"uv":[0.8125,7.375,1.34375,7.6875],"texture":"#texture"},
"west":{"uv":[7.78125,7.375,8.3125,7.6875],"texture":"#texture"},
"east":{"uv":[7.6875,7.375,8.21875,7.6875],"texture":"#texture"}
}
},
{

"from":[9,10,7.625],
"to":[11,10.75,8.375],
"faces":{
"down":{"uv":[9,7.625,11,8.375],"texture":"#texture"},
"up":{"uv":[9,7.625,11,8.375],"texture":"#texture"},
"north":{"uv":[5,5.25,7,6],"texture":"#texture"},
"south":{"uv":[9,5.25,11,6],"texture":"#texture"},
"west":{"uv":[7.625,5.25,8.375,6],"texture":"#texture"},
"east":{"uv":[7.625,5.25,8.375,6],"texture":"#texture"}
}
},
{

"from":[18,9,7.0005],
"to":[21.5,10,8.999499],
"rotation":{"origin":[18,10,7.0005],"axis":"z","angle":-22.5},
"faces":{
"up":{"uv":[1.617317,7.0005,5.117317,8.9995],"texture":"#texture"},
"north":{"uv":[10.88268,5.92388,14.38268,6.92388],"texture":"#texture"},
"south":{"uv":[1.617317,5.92388,5.117317,6.92388],"texture":"#texture"}
}
},
{

"from":[7,9.5,7.25],
"to":[18,10,8.75],
"faces":{
"up":{"uv":[7,7.25,16,8.75],"texture":"#texture"},
"north":{"uv":[0,6,9,6.5],"texture":"#texture"},
"south":{"uv":[7,6,16,6.5],"texture":"#texture"},
"west":{"uv":[7.25,6,8.75,6.5],"texture":"#texture"},
"east":{"uv":[7.25,6,8.75,6.5],"texture":"#texture"}
}
},
{

"from":[12,10.6875,7.4375],
"to":[13,11.8125,8.5625],
"faces":{
"down":{"uv":[12,7.4375,13,8.5625],"texture":"#normalguntexture"},
"up":{"uv":[12,7.4375,13,8.5625],"texture":"#normalguntexture"},
"north":{"uv":[3,4.1875,4,5.3125],"texture":"#normalguntexture"},
"south":{"uv":[12,4.1875,13,5.3125],"texture":"#normalguntexture"},
"west":{"uv":[7.4375,4.1875,8.5625,5.3125],"texture":"#normalguntexture"}
}
},
{

"from":[9.875,11.75,7.6875],
"to":[10.5,12,8.3125],
"faces":{
"up":{"uv":[9.875,7.6875,10.5,8.3125],"texture":"#normalguntexture"},
"north":{"uv":[5.5,4,6.125,4.25],"texture":"#normalguntexture"},
"south":{"uv":[9.875,4,10.5,4.25],"texture":"#normalguntexture"},
"west":{"uv":[7.6875,4,8.3125,4.25],"texture":"#normalguntexture"},
"east":{"uv":[7.6875,4,8.3125,4.25],"texture":"#normalguntexture"}
}
},
{

"from":[15.4375,10.8125,7.5625],
"to":[15.5625,11.6875,8.4375],
"faces":{
"down":{"uv":[15.4375,7.5625,15.5625,8.4375],"texture":"#gold_block"},
"up":{"uv":[15.4375,7.5625,15.5625,8.4375],"texture":"#gold_block"},
"north":{"uv":[0.4375,4.3125,0.5625,5.1875],"texture":"#gold_block"},
"south":{"uv":[15.4375,4.3125,15.5625,5.1875],"texture":"#gold_block"},
"east":{"uv":[7.5625,4.3125,8.4375,5.1875],"texture":"#gold_block"}
}
},
{

"from":[6.625,10.625,7.375],
"to":[7.625,11.875,8.625],
"faces":{
"down":{"uv":[6.625,7.375,7.625,8.625],"texture":"#normalguntexture"},
"up":{"uv":[6.625,7.375,7.625,8.625],"texture":"#normalguntexture"},
"north":{"uv":[8.375,4.125,9.375,5.375],"texture":"#normalguntexture"},
"south":{"uv":[6.625,4.125,7.625,5.375],"texture":"#normalguntexture"},
"east":{"uv":[7.375,4.125,8.625,5.375],"texture":"#normalguntexture"}
}
},
{

"from":[5.625,10.5625,7.3125],
"to":[6.625,11.9375,8.6875],
"faces":{
"down":{"uv":[5.625,7.3125,6.625,8.6875],"texture":"#normalguntexture"},
"up":{"uv":[5.625,7.3125,6.625,8.6875],"texture":"#normalguntexture"},
"north":{"uv":[9.375,4.0625,10.375,5.4375],"texture":"#normalguntexture"},
"south":{"uv":[5.625,4.0625,6.625,5.4375],"texture":"#normalguntexture"},
"west":{"uv":[7.3125,4.0625,8.6875,5.4375],"texture":"#normalguntexture"},
"east":{"uv":[7.3125,4.0625,8.6875,5.4375],"texture":"#normalguntexture"}
}
},
{

"from":[7.625,10.6875,7.4375],
"to":[8.625,11.8125,8.5625],
"faces":{
"down":{"uv":[7.625,7.4375,8.625,8.5625],"texture":"#normalguntexture"},
"up":{"uv":[7.625,7.4375,8.625,8.5625],"texture":"#normalguntexture"},
"north":{"uv":[7.375,4.1875,8.375,5.3125],"texture":"#normalguntexture"},
"south":{"uv":[7.625,4.1875,8.625,5.3125],"texture":"#normalguntexture"},
"east":{"uv":[7.4375,4.1875,8.5625,5.3125],"texture":"#normalguntexture"}
}
},
{

"from":[13,10.625,7.375],
"to":[14,11.875,8.625],
"faces":{
"down":{"uv":[13,7.375,14,8.625],"texture":"#normalguntexture"},
"up":{"uv":[13,7.375,14,8.625],"texture":"#normalguntexture"},
"north":{"uv":[2,4.125,3,5.375],"texture":"#normalguntexture"},
"south":{"uv":[13,4.125,14,5.375],"texture":"#normalguntexture"},
"west":{"uv":[7.375,4.125,8.625,5.375],"texture":"#normalguntexture"}
}
},
{

"from":[14,10.5625,7.3125],
"to":[15.5,11.9375,8.6875],
"faces":{
"down":{"uv":[14,7.3125,15.5,8.6875],"texture":"#normalguntexture"},
"up":{"uv":[14,7.3125,15.5,8.6875],"texture":"#normalguntexture"},
"north":{"uv":[0.5,4.0625,2,5.4375],"texture":"#normalguntexture"},
"south":{"uv":[14,4.0625,15.5,5.4375],"texture":"#normalguntexture"},
"west":{"uv":[7.3125,4.0625,8.6875,5.4375],"texture":"#normalguntexture"},
"east":{"uv":[7.3125,4.0625,8.6875,5.4375],"texture":"#normalguntexture"}
}
},
{

"from":[5.5625,10.8125,7.5625],
"to":[5.6875,11.6875,8.4375],
"faces":{
"down":{"uv":[5.5625,7.5625,5.6875,8.4375],"texture":"#gold_block"},
"up":{"uv":[5.5625,7.5625,5.6875,8.4375],"texture":"#gold_block"},
"north":{"uv":[10.3125,4.3125,10.4375,5.1875],"texture":"#gold_block"},
"south":{"uv":[5.5625,4.3125,5.6875,5.1875],"texture":"#gold_block"},
"west":{"uv":[7.5625,4.3125,8.4375,5.1875],"texture":"#gold_block"}
}
},
{

"from":[10,8,7.125],
"to":[17,9,8.875],
"faces":{
"north":{"uv":[0,7,6,8],"texture":"#texture"},
"south":{"uv":[10,7,16,8],"texture":"#texture"}
}
},
{

"from":[7,9,7],
"to":[18,9.5,9],
"faces":{
"down":{"uv":[7,7,16,9],"texture":"#texture"},
"up":{"uv":[7,7,16,9],"texture":"#texture"},
"north":{"uv":[0,6.5,9,7],"texture":"#texture"},
"south":{"uv":[7,6.5,16,7],"texture":"#texture"},
"west":{"uv":[7,6.5,9,7],"texture":"#texture"},
"east":{"uv":[7,6.5,9,7],"texture":"#texture"}
}
},
{

"from":[17,8,7],
"to":[20,9,9],
"faces":{
"north":{"uv":[12,7,15,8],"texture":"#texture"},
"south":{"uv":[1,7,4,8],"texture":"#texture"},
"west":{"uv":[7,7,9,8],"texture":"#texture"},
"east":{"uv":[7,7,9,8],"texture":"#texture"}
}
},
{

"from":[7,6.5,7.5],
"to":[9.125,7.0625,8.375],
"faces":{
"down":{"uv":[7,7.625,9.125,8.5],"texture":"#texture"},
"north":{"uv":[6.875,8.9375,9,9.5],"texture":"#texture"},
"south":{"uv":[7,8.9375,9.125,9.5],"texture":"#texture"},
"west":{"uv":[7.5,8.9375,8.375,9.5],"texture":"#texture"},
"east":{"uv":[7.625,8.9375,8.5,9.5],"texture":"#texture"}
}
},
{

"from":[7,8,7],
"to":[10,9,9],
"faces":{
"north":{"uv":[6,7,9,8],"texture":"#texture"},
"south":{"uv":[7,7,10,8],"texture":"#texture"},
"west":{"uv":[7,7,9,8],"texture":"#texture"},
"east":{"uv":[7,7,9,8],"texture":"#texture"}
}
},
{

"from":[8.5,10.75,7.5],
"to":[12,11.75,8.5],
"faces":{
"down":{"uv":[8.5,7.5,12,8.5],"texture":"#normalguntexture"},
"up":{"uv":[8.5,7.5,12,8.5],"texture":"#normalguntexture"},
"north":{"uv":[4,4.25,7.5,5.25],"texture":"#normalguntexture"},
"south":{"uv":[8.5,4.25,12,5.25],"texture":"#normalguntexture"}
}
},
{

"from":[9.875,10.9375,8.4375],
"to":[10.5,11.5625,8.6875],
"faces":{
"down":{"uv":[9.875,7.3125,10.5,7.5625],"texture":"#normalguntexture"},
"up":{"uv":[9.875,8.4375,10.5,8.6875],"texture":"#normalguntexture"},
"south":{"uv":[9.875,4.4375,10.5,5.0625],"texture":"#normalguntexture"},
"west":{"uv":[8.4375,4.4375,8.6875,5.0625],"texture":"#normalguntexture"},
"east":{"uv":[7.3125,4.4375,7.5625,5.0625],"texture":"#normalguntexture"}
}
}
],
"display":{
"thirdperson_righthand":{
"rotation":[-170,-90,130],
"translation":[0,6,2],
"scale":[0.9,0.9,0.9]
},
"thirdperson_lefthand":{
"rotation":[-170,90,-130],
"translation":[0,6,2],
"scale":[0.9,0.9,0.9]
},
"firstperson_righthand":{
"rotation":[0,-90,0],
"translation":[-3.5,4.25,-2],
"scale":[1.1,1.1,1.1]
},
"firstperson_lefthand":{
"rotation":[0,90,0],
"translation":[-3.5,4.25,-2],
"scale":[1.1,1.1,1.1]
},
"gui":{
"rotation":[-15,40,0],
"translation":[0.5,0,0],
"scale":[0.55,0.55,0.55]
},
"head":{
"rotation":[0,-90,0],
"translation":[0,12,0],
"scale":[0.7,0.7,0.7]
},
"ground":{
"rotation":[90,0,0],
"translation":[1,0,0],
"scale":[0.7,0.7,0.7]
},
"fixed":{
"translation":[0,0,-2],
"scale":[1.3,1.3,1.3]
}
}
}