{
"elements":[
{
"from":[4,7.75,7.25],
"to":[16,8.75,8.75],
"faces":{
"down":{"uv":[0.001,0.626,9.749,0.749],"texture":"#ak47_2"},
"up":{"uv":[0.001,0.626,9.749,0.749],"texture":"#ak47_2"},
"north":{"uv":[0.001,0.001,9.749,0.749],"texture":"#ak47_2"},
"south":{"uv":[9.749,0.001,0.001,0.749],"texture":"#ak47_2"},
"east":{"uv":[9.876,0.001,10.999,0.749],"texture":"#ak47_2"}
}
},
{
"from":[13,7,7.25],
"to":[16,7.75,8.75],
"faces":{
"down":{"uv":[0.001,1.626,1.124,2.249],"texture":"#ak47_2"},
"north":{"uv":[0.001,0.876,2.624,1.499],"texture":"#ak47_2"},
"south":{"uv":[2.624,0.876,0.001,1.499],"texture":"#ak47_2"},
"west":{"uv":[2.501,0.876,2.624,1.499],"texture":"#ak47_2"}
}
},
{
"from":[4,7.5,7.25],
"to":[13,7.75,8.75],
"faces":{
"down":{"uv":[2.626,1.251,9.749,2.374],"texture":"#ak47_2"},
"north":{"uv":[2.626,0.876,9.749,1.124],"texture":"#ak47_2"},
"south":{"uv":[9.749,0.876,2.626,1.124],"texture":"#ak47_2"},
"west":{"uv":[2.626,0.876,2.749,1.124],"texture":"#ak47_2"}
}
},
{
"from":[8.5,7.25,7.25],
"to":[13,7.5,8.75],
"faces":{
"down":{"uv":[2.626,2.876,5.749,3.999],"texture":"#ak47_2"},
"north":{"uv":[2.626,2.501,5.749,2.749],"texture":"#ak47_2"},
"south":{"uv":[5.749,2.501,2.626,2.749],"texture":"#ak47_2"},
"west":{"uv":[5.626,2.501,5.749,2.749],"texture":"#ak47_2"}
}
},
{
"from":[10.75,7.125,7.25],
"to":[13,7.25,8.75],
"faces":{
"down":{"uv":[0.751,4.376,2.499,5.499],"texture":"#ak47_2"},
"north":{"uv":[0.751,4.126,2.499,4.249],"texture":"#ak47_2"},
"south":{"uv":[2.499,4.126,0.751,4.249],"texture":"#ak47_2"},
"west":{"uv":[2.376,4.126,2.499,4.249],"texture":"#ak47_2"}
}
},
{
"from":[6.25,7.375,7.25],
"to":[8.5,7.5,8.75],
"faces":{
"down":{"uv":[2.626,4.376,4.374,5.499],"texture":"#ak47_2"},
"north":{"uv":[2.626,4.126,4.374,4.249],"texture":"#ak47_2"},
"south":{"uv":[4.374,4.126,2.626,4.249],"texture":"#ak47_2"},
"west":{"uv":[4.251,4.126,4.374,4.249],"texture":"#ak47_2"}
}
},
{
"from":[4.75,8.75,7.25],
"to":[15.375,9.375,8.75],
"faces":{
"up":{"uv":[0.001,6.376,7.624,6.999],"texture":"#ak47_2"},
"north":{"uv":[0.001,5.626,7.624,6.249],"texture":"#ak47_2"},
"south":{"uv":[7.624,5.626,0.001,6.249],"texture":"#ak47_2"},
"west":{"uv":[7.751,5.626,8.874,6.249],"texture":"#ak47_2"},
"east":{"uv":[7.751,5.626,8.874,6.249],"texture":"#ak47_2"}
}
},
{
"from":[4.75,9.425,7.53],
"to":[14.574,10.175,8.4675],
"faces":{
"down":{"uv":[0.001,8.001,7.124,8.624],"texture":"#ak47_2"},
"up":{"uv":[0.001,8.001,7.124,8.624],"texture":"#ak47_2"},
"north":{"uv":[0.001,7.251,7.124,7.874],"texture":"#ak47_2"},
"south":{"uv":[7.124,7.251,0.001,7.874],"texture":"#ak47_2"},
"east":{"uv":[7.251,7.251,8.124,7.874],"texture":"#ak47_2"}
}
},
{
"from":[15.375,8.875,7.25],
"to":[16.26,9.375,8.75],
"rotation":{"origin":[15.375,9.375,7.25],"axis":"z","angle":-45},
"faces":{
"up":{"uv":[0.001,10.251,0.874,11.749],"texture":"#ak47_2"},
"north":{"uv":[1.001,10.251,1.874,10.749],"texture":"#ak47_2"},
"south":{"uv":[1.874,10.251,1.001,10.749],"texture":"#ak47_2"}
}
},
{
"from":[14.575,9.425,7.53],
"to":[15.7105,10.175,8.4675],
"rotation":{"origin":[14.575,10.175,7.53],"axis":"z","angle":-45},
"faces":{
"up":{"uv":[2.001,10.251,3.124,11.124],"texture":"#ak47_2"},
"north":{"uv":[3.251,10.251,4.374,10.999],"texture":"#ak47_2"},
"south":{"uv":[4.374,10.251,3.251,10.999],"texture":"#ak47_2"}
}
},
{
"from":[4.75,9,7.25],
"to":[15.125,9.375,7.71875],
"rotation":{"origin":[4.75,9.375,7.25],"axis":"x","angle":-22.5},
"faces":{
"up":{"uv":[0.001,9.876,7.374,10.124],"texture":"#ak47_2"},
"west":{"uv":[7.501,9.876,7.749,10.124],"texture":"#ak47_2"},
"east":{"uv":[7.876,9.876,8.124,10.124],"texture":"#ak47_2"}
}
},
{
"from":[4.75,9.1775,8.31476],
"to":[15.125,9.5525,8.78351],
"rotation":{"origin":[4.75,9.5525,8.31476],"axis":"x","angle":22.5},
"faces":{
"up":{"uv":[0.001,9.501,7.374,9.749],"texture":"#ak47_2"},
"west":{"uv":[7.501,9.501,7.749,9.749],"texture":"#ak47_2"},
"east":{"uv":[7.876,9.501,8.124,9.749],"texture":"#ak47_2"}
}
},
{
"from":[-3.125,7.75,7.1875],
"to":[3.875,8.875,8.78125],
"faces":{
"down":{"uv":[2.001,8.501,7.499,9.374],"texture":"#ak47"},
"up":{"uv":[2.001,8.501,7.499,9.374],"texture":"#ak47"},
"north":{"uv":[2.001,7.376,7.499,8.374],"texture":"#ak47"},
"south":{"uv":[7.499,7.376,2.001,8.374],"texture":"#ak47"},
"west":{"uv":[2.001,7.376,2.124,8.374],"texture":"#ak47"},
"east":{"uv":[7.376,7.376,7.499,8.374],"texture":"#ak47"}
}
},
{
"from":[3.875,7.75,7.1875],
"to":[4,8.875,8.78125],
"faces":{
"down":{"uv":[0.251,7.251,1.499,7.374],"rotation":90,"texture":"#ak47"},
"up":{"uv":[0.251,7.251,1.499,7.374],"rotation":90,"texture":"#ak47"},
"north":{"uv":[0.001,7.501,0.124,8.374],"texture":"#ak47"},
"south":{"uv":[1.626,7.501,1.749,8.374],"texture":"#ak47"},
"west":{"uv":[0.251,7.501,1.499,8.374],"texture":"#ak47"},
"east":{"uv":[0.251,7.501,1.499,8.374],"texture":"#ak47"}
}
},
{
"from":[2.5,7.25,7.625],
"to":[3.875,7.375,8.375],
"faces":{
"down":{"uv":[2.001,12.751,2.874,13.124],"texture":"#ak47"},
"north":{"uv":[2.001,12.501,2.874,12.624],"texture":"#ak47"},
"south":{"uv":[2.874,12.501,2.001,12.624],"texture":"#ak47"},
"west":{"uv":[1.376,12.501,1.874,12.624],"texture":"#ak47"}
}
},
{
"from":[-0.5,7.5,7.375],
"to":[3.875,7.625,8.59375],
"faces":{
"down":{"uv":[2.001,10.876,5.374,11.499],"texture":"#ak47"},
"up":{"uv":[2.001,10.876,5.374,11.499],"texture":"#ak47"},
"north":{"uv":[2.001,10.626,5.374,10.749],"texture":"#ak47"},
"south":{"uv":[5.374,10.626,2.001,10.749],"texture":"#ak47"},
"west":{"uv":[0.751,10.626,1.874,10.749],"texture":"#ak47"},
"east":{"uv":[0.751,10.626,1.874,10.749],"texture":"#ak47"}
}
},
{
"from":[2.25,7.375,7.46875],
"to":[3.875,7.5,8.5],
"faces":{
"down":{"uv":[2.001,11.876,3.249,12.374],"texture":"#ak47"},
"north":{"uv":[2.001,11.626,3.249,11.749],"texture":"#ak47"},
"south":{"uv":[3.249,11.626,2.001,11.749],"texture":"#ak47"},
"west":{"uv":[1.126,11.626,1.874,11.749],"texture":"#ak47"},
"east":{"uv":[1.126,11.626,1.874,11.749],"texture":"#ak47"}
}
},
{
"from":[2,8.75,7.4375],
"to":[4.75,10.25,8.5625],
"faces":{
"down":{"uv":[13.001,15.126,15.124,15.874],"texture":"#ak47"},
"up":{"uv":[13.001,15.126,15.124,15.874],"texture":"#ak47"},
"north":{"uv":[13.001,14.001,15.124,14.999],"texture":"#ak47"},
"south":{"uv":[15.124,14.001,13.001,14.999],"texture":"#ak47"},
"west":{"uv":[15.251,14.001,15.999,14.999],"texture":"#ak47"},
"east":{"uv":[15.251,14.001,15.999,14.999],"texture":"#ak47"}
}
},
{
"from":[4,8.75,7.34375],
"to":[4.75,9.375,8.65625],
"faces":{
"up":{"uv":[10.126,4.876,11.124,5.499],"rotation":90,"texture":"#ak47_2"},
"north":{"uv":[9.126,5.626,9.999,6.249],"texture":"#ak47_2"},
"south":{"uv":[9.126,5.626,9.999,6.249],"texture":"#ak47_2"},
"west":{"uv":[10.126,5.626,11.124,6.249],"texture":"#ak47_2"}
}
},
{
"from":[1.875,9,7.1875],
"to":[2,9.75,8.78125],
"faces":{
"down":{"uv":[10.376,5.001,11.624,5.124],"rotation":90,"texture":"#ak47"},
"up":{"uv":[10.376,3.876,11.624,3.999],"rotation":90,"texture":"#ak47"},
"north":{"uv":[10.126,4.126,10.249,4.874],"texture":"#ak47"},
"south":{"uv":[11.751,4.126,11.874,4.874],"texture":"#ak47"},
"west":{"uv":[10.376,4.126,11.624,4.874],"texture":"#ak47"},
"east":{"uv":[10.376,4.126,11.624,4.874],"texture":"#ak47"}
}
},
{
"from":[-3.125,9,7.1875],
"to":[1.875,9.75,8.78125],
"faces":{
"down":{"uv":[9.501,8.126,13.374,8.999],"texture":"#ak47"},
"up":{"uv":[9.501,8.126,13.374,8.999],"texture":"#ak47"},
"north":{"uv":[9.501,7.376,13.374,7.999],"texture":"#ak47"},
"south":{"uv":[13.374,7.376,9.501,7.999],"texture":"#ak47"},
"west":{"uv":[9.501,7.376,9.624,7.999],"texture":"#ak47"},
"east":{"uv":[13.251,7.376,13.374,7.999],"texture":"#ak47"}
}
},
{
"from":[-3.125,8.875,7.1875],
"to":[-2.125,9,8.78125],
"faces":{
"down":{"uv":[2.876,15.126,3.624,15.999],"texture":"#ak47"},
"up":{"uv":[2.876,15.126,3.624,15.999],"texture":"#ak47"},
"north":{"uv":[2.001,15.751,2.749,15.874],"texture":"#ak47"},
"south":{"uv":[2.001,15.751,2.749,15.874],"rotation":90,"texture":"#ak47"},
"west":{"uv":[0.626,15.751,1.874,15.874],"texture":"#ak47"},
"east":{"uv":[0.626,15.751,1.874,15.874],"texture":"#ak47"}
}
},
{
"from":[-0.75,8.875,7.1875],
"to":[0.25,9,8.78125],
"faces":{
"down":{"uv":[2.001,14.751,2.749,15.624],"texture":"#ak47"},
"up":{"uv":[2.001,14.751,2.749,15.624],"texture":"#ak47"},
"north":{"uv":[2.001,14.501,2.749,14.624],"texture":"#ak47"},
"south":{"uv":[2.749,14.501,2.001,14.624],"texture":"#ak47"},
"west":{"uv":[0.626,14.501,1.874,14.624],"texture":"#ak47"},
"east":{"uv":[0.626,14.501,1.874,14.624],"texture":"#ak47"}
}
},
{
"from":[1.625,8.875,7.1875],
"to":[3.875,9,8.78125],
"faces":{
"down":{"uv":[2.001,13.501,3.749,14.374],"texture":"#ak47"},
"up":{"uv":[2.001,13.501,3.749,14.374],"texture":"#ak47"},
"north":{"uv":[2.001,13.251,3.749,13.374],"texture":"#ak47"},
"south":{"uv":[2.001,13.251,3.749,13.374],"texture":"#ak47"},
"west":{"uv":[0.626,13.251,1.874,13.374],"texture":"#ak47"},
"east":{"uv":[0.626,13.251,1.874,13.374],"texture":"#ak47"}
}
},
{
"from":[-3.3125,9,7.1875],
"to":[-3.125,9.75,8.78125],
"faces":{
"down":{"uv":[13.751,8.876,14.999,8.999],"texture":"#ak47"},
"up":{"uv":[13.751,7.751,14.999,7.874],"texture":"#ak47"},
"north":{"uv":[13.501,8.001,13.624,8.749],"texture":"#ak47"},
"south":{"uv":[15.126,8.001,15.249,8.749],"texture":"#ak47"},
"west":{"uv":[13.751,8.001,14.999,8.749],"texture":"#ak47"},
"east":{"uv":[13.751,8.001,14.999,8.749],"texture":"#ak47"}
}
},
{
"from":[-3.3125,7.75,7.1875],
"to":[-3.125,8.875,8.78125],
"faces":{
"down":{"uv":[7.876,8.501,9.124,8.624],"rotation":90,"texture":"#ak47"},
"up":{"uv":[7.876,7.126,9.124,7.249],"rotation":90,"texture":"#ak47"},
"north":{"uv":[7.626,7.376,7.749,8.374],"texture":"#ak47"},
"south":{"uv":[9.251,7.376,9.374,8.374],"texture":"#ak47"},
"west":{"uv":[7.876,7.376,9.124,8.374],"texture":"#ak47"},
"east":{"uv":[7.876,7.376,9.124,8.374],"texture":"#ak47"}
}
},
{
"from":[-3.125,9.75,7.375],
"to":[1.875,10,8.59375],
"faces":{
"up":{"uv":[9.501,6.501,13.374,7.249],"texture":"#ak47"},
"north":{"uv":[9.501,6.126,13.374,6.374],"texture":"#ak47"},
"south":{"uv":[13.374,6.126,9.501,6.374],"texture":"#ak47"},
"west":{"uv":[9.501,6.126,9.624,6.374],"texture":"#ak47"},
"east":{"uv":[13.251,6.126,13.374,6.374],"texture":"#ak47"}
}
},
{
"from":[-3.3125,9.75,7.375],
"to":[-3.125,10,8.59375],
"faces":{
"up":{"uv":[13.751,7.126,14.749,7.249],"rotation":90,"texture":"#ak47"},
"north":{"uv":[13.501,7.376,13.624,7.624],"texture":"#ak47"},
"south":{"uv":[14.876,7.376,14.999,7.624],"texture":"#ak47"},
"west":{"uv":[13.751,7.376,14.749,7.624],"texture":"#ak47"},
"east":{"uv":[13.751,7.376,14.749,7.624],"texture":"#ak47"}
}
},
{
"from":[1.875,9.75,7.375],
"to":[2,10,8.59375],
"faces":{
"up":{"uv":[12.251,4.001,13.249,4.124],"texture":"#ak47"},
"north":{"uv":[12.001,4.251,12.124,4.499],"texture":"#ak47"},
"south":{"uv":[13.376,4.251,13.499,4.499],"texture":"#ak47"},
"west":{"uv":[12.251,4.251,13.249,4.499],"texture":"#ak47"},
"east":{"uv":[12.251,4.251,13.249,4.499],"texture":"#ak47"}
}
},
{
"from":[-3.125,7.625,7.375],
"to":[3.875,7.75,8.59375],
"faces":{
"down":{"uv":[2.001,9.751,7.499,10.499],"texture":"#ak47"},
"north":{"uv":[2.001,9.501,7.499,9.624],"texture":"#ak47"},
"south":{"uv":[7.499,9.501,2.001,9.624],"texture":"#ak47"},
"west":{"uv":[2.001,9.501,2.124,9.624],"texture":"#ak47"},
"east":{"uv":[7.376,9.501,7.499,9.624],"texture":"#ak47"}
}
},
{
"from":[3.875,7.625,7.375],
"to":[4,7.75,8.59375],
"faces":{
"down":{"uv":[0.251,9.126,1.374,9.249],"rotation":90,"texture":"#ak47"},
"north":{"uv":[0.001,8.751,0.124,8.874],"texture":"#ak47"},
"south":{"uv":[1.501,8.751,1.624,8.874],"texture":"#ak47"},
"west":{"uv":[0.251,8.751,1.374,8.874],"texture":"#ak47"}
}
},
{
"from":[3.875,7.5,7.375],
"to":[4,7.625,8.59375],
"faces":{
"down":{"uv":[0.251,9.126,1.374,9.249],"rotation":90,"texture":"#ak47"},
"up":{"uv":[0.251,9.126,1.374,9.249],"rotation":90,"texture":"#ak47"},
"north":{"uv":[0.001,8.876,0.124,8.999],"texture":"#ak47"},
"south":{"uv":[1.501,8.876,1.624,8.999],"texture":"#ak47"},
"west":{"uv":[0.251,8.876,1.374,8.999],"texture":"#ak47"}
}
},
{
"from":[3.875,7.375,7.46875],
"to":[4,7.5,8.5],
"faces":{
"down":{"uv":[0.251,9.626,0.999,9.749],"rotation":90,"texture":"#ak47"},
"north":{"uv":[0.001,9.376,0.124,9.499],"texture":"#ak47"},
"south":{"uv":[1.126,9.376,1.249,9.499],"texture":"#ak47"},
"west":{"uv":[0.251,9.376,0.999,9.499],"texture":"#ak47"},
"east":{"uv":[0.251,9.376,0.999,9.499],"texture":"#ak47"}
}
},
{
"from":[3.875,7.25,7.625],
"to":[4,7.375,8.375],
"faces":{
"down":{"uv":[0.251,10.126,0.749,10.249],"rotation":90,"texture":"#ak47"},
"north":{"uv":[0.001,9.876,0.124,9.999],"texture":"#ak47"},
"south":{"uv":[0.876,9.876,0.999,9.999],"texture":"#ak47"},
"east":{"uv":[0.251,9.876,0.749,9.999],"texture":"#ak47"}
}
},
{
"from":[-3.125,10,7.5625],
"to":[1.875,10.125,8.40625],
"faces":{
"up":{"uv":[10.126,5.376,13.999,5.999],"texture":"#ak47"},
"north":{"uv":[10.126,5.126,13.999,5.249],"texture":"#ak47"},
"south":{"uv":[13.999,5.126,10.126,5.249],"texture":"#ak47"},
"west":{"uv":[10.126,5.126,10.249,5.249],"texture":"#ak47"},
"east":{"uv":[13.876,5.126,13.999,5.249],"texture":"#ak47"}
}
},
{
"from":[-3.3125,10,7.5625],
"to":[-3.125,10.125,8.40625],
"faces":{
"up":{"uv":[13.751,6.626,14.499,6.749],"texture":"#ak47"},
"north":{"uv":[13.501,6.876,13.624,6.999],"texture":"#ak47"},
"south":{"uv":[14.626,6.876,14.749,6.999],"texture":"#ak47"},
"west":{"uv":[13.751,6.876,14.499,6.999],"texture":"#ak47"},
"east":{"uv":[13.751,6.876,14.499,6.999],"texture":"#ak47"}
}
},
{
"from":[1.875,10,7.5625],
"to":[2,10.125,8.40625],
"faces":{
"up":{"uv":[12.001,3.501,12.749,3.624],"texture":"#ak47"},
"north":{"uv":[11.751,3.751,11.874,3.874],"texture":"#ak47"},
"south":{"uv":[12.876,3.751,12.999,3.874],"texture":"#ak47"},
"west":{"uv":[12.001,3.751,12.749,3.874],"texture":"#ak47"}
}
},
{
"from":[4.75,10.125,7.71875],
"to":[14.5,10.25,8.28125],
"faces":{
"up":{"uv":[0.001,9.001,7.124,9.374],"texture":"#ak47_2"},
"north":{"uv":[0.001,8.751,7.124,8.874],"texture":"#ak47_2"},
"south":{"uv":[7.124,8.751,0.001,8.874],"texture":"#ak47_2"},
"east":{"uv":[7.251,8.751,7.874,8.874],"texture":"#ak47_2"}
}
},
{
"from":[-3.3125,7.625,7.375],
"to":[-3.125,7.75,8.59375],
"faces":{
"down":{"uv":[7.876,9.001,8.999,9.124],"rotation":90,"texture":"#ak47"},
"north":{"uv":[7.626,8.751,7.749,8.874],"texture":"#ak47"},
"south":{"uv":[9.126,8.751,9.249,8.874],"texture":"#ak47"},
"west":{"uv":[7.876,8.751,8.999,8.874],"texture":"#ak47"},
"east":{"uv":[7.876,8.751,8.999,8.874],"texture":"#ak47"}
}
},
{
"from":[-12.25,8,7.625],
"to":[-3.6875,8.75,8.375],
"faces":{
"down":{"uv":[3.751,13.751,10.374,14.374],"texture":"#ak47"},
"up":{"uv":[7.626,11.501,14.249,12.124],"texture":"#ak47"},
"north":{"uv":[3.751,12.251,10.374,12.874],"texture":"#ak47"},
"south":{"uv":[10.374,13.001,3.751,13.624],"texture":"#ak47"},
"west":{"uv":[6.876,11.501,7.499,12.124],"texture":"#ak47"}
}
},
{
"from":[5.125,7.4375,7.25],
"to":[6.25,7.5,8.75],
"faces":{
"down":{"uv":[9.626,2.751,10.749,3.624],"rotation":90,"texture":"#ak47_2"},
"north":{"uv":[9.626,2.501,10.499,2.624],"texture":"#ak47_2"},
"south":{"uv":[10.499,2.501,9.626,2.624],"texture":"#ak47_2"},
"west":{"uv":[10.376,2.501,10.499,2.624],"texture":"#ak47_2"}
}
},
{
"from":[7.375,7.3125,7.25],
"to":[8.5,7.375,8.75],
"faces":{
"down":{"uv":[8.376,2.751,9.499,3.624],"rotation":90,"texture":"#ak47_2"},
"north":{"uv":[8.376,2.501,9.249,2.624],"texture":"#ak47_2"},
"south":{"uv":[9.249,2.501,8.376,2.624],"texture":"#ak47_2"},
"west":{"uv":[9.126,2.501,9.249,2.624],"texture":"#ak47_2"}
}
},
{
"from":[9.625,7.1875,7.25],
"to":[10.75,7.25,8.75],
"faces":{
"down":{"uv":[7.126,2.751,8.249,3.624],"rotation":90,"texture":"#ak47_2"},
"north":{"uv":[7.126,2.501,7.999,2.624],"texture":"#ak47_2"},
"south":{"uv":[7.999,2.501,7.126,2.624],"texture":"#ak47_2"},
"west":{"uv":[7.876,2.501,7.999,2.624],"texture":"#ak47_2"}
}
},
{
"from":[11.875,7.0625,7.25],
"to":[13,7.125,8.75],
"faces":{
"down":{"uv":[5.876,2.751,6.999,3.624],"rotation":90,"texture":"#ak47_2"},
"north":{"uv":[5.876,2.501,6.749,2.624],"texture":"#ak47_2"},
"south":{"uv":[6.749,2.501,5.876,2.624],"texture":"#ak47_2"},
"west":{"uv":[6.626,2.501,6.749,2.624],"texture":"#ak47_2"}
}
},
{
"from":[14.125,6.9375,7.25],
"to":[15.25,7,8.75],
"faces":{
"down":{"uv":[1.251,1.876,2.374,2.749],"rotation":90,"texture":"#ak47_2"},
"north":{"uv":[1.251,1.626,2.124,1.749],"texture":"#ak47_2"},
"south":{"uv":[2.124,1.626,1.251,1.749],"texture":"#ak47_2"},
"west":{"uv":[2.001,1.626,2.124,1.749],"texture":"#ak47_2"}
}
},
{
"from":[15.25,6.875,7.25],
"to":[16,7,8.75],
"faces":{
"down":{"uv":[0.001,2.626,1.124,3.499],"rotation":90,"texture":"#ak47_2"},
"north":{"uv":[0.001,2.376,0.874,2.499],"texture":"#ak47_2"},
"south":{"uv":[0.874,2.376,0.001,2.499],"texture":"#ak47_2"},
"west":{"uv":[0.751,2.376,0.874,2.499],"texture":"#ak47_2"}
}
},
{
"from":[16,6.875,7.25],
"to":[20,8,8.75],
"faces":{
"down":{"uv":[9.376,1.751,12.624,2.249],"texture":"#ak47"},
"up":{"uv":[12.751,0.626,15.999,1.124],"texture":"#ak47"},
"north":{"uv":[9.376,0.626,12.624,1.624],"texture":"#ak47"},
"south":{"uv":[12.624,0.626,9.376,1.624],"texture":"#ak47"},
"west":{"uv":[12.501,0.626,12.624,1.624],"texture":"#ak47"}
}
},
{
"from":[20,6.0625,7.25],
"to":[27,8,8.75],
"faces":{
"down":{"uv":[1.751,2.001,7.499,2.124],"texture":"#ak47"},
"up":{"uv":[1.751,0.376,7.499,0.499],"texture":"#ak47"},
"north":{"uv":[1.751,0.376,7.499,2.124],"texture":"#ak47"},
"south":{"uv":[7.499,0.376,1.751,2.124],"texture":"#ak47"},
"west":{"uv":[7.376,0.376,7.499,2.124],"texture":"#ak47"}
}
},
{
"from":[27,3.7,7.25],
"to":[27.5,8,8.75],
"faces":{
"down":{"uv":[0.001,4.126,0.499,4.374],"texture":"#ak47"},
"up":{"uv":[0.001,4.126,0.499,4.374],"texture":"#ak47"},
"north":{"uv":[0.626,0.501,0.874,3.999],"texture":"#ak47"},
"south":{"uv":[0.874,0.501,0.626,3.999],"texture":"#ak47"},
"west":{"uv":[0.001,0.501,0.499,3.999],"texture":"#ak47"},
"east":{"uv":[0.001,0.501,0.499,3.999],"texture":"#ak47"}
}
},
{
"from":[24,5.0625,7.25],
"to":[27,6.0625,8.75],
"faces":{
"north":{"uv":[1.751,2.251,4.499,2.999],"texture":"#ak47"},
"south":{"uv":[4.499,2.251,1.751,2.999],"texture":"#ak47"},
"west":{"uv":[4.376,2.251,4.499,2.999],"texture":"#ak47"}
}
},
{
"from":[20.8125,5.8125,7.25],
"to":[24,6.0625,8.75],
"faces":{
"down":{"uv":[4.626,3.751,7.499,4.249],"texture":"#ak47"},
"north":{"uv":[4.626,2.126,7.499,2.249],"texture":"#ak47"},
"south":{"uv":[7.499,2.126,4.626,2.249],"texture":"#ak47"},
"west":{"uv":[7.626,2.126,8.124,2.249],"texture":"#ak47"}
}
},
{
"from":[21.5,5.5625,7.25],
"to":[24,5.8125,8.75],
"faces":{
"down":{"uv":[4.626,5.001,6.874,5.499],"texture":"#ak47"},
"north":{"uv":[4.626,2.376,6.874,2.499],"texture":"#ak47"},
"south":{"uv":[6.874,2.376,4.626,2.499],"texture":"#ak47"},
"west":{"uv":[7.001,2.376,7.499,2.499],"texture":"#ak47"}
}
},
{
"from":[22.1875,5.3125,7.25],
"to":[24,5.5625,8.75],
"faces":{
"down":{"uv":[4.626,5.626,6.249,6.124],"texture":"#ak47"},
"north":{"uv":[4.626,2.626,6.249,2.749],"texture":"#ak47"},
"south":{"uv":[6.249,2.626,4.626,2.749],"texture":"#ak47"},
"west":{"uv":[6.376,2.626,6.874,2.749],"texture":"#ak47"}
}
},
{
"from":[22.875,5.0625,7.25],
"to":[24,5.3125,8.75],
"faces":{
"down":{"uv":[4.626,6.251,5.624,6.749],"texture":"#ak47"},
"north":{"uv":[4.626,2.876,5.624,2.999],"texture":"#ak47"},
"south":{"uv":[5.624,2.876,4.626,2.999],"texture":"#ak47"},
"west":{"uv":[5.751,2.876,6.249,2.999],"texture":"#ak47"}
}
},
{
"from":[23.5625,4.8125,7.25],
"to":[27,5.0625,8.75],
"faces":{
"down":{"uv":[1.751,4.376,4.749,4.874],"texture":"#ak47"},
"up":{"uv":[1.751,4.376,4.749,4.874],"texture":"#ak47"},
"north":{"uv":[1.751,3.126,4.749,3.249],"texture":"#ak47"},
"south":{"uv":[4.749,3.126,1.751,3.249],"texture":"#ak47"},
"west":{"uv":[4.876,3.126,5.374,3.249],"texture":"#ak47"}
}
},
{
"from":[24.25,4.5625,7.25],
"to":[27,4.8125,8.75],
"faces":{
"down":{"uv":[1.751,5.001,4.124,5.499],"texture":"#ak47"},
"north":{"uv":[1.751,3.376,4.124,3.499],"texture":"#ak47"},
"south":{"uv":[4.124,3.376,1.751,3.499],"texture":"#ak47"},
"west":{"uv":[4.251,3.376,4.749,3.499],"texture":"#ak47"}
}
},
{
"from":[24.9375,4.3125,7.25],
"to":[27,4.5625,8.75],
"faces":{
"down":{"uv":[1.751,5.626,3.499,6.124],"texture":"#ak47"},
"north":{"uv":[1.751,3.626,3.499,3.749],"texture":"#ak47"},
"south":{"uv":[3.499,3.626,1.751,3.749],"texture":"#ak47"},
"west":{"uv":[3.626,3.626,4.124,3.749],"texture":"#ak47"}
}
},
{
"from":[25.625,4.0625,7.25],
"to":[27,4.3125,8.75],
"faces":{
"down":{"uv":[1.751,6.251,2.874,6.749],"texture":"#ak47"},
"north":{"uv":[1.751,3.876,2.874,3.999],"texture":"#ak47"},
"south":{"uv":[2.874,3.876,1.751,3.999],"texture":"#ak47"},
"west":{"uv":[3.001,3.876,3.499,3.999],"texture":"#ak47"}
}
},
{
"from":[26.3125,3.8125,7.25],
"to":[27,4.0625,8.75],
"faces":{
"down":{"uv":[1.751,6.876,2.124,7.374],"texture":"#ak47"},
"north":{"uv":[1.751,4.126,2.124,4.249],"texture":"#ak47"},
"south":{"uv":[2.124,4.126,1.751,4.249],"texture":"#ak47"},
"west":{"uv":[2.251,4.126,2.749,4.249],"texture":"#ak47"}
}
},
{
"from":[17,6.6875,7.25],
"to":[20,6.875,8.75],
"faces":{
"down":{"uv":[13.251,2.501,15.999,2.999],"texture":"#ak47"},
"north":{"uv":[9.376,3.126,12.124,3.249],"texture":"#ak47"},
"south":{"uv":[12.124,3.126,9.376,3.249],"texture":"#ak47"},
"west":{"uv":[12.251,3.126,12.749,3.249],"texture":"#ak47"}
}
},
{
"from":[18,6.5,7.25],
"to":[20,6.6875,8.75],
"faces":{
"down":{"uv":[14.376,1.876,15.999,2.374],"texture":"#ak47"},
"north":{"uv":[9.376,3.376,10.999,3.499],"texture":"#ak47"},
"south":{"uv":[10.999,3.376,9.376,3.499],"texture":"#ak47"},
"west":{"uv":[11.126,3.376,11.624,3.499],"texture":"#ak47"}
}
},
{
"from":[19,6.3125,7.25],
"to":[20,6.5,8.75],
"faces":{
"down":{"uv":[15.501,1.251,15.999,1.749],"texture":"#ak47"},
"north":{"uv":[9.376,3.626,9.874,3.749],"texture":"#ak47"},
"south":{"uv":[9.874,3.626,9.376,3.749],"texture":"#ak47"},
"west":{"uv":[10.001,3.626,10.499,3.749],"texture":"#ak47"}
}
},
{
"from":[16.5,6.78125,7.25],
"to":[17,6.875,8.75],
"faces":{
"down":{"uv":[9.126,5.501,9.499,5.999],"texture":"#ak47"},
"north":{"uv":[9.126,5.251,9.499,5.374],"texture":"#ak47"},
"south":{"uv":[9.499,5.251,9.126,5.374],"texture":"#ak47"},
"west":{"uv":[9.626,5.251,10.124,5.374],"texture":"#ak47"}
}
},
{
"from":[17.5,6.59375,7.25],
"to":[18,6.6875,8.75],
"faces":{
"down":{"uv":[8.626,5.251,8.999,5.749],"texture":"#ak47"},
"north":{"uv":[8.626,5.001,8.999,5.124],"texture":"#ak47"},
"south":{"uv":[8.999,5.001,8.626,5.124],"texture":"#ak47"},
"west":{"uv":[9.126,5.001,9.624,5.124],"texture":"#ak47"}
}
},
{
"from":[18.5,6.40625,7.25],
"to":[19,6.5,8.75],
"faces":{
"down":{"uv":[8.126,5.001,8.499,5.499],"texture":"#ak47"},
"north":{"uv":[8.126,4.751,8.499,4.874],"texture":"#ak47"},
"south":{"uv":[8.126,4.751,8.499,4.874],"texture":"#ak47"},
"west":{"uv":[8.626,4.751,9.124,4.874],"texture":"#ak47"}
}
},
{
"from":[19.5,6.21875,7.25],
"to":[20,6.3125,8.75],
"faces":{
"down":{"uv":[7.626,4.751,7.999,5.249],"texture":"#ak47"},
"north":{"uv":[7.626,4.501,7.999,4.624],"texture":"#ak47"},
"south":{"uv":[7.999,4.501,7.626,4.624],"texture":"#ak47"},
"west":{"uv":[8.126,4.501,8.624,4.624],"texture":"#ak47"}
}
},
{
"from":[20.4688,5.9375,7.25],
"to":[20.8125,6.0625,8.75],
"faces":{
"down":{"uv":[7.626,0.751,7.874,1.249],"texture":"#ak47"},
"north":{"uv":[7.626,0.501,7.874,0.624],"texture":"#ak47"},
"south":{"uv":[7.874,0.501,7.626,0.624],"texture":"#ak47"},
"west":{"uv":[8.001,0.501,8.499,0.624],"texture":"#ak47"}
}
},
{
"from":[21.1563,5.6875,7.25],
"to":[21.5,5.8125,8.75],
"faces":{
"down":{"uv":[8.001,1.001,8.249,1.499],"texture":"#ak47"},
"north":{"uv":[8.001,0.751,8.249,0.874],"texture":"#ak47"},
"south":{"uv":[8.001,0.751,8.249,0.874],"texture":"#ak47"},
"west":{"uv":[8.376,0.751,8.874,0.874],"texture":"#ak47"}
}
},
{
"from":[21.8438,5.4375,7.25],
"to":[22.1875,5.5625,8.75],
"faces":{
"down":{"uv":[8.376,1.251,8.624,1.749],"texture":"#ak47"},
"north":{"uv":[8.376,1.001,8.624,1.124],"texture":"#ak47"},
"south":{"uv":[8.624,1.001,8.376,1.124],"texture":"#ak47"},
"west":{"uv":[8.751,1.001,9.249,1.124],"texture":"#ak47"}
}
},
{
"from":[22.5313,5.1875,7.25],
"to":[22.875,5.3125,8.75],
"faces":{
"down":{"uv":[6.376,3.126,6.624,3.624],"texture":"#ak47"},
"north":{"uv":[6.376,2.876,6.624,2.999],"texture":"#ak47"},
"south":{"uv":[6.624,2.876,6.376,2.999],"texture":"#ak47"},
"west":{"uv":[6.751,2.876,7.249,2.999],"texture":"#ak47"}
}
},
{
"from":[23.2188,4.9375,7.25],
"to":[23.5625,5.0625,8.75],
"faces":{
"down":{"uv":[0.001,4.751,0.249,5.249],"texture":"#ak47"},
"north":{"uv":[0.001,4.501,0.249,4.624],"texture":"#ak47"},
"south":{"uv":[0.249,4.501,0.001,4.624],"texture":"#ak47"},
"west":{"uv":[0.376,4.501,0.874,4.624],"texture":"#ak47"}
}
},
{
"from":[23.9063,4.6875,7.25],
"to":[24.25,4.8125,8.75],
"faces":{
"down":{"uv":[0.376,5.001,0.624,5.499],"texture":"#ak47"},
"north":{"uv":[0.376,4.751,0.624,4.874],"texture":"#ak47"},
"south":{"uv":[0.624,4.751,0.376,4.874],"texture":"#ak47"},
"west":{"uv":[0.751,4.751,1.249,4.874],"texture":"#ak47"}
}
},
{
"from":[24.5938,4.4375,7.25],
"to":[24.9375,4.5625,8.75],
"faces":{
"down":{"uv":[0.751,5.251,0.999,5.749],"texture":"#ak47"},
"north":{"uv":[0.751,5.001,0.999,5.124],"texture":"#ak47"},
"south":{"uv":[0.999,5.001,0.751,5.124],"texture":"#ak47"},
"west":{"uv":[1.126,5.001,1.624,5.124],"texture":"#ak47"}
}
},
{
"from":[25.2813,4.1875,7.25],
"to":[25.625,4.3125,8.75],
"faces":{
"down":{"uv":[0.001,6.001,0.249,6.499],"texture":"#ak47"},
"north":{"uv":[0.001,5.751,0.249,5.874],"texture":"#ak47"},
"south":{"uv":[0.249,5.751,0.001,5.874],"texture":"#ak47"},
"west":{"uv":[0.376,5.751,0.874,5.874],"texture":"#ak47"}
}
},
{
"from":[25.9688,3.9375,7.25],
"to":[26.3125,4.0625,8.75],
"faces":{
"down":{"uv":[0.376,6.251,0.624,6.749],"texture":"#ak47"},
"north":{"uv":[0.376,6.001,0.624,6.124],"texture":"#ak47"},
"south":{"uv":[0.624,6.001,0.376,6.124],"texture":"#ak47"},
"west":{"uv":[0.751,6.001,1.249,6.124],"texture":"#ak47"}
}
},
{
"from":[26.6563,3.6875,7.25],
"to":[27,3.8125,8.75],
"faces":{
"down":{"uv":[0.751,6.501,0.999,6.999],"texture":"#ak47"},
"north":{"uv":[0.751,6.251,0.999,6.374],"texture":"#ak47"},
"south":{"uv":[0.999,6.251,0.751,6.374],"texture":"#ak47"},
"west":{"uv":[1.126,6.251,1.624,6.374],"texture":"#ak47"}
}
},
{
"from":[16,8,7.25],
"to":[19,8.1875,8.75],
"faces":{
"up":{"uv":[12.751,3.001,15.499,3.499],"texture":"#ak47"},
"north":{"uv":[10.001,2.876,12.749,2.999],"texture":"#ak47"},
"south":{"uv":[12.749,2.876,10.001,2.999],"texture":"#ak47"},
"east":{"uv":[9.376,2.876,9.874,2.999],"texture":"#ak47"}
}
},
{
"from":[16,8.1875,7.25],
"to":[18,8.375,8.75],
"faces":{
"up":{"uv":[12.626,1.876,14.249,2.374],"texture":"#ak47"},
"north":{"uv":[11.126,2.626,12.749,2.749],"texture":"#ak47"},
"south":{"uv":[12.749,2.626,11.126,2.749],"texture":"#ak47"},
"east":{"uv":[10.501,2.626,10.999,2.749],"texture":"#ak47"}
}
},
{
"from":[16,8.375,7.25],
"to":[17,8.5625,8.75],
"faces":{
"up":{"uv":[12.626,1.251,13.124,1.749],"texture":"#ak47"},
"north":{"uv":[12.251,2.376,12.749,2.499],"texture":"#ak47"},
"south":{"uv":[12.749,2.376,12.251,2.499],"texture":"#ak47"},
"east":{"uv":[11.626,2.376,12.124,2.499],"texture":"#ak47"}
}
},
{
"from":[19,8,7.25],
"to":[19.5,8.09375,8.75],
"faces":{
"up":{"uv":[9.751,4.001,10.124,4.499],"texture":"#ak47"},
"north":{"uv":[9.751,4.626,10.124,4.749],"texture":"#ak47"},
"south":{"uv":[10.124,4.626,9.751,4.749],"texture":"#ak47"},
"east":{"uv":[9.126,4.626,9.624,4.749],"texture":"#ak47"}
}
},
{
"from":[18,8.1875,7.25],
"to":[18.5,8.28125,8.75],
"faces":{
"up":{"uv":[9.251,3.751,9.624,4.249],"texture":"#ak47"},
"north":{"uv":[9.251,4.376,9.624,4.499],"texture":"#ak47"},
"south":{"uv":[9.624,4.376,9.251,4.499],"texture":"#ak47"},
"east":{"uv":[8.626,4.376,9.124,4.499],"texture":"#ak47"}
}
},
{
"from":[17,8.375,7.25],
"to":[17.5,8.46875,8.75],
"faces":{
"up":{"uv":[8.751,3.501,9.124,3.999],"texture":"#ak47"},
"north":{"uv":[8.751,4.126,9.124,4.249],"texture":"#ak47"},
"south":{"uv":[9.124,4.126,8.751,4.249],"texture":"#ak47"},
"east":{"uv":[8.126,4.126,8.624,4.249],"texture":"#ak47"}
}
},
{
"from":[16,8.5625,7.25],
"to":[16.5,8.65625,8.75],
"faces":{
"up":{"uv":[8.251,3.251,8.624,3.749],"texture":"#ak47"},
"north":{"uv":[8.251,3.876,8.624,3.999],"texture":"#ak47"},
"south":{"uv":[8.624,3.876,8.251,3.999],"texture":"#ak47"},
"east":{"uv":[7.626,3.876,8.124,3.999],"texture":"#ak47"}
}
},
{
"from":[20.625,8,7.45875],
"to":[27,8.5,8.53875],
"faces":{
"up":{"uv":[8.626,0.001,13.999,0.499],"texture":"#ak47"},
"north":{"uv":[8.626,0.001,13.999,0.124],"texture":"#ak47"},
"south":{"uv":[13.999,0.376,8.626,0.499],"texture":"#ak47"},
"west":{"uv":[13.876,0.001,13.999,0.499],"texture":"#ak47"},
"east":{"uv":[8.626,0.001,8.749,0.499],"texture":"#ak47"}
}
},
{
"from":[27,8,7.45875],
"to":[27.5,8.5,8.53875],
"faces":{
"up":{"uv":[0.001,0.126,0.374,0.374],"rotation":90,"texture":"#ak47"},
"north":{"uv":[0.626,0.126,0.874,0.374],"texture":"#ak47"},
"south":{"uv":[0.626,0.126,0.874,0.374],"texture":"#ak47"},
"west":{"uv":[0.001,0.126,0.374,0.374],"texture":"#ak47"},
"east":{"uv":[0.001,0.126,0.374,0.374],"texture":"#ak47"}
}
},
{
"from":[20.1138,7.49,7.45875],
"to":[20.8325,7.99,8.53375],
"rotation":{"origin":[20.1138,7.99,7.45875],"axis":"z","angle":45},
"faces":{
"up":{"uv":[8.126,0.001,8.499,0.374],"texture":"#ak47"},
"north":{"uv":[7.751,0.001,7.999,0.249],"texture":"#ak47"},
"south":{"uv":[7.999,0.001,7.751,0.249],"texture":"#ak47"}
}
},
{
"from":[20.625,7.94875,7.46],
"to":[27,8.49875,7.835],
"rotation":{"origin":[20.625,8.49875,7.46],"axis":"x","angle":22.5},
"faces":{
"north":{"uv":[1.751,0.001,7.124,0.249],"texture":"#ak47"},
"west":{"uv":[7.251,0.001,7.499,0.249],"texture":"#ak47"},
"east":{"uv":[7.251,0.001,7.499,0.249],"texture":"#ak47"}
}
},
{
"from":[20.625,7.8075,8.1925],
"to":[27,8.3575,8.5675],
"rotation":{"origin":[20.625,8.3575,8.1925],"axis":"x","angle":-22.5},
"faces":{
"south":{"uv":[7.124,0.001,1.751,0.249],"texture":"#ak47"},
"west":{"uv":[7.251,0.001,7.499,0.249],"texture":"#ak47"},
"east":{"uv":[7.251,0.001,7.499,0.249],"texture":"#ak47"}
}
},
{
"from":[27,7.94875,7.46],
"to":[27.5,8.49875,7.835],
"rotation":{"origin":[27,8.49875,7.46],"axis":"x","angle":22.5},
"faces":{
"north":{"uv":[1.376,0.001,1.624,0.249],"texture":"#ak47"},
"west":{"uv":[1.001,0.001,1.249,0.249],"texture":"#ak47"},
"east":{"uv":[1.001,0.001,1.249,0.249],"texture":"#ak47"}
}
},
{
"from":[27,7.8075,8.1875],
"to":[27.5,8.3575,8.5625],
"rotation":{"origin":[27,8.3575,8.1875],"axis":"x","angle":-22.5},
"faces":{
"south":{"uv":[1.624,0.001,1.376,0.249],"texture":"#ak47"},
"west":{"uv":[1.001,0.001,1.249,0.249],"texture":"#ak47"},
"east":{"uv":[1.001,0.001,1.249,0.249],"texture":"#ak47"}
}
},
{
"from":[-6.8125,9.15625,7.59375],
"to":[-3.3125,9.96875,8.40625],
"faces":{
"down":{"uv":[7.626,10.751,10.124,11.374],"texture":"#ak47"},
"up":{"uv":[7.626,9.251,10.124,9.874],"texture":"#ak47"},
"north":{"uv":[10.251,9.251,12.749,9.874],"texture":"#ak47"},
"south":{"uv":[10.124,10.001,7.626,10.624],"texture":"#ak47"},
"west":{"uv":[6.876,10.751,7.499,11.374],"texture":"#ak47"},
"east":{"uv":[6.876,10.751,7.499,11.374],"texture":"#ak47"}
}
},
{
"from":[-7.75,7.96875,7.5625],
"to":[-6.5,8.78125,8.375],
"faces":{
"down":{"uv":[12.001,10.001,12.874,10.624],"texture":"#ak47"},
"up":{"uv":[12.001,10.001,12.874,10.624],"texture":"#ak47"},
"north":{"uv":[11.001,10.001,11.874,10.624],"texture":"#ak47"},
"south":{"uv":[11.874,10.001,11.001,10.624],"texture":"#ak47"},
"west":{"uv":[11.001,10.751,11.624,11.374],"texture":"#ak47"},
"east":{"uv":[11.001,10.751,11.624,11.374],"texture":"#ak47"}
}
},
{
"from":[-3.6875,7.96875,7.59375],
"to":[-3.3125,8.78125,8.40625],
"faces":{
"down":{"uv":[10.626,10.001,10.874,10.624],"texture":"#ak47"},
"up":{"uv":[10.626,10.001,10.874,10.624],"texture":"#ak47"},
"north":{"uv":[10.251,10.001,10.499,10.624],"texture":"#ak47"},
"south":{"uv":[10.499,10.001,10.251,10.624],"texture":"#ak47"},
"west":{"uv":[10.251,10.751,10.874,11.374],"texture":"#ak47"}
}
},
{
"from":[-11.6875,7.96875,7.59375],
"to":[-10.4375,8.78125,8.40625],
"faces":{
"down":{"uv":[13.001,10.001,13.874,10.624],"texture":"#ak47"},
"up":{"uv":[13.001,10.001,13.874,10.624],"texture":"#ak47"},
"north":{"uv":[12.501,10.751,13.374,11.374],"texture":"#ak47"},
"south":{"uv":[13.374,10.751,12.501,11.374],"texture":"#ak47"},
"east":{"uv":[11.751,10.751,12.374,11.374],"texture":"#ak47"}
}
},
{
"from":[-7.0625,8.78125,7.75],
"to":[-6.5,9.34375,8.25],
"faces":{
"down":{"uv":[0.876,12.626,1.249,13.124],"texture":"#ak47"},
"up":{"uv":[0.876,12.626,1.249,13.124],"texture":"#ak47"},
"north":{"uv":[1.001,15.126,1.374,15.624],"texture":"#ak47"},
"south":{"uv":[1.374,15.126,1.001,15.624],"texture":"#ak47"},
"west":{"uv":[1.001,13.876,1.374,14.374],"texture":"#ak47"},
"east":{"uv":[1.001,13.876,1.374,14.374],"texture":"#ak47"}
}
},
{
"from":[-6.9375,9.34375,7.75],
"to":[-6.8125,9.71875,8.25],
"faces":{
"down":{"uv":[0.876,12.251,1.249,12.499],"texture":"#ak47"},
"up":{"uv":[0.876,12.251,1.249,12.499],"texture":"#ak47"},
"north":{"uv":[1.251,14.751,1.374,14.999],"texture":"#ak47"},
"south":{"uv":[1.251,14.751,1.374,14.999],"texture":"#ak47"},
"west":{"uv":[1.001,13.501,1.374,13.749],"texture":"#ak47"}
}
},
{
"from":[-7.75,8.78125,7.75],
"to":[-7.0625,8.84375,8.25],
"faces":{
"down":{"uv":[1.501,11.876,1.874,11.999],"texture":"#ak47"},
"up":{"uv":[1.501,11.876,1.874,11.999],"texture":"#ak47"},
"north":{"uv":[1.501,15.501,1.874,15.624],"texture":"#ak47"},
"south":{"uv":[1.874,15.501,1.501,15.624],"texture":"#ak47"},
"west":{"uv":[1.501,12.126,1.874,12.374],"texture":"#ak47"}
}
},
{
"from":[-7.4375,8.84375,7.75],
"to":[-7.0625,8.96875,8.25],
"faces":{
"down":{"uv":[1.501,12.126,1.874,12.374],"texture":"#ak47"},
"up":{"uv":[1.501,12.126,1.874,12.374],"texture":"#ak47"},
"north":{"uv":[1.501,15.251,1.749,15.374],"texture":"#ak47"},
"south":{"uv":[1.749,15.251,1.501,15.374],"texture":"#ak47"},
"west":{"uv":[1.501,14.001,1.874,14.124],"texture":"#ak47"}
}
},
{
"from":[-7.25,8.96875,7.75],
"to":[-7.0625,9.15625,8.25],
"faces":{
"down":{"uv":[1.501,11.876,1.874,11.999],"texture":"#ak47"},
"up":{"uv":[1.501,11.876,1.874,11.999],"rotation":90,"texture":"#ak47"},
"north":{"uv":[1.501,15.001,1.624,15.124],"texture":"#ak47"},
"south":{"uv":[1.501,15.001,1.624,15.124],"texture":"#ak47"},
"west":{"uv":[1.501,13.751,1.874,13.874],"texture":"#ak47"}
}
},
{
"from":[-3.6875,8.78125,7.75],
"to":[-3.3125,8.875,8.25],
"faces":{
"down":{"uv":[13.501,11.001,13.874,11.124],"texture":"#ak47"},
"up":{"uv":[13.501,11.001,13.874,11.124],"texture":"#ak47"},
"north":{"uv":[13.501,11.251,13.749,11.374],"texture":"#ak47"},
"south":{"uv":[13.749,11.251,13.501,11.374],"texture":"#ak47"},
"west":{"uv":[13.501,10.626,13.874,10.874],"texture":"#ak47"}
}
},
{
"from":[-11.4375,7.6875,7.9375],
"to":[-3.3125,7.8125,8.0625],
"faces":{
"down":{"uv":[3.751,15.251,9.249,15.374],"texture":"#ak47"},
"up":{"uv":[3.751,14.501,9.249,14.624],"texture":"#ak47"},
"north":{"uv":[3.751,14.751,9.249,14.874],"texture":"#ak47"},
"south":{"uv":[9.249,14.751,3.751,14.874],"texture":"#ak47"},
"west":{"uv":[3.501,14.501,3.624,14.624],"texture":"#ak47"},
"east":{"uv":[3.501,14.501,3.624,14.624],"texture":"#ak47"}
}
},
{
"from":[-7.75,7.53125,7.875],
"to":[-7.4375,7.96875,8.125],
"faces":{
"down":{"uv":[3.001,14.376,3.249,14.624],"texture":"#ak47"},
"up":{"uv":[3.001,14.376,3.249,14.624],"texture":"#ak47"},
"north":{"uv":[3.376,14.751,3.624,15.124],"texture":"#ak47"},
"south":{"uv":[3.624,14.751,3.376,15.124],"texture":"#ak47"},
"west":{"uv":[3.001,14.751,3.249,15.124],"texture":"#ak47"},
"east":{"uv":[3.001,14.751,3.249,15.124],"texture":"#ak47"}
}
},
{
"from":[-11.0625,7.625,7.875],
"to":[-10.875,7.96875,8.125],
"faces":{
"down":{"uv":[4.251,15.376,4.499,15.624],"texture":"#ak47"},
"up":{"uv":[4.251,15.376,4.499,15.624],"texture":"#ak47"},
"north":{"uv":[3.626,15.626,3.874,15.999],"texture":"#ak47"},
"south":{"uv":[3.874,15.626,3.626,15.999],"texture":"#ak47"},
"west":{"uv":[4.001,15.626,4.249,15.999],"texture":"#ak47"},
"east":{"uv":[4.001,15.626,4.249,15.999],"texture":"#ak47"}
}
},
{
"from":[-11.5625,7.71875,7.75],
"to":[-11,7.96875,8.25],
"faces":{
"down":{"uv":[0.001,15.501,0.499,15.999],"texture":"#ak47"},
"up":{"uv":[0.001,15.501,0.499,15.999],"texture":"#ak47"},
"north":{"uv":[0.001,15.126,0.499,15.374],"texture":"#ak47"},
"south":{"uv":[0.499,15.126,0.001,15.374],"texture":"#ak47"},
"west":{"uv":[0.501,15.251,0.999,15.499],"texture":"#ak47"},
"east":{"uv":[0.501,15.251,0.999,15.499],"texture":"#ak47"}
}
},
{
"from":[-11.625,7.84375,7.75],
"to":[-11.5625,7.96875,8.25],
"faces":{
"down":{"uv":[0.001,14.876,0.499,14.999],"texture":"#ak47"},
"up":{"uv":[0.001,14.876,0.499,14.999],"texture":"#ak47"},
"north":{"uv":[0.001,14.626,0.499,14.749],"texture":"#ak47"},
"south":{"uv":[0.499,14.626,0.001,14.749],"texture":"#ak47"},
"west":{"uv":[0.501,14.751,0.999,14.874],"texture":"#ak47"},
"east":{"uv":[0.501,14.751,0.999,14.874],"texture":"#ak47"}
}
},
{
"from":[-11,7.84375,7.75],
"to":[-10.9375,7.96875,8.25],
"faces":{
"down":{"uv":[0.001,14.376,0.499,14.499],"texture":"#ak47"},
"up":{"uv":[0.001,14.376,0.499,14.499],"texture":"#ak47"},
"north":{"uv":[0.001,14.126,0.499,14.249],"texture":"#ak47"},
"south":{"uv":[0.499,14.126,0.001,14.249],"texture":"#ak47"},
"west":{"uv":[0.501,14.251,0.999,14.374],"texture":"#ak47"},
"east":{"uv":[0.501,14.251,0.999,14.374],"texture":"#ak47"}
}
},
{
"from":[2,10.25,7.5],
"to":[3.125,10.5,8.5],
"faces":{
"up":{"uv":[0.876,11.876,1.999,12.874],"texture":"#ak47_2"},
"north":{"uv":[2.126,11.876,3.249,12.124],"texture":"#ak47_2"},
"south":{"uv":[3.249,11.876,2.126,12.124],"texture":"#ak47_2"},
"west":{"uv":[2.126,12.251,3.124,12.499],"texture":"#ak47_2"},
"east":{"uv":[2.126,12.251,3.124,12.499],"texture":"#ak47_2"}
}
},
{
"from":[3.125,10.25,7.5],
"to":[4.0625,10.375,8.5],
"faces":{
"up":{"uv":[3.376,11.876,4.374,12.874],"texture":"#ak47_2"},
"north":{"uv":[4.501,11.876,5.374,11.999],"texture":"#ak47_2"},
"south":{"uv":[5.374,11.876,4.501,11.999],"texture":"#ak47_2"},
"east":{"uv":[4.501,12.126,5.499,12.249],"texture":"#ak47_2"}
}
},
{
"from":[4.5625,10.4375,7.375],
"to":[4.8125,10.6875,7.8125],
"faces":{
"down":{"uv":[3.626,14.126,4.124,14.374],"rotation":90,"texture":"#ak47_2"},
"up":{"uv":[3.626,14.126,4.124,14.374],"rotation":90,"texture":"#ak47_2"},
"north":{"uv":[3.626,13.751,3.874,13.999],"texture":"#ak47_2"},
"south":{"uv":[3.874,13.751,3.626,13.999],"texture":"#ak47_2"},
"west":{"uv":[4.001,13.751,4.499,13.999],"texture":"#ak47_2"},
"east":{"uv":[4.001,13.751,4.499,13.999],"texture":"#ak47_2"}
}
},
{
"from":[2.875,10.5,7.6875],
"to":[4.8125,10.625,8.3125],
"faces":{
"down":{"uv":[0.626,13.001,2.499,13.624],"texture":"#ak47_2"},
"up":{"uv":[0.626,13.001,2.499,13.624],"texture":"#ak47_2"},
"north":{"uv":[0.626,13.751,2.5615,13.874],"texture":"#ak47_2"},
"south":{"uv":[2.5615,13.751,0.626,13.874],"texture":"#ak47_2"},
"west":{"uv":[0.626,14.001,1.249,14.124],"texture":"#ak47_2"},
"east":{"uv":[0.626,14.001,1.249,14.124],"texture":"#ak47_2"}
}
},
{
"from":[4.5625,10.4375,8.1875],
"to":[4.8125,10.6875,8.625],
"faces":{
"down":{"uv":[2.626,14.126,3.124,14.374],"rotation":90,"texture":"#ak47_2"},
"up":{"uv":[2.626,14.126,3.124,14.374],"rotation":90,"texture":"#ak47_2"},
"north":{"uv":[2.626,13.751,2.874,13.999],"texture":"#ak47_2"},
"south":{"uv":[2.626,13.751,2.874,13.999],"texture":"#ak47_2"},
"west":{"uv":[3.001,13.751,3.499,13.999],"texture":"#ak47_2"},
"east":{"uv":[3.001,13.751,3.499,13.999],"texture":"#ak47_2"}
}
},
{
"from":[4.8125,10.5,8.25],
"to":[4.9375,10.75,8.5625],
"faces":{
"down":{"uv":[4.626,13.376,4.749,13.624],"texture":"#ak47_2"},
"up":{"uv":[4.626,13.376,4.749,13.624],"texture":"#ak47_2"},
"north":{"uv":[4.626,13.001,4.749,13.249],"texture":"#ak47_2"},
"south":{"uv":[4.626,13.001,4.749,13.249],"texture":"#ak47_2"},
"west":{"uv":[4.876,13.001,5.249,13.249],"texture":"#ak47_2"},
"east":{"uv":[4.876,13.001,5.249,13.249],"texture":"#ak47_2"}
}
},
{
"from":[4.8125,10.5,7.4375],
"to":[4.9375,10.75,7.75],
"faces":{
"down":{"uv":[5.376,13.376,5.499,13.624],"texture":"#ak47_2"},
"up":{"uv":[5.376,13.376,5.499,13.624],"texture":"#ak47_2"},
"north":{"uv":[5.376,13.001,5.499,13.249],"texture":"#ak47_2"},
"south":{"uv":[5.376,13.001,5.499,13.249],"texture":"#ak47_2"},
"west":{"uv":[5.626,13.001,5.999,13.249],"texture":"#ak47_2"},
"east":{"uv":[5.626,13.001,5.999,13.249],"texture":"#ak47_2"}
}
},
{
"from":[4.9375,10.5,7.5625],
"to":[5,10.75,7.875],
"faces":{
"down":{"uv":[5.376,14.126,5.499,14.374],"texture":"#ak47_2"},
"up":{"uv":[5.376,14.126,5.499,14.374],"texture":"#ak47_2"},
"north":{"uv":[5.376,13.751,5.499,13.999],"texture":"#ak47_2"},
"south":{"uv":[5.376,13.751,5.499,13.999],"texture":"#ak47_2"},
"west":{"uv":[5.626,13.751,5.999,13.999],"texture":"#ak47_2"},
"east":{"uv":[5.626,13.751,5.999,13.999],"texture":"#ak47_2"}
}
},
{
"from":[4.9375,10.5,8.125],
"to":[5,10.75,8.4375],
"faces":{
"down":{"uv":[4.626,14.126,4.749,14.374],"texture":"#ak47_2"},
"up":{"uv":[4.626,14.126,4.749,14.374],"texture":"#ak47_2"},
"north":{"uv":[4.626,13.751,4.749,13.999],"texture":"#ak47_2"},
"south":{"uv":[4.626,13.751,4.749,13.999],"texture":"#ak47_2"},
"west":{"uv":[4.876,13.751,5.249,13.999],"texture":"#ak47_2"},
"east":{"uv":[4.876,13.751,5.249,13.999],"texture":"#ak47_2"}
}
},
{
"from":[4.90625,10.5,7.875],
"to":[5,10.6563,8.125],
"faces":{
"down":{"uv":[6.126,13.001,6.374,13.124],"texture":"#ak47_2"},
"up":{"uv":[6.126,13.001,6.374,13.124],"texture":"#ak47_2"},
"north":{"uv":[6.126,13.001,6.249,13.124],"texture":"#ak47_2"},
"south":{"uv":[6.251,13.001,6.374,13.124],"texture":"#ak47_2"},
"west":{"uv":[6.126,13.251,6.374,13.374],"texture":"#ak47_2"},
"east":{"uv":[6.126,13.251,6.374,13.374],"texture":"#ak47_2"}
}
},
{
"from":[2.6875,10.5,7.5],
"to":[3,10.6875,7.6875],
"faces":{
"up":{"uv":[3.626,13.376,4.124,13.624],"texture":"#ak47_2"},
"north":{"uv":[3.626,13.001,4.124,13.249],"texture":"#ak47_2"},
"south":{"uv":[4.124,13.376,3.626,13.624],"texture":"#ak47_2"},
"west":{"uv":[4.251,13.001,4.499,13.249],"texture":"#ak47_2"},
"east":{"uv":[4.251,13.001,4.499,13.249],"texture":"#ak47_2"}
}
},
{
"from":[2.6875,10.5,8.3125],
"to":[3,10.6875,8.5],
"faces":{
"up":{"uv":[2.626,13.376,3.124,13.624],"texture":"#ak47_2"},
"north":{"uv":[2.626,13.001,3.124,13.249],"texture":"#ak47_2"},
"south":{"uv":[3.124,13.001,2.626,13.249],"texture":"#ak47_2"},
"west":{"uv":[3.251,13.001,3.499,13.249],"texture":"#ak47_2"},
"east":{"uv":[3.251,13.001,3.499,13.249],"texture":"#ak47_2"}
}
},
{
"from":[2.4375,10.5,7.5],
"to":[2.6875,10.5625,8.5],
"faces":{
"up":{"uv":[0.251,13.001,0.499,13.999],"texture":"#ak47_2"},
"north":{"uv":[0.001,14.126,0.249,14.249],"texture":"#ak47_2"},
"south":{"uv":[0.249,14.126,0.001,14.249],"texture":"#ak47_2"},
"west":{"uv":[0.001,13.001,0.124,13.999],"rotation":90,"texture":"#ak47_2"},
"east":{"uv":[0.001,13.001,0.124,13.999],"rotation":90,"texture":"#ak47_2"}
}
},
{
"from":[-11.6875,8.78125,7.75],
"to":[-10.4375,8.90625,8.25],
"faces":{
"down":{"uv":[9.251,15.501,9.749,15.874],"texture":"#ak47"},
"up":{"uv":[9.251,15.501,9.749,15.874],"texture":"#ak47"},
"north":{"uv":[9.251,15.126,9.749,15.249],"texture":"#ak47"},
"south":{"uv":[9.749,15.126,9.251,15.249],"texture":"#ak47"},
"west":{"uv":[9.251,15.876,9.624,15.999],"texture":"#ak47"},
"east":{"uv":[9.251,15.876,9.624,15.999],"texture":"#ak47"}
}
},
{
"from":[-11.6875,8.90625,7.75],
"to":[-11.5625,9.59375,8.25],
"faces":{
"down":{"uv":[8.751,15.751,8.874,15.874],"texture":"#ak47"},
"up":{"uv":[8.626,15.501,8.749,15.624],"texture":"#ak47"},
"north":{"uv":[9.001,15.501,9.124,15.874],"texture":"#ak47"},
"south":{"uv":[9.001,15.501,9.124,15.874],"texture":"#ak47"},
"west":{"uv":[8.626,15.501,8.874,15.874],"texture":"#ak47"},
"east":{"uv":[8.626,15.501,8.874,15.874],"texture":"#ak47"}
}
},
{
"from":[-11.6875,9.65625,7.75],
"to":[-11.05,10.375,8.25],
"faces":{
"down":{"uv":[7.376,15.501,7.624,15.874],"texture":"#ak47"},
"up":{"uv":[7.376,15.501,7.624,15.874],"texture":"#ak47"},
"north":{"uv":[6.876,15.501,7.249,15.874],"texture":"#ak47"},
"south":{"uv":[7.249,15.501,6.876,15.874],"texture":"#ak47"},
"west":{"uv":[7.751,15.501,7.999,15.874],"texture":"#ak47"},
"east":{"uv":[7.751,15.501,7.999,15.874],"texture":"#ak47"}
}
},
{
"from":[-10.875,8.7925,7.75],
"to":[-10.75,9.6375,8.25],
"rotation":{"origin":[-10.875,9.6375,7.75],"axis":"z","angle":22.5},
"faces":{
"north":{"uv":[0.501,13.501,0.624,13.999],"texture":"#ak47"},
"south":{"uv":[0.501,13.501,0.624,13.999],"texture":"#ak47"},
"west":{"uv":[0.001,13.501,0.374,13.999],"texture":"#ak47"},
"east":{"uv":[0.001,13.501,0.374,13.999],"texture":"#ak47"}
}
},
{
"from":[-11.6875,9.5625,7.75],
"to":[-10.765,9.6875,8.25],
"faces":{
"down":{"uv":[8.626,15.501,8.874,15.874],"rotation":90,"texture":"#ak47"},
"up":{"uv":[8.626,15.501,8.874,15.874],"rotation":90,"texture":"#ak47"},
"north":{"uv":[9.001,15.501,9.124,15.874],"texture":"#ak47"},
"south":{"uv":[9.001,15.501,9.124,15.874],"texture":"#ak47"},
"west":{"uv":[8.626,15.876,8.999,15.999],"texture":"#ak47"},
"east":{"uv":[8.626,15.876,8.999,15.999],"texture":"#ak47"}
}
},
{
"from":[-11.5,9.78125,7.71875],
"to":[-11.1875,10.0938,8.28125],
"faces":{
"down":{"uv":[8.126,15.751,8.499,15.999],"rotation":90,"texture":"#ak47"},
"up":{"uv":[8.126,15.751,8.499,15.999],"rotation":90,"texture":"#ak47"},
"north":{"uv":[8.126,15.501,8.374,15.749],"texture":"#ak47"},
"south":{"uv":[8.374,15.501,8.126,15.749],"texture":"#ak47"},
"west":{"uv":[8.126,15.751,8.499,15.999],"texture":"#ak47"},
"east":{"uv":[8.126,15.751,8.499,15.999],"texture":"#ak47"}
}
},
{
"from":[-11.1612,9.5725,7.75],
"to":[-11.0362,10.3225,7.875],
"rotation":{"origin":[-11.1612,10.3225,7.75],"axis":"z","angle":22.5},
"faces":{
"north":{"uv":[0.251,12.876,0.374,13.374],"texture":"#ak47"},
"south":{"uv":[0.251,12.876,0.374,13.374],"texture":"#ak47"},
"west":{"uv":[0.001,12.876,0.124,13.374],"texture":"#ak47"},
"east":{"uv":[0.001,12.876,0.124,13.374],"texture":"#ak47"}
}
},
{
"from":[-11.1612,9.5725,8.125],
"to":[-11.0362,10.3225,8.25],
"rotation":{"origin":[-11.1612,10.3225,8.125],"axis":"z","angle":22.5},
"faces":{
"north":{"uv":[0.501,12.876,0.624,13.374],"texture":"#ak47"},
"south":{"uv":[0.501,12.876,0.624,13.374],"texture":"#ak47"},
"west":{"uv":[0.001,12.251,0.124,12.749],"texture":"#ak47"},
"east":{"uv":[0.001,12.251,0.124,12.749],"texture":"#ak47"}
}
},
{
"from":[-11.0625,9.6875,7.75],
"to":[-10.9375,10.0625,7.875],
"faces":{
"up":{"uv":[0.751,13.626,0.874,13.749],"texture":"#ak47"},
"north":{"uv":[0.751,13.626,0.874,13.749],"texture":"#ak47"},
"south":{"uv":[0.751,13.626,0.874,13.749],"texture":"#ak47"},
"west":{"uv":[0.751,13.626,0.874,13.749],"texture":"#ak47"},
"east":{"uv":[0.751,13.626,0.874,13.749],"texture":"#ak47"}
}
},
{
"from":[-11.0625,9.6875,8.125],
"to":[-10.9375,10.0625,8.25],
"faces":{
"up":{"uv":[0.751,13.626,0.874,13.749],"texture":"#ak47"},
"north":{"uv":[0.751,13.626,0.874,13.749],"texture":"#ak47"},
"south":{"uv":[0.751,13.626,0.874,13.749],"texture":"#ak47"},
"west":{"uv":[0.751,13.626,0.874,13.749],"texture":"#ak47"},
"east":{"uv":[0.751,13.626,0.874,13.749],"texture":"#ak47"}
}
},
{
"from":[-10.9375,9.65625,8.125],
"to":[-10.875,9.78125,8.25],
"faces":{
"down":{"uv":[-11.0615,7.751,-10.9385,7.874],"texture":"#ak47"},
"up":{"uv":[0.751,13.626,0.874,13.749],"texture":"#ak47"},
"north":{"uv":[0.751,13.626,0.874,13.749],"texture":"#ak47"},
"south":{"uv":[0.751,13.626,0.874,13.749],"texture":"#ak47"},
"west":{"uv":[0.751,13.626,0.874,13.749],"texture":"#ak47"},
"east":{"uv":[0.751,13.626,0.874,13.749],"texture":"#ak47"}
}
},
{
"from":[-10.9375,9.65625,7.75],
"to":[-10.875,9.78125,7.875],
"faces":{
"down":{"uv":[-11.0615,7.751,-10.9385,7.874],"texture":"#ak47"},
"up":{"uv":[0.751,13.626,0.874,13.749],"texture":"#ak47"},
"north":{"uv":[0.751,13.626,0.874,13.749],"texture":"#ak47"},
"south":{"uv":[0.751,13.626,0.874,13.749],"texture":"#ak47"},
"west":{"uv":[0.751,13.626,0.874,13.749],"texture":"#ak47"},
"east":{"uv":[0.751,13.626,0.874,13.749],"texture":"#ak47"}
}
},
{
"from":[-11.4375,10.375,7.9375],
"to":[-11.3125,10.75,8.0625],
"faces":{
"up":{"uv":[6.501,15.376,6.624,15.499],"texture":"#ak47"},
"north":{"uv":[6.376,15.501,6.499,15.874],"texture":"#ak47"},
"south":{"uv":[6.376,15.501,6.499,15.874],"texture":"#ak47"},
"west":{"uv":[6.626,15.501,6.749,15.874],"texture":"#ak47"},
"east":{"uv":[6.626,15.501,6.749,15.874],"texture":"#ak47"}
}
},
{
"from":[-11.6875,10.375,7.625],
"to":[-11.125,10.875,7.75],
"faces":{
"down":{"uv":[4.751,15.876,5.124,15.999],"texture":"#ak47"},
"up":{"uv":[4.751,15.876,5.124,15.999],"texture":"#ak47"},
"north":{"uv":[4.626,15.501,4.999,15.874],"texture":"#ak47"},
"south":{"uv":[4.999,15.501,4.626,15.874],"texture":"#ak47"},
"west":{"uv":[5.126,15.501,5.249,15.874],"texture":"#ak47"},
"east":{"uv":[5.126,15.501,5.249,15.874],"texture":"#ak47"}
}
},
{
"from":[-11.6875,10.375,8.25],
"to":[-11.125,10.875,8.375],
"faces":{
"down":{"uv":[4.751,15.876,5.124,15.999],"texture":"#ak47"},
"up":{"uv":[4.751,15.876,5.124,15.999],"texture":"#ak47"},
"north":{"uv":[4.626,15.501,4.999,15.874],"texture":"#ak47"},
"south":{"uv":[4.999,15.501,4.626,15.874],"texture":"#ak47"},
"west":{"uv":[5.126,15.501,5.249,15.874],"texture":"#ak47"},
"east":{"uv":[5.126,15.501,5.249,15.874],"texture":"#ak47"}
}
},
{
"from":[-11.6875,10.875,7.75],
"to":[-11.125,11,7.875],
"faces":{
"down":{"uv":[5.626,15.501,5.749,15.874],"rotation":90,"texture":"#ak47"},
"up":{"uv":[5.626,15.501,5.749,15.874],"rotation":90,"texture":"#ak47"},
"north":{"uv":[5.376,15.501,5.499,15.874],"rotation":90,"texture":"#ak47"},
"south":{"uv":[5.376,15.501,5.499,15.874],"rotation":90,"texture":"#ak47"},
"west":{"uv":[5.501,15.876,5.624,15.999],"texture":"#ak47"},
"east":{"uv":[5.501,15.876,5.624,15.999],"texture":"#ak47"}
}
},
{
"from":[-11.6875,10.875,8.125],
"to":[-11.125,11,8.25],
"faces":{
"down":{"uv":[5.626,15.501,5.749,15.874],"rotation":90,"texture":"#ak47"},
"up":{"uv":[5.626,15.501,5.749,15.874],"rotation":90,"texture":"#ak47"},
"north":{"uv":[5.376,15.501,5.499,15.874],"rotation":90,"texture":"#ak47"},
"south":{"uv":[5.376,15.501,5.499,15.874],"rotation":90,"texture":"#ak47"},
"west":{"uv":[5.501,15.876,5.624,15.999],"texture":"#ak47"},
"east":{"uv":[5.501,15.876,5.624,15.999],"texture":"#ak47"}
}
},
{
"from":[-11.6875,10.875,8.25],
"to":[-11.125,10.9375,8.3125],
"faces":{
"up":{"uv":[5.626,15.501,5.749,15.874],"rotation":90,"texture":"#ak47"},
"south":{"uv":[5.376,15.501,5.499,15.874],"rotation":90,"texture":"#ak47"},
"west":{"uv":[5.501,15.876,5.624,15.999],"texture":"#ak47"},
"east":{"uv":[5.501,15.876,5.624,15.999],"texture":"#ak47"}
}
},
{
"from":[-11.6875,10.8125,8.1875],
"to":[-11.125,10.875,8.25],
"faces":{
"down":{"uv":[5.626,15.501,5.749,15.874],"rotation":90,"texture":"#ak47"},
"north":{"uv":[5.376,15.501,5.499,15.874],"rotation":90,"texture":"#ak47"},
"west":{"uv":[5.501,15.876,5.624,15.999],"texture":"#ak47"},
"east":{"uv":[5.501,15.876,5.624,15.999],"texture":"#ak47"}
}
},
{
"from":[-11.6875,10.875,7.6875],
"to":[-11.125,10.9375,7.75],
"faces":{
"up":{"uv":[5.626,15.501,5.749,15.874],"rotation":90,"texture":"#ak47"},
"north":{"uv":[5.376,15.501,5.499,15.874],"rotation":90,"texture":"#ak47"},
"west":{"uv":[5.501,15.876,5.624,15.999],"texture":"#ak47"},
"east":{"uv":[5.501,15.876,5.624,15.999],"texture":"#ak47"}
}
},
{
"from":[-11.6875,10.8125,7.75],
"to":[-11.125,10.875,7.8125],
"faces":{
"down":{"uv":[5.626,15.501,5.749,15.874],"rotation":90,"texture":"#ak47"},
"south":{"uv":[5.376,15.501,5.499,15.874],"rotation":90,"texture":"#ak47"},
"west":{"uv":[5.501,15.876,5.624,15.999],"texture":"#ak47"},
"east":{"uv":[5.501,15.876,5.624,15.999],"texture":"#ak47"}
}
},
{
"from":[-11.6875,10.3125,8.25],
"to":[-11.125,10.375,8.3125],
"faces":{
"down":{"uv":[6.126,15.501,6.249,15.874],"rotation":90,"texture":"#ak47"},
"south":{"uv":[5.876,15.501,5.999,15.874],"rotation":90,"texture":"#ak47"},
"west":{"uv":[6.001,15.876,6.124,15.999],"texture":"#ak47"},
"east":{"uv":[6.001,15.876,6.124,15.999],"texture":"#ak47"}
}
},
{
"from":[-11.6875,10.375,8.1875],
"to":[-11.125,10.4375,8.25],
"faces":{
"up":{"uv":[6.126,15.501,6.249,15.874],"rotation":90,"texture":"#ak47"},
"north":{"uv":[5.376,15.501,5.499,15.874],"rotation":90,"texture":"#ak47"},
"west":{"uv":[6.001,15.876,6.124,15.999],"texture":"#ak47"},
"east":{"uv":[6.001,15.876,6.124,15.999],"texture":"#ak47"}
}
},
{
"from":[-11.6875,10.375,7.75],
"to":[-11.125,10.4375,7.8125],
"faces":{
"up":{"uv":[6.126,15.501,6.249,15.874],"rotation":90,"texture":"#ak47"},
"south":{"uv":[5.876,15.501,5.999,15.874],"rotation":90,"texture":"#ak47"},
"west":{"uv":[6.001,15.876,6.124,15.999],"texture":"#ak47"},
"east":{"uv":[6.001,15.876,6.124,15.999],"texture":"#ak47"}
}
},
{
"from":[-11.6875,10.3125,7.6875],
"to":[-11.125,10.375,7.75],
"faces":{
"down":{"uv":[6.126,15.501,6.249,15.874],"rotation":90,"texture":"#ak47"},
"north":{"uv":[5.376,15.501,5.499,15.874],"rotation":90,"texture":"#ak47"},
"west":{"uv":[6.001,15.876,6.124,15.999],"texture":"#ak47"},
"east":{"uv":[6.001,15.876,6.124,15.999],"texture":"#ak47"}
}
},
{
"from":[-11.6875,10.9375,7.875],
"to":[-11.125,11,7.9375],
"faces":{
"down":{"uv":[5.626,15.501,5.749,15.874],"rotation":90,"texture":"#ak47"},
"up":{"uv":[5.626,15.501,5.749,15.874],"rotation":90,"texture":"#ak47"},
"south":{"uv":[5.376,15.501,5.499,15.874],"rotation":90,"texture":"#ak47"},
"west":{"uv":[5.501,15.876,5.624,15.999],"texture":"#ak47"},
"east":{"uv":[5.501,15.876,5.624,15.999],"texture":"#ak47"}
}
},
{
"from":[-11.6875,10.9375,8.0625],
"to":[-11.125,11,8.125],
"faces":{
"down":{"uv":[5.626,15.501,5.749,15.874],"rotation":90,"texture":"#ak47"},
"up":{"uv":[5.626,15.501,5.749,15.874],"rotation":90,"texture":"#ak47"},
"north":{"uv":[5.376,15.501,5.499,15.874],"rotation":90,"texture":"#ak47"},
"west":{"uv":[5.501,15.876,5.624,15.999],"texture":"#ak47"},
"east":{"uv":[5.501,15.876,5.624,15.999],"texture":"#ak47"}
}
},
{
"from":[12.75,6.125,7.3125],
"to":[15.25,7.0625,8.6875],
"faces":{
"down":{"uv":[13.001,13.751,13.999,13.874],"texture":"#ak47"},
"up":{"uv":[13.001,13.376,13.999,13.499],"texture":"#ak47"},
"north":{"uv":[13.001,13.376,13.999,13.874],"texture":"#ak47"},
"south":{"uv":[13.999,13.376,13.001,13.874],"texture":"#ak47"},
"west":{"uv":[14.126,13.376,14.874,13.874],"texture":"#ak47"},
"east":{"uv":[14.126,13.376,14.874,13.874],"texture":"#ak47"}
}
},
{
"from":[13.375,2.5,7.3125],
"to":[14.875,6.125,8.6875],
"rotation":{"origin":[13.375,6.125,7.3125],"axis":"z","angle":22.5},
"faces":{
"down":{"uv":[14.501,12.251,15.124,12.874],"texture":"#ak47"},
"north":{"uv":[13.001,12.251,13.624,13.249],"texture":"#ak47"},
"south":{"uv":[13.624,12.251,13.001,13.249],"texture":"#ak47"},
"west":{"uv":[13.751,12.251,14.374,13.249],"texture":"#ak47"},
"east":{"uv":[13.751,12.251,14.374,13.249],"texture":"#ak47"}
}
},
{
"from":[14.9638,5.9,7.3125],
"to":[15.2763,6.25,8.6875],
"rotation":{"origin":[14.9638,6.25,7.3125],"axis":"z","angle":-22.5},
"faces":{
"down":{"uv":[14.501,12.001,14.624,12.124],"texture":"#ak47"},
"up":{"uv":[14.501,12.001,14.624,12.124],"texture":"#ak47"},
"north":{"uv":[14.251,12.001,14.374,12.124],"texture":"#ak47"},
"south":{"uv":[14.251,12.001,14.374,12.124],"texture":"#ak47"},
"west":{"uv":[14.501,12.001,15.124,12.124],"texture":"#ak47"},
"east":{"uv":[14.501,12.001,15.124,12.124],"texture":"#ak47"}
}
},
{
"from":[13.0625,5.375,7.3125],
"to":[13.375,6.125,8.6875],
"rotation":{"origin":[13.0625,6.125,7.3125],"axis":"z","angle":45},
"faces":{
"down":{"uv":[14.126,5.751,14.749,5.999],"texture":"#ak47"},
"north":{"uv":[14.126,5.376,14.624,5.624],"rotation":90,"texture":"#ak47"},
"south":{"uv":[14.126,5.376,14.624,5.624],"rotation":90,"texture":"#ak47"},
"west":{"uv":[14.126,5.751,14.749,5.999],"texture":"#ak47"}
}
},
{
"from":[12.875,6.09375,7.3125],
"to":[13.4375,6.34375,8.6875],
"rotation":{"origin":[12.875,6.34375,7.3125],"axis":"z","angle":-22.5},
"faces":{
"down":{"uv":[14.001,6.126,14.624,6.374],"rotation":90,"texture":"#ak47"},
"up":{"uv":[14.001,6.126,14.624,6.374],"rotation":90,"texture":"#ak47"},
"north":{"uv":[13.501,6.126,13.874,6.374],"texture":"#ak47"},
"south":{"uv":[13.501,6.126,13.874,6.374],"texture":"#ak47"},
"west":{"uv":[14.001,6.126,14.624,6.374],"texture":"#ak47"},
"east":{"uv":[14.001,6.126,14.624,6.374],"texture":"#ak47"}
}
},
{
"from":[14.4688,2.77625,7.3125],
"to":[14.7638,3.46875,8.6875],
"faces":{
"down":{"uv":[15.251,12.251,15.374,12.874],"texture":"#ak47"},
"up":{"uv":[15.251,12.251,15.374,12.874],"texture":"#ak47"},
"north":{"uv":[15.251,13.001,15.374,13.249],"texture":"#ak47"},
"south":{"uv":[15.251,13.001,15.374,13.249],"texture":"#ak47"},
"west":{"uv":[14.501,13.001,15.124,13.249],"texture":"#ak47"},
"east":{"uv":[14.501,13.001,15.124,13.249],"texture":"#ak47"}
}
},
{
"from":[6.4375,5.5,7.5],
"to":[9.4375,7.375,8.5],
"faces":{
"down":{"uv":[10.501,12.876,11.624,12.999],"texture":"#ak47"},
"up":{"uv":[10.501,12.251,11.624,12.374],"texture":"#ak47"},
"north":{"uv":[10.501,12.251,11.624,12.999],"texture":"#ak47"},
"south":{"uv":[11.624,12.251,10.501,12.999],"texture":"#ak47"},
"west":{"uv":[11.751,12.251,12.249,12.999],"texture":"#ak47"},
"east":{"uv":[12.376,12.251,12.874,12.999],"texture":"#ak47"}
}
},
{
"from":[10.4375,8.0625,7.1625],
"to":[11.875,8.5625,7.2875],
"faces":{
"down":{"uv":[3.251,7.126,4.249,7.249],"texture":"#ak47"},
"up":{"uv":[3.251,7.001,4.249,7.124],"texture":"#ak47"},
"north":{"uv":[3.251,7.001,4.249,7.249],"texture":"#ak47"},
"south":{"uv":[3.251,7.001,4.249,7.249],"texture":"#ak47"},
"west":{"uv":[3.251,7.001,3.374,7.249],"texture":"#ak47"},
"east":{"uv":[4.126,7.001,4.249,7.249],"texture":"#ak47"}
}
},
{
"from":[11.875,8.1875,7.1625],
"to":[13.375,8.6875,7.2875],
"faces":{
"down":{"uv":[2.251,7.001,3.249,7.124],"texture":"#ak47"},
"up":{"uv":[2.251,6.876,3.249,6.999],"texture":"#ak47"},
"north":{"uv":[2.251,6.876,3.249,7.124],"texture":"#ak47"},
"south":{"uv":[3.249,6.876,2.251,7.124],"texture":"#ak47"},
"west":{"uv":[2.251,6.876,2.374,7.124],"texture":"#ak47"},
"east":{"uv":[3.126,6.876,3.249,7.124],"texture":"#ak47"}
}
},
{
"from":[10.6875,8.5625,7.1625],
"to":[11.875,8.6875,7.2875],
"faces":{
"down":{"uv":[3.251,6.751,3.999,6.874],"texture":"#ak47"},
"up":{"uv":[3.251,6.751,3.999,6.874],"texture":"#ak47"},
"north":{"uv":[3.251,6.751,3.999,6.874],"texture":"#ak47"},
"south":{"uv":[3.251,6.751,3.999,6.874],"texture":"#ak47"},
"west":{"uv":[3.251,6.751,3.374,6.874],"texture":"#ak47"},
"east":{"uv":[3.876,6.751,3.999,6.874],"texture":"#ak47"}
}
},
{
"from":[9.375,7.8125,8.6875],
"to":[13,8.1875,8.8125],
"faces":{
"down":{"uv":[5.751,6.376,8.374,6.499],"texture":"#ak47"},
"up":{"uv":[5.751,6.251,8.374,6.374],"texture":"#ak47"},
"south":{"uv":[5.751,6.251,8.374,6.499],"texture":"#ak47"},
"west":{"uv":[5.751,6.251,5.874,6.499],"texture":"#ak47"},
"east":{"uv":[8.251,6.251,8.374,6.499],"texture":"#ak47"}
}
},
{
"from":[4.9375,8.71875,6.6875],
"to":[5.0625,9.03125,7.25],
"faces":{
"down":{"uv":[0.251,12.251,0.749,12.374],"rotation":90,"texture":"#ak47_2"},
"up":{"uv":[0.251,12.251,0.749,12.374],"rotation":90,"texture":"#ak47_2"},
"north":{"uv":[0.001,11.876,0.124,12.124],"texture":"#ak47_2"},
"south":{"uv":[0.001,11.876,0.124,12.124],"texture":"#ak47_2"},
"west":{"uv":[0.251,11.876,0.749,12.124],"texture":"#ak47_2"},
"east":{"uv":[0.251,11.876,0.749,12.124],"texture":"#ak47_2"}
}
},
{
"from":[15.475,8.725,7.71875],
"to":[15.6625,9.225,8.21875],
"rotation":{"origin":[15.475,9.225,7.71875],"axis":"z","angle":45},
"faces":{
"down":{"uv":[5.126,10.251,5.624,10.499],"rotation":90,"texture":"#ak47_2"},
"up":{"uv":[5.126,10.251,5.624,10.499],"rotation":90,"texture":"#ak47_2"},
"north":{"uv":[5.751,10.251,5.999,10.749],"texture":"#ak47_2"},
"south":{"uv":[5.999,10.251,5.751,10.749],"texture":"#ak47_2"},
"west":{"uv":[4.501,10.251,4.999,10.749],"texture":"#ak47_2"},
"east":{"uv":[4.501,10.251,4.999,10.749],"texture":"#ak47_2"}
}
},
{
"from":[12.125,6.5625,7.75],
"to":[12.3125,7.0625,8.25],
"faces":{
"down":{"uv":[15.751,9.376,15.999,9.499],"texture":"#ak47"},
"north":{"uv":[15.501,9.126,15.624,9.499],"texture":"#ak47"},
"south":{"uv":[15.501,9.126,15.624,9.499],"texture":"#ak47"},
"west":{"uv":[15.751,9.126,15.999,9.499],"texture":"#ak47"},
"east":{"uv":[15.751,9.126,15.999,9.499],"texture":"#ak47"}
}
},
{
"from":[10.5913,6.08875,7.625],
"to":[10.9413,6.21375,8.375],
"rotation":{"origin":[10.5913,6.21375,7.625],"axis":"z","angle":-45},
"faces":{
"down":{"uv":[13.876,9.751,14.249,9.999],"texture":"#ak47"},
"up":{"uv":[13.876,9.751,14.249,9.999],"texture":"#ak47"},
"north":{"uv":[13.626,9.751,13.749,9.999],"rotation":90,"texture":"#ak47"},
"south":{"uv":[13.626,9.751,13.749,9.999],"rotation":90,"texture":"#ak47"},
"west":{"uv":[13.626,9.751,13.749,9.874],"texture":"#ak47"},
"east":{"uv":[13.626,9.876,13.749,9.999],"texture":"#ak47"}
}
},
{
"from":[12.1412,6.26,7.75],
"to":[12.3287,6.635,8.25],
"rotation":{"origin":[12.1412,6.635,7.75],"axis":"z","angle":-22.5},
"faces":{
"down":{"uv":[15.126,9.751,15.374,9.874],"rotation":90,"texture":"#ak47"},
"up":{"uv":[15.126,9.751,15.374,9.874],"rotation":90,"texture":"#ak47"},
"north":{"uv":[15.501,9.626,15.624,9.874],"texture":"#ak47"},
"south":{"uv":[15.501,9.626,15.624,9.874],"texture":"#ak47"},
"west":{"uv":[15.751,9.626,15.999,9.874],"texture":"#ak47"},
"east":{"uv":[15.751,9.626,15.999,9.874],"texture":"#ak47"}
}
},
{
"from":[12.4112,5.83875,7.625],
"to":[12.8112,5.96375,8.375],
"rotation":{"origin":[12.4112,5.96375,7.625],"axis":"z","angle":45},
"faces":{
"down":{"uv":[13.126,9.751,13.499,9.999],"texture":"#ak47"},
"up":{"uv":[13.126,9.751,13.499,9.999],"texture":"#ak47"},
"north":{"uv":[12.876,9.751,12.999,9.999],"rotation":90,"texture":"#ak47"},
"south":{"uv":[12.876,9.751,12.999,9.999],"rotation":90,"texture":"#ak47"},
"west":{"uv":[12.876,9.751,12.999,9.874],"texture":"#ak47"},
"east":{"uv":[12.876,9.876,12.999,9.999],"texture":"#ak47"}
}
},
{
"from":[10.75,5.875,7.625],
"to":[12.5,6,8.375],
"faces":{
"down":{"uv":[13.626,9.376,14.624,9.749],"texture":"#ak47"},
"up":{"uv":[13.626,9.376,14.624,9.749],"texture":"#ak47"},
"north":{"uv":[13.626,9.126,14.624,9.249],"texture":"#ak47"},
"south":{"uv":[13.626,9.126,14.624,9.249],"texture":"#ak47"},
"west":{"uv":[13.626,9.126,13.749,9.249],"texture":"#ak47"},
"east":{"uv":[14.501,9.126,14.624,9.249],"texture":"#ak47"}
}
},
{
"from":[9.625,6.25,7.3125],
"to":[9.875,6.5,8.6875],
"faces":{
"down":{"uv":[15.376,11.626,15.624,12.249],"texture":"#ak47"},
"north":{"uv":[15.001,11.251,15.249,11.499],"texture":"#ak47"},
"south":{"uv":[15.001,11.251,15.249,11.499],"texture":"#ak47"},
"west":{"uv":[15.376,11.251,15.999,11.499],"texture":"#ak47"}
}
},
{
"from":[6.2825,0.895,7.5],
"to":[9.2825,4.395,8.5],
"rotation":{"origin":[6.2825,4.395,7.5],"axis":"z","angle":-22.5},
"faces":{
"down":{"uv":[10.501,14.251,11.624,14.374],"texture":"#ak47"},
"up":{"uv":[10.501,13.126,11.624,13.249],"texture":"#ak47"},
"north":{"uv":[10.501,13.126,11.624,14.374],"texture":"#ak47"},
"south":{"uv":[11.624,13.126,10.501,14.374],"texture":"#ak47"},
"west":{"uv":[11.751,13.126,12.249,14.374],"texture":"#ak47"},
"east":{"uv":[12.376,13.126,12.874,14.374],"texture":"#ak47"}
}
},
{
"from":[12.625,6.125,7.625],
"to":[12.75,7.0625,8.375],
"faces":{
"down":{"uv":[12.876,9.126,12.999,9.624],"texture":"#ak47"},
"north":{"uv":[12.876,9.126,12.999,9.624],"texture":"#ak47"},
"south":{"uv":[12.876,9.126,12.999,9.624],"texture":"#ak47"},
"west":{"uv":[13.126,9.126,13.499,9.624],"texture":"#ak47"}
}
},
{
"from":[9.875,6.125,7.3125],
"to":[10.5,7.1875,8.6875],
"faces":{
"down":{"uv":[14.001,10.751,14.374,11.374],"texture":"#ak47"},
"north":{"uv":[14.001,10.126,14.374,10.624],"texture":"#ak47"},
"south":{"uv":[14.374,10.126,14.001,10.624],"texture":"#ak47"},
"west":{"uv":[14.501,10.126,15.124,10.624],"texture":"#ak47"},
"east":{"uv":[14.501,10.126,15.124,10.624],"texture":"#ak47"}
}
},
{
"from":[6.375,5.125,7.5],
"to":[9.375,5.5,8.5],
"faces":{
"down":{"uv":[9.876,14.501,10.374,15.624],"rotation":90,"texture":"#ak47"},
"up":{"uv":[9.876,14.501,10.374,15.624],"rotation":90,"texture":"#ak47"},
"north":{"uv":[10.501,14.501,11.624,15.624],"texture":"#ak47"},
"south":{"uv":[11.624,14.501,10.501,15.624],"texture":"#ak47"},
"west":{"uv":[11.751,14.501,12.249,15.624],"texture":"#ak47"},
"east":{"uv":[12.376,14.501,12.874,15.624],"texture":"#ak47"}
}
},
{
"from":[9.4375,6.5,7.3125],
"to":[9.875,7.3125,8.6875],
"faces":{
"down":{"uv":[14.501,11.251,14.874,11.874],"texture":"#ak47"},
"up":{"uv":[14.501,11.251,14.874,11.874],"texture":"#ak47"},
"north":{"uv":[14.501,10.751,14.874,11.124],"texture":"#ak47"},
"south":{"uv":[14.874,10.751,14.501,11.124],"texture":"#ak47"},
"west":{"uv":[15.001,10.751,15.624,11.124],"texture":"#ak47"}
}
},
{
"from":[10.5,6.125,7.625],
"to":[10.625,7.1875,8.375],
"faces":{
"down":{"uv":[15.251,9.126,15.374,9.624],"texture":"#ak47"},
"north":{"uv":[15.251,9.126,15.374,9.624],"texture":"#ak47"},
"south":{"uv":[15.251,9.126,15.374,9.624],"texture":"#ak47"},
"east":{"uv":[14.751,9.126,15.124,9.624],"texture":"#ak47"}
}
},
{
"from":[9.5625,5.5,7.4375],
"to":[9.6875,6.5,8.5625],
"faces":{
"down":{"uv":[14.876,6.251,14.999,6.999],"texture":"#ak47"},
"north":{"uv":[14.876,5.376,14.999,6.124],"texture":"#ak47"},
"south":{"uv":[14.876,5.376,14.999,6.124],"texture":"#ak47"},
"west":{"uv":[15.126,5.376,15.749,6.124],"texture":"#ak47"},
"east":{"uv":[15.126,5.376,15.749,6.124],"texture":"#ak47"}
}
},
{
"from":[11,8.6875,7.1625],
"to":[12.6875,8.8125,7.2875],
"faces":{
"down":{"uv":[3.001,6.626,3.874,6.749],"texture":"#ak47"},
"up":{"uv":[3.001,6.626,3.874,6.749],"texture":"#ak47"},
"north":{"uv":[3.001,6.626,3.874,6.749],"texture":"#ak47"},
"south":{"uv":[3.001,6.626,3.874,6.749],"texture":"#ak47"},
"west":{"uv":[3.001,6.626,3.124,6.749],"texture":"#ak47"},
"east":{"uv":[3.751,6.626,3.874,6.749],"texture":"#ak47"}
}
},
{
"from":[11.3125,8.8125,7.1625],
"to":[12.5625,8.9375,7.2875],
"faces":{
"down":{"uv":[3.001,6.501,3.624,6.624],"texture":"#ak47"},
"up":{"uv":[3.001,6.501,3.624,6.624],"texture":"#ak47"},
"north":{"uv":[3.001,6.501,3.624,6.624],"texture":"#ak47"},
"south":{"uv":[3.001,6.501,3.624,6.624],"texture":"#ak47"},
"west":{"uv":[3.001,6.501,3.124,6.624],"texture":"#ak47"},
"east":{"uv":[3.501,6.501,3.624,6.624],"texture":"#ak47"}
}
},
{
"from":[11.625,8.9375,7.1625],
"to":[12.4375,9.0625,7.2875],
"faces":{
"down":{"uv":[3.001,6.376,3.374,6.499],"texture":"#ak47"},
"up":{"uv":[3.001,6.376,3.374,6.499],"texture":"#ak47"},
"north":{"uv":[3.001,6.376,3.374,6.499],"texture":"#ak47"},
"south":{"uv":[3.001,6.376,3.374,6.499],"texture":"#ak47"},
"west":{"uv":[3.001,6.376,3.124,6.499],"texture":"#ak47"},
"east":{"uv":[3.251,6.376,3.374,6.499],"texture":"#ak47"}
}
},
{
"from":[13,7.8125,8.6875],
"to":[13.1875,8,8.8125],
"faces":{
"down":{"uv":[8.501,6.376,8.624,6.499],"texture":"#ak47"},
"up":{"uv":[8.501,6.376,8.624,6.499],"texture":"#ak47"},
"south":{"uv":[8.501,6.376,8.624,6.499],"texture":"#ak47"},
"east":{"uv":[8.501,6.376,8.624,6.499],"texture":"#ak47"}
}
},
{
"from":[9.0625,7.5625,8.6875],
"to":[9.375,8,8.8125],
"faces":{
"down":{"uv":[5.751,7.251,5.999,7.374],"texture":"#ak47"},
"up":{"uv":[5.751,7.001,5.999,7.124],"texture":"#ak47"},
"south":{"uv":[5.751,7.001,5.999,7.374],"texture":"#ak47"},
"west":{"uv":[5.751,7.001,5.874,7.374],"texture":"#ak47"},
"east":{"uv":[5.876,7.001,5.999,7.374],"texture":"#ak47"}
}
},
{
"from":[9.375,7.6875,8.6875],
"to":[9.6875,7.8125,8.8125],
"faces":{
"down":{"uv":[5.751,6.751,5.999,6.874],"texture":"#ak47"},
"south":{"uv":[5.751,6.751,5.999,6.874],"texture":"#ak47"},
"east":{"uv":[5.876,6.751,5.999,6.874],"texture":"#ak47"}
}
},
{
"from":[10.875,7.4375,8.6875],
"to":[12,7.8125,8.8125],
"faces":{
"down":{"uv":[5.751,6.626,6.374,6.749],"texture":"#ak47"},
"south":{"uv":[5.751,6.501,6.374,6.749],"texture":"#ak47"},
"west":{"uv":[5.751,6.501,5.874,6.749],"texture":"#ak47"},
"east":{"uv":[6.251,6.501,6.374,6.749],"texture":"#ak47"}
}
},
{
"from":[9.25,8,8.6875],
"to":[9.375,8.125,8.8125],
"faces":{
"up":{"uv":[6.001,7.001,6.124,7.124],"texture":"#ak47"},
"south":{"uv":[6.001,7.001,6.124,7.124],"texture":"#ak47"},
"west":{"uv":[6.001,7.001,6.124,7.124],"texture":"#ak47"}
}
},
{
"from":[27.5,3.6875,7.25],
"to":[27.625,6.625,8.75],
"faces":{
"down":{"uv":[0.001,4.126,0.499,4.374],"texture":"#ak47"},
"up":{"uv":[0.001,4.126,0.499,4.374],"texture":"#ak47"},
"north":{"uv":[0.626,0.501,0.874,3.999],"texture":"#ak47"},
"south":{"uv":[0.874,0.501,0.626,3.999],"texture":"#ak47"},
"east":{"uv":[0.001,0.501,0.499,3.999],"texture":"#ak47"}
}
},
{
"from":[27.625,3.6875,7.25],
"to":[27.75,4.875,8.75],
"faces":{
"down":{"uv":[0.001,4.126,0.499,4.374],"texture":"#ak47"},
"up":{"uv":[0.001,4.126,0.499,4.374],"texture":"#ak47"},
"north":{"uv":[0.626,0.501,0.874,3.999],"texture":"#ak47"},
"south":{"uv":[0.874,0.501,0.626,3.999],"texture":"#ak47"},
"east":{"uv":[0.001,0.501,0.499,3.999],"texture":"#ak47"}
}
},
{
"from":[6.3125,4.75,7.5],
"to":[9.3125,5.125,8.5],
"faces":{
"down":{"uv":[9.876,14.501,10.374,15.624],"rotation":90,"texture":"#ak47"},
"up":{"uv":[9.876,14.501,10.374,15.624],"rotation":90,"texture":"#ak47"},
"north":{"uv":[10.501,14.501,11.624,15.624],"texture":"#ak47"},
"south":{"uv":[11.624,14.501,10.501,15.624],"texture":"#ak47"},
"west":{"uv":[11.751,14.501,12.249,15.624],"texture":"#ak47"},
"east":{"uv":[12.376,14.501,12.874,15.624],"texture":"#ak47"}
}
},
{
"from":[6.25,4.375,7.5],
"to":[9.25,4.75,8.5],
"faces":{
"down":{"uv":[9.876,14.501,10.374,15.624],"rotation":90,"texture":"#ak47"},
"up":{"uv":[9.876,14.501,10.374,15.624],"rotation":90,"texture":"#ak47"},
"north":{"uv":[10.501,14.501,11.624,15.624],"texture":"#ak47"},
"south":{"uv":[11.624,14.501,10.501,15.624],"texture":"#ak47"},
"west":{"uv":[11.751,14.501,12.249,15.624],"texture":"#ak47"},
"east":{"uv":[12.376,14.501,12.874,15.624],"texture":"#ak47"}
}
},
{
"from":[6.1875,4,7.5],
"to":[9.1875,4.375,8.5],
"faces":{
"down":{"uv":[9.876,14.501,10.374,15.624],"rotation":90,"texture":"#ak47"},
"up":{"uv":[9.876,14.501,10.374,15.624],"rotation":90,"texture":"#ak47"},
"north":{"uv":[10.501,14.501,11.624,15.624],"texture":"#ak47"},
"south":{"uv":[11.624,14.501,10.501,15.624],"texture":"#ak47"},
"west":{"uv":[11.751,14.501,12.249,15.624],"texture":"#ak47"},
"east":{"uv":[12.376,14.501,12.874,15.624],"texture":"#ak47"}
}
},
{
"from":[6.125,3.625,7.5],
"to":[9.125,4,8.5],
"faces":{
"down":{"uv":[9.876,14.501,10.374,15.624],"rotation":90,"texture":"#ak47"},
"up":{"uv":[9.876,14.501,10.374,15.624],"rotation":90,"texture":"#ak47"},
"north":{"uv":[10.501,14.501,11.624,15.624],"texture":"#ak47"},
"south":{"uv":[11.624,14.501,10.501,15.624],"texture":"#ak47"},
"west":{"uv":[11.751,14.501,12.249,15.624],"texture":"#ak47"},
"east":{"uv":[12.376,14.501,12.874,15.624],"texture":"#ak47"}
}
},
{
"from":[6.0625,3.25,7.5],
"to":[9.0625,3.625,8.5],
"faces":{
"down":{"uv":[9.876,14.501,10.374,15.624],"rotation":90,"texture":"#ak47"},
"up":{"uv":[9.876,14.501,10.374,15.624],"rotation":90,"texture":"#ak47"},
"north":{"uv":[10.501,14.501,11.624,15.624],"texture":"#ak47"},
"south":{"uv":[11.624,14.501,10.501,15.624],"texture":"#ak47"},
"west":{"uv":[11.751,14.501,12.249,15.624],"texture":"#ak47"},
"east":{"uv":[12.376,14.501,12.874,15.624],"texture":"#ak47"}
}
},
{
"from":[-13.5,7.9375,7.5625],
"to":[-11.6875,8.8125,8.4375],
"faces":{
"down":{"uv":[3.751,13.751,10.374,14.374],"texture":"#ak47"},
"up":{"uv":[7.626,11.501,14.249,12.124],"texture":"#ak47"},
"north":{"uv":[3.751,12.251,10.374,12.874],"texture":"#ak47"},
"south":{"uv":[10.374,13.001,3.751,13.624],"texture":"#ak47"},
"west":{"uv":[6.876,11.501,7.499,12.124],"texture":"#ak47"},
"east":{"uv":[7.626,7.251,8.374,7.999],"texture":"#ak47"}
}
},
{
"from":[-14.25,7.9375,7.5625],
"to":[-14,8.8125,8.4375],
"faces":{
"down":{"uv":[3.751,13.751,10.374,14.374],"texture":"#ak47"},
"up":{"uv":[7.626,11.501,14.249,12.124],"texture":"#ak47"},
"north":{"uv":[3.751,12.251,10.374,12.874],"texture":"#ak47"},
"south":{"uv":[10.374,13.001,3.751,13.624],"texture":"#ak47"},
"west":{"uv":[6.876,11.501,7.499,12.124],"texture":"#ak47"},
"east":{"uv":[6.876,11.501,7.499,12.124],"texture":"#ak47"}
}
},
{
"from":[-14.5,8.125,7.75],
"to":[-14.25,8.625,8.25],
"faces":{
"down":{"uv":[3.751,13.751,10.374,14.374],"texture":"#ak47"},
"up":{"uv":[7.626,11.501,14.249,12.124],"texture":"#ak47"},
"north":{"uv":[3.751,12.251,10.374,12.874],"texture":"#ak47"},
"south":{"uv":[10.374,13.001,3.751,13.624],"texture":"#ak47"},
"west":{"uv":[7.001,11.626,7.374,11.999],"texture":"#ak47"}
}
},
{
"from":[-14,8.625,7.5625],
"to":[-13.5,8.8125,7.75],
"faces":{
"down":{"uv":[3.751,13.751,10.374,14.374],"texture":"#ak47"},
"up":{"uv":[7.626,11.501,14.249,12.124],"texture":"#ak47"},
"north":{"uv":[3.751,12.251,10.374,12.874],"texture":"#ak47"},
"south":{"uv":[10.374,13.001,3.751,13.624],"texture":"#ak47"}
}
},
{
"from":[-14,7.9375,7.5625],
"to":[-13.5,8.125,7.75],
"faces":{
"down":{"uv":[3.751,13.751,10.374,14.374],"texture":"#ak47"},
"up":{"uv":[7.626,11.501,14.249,12.124],"texture":"#ak47"},
"north":{"uv":[3.751,12.251,10.374,12.874],"texture":"#ak47"},
"south":{"uv":[10.374,13.001,3.751,13.624],"texture":"#ak47"}
}
},
{
"from":[-14,7.9375,8.25],
"to":[-13.5,8.125,8.4375],
"faces":{
"down":{"uv":[3.751,13.751,10.374,14.374],"texture":"#ak47"},
"up":{"uv":[7.626,11.501,14.249,12.124],"texture":"#ak47"},
"north":{"uv":[3.751,12.251,10.374,12.874],"texture":"#ak47"},
"south":{"uv":[10.374,13.001,3.751,13.624],"texture":"#ak47"}
}
},
{
"from":[-14,8.625,8.25],
"to":[-13.5,8.8125,8.4375],
"faces":{
"down":{"uv":[3.751,13.751,10.374,14.374],"texture":"#ak47"},
"up":{"uv":[7.626,11.501,14.249,12.124],"texture":"#ak47"},
"north":{"uv":[3.751,12.251,10.374,12.874],"texture":"#ak47"},
"south":{"uv":[10.374,13.001,3.751,13.624],"texture":"#ak47"}
}
}
],
"display":{
"thirdperson_righthand":{
"rotation":[-180,-90,130],
"translation":[0,4,0],
"scale":[0.7,0.7,0.7]
},
"thirdperson_lefthand":{
"rotation":[-180,90,-130],
"translation":[0,4,0],
"scale":[0.7,0.7,0.7]
},
"head":{
"rotation":[0,-90,0],
"translation":[0,12,0],
"scale":[0.6,0.6,0.6]
},
"ground":{
"rotation":[90,0,0],
"translation":[1,0,0],
"scale":[0.6,0.6,0.6]
},
"fixed":{
"rotation":[0,0,0],
"translation":[0,0,-1],
"scale":[1,1,1]
},
"firstperson_righthand":{
"rotation":[0,-90,0],
"translation":[-2.5,3.5,-2],
"scale":[0.925,0.925,0.925]
},
"firstperson_lefthand":{
"rotation":[0,90,0],
"translation":[-2.5,3.5,-2],
"scale":[0.925,0.925,0.925]
},
"gui":{
"rotation":[-15,40,0],
"translation":[0,0,0],
"scale":[0.5,0.5,0.5]
}
}
}