{
"elements":[
{
"from":[-10.1094,8.21875,7.5625],
"to":[-5.6875,8.8125,8.45313],
"faces":{
"down":{"uv":[15.999,8.249,16.001,7.751],"texture":"#brightwood","cullface":"west"},
"up":{"uv":[-0.001,7.751,0.001,8.249],"texture":"#brightwood","cullface":"west"},
"north":{"uv":[15.999,7.3135,16.001,7.8115],"texture":"#brightwood","cullface":"west"},
"south":{"uv":[-0.001,7.3135,0.001,7.8115],"texture":"#brightwood","cullface":"west"},
"west":{"uv":[7.751,7.3135,8.249,7.8115],"texture":"#brightwood","cullface":"west"},
"east":{"uv":[7.751,7.3135,8.249,7.8115],"texture":"#brightwood","cullface":"west"}
}
},
{
"from":[-8.92188,7.89063,7.78125],
"to":[-2.23438,8.04688,8.25625],
"faces":{
"down":{"uv":[15.999,8.23962,16.001,7.76663],"texture":"#brightwood","cullface":"west"},
"up":{"uv":[-0.001,7.76663,0.001,8.23962],"texture":"#brightwood","cullface":"west"},
"north":{"uv":[15.999,6.751,16.001,7.224],"texture":"#brightwood","cullface":"west"},
"south":{"uv":[-0.001,6.751,0.001,7.224],"texture":"#brightwood","cullface":"west"},
"west":{"uv":[7.76663,6.751,8.23962,7.224],"texture":"#brightwood","cullface":"west"},
"east":{"uv":[7.76038,6.751,8.23338,7.224],"texture":"#brightwood","cullface":"west"}
}
},
{
"from":[-7.98438,8.8125,7.70313],
"to":[-7.59375,9.75,8.32813],
"faces":{
"up":{"uv":[-0.001,7.6885,0.001,8.3115],"texture":"#brightwood","cullface":"west"},
"north":{"uv":[15.999,6.6885,16.001,7.84275],"texture":"#brightwood","cullface":"west"},
"south":{"uv":[-0.001,6.6885,0.001,7.84275],"texture":"#brightwood","cullface":"west"},
"west":{"uv":[7.6885,6.6885,8.3115,7.84275],"texture":"#brightwood","cullface":"west"},
"east":{"uv":[7.6885,6.6885,8.3115,7.84275],"texture":"#brightwood","cullface":"west"}
}
},
{
"from":[-5.6875,8.875,7.48438],
"to":[-2.23437,9.54688,8.51563],
"faces":{
"down":{"uv":[15.499,8.624,15.001,7.376],"texture":"#brightwood","cullface":"west"},
"up":{"uv":[0.501,7.376,0.999,8.624],"texture":"#brightwood","cullface":"west"},
"north":{"uv":[15.001,6.40725,15.499,8.249],"texture":"#brightwood","cullface":"west"},
"south":{"uv":[0.501,6.40725,0.999,8.249],"texture":"#brightwood","cullface":"west"},
"west":{"uv":[7.376,6.40725,8.624,8.249],"texture":"#brightwood","cullface":"west"},
"east":{"uv":[7.376,6.40725,8.624,8.249],"texture":"#brightwood","cullface":"west"}
}
},
{
"from":[-2.23438,7.625,7.42188],
"to":[-1.85938,9.59375,8.57813],
"faces":{
"down":{"uv":[15.249,8.749,14.751,7.251],"texture":"#brightwood","cullface":"west"},
"up":{"uv":[0.751,7.251,1.249,8.749],"texture":"#brightwood","cullface":"west"},
"north":{"uv":[14.751,7.251,15.249,8.499],"texture":"#brightwood","cullface":"west"},
"south":{"uv":[0.751,7.251,1.249,8.499],"texture":"#brightwood","cullface":"west"},
"west":{"uv":[7.251,7.251,8.749,8.499],"texture":"#brightwood","cullface":"west"},
"east":{"uv":[7.251,7.251,8.749,8.499],"texture":"#brightwood","cullface":"west"}
}
},
{
"from":[-1.85938,7.625,7.25],
"to":[4.20313,8.625,8.75],
"faces":{
"down":{"uv":[14.749,8.749,11.376,7.251],"texture":"#planks_oak","cullface":"west"},
"up":{"uv":[1.251,7.251,4.624,8.749],"texture":"#planks_oak","cullface":"west"},
"north":{"uv":[11.376,7.251,14.749,8.374],"texture":"#planks_oak","cullface":"west"},
"south":{"uv":[1.251,7.251,4.624,8.374],"texture":"#planks_oak","cullface":"west"},
"west":{"uv":[7.251,7.251,8.749,8.374],"texture":"#planks_oak","cullface":"west"},
"east":{"uv":[7.251,7.251,8.749,8.374],"texture":"#planks_oak","cullface":"west"}
}
},
{
"from":[1.5,8.6875,7.375],
"to":[4.625,9.59375,8.625],
"faces":{
"down":{"uv":[14.999,8.624,11.376,7.376],"texture":"#planks_oak"},
"up":{"uv":[1.001,7.376,4.624,8.624],"texture":"#planks_oak"},
"north":{"uv":[11.376,6.40725,14.999,7.20213],"texture":"#planks_oak"},
"south":{"uv":[1.001,6.40725,4.624,7.20213],"texture":"#planks_oak"},
"west":{"uv":[7.376,6.40725,8.624,7.20213],"texture":"#planks_oak"},
"east":{"uv":[7.376,6.40725,8.624,7.20213],"texture":"#planks_oak"}
}
},
{
"from":[6.5,7.625,7.25],
"to":[15.2188,8.625,8.75],
"faces":{
"up":{"uv":[4.626,7.251,15.2178,8.749],"texture":"#planks_oak"},
"north":{"uv":[0.7822,7.376,11.374,8.374],"texture":"#planks_oak"},
"south":{"uv":[4.626,7.376,15.2178,8.374],"texture":"#planks_oak"},
"west":{"uv":[7.251,7.376,8.749,8.374],"texture":"#planks_oak"},
"east":{"uv":[7.251,7.376,8.749,8.374],"texture":"#planks_oak"}
}
},
{
"from":[4.625,9.125,7.375],
"to":[7.875,9.59375,8.625],
"faces":{
"up":{"uv":[4.626,7.376,7.499,8.624],"texture":"#planks_oak"},
"north":{"uv":[8.501,6.40725,11.374,6.874],"texture":"#planks_oak"},
"south":{"uv":[4.626,6.40725,7.499,6.874],"texture":"#planks_oak"},
"west":{"uv":[7.376,6.40725,8.624,6.874],"texture":"#planks_oak"},
"east":{"uv":[7.376,6.40725,8.624,6.874],"texture":"#planks_oak"}
}
},
{
"from":[-1.85938,8.625,7.875],
"to":[4.625,9.29688,8.125],
"faces":{
"down":{"uv":[14.999,8.124,11.376,7.876],"texture":"#brightwood","cullface":"west"},
"up":{"uv":[1.001,7.876,4.624,8.124],"texture":"#brightwood","cullface":"west"},
"north":{"uv":[11.376,7.001,14.999,7.374],"texture":"#brightwood","cullface":"west"},
"south":{"uv":[1.001,7.001,4.624,7.374],"texture":"#brightwood","cullface":"west"},
"west":{"uv":[7.876,7.001,8.124,7.374],"texture":"#brightwood","cullface":"west"},
"east":{"uv":[7.876,7.001,8.124,7.374],"texture":"#brightwood","cullface":"west"}
}
},
{
"from":[4.60938,8.60938,7.5],
"to":[8.625,8.78125,8.25],
"faces":{
"down":{"uv":[11.374,8.249,7.376,7.501],"texture":"#brightwood"},
"up":{"uv":[4.626,7.501,8.624,8.249],"texture":"#brightwood"},
"north":{"uv":[7.376,6.876,11.374,7.374],"texture":"#brightwood"},
"south":{"uv":[4.626,6.876,8.624,7.374],"texture":"#brightwood"},
"west":{"uv":[7.501,6.876,8.249,7.374],"texture":"#brightwood"},
"east":{"uv":[7.751,6.876,8.499,7.374],"texture":"#brightwood"}
}
},
{
"from":[7.875,9.125,7.375],
"to":[8.625,9.59375,8.625],
"faces":{
"up":{"uv":[7.876,7.376,8.624,8.624],"texture":"#planks_oak"},
"north":{"uv":[7.376,6.40725,8.124,6.874],"texture":"#planks_oak"},
"south":{"uv":[7.876,6.40725,8.624,6.874],"texture":"#planks_oak"},
"west":{"uv":[7.376,6.40725,8.624,6.874],"texture":"#planks_oak"},
"east":{"uv":[7.376,6.40725,8.624,6.874],"texture":"#planks_oak"}
}
},
{
"from":[8.5,7,7.25],
"to":[11.8438,7.375,8.75],
"faces":{
"down":{"uv":[6.374,8.749,5.876,7.251],"texture":"#planks_oak"},
"north":{"uv":[5.876,8.626,6.374,8.999],"texture":"#planks_oak"},
"south":{"uv":[9.626,8.626,10.124,8.999],"texture":"#planks_oak"},
"west":{"uv":[7.251,8.626,8.749,8.999],"texture":"#planks_oak"},
"east":{"uv":[7.251,8.626,8.749,8.999],"texture":"#planks_oak"}
}
},
{
"from":[7.625,7.125,7.25],
"to":[8.5,7.375,8.75],
"faces":{
"down":{"uv":[7.249,8.749,6.376,7.251],"texture":"#planks_oak"},
"north":{"uv":[6.376,8.626,7.249,8.874],"texture":"#planks_oak"},
"south":{"uv":[8.751,8.626,9.624,8.874],"texture":"#planks_oak"},
"west":{"uv":[7.251,8.626,8.749,8.874],"texture":"#planks_oak"}
}
},
{
"from":[8.6875,6.25,7.4375],
"to":[11.125,7,8.53125],
"faces":{
"down":{"uv":[8.6885,7.4385,11.124,8.499],"texture":"#brightwood"},
"north":{"uv":[8.6885,8.9385,11.124,9.6865],"texture":"#brightwood"},
"south":{"uv":[11.124,8.9385,8.6885,9.6865],"texture":"#brightwood"},
"west":{"uv":[7.4385,8.9385,8.499,9.6865],"texture":"#brightwood"},
"east":{"uv":[7.4385,8.9385,8.499,9.6865],"texture":"#brightwood"}
}
},
{
"from":[11.8125,7,7.25],
"to":[14.6875,7.375,8.75],
"faces":{
"down":{"uv":[3.374,8.749,0.501,7.251],"texture":"#planks_oak"},
"north":{"uv":[0.501,8.626,3.374,8.999],"texture":"#planks_oak"},
"south":{"uv":[12.626,8.626,15.499,8.999],"texture":"#planks_oak"},
"east":{"uv":[7.251,8.626,8.749,8.999],"texture":"#planks_oak"}
}
},
{
"from":[4.625,8.6875,7.375],
"to":[8.625,9.125,8.625],
"faces":{
"down":{"uv":[11.374,8.624,7.376,8.251],"texture":"#planks_oak"},
"up":{"uv":[4.626,8.251,8.624,8.624],"texture":"#planks_oak"},
"north":{"uv":[7.376,6.876,11.374,7.3115],"texture":"#planks_oak"},
"south":{"uv":[4.626,6.876,8.624,7.3115],"texture":"#planks_oak"},
"east":{"uv":[7.376,6.876,7.749,7.3115],"texture":"#planks_oak"}
}
},
{
"from":[5.5,7.375,7.25],
"to":[15.25,7.625,8.75],
"faces":{
"down":{"uv":[10.249,8.749,0.501,7.251],"texture":"#planks_oak"},
"up":{"uv":[5.751,7.251,15.499,8.749],"texture":"#planks_oak"},
"north":{"uv":[0.501,8.376,10.249,8.624],"texture":"#planks_oak"},
"south":{"uv":[5.751,8.376,15.499,8.624],"texture":"#planks_oak"},
"west":{"uv":[7.251,8.376,8.749,8.624],"texture":"#planks_oak"},
"east":{"uv":[7.251,8.376,8.749,8.624],"texture":"#planks_oak"}
}
},
{
"from":[4.3125,7.5,7.25],
"to":[5.5,7.625,8.75],
"faces":{
"down":{"uv":[11.6865,8.749,10.251,7.251],"texture":"#planks_oak"},
"north":{"uv":[10.251,8.376,11.6865,8.499],"texture":"#planks_oak"},
"south":{"uv":[4.3135,8.376,5.749,8.499],"texture":"#planks_oak"},
"west":{"uv":[7.251,8.376,8.749,8.499],"texture":"#planks_oak"}
}
},
{
"from":[6.53125,7.25,7.25],
"to":[7.65625,7.375,8.75],
"faces":{
"down":{"uv":[8.624,8.749,7.251,7.251],"texture":"#planks_oak"},
"north":{"uv":[7.251,8.626,8.624,8.749],"texture":"#planks_oak"},
"south":{"uv":[7.376,8.626,8.749,8.749],"texture":"#planks_oak"},
"west":{"uv":[7.251,8.626,8.749,8.749],"texture":"#planks_oak"},
"east":{"uv":[7.251,8.626,8.749,8.749],"texture":"#planks_oak"}
}
},
{
"from":[8.625,8.625,7.375],
"to":[14.9844,8.8125,8.625],
"faces":{
"up":{"uv":[8.626,7.376,13.8428,8.624],"texture":"#lightgunmodel"},
"north":{"uv":[2.15725,6.876,7.374,7.4365],"texture":"#lightgunmodel"},
"south":{"uv":[8.626,6.876,13.8428,7.4365],"texture":"#lightgunmodel"},
"west":{"uv":[7.376,6.876,8.624,7.4365],"texture":"#lightgunmodel"},
"east":{"uv":[7.376,6.876,8.624,7.4365],"texture":"#lightgunmodel"}
}
},
{
"from":[15.2188,7.4375,7.25],
"to":[17.6563,8.625,8.75],
"rotation":{"origin":[15.2188,8.625,7.25],"axis":"z","angle":-22.5},
"faces":{
"down":{"uv":[5.1885,7.251,7.624,8.749],"texture":"#planks_oak","cullface":"east"},
"up":{"uv":[5.1885,7.251,7.624,8.749],"texture":"#planks_oak","cullface":"east"},
"north":{"uv":[5.1885,7.376,7.624,8.5615],"texture":"#planks_oak","cullface":"east"},
"south":{"uv":[5.1885,7.376,7.624,8.5615],"texture":"#planks_oak","cullface":"east"},
"west":{"uv":[7.251,7.376,8.749,8.5615],"texture":"#planks_oak","cullface":"east"},
"east":{"uv":[7.251,7.376,8.749,8.5615],"texture":"#planks_oak","cullface":"east"}
}
},
{
"from":[15.375,5.0625,7.25],
"to":[16.625,7.25,8.75],
"rotation":{"origin":[15.375,7.25,7.25],"axis":"z","angle":22.5},
"faces":{
"down":{"uv":[5.376,7.251,6.624,8.749],"texture":"#planks_oak","cullface":"east"},
"up":{"uv":[5.376,7.251,6.624,8.749],"texture":"#planks_oak","cullface":"east"},
"north":{"uv":[5.376,8.751,6.624,10.9365],"texture":"#planks_oak","cullface":"east"},
"south":{"uv":[5.376,8.751,6.624,10.9365],"texture":"#planks_oak","cullface":"east"},
"west":{"uv":[7.251,8.751,8.749,10.9365],"texture":"#planks_oak","cullface":"east"},
"east":{"uv":[7.251,8.751,8.749,10.9365],"texture":"#planks_oak","cullface":"east"}
}
},
{
"from":[16.2188,5.21875,7.25],
"to":[17.3438,5.71875,8.75],
"faces":{
"down":{"uv":[6.1885,7.251,7.3115,8.749],"texture":"#planks_oak","cullface":"east"},
"up":{"uv":[6.1885,7.251,7.3115,8.749],"texture":"#planks_oak","cullface":"east"},
"north":{"uv":[6.1885,10.251,7.3115,10.749],"texture":"#planks_oak","cullface":"east"},
"south":{"uv":[6.1885,10.251,7.3115,10.749],"texture":"#planks_oak","cullface":"east"},
"west":{"uv":[7.251,10.251,8.749,10.749],"texture":"#planks_oak","cullface":"east"},
"east":{"uv":[7.251,10.251,8.749,10.749],"texture":"#planks_oak","cullface":"east"}
}
},
{
"from":[16.8125,5.25,7.25],
"to":[24.125,7.6875,8.75],
"faces":{
"down":{"uv":[6.8135,7.251,14.124,8.749],"texture":"#planks_oak","cullface":"east"},
"up":{"uv":[6.8135,7.251,14.124,8.749],"texture":"#planks_oak","cullface":"east"},
"north":{"uv":[7.0635,0.001,11.1865,1.249],"texture":"#planks_oak","cullface":"east"},
"south":{"uv":[11.1865,0.001,7.0635,1.249],"texture":"#planks_oak","cullface":"east"},
"west":{"uv":[7.251,8.3135,8.749,10.749],"texture":"#planks_oak","cullface":"east"},
"east":{"uv":[7.251,8.3135,8.749,10.749],"texture":"#planks_oak","cullface":"east"}
}
},
{
"from":[17.3438,5.125,7.25],
"to":[18.5,5.25,8.75],
"faces":{
"down":{"uv":[7.3135,7.251,8.4365,8.749],"texture":"#planks_oak","cullface":"east"},
"north":{"uv":[7.3135,10.751,8.4365,10.874],"texture":"#planks_oak","cullface":"east"},
"south":{"uv":[7.3135,10.751,8.4365,10.874],"texture":"#planks_oak","cullface":"east"},
"west":{"uv":[7.251,10.751,8.749,10.874],"texture":"#planks_oak","cullface":"east"}
}
},
{
"from":[18,5,7.25],
"to":[18.5,5.125,8.75],
"faces":{
"down":{"uv":[8.001,7.251,8.499,8.749],"texture":"#planks_oak","cullface":"east"},
"north":{"uv":[8.001,10.876,8.499,10.999],"texture":"#planks_oak","cullface":"east"},
"south":{"uv":[8.001,10.876,8.499,10.999],"texture":"#planks_oak","cullface":"east"},
"west":{"uv":[7.251,10.876,8.749,10.999],"texture":"#planks_oak","cullface":"east"}
}
},
{
"from":[18.5,4.875,7.25],
"to":[19.5,5,8.75],
"faces":{
"down":{"uv":[8.501,7.251,9.499,8.749],"texture":"#planks_oak","cullface":"east"},
"north":{"uv":[8.501,11.001,9.499,11.124],"texture":"#planks_oak","cullface":"east"},
"south":{"uv":[8.501,11.001,9.499,11.124],"texture":"#planks_oak","cullface":"east"},
"west":{"uv":[7.251,11.001,8.749,11.124],"texture":"#planks_oak","cullface":"east"}
}
},
{
"from":[19,4.75,7.25],
"to":[19.5,4.875,8.75],
"faces":{
"down":{"uv":[9.001,7.251,9.499,8.749],"texture":"#planks_oak","cullface":"east"},
"north":{"uv":[9.001,11.126,9.499,11.249],"texture":"#planks_oak","cullface":"east"},
"south":{"uv":[9.001,11.126,9.499,11.249],"texture":"#planks_oak","cullface":"east"},
"west":{"uv":[7.251,11.126,8.749,11.249],"texture":"#planks_oak","cullface":"east"}
}
},
{
"from":[19.5,4.625,7.25],
"to":[20.5,4.75,8.75],
"faces":{
"down":{"uv":[9.501,7.251,10.499,8.749],"texture":"#planks_oak","cullface":"east"},
"north":{"uv":[9.501,11.251,10.499,11.374],"texture":"#planks_oak","cullface":"east"},
"south":{"uv":[9.501,11.251,10.499,11.374],"texture":"#planks_oak","cullface":"east"},
"west":{"uv":[7.251,11.251,8.749,11.374],"texture":"#planks_oak","cullface":"east"}
}
},
{
"from":[20,4.5,7.25],
"to":[20.5,4.625,8.75],
"faces":{
"down":{"uv":[10.001,7.251,10.499,8.749],"texture":"#planks_oak","cullface":"east"},
"north":{"uv":[10.001,11.376,10.499,11.499],"texture":"#planks_oak","cullface":"east"},
"south":{"uv":[10.001,11.376,10.499,11.499],"texture":"#planks_oak","cullface":"east"},
"west":{"uv":[7.251,11.376,8.749,11.499],"texture":"#planks_oak","cullface":"east"}
}
},
{
"from":[20.5,4.375,7.25],
"to":[21.5,4.5,8.75],
"faces":{
"down":{"uv":[10.501,7.251,11.499,8.749],"texture":"#planks_oak","cullface":"east"},
"north":{"uv":[10.501,11.501,11.499,11.624],"texture":"#planks_oak","cullface":"east"},
"south":{"uv":[10.501,11.501,11.499,11.624],"texture":"#planks_oak","cullface":"east"},
"west":{"uv":[7.251,11.501,8.749,11.624],"texture":"#planks_oak","cullface":"east"}
}
},
{
"from":[21,4.25,7.25],
"to":[21.5,4.375,8.75],
"faces":{
"down":{"uv":[11.001,7.251,11.499,8.749],"texture":"#planks_oak","cullface":"east"},
"north":{"uv":[11.001,11.626,11.499,11.749],"texture":"#planks_oak","cullface":"east"},
"south":{"uv":[11.001,11.626,11.499,11.749],"texture":"#planks_oak","cullface":"east"},
"west":{"uv":[7.251,11.626,8.749,11.749],"texture":"#planks_oak","cullface":"east"}
}
},
{
"from":[21.5,4.125,7.25],
"to":[22.5,4.25,8.75],
"faces":{
"down":{"uv":[11.501,7.251,12.499,8.749],"texture":"#planks_oak","cullface":"east"},
"north":{"uv":[11.501,11.751,12.499,11.874],"texture":"#planks_oak","cullface":"east"},
"south":{"uv":[11.501,11.751,12.499,11.874],"texture":"#planks_oak","cullface":"east"},
"west":{"uv":[7.251,11.751,8.749,11.874],"texture":"#planks_oak","cullface":"east"}
}
},
{
"from":[18.5,5,7.25],
"to":[19.5,5.25,8.75],
"faces":{
"north":{"uv":[8.501,10.751,9.499,10.999],"texture":"#planks_oak","cullface":"east"},
"south":{"uv":[8.501,10.751,9.499,10.999],"texture":"#planks_oak","cullface":"east"},
"west":{"uv":[7.251,10.751,8.749,10.999],"texture":"#planks_oak","cullface":"east"}
}
},
{
"from":[20.5,4.75,7.25],
"to":[24.125,5.25,8.75],
"faces":{
"down":{"uv":[10.501,7.251,14.124,8.749],"texture":"#planks_oak","cullface":"east"},
"north":{"uv":[9.8135,0.001,15.499,0.8115],"texture":"#planks_oak","cullface":"east"},
"south":{"uv":[9.8135,0.001,15.499,0.8115],"texture":"#planks_oak","cullface":"east"},
"east":{"uv":[7.251,10.751,8.749,11.249],"texture":"#planks_oak","cullface":"east"}
}
},
{
"from":[20.5,4.5,7.25],
"to":[21.5,4.75,8.75],
"faces":{
"north":{"uv":[10.501,11.251,11.499,11.499],"texture":"#planks_oak","cullface":"east"},
"south":{"uv":[10.501,11.251,11.499,11.499],"texture":"#planks_oak","cullface":"east"},
"west":{"uv":[7.251,11.251,8.749,11.499],"texture":"#planks_oak","cullface":"east"}
}
},
{
"from":[23.5,3.75,7.25],
"to":[24,4,8.75],
"faces":{
"north":{"uv":[13.501,12.001,13.999,12.249],"texture":"#planks_oak","cullface":"east"},
"south":{"uv":[13.501,12.001,13.999,12.249],"texture":"#planks_oak","cullface":"east"},
"west":{"uv":[7.251,12.001,8.749,12.249],"texture":"#planks_oak","cullface":"east"},
"east":{"uv":[7.251,12.001,8.749,12.249],"texture":"#planks_oak","cullface":"east"}
}
},
{
"from":[22,4,7.25],
"to":[22.5,4.125,8.75],
"faces":{
"down":{"uv":[12.001,7.251,12.499,8.749],"texture":"#planks_oak","cullface":"east"},
"north":{"uv":[12.001,11.876,12.499,11.999],"texture":"#planks_oak","cullface":"east"},
"south":{"uv":[12.001,11.876,12.499,11.999],"texture":"#planks_oak","cullface":"east"},
"west":{"uv":[7.251,11.876,8.749,11.999],"texture":"#planks_oak","cullface":"east"}
}
},
{
"from":[22.5,3.875,7.25],
"to":[23.5,4,8.75],
"faces":{
"down":{"uv":[12.501,7.251,13.499,8.749],"texture":"#planks_oak","cullface":"east"},
"north":{"uv":[12.501,12.001,13.499,12.124],"texture":"#planks_oak","cullface":"east"},
"south":{"uv":[12.501,12.001,13.499,12.124],"texture":"#planks_oak","cullface":"east"},
"west":{"uv":[7.251,12.001,8.749,12.124],"texture":"#planks_oak","cullface":"east"}
}
},
{
"from":[23,3.75,7.25],
"to":[23.5,3.875,8.75],
"faces":{
"down":{"uv":[13.001,7.251,13.499,8.749],"texture":"#planks_oak","cullface":"east"},
"north":{"uv":[13.001,12.126,13.499,12.249],"texture":"#planks_oak","cullface":"east"},
"south":{"uv":[13.001,12.126,13.499,12.249],"texture":"#planks_oak","cullface":"east"},
"west":{"uv":[7.251,12.126,8.749,12.249],"texture":"#planks_oak","cullface":"east"}
}
},
{
"from":[23.5,3.625,7.25],
"to":[24,3.75,8.75],
"faces":{
"down":{"uv":[13.501,7.251,13.999,8.749],"texture":"#planks_oak","cullface":"east"},
"north":{"uv":[13.501,12.251,13.999,12.374],"texture":"#planks_oak","cullface":"east"},
"south":{"uv":[13.501,12.251,13.999,12.374],"texture":"#planks_oak","cullface":"east"},
"west":{"uv":[7.251,12.251,8.749,12.374],"texture":"#planks_oak","cullface":"east"},
"east":{"uv":[7.251,12.251,8.749,12.374],"texture":"#planks_oak","cullface":"east"}
}
},
{
"from":[19.5,4.75,7.25],
"to":[20.5,5.25,8.75],
"faces":{
"north":{"uv":[9.501,10.751,10.499,11.249],"texture":"#planks_oak","cullface":"east"},
"south":{"uv":[9.501,10.751,10.499,11.249],"texture":"#planks_oak","cullface":"east"},
"west":{"uv":[8.251,0.001,9.749,0.499],"texture":"#planks_oak","cullface":"east"}
}
},
{
"from":[21.5,4.25,7.25],
"to":[22.5,4.75,8.75],
"faces":{
"north":{"uv":[11.501,11.251,12.499,11.749],"texture":"#planks_oak","cullface":"east"},
"south":{"uv":[11.501,11.251,12.499,11.749],"texture":"#planks_oak","cullface":"east"},
"west":{"uv":[7.251,11.251,8.749,11.749],"texture":"#planks_oak","cullface":"east"}
}
},
{
"from":[22.5,4,7.25],
"to":[24,4.75,8.75],
"faces":{
"down":{"uv":[12.501,7.251,13.999,8.749],"texture":"#planks_oak","cullface":"east"},
"north":{"uv":[12.501,11.251,13.999,11.999],"texture":"#planks_oak","cullface":"east"},
"south":{"uv":[12.501,11.251,13.999,11.999],"texture":"#planks_oak","cullface":"east"},
"west":{"uv":[7.251,11.251,8.749,11.999],"texture":"#planks_oak","cullface":"east"},
"east":{"uv":[7.251,11.251,8.749,11.999],"texture":"#planks_oak","cullface":"east"}
}
},
{
"from":[24.125,5.9375,7.25],
"to":[24.25,7.6875,8.75],
"faces":{
"down":{"uv":[-0.001,10.499,0.001,7.501],"texture":"#planks_oak","cullface":"east"},
"up":{"uv":[15.999,7.501,16.001,10.499],"texture":"#planks_oak","cullface":"east"},
"north":{"uv":[-0.001,0.001,0.001,2.999],"texture":"#planks_oak","cullface":"east"},
"south":{"uv":[15.999,0.001,16.001,2.999],"texture":"#planks_oak","cullface":"east"},
"east":{"uv":[5.501,0.001,8.499,2.999],"texture":"#planks_oak","cullface":"east"}
}
},
{
"from":[17.89,7.1975,7.25],
"to":[18.515,7.6975,8.75],
"rotation":{"origin":[17.89,7.6975,7.25],"axis":"z","angle":22.5},
"faces":{
"down":{"uv":[7.876,7.251,8.499,8.749],"texture":"#planks_oak","cullface":"east"},
"up":{"uv":[7.876,7.251,8.499,8.749],"texture":"#planks_oak","cullface":"east"},
"north":{"uv":[7.876,8.251,8.499,8.749],"texture":"#planks_oak","cullface":"east"},
"south":{"uv":[7.876,8.251,8.499,8.749],"texture":"#planks_oak","cullface":"east"},
"west":{"uv":[7.251,8.251,8.749,8.749],"texture":"#planks_oak","cullface":"east"},
"east":{"uv":[7.251,8.251,8.749,8.749],"texture":"#planks_oak","cullface":"east"}
}
},
{
"from":[18.4688,7.625,7.25],
"to":[24.25,7.9375,8.75],
"faces":{
"down":{"uv":[8.4385,7.251,14.1865,8.749],"texture":"#planks_oak","cullface":"east"},
"up":{"uv":[8.4385,7.251,14.1865,8.749],"texture":"#planks_oak","cullface":"east"},
"north":{"uv":[8.4385,8.0635,14.1865,8.374],"texture":"#planks_oak","cullface":"east"},
"south":{"uv":[8.4385,8.0635,14.1865,8.374],"texture":"#planks_oak","cullface":"east"},
"west":{"uv":[7.251,8.0635,8.749,8.374],"texture":"#planks_oak","cullface":"east"},
"east":{"uv":[7.251,8.0635,8.749,8.374],"texture":"#planks_oak","cullface":"east"}
}
},
{
"from":[14.75,7,7.25],
"to":[16,7.625,8.75],
"rotation":{"origin":[14.75,7.625,7.25],"axis":"z","angle":-22.5},
"faces":{
"down":{"uv":[14.751,7.251,15.999,8.749],"texture":"#planks_oak"},
"up":{"uv":[14.751,7.251,15.999,8.749],"texture":"#planks_oak"},
"north":{"uv":[14.751,8.376,15.999,8.999],"texture":"#planks_oak"},
"south":{"uv":[14.751,8.376,15.999,8.999],"texture":"#planks_oak"},
"west":{"uv":[7.251,8.376,8.749,8.999],"texture":"#planks_oak"},
"east":{"uv":[7.251,8.376,8.749,8.999],"texture":"#planks_oak","cullface":"east"}
}
},
{
"from":[12.6406,6.73438,7.75],
"to":[12.7969,7.23438,8.25],
"rotation":{"origin":[12.6406,7.23438,7.75],"axis":"z","angle":22.5},
"faces":{
"down":{"uv":[-0.001,9.499,0.001,8.501],"texture":"#lightgunmodel"},
"up":{"uv":[15.999,8.501,16.001,9.499],"texture":"#lightgunmodel"},
"north":{"uv":[-0.001,2.001,0.001,2.999],"texture":"#lightgunmodel"},
"south":{"uv":[15.999,2.001,16.001,2.999],"texture":"#lightgunmodel"},
"west":{"uv":[8.501,2.001,9.499,2.999],"texture":"#lightgunmodel"},
"east":{"uv":[6.501,2.001,7.499,2.999],"texture":"#lightgunmodel"}
}
},
{
"from":[14.4375,6.3125,7.75],
"to":[14.5625,7.125,8.25],
"faces":{
"up":{"uv":[14.4385,7.751,14.5615,8.249],"texture":"#lightgunmodel"},
"north":{"uv":[1.4385,8.876,1.5615,9.374],"texture":"#lightgunmodel"},
"south":{"uv":[14.4385,8.876,14.5615,9.374],"texture":"#lightgunmodel"},
"west":{"uv":[7.751,8.876,8.249,9.374],"texture":"#lightgunmodel"},
"east":{"uv":[7.751,8.876,8.249,9.374],"texture":"#lightgunmodel"}
}
},
{
"from":[14.4063,6.09375,7.75],
"to":[14.5469,6.25,8.25],
"rotation":{"origin":[14.4063,6.25,7.75],"axis":"z","angle":-45},
"faces":{
"down":{"uv":[-0.001,9.499,0.001,8.501],"texture":"#lightgunmodel"},
"up":{"uv":[15.999,8.501,16.001,9.499],"texture":"#lightgunmodel"},
"north":{"uv":[-0.001,3.751,0.001,4.499],"texture":"#lightgunmodel"},
"south":{"uv":[15.999,3.751,16.001,4.499],"texture":"#lightgunmodel"},
"west":{"uv":[8.501,3.751,9.499,4.499],"texture":"#lightgunmodel"},
"east":{"uv":[6.501,3.751,7.499,4.499],"texture":"#lightgunmodel"}
}
},
{
"from":[12.8281,6.29688,7.75],
"to":[12.9531,6.84375,8.25],
"faces":{
"down":{"uv":[-0.001,9.499,0.001,8.501],"texture":"#lightgunmodel"},
"up":{"uv":[15.999,8.501,16.001,9.499],"texture":"#lightgunmodel"},
"north":{"uv":[-0.001,3.751,0.001,4.499],"texture":"#lightgunmodel"},
"south":{"uv":[15.999,3.751,16.001,4.499],"texture":"#lightgunmodel"},
"west":{"uv":[8.501,3.751,9.499,4.499],"texture":"#lightgunmodel"},
"east":{"uv":[6.501,3.751,7.499,4.499],"texture":"#lightgunmodel"}
}
},
{
"from":[12.8281,6.14063,7.75],
"to":[12.9531,6.29688,8.25],
"rotation":{"origin":[12.8281,6.29688,7.75],"axis":"z","angle":22.5},
"faces":{
"down":{"uv":[-0.001,9.499,0.001,8.501],"texture":"#lightgunmodel"},
"up":{"uv":[15.999,8.501,16.001,9.499],"texture":"#lightgunmodel"},
"north":{"uv":[-0.001,3.751,0.001,4.499],"texture":"#lightgunmodel"},
"south":{"uv":[15.999,3.751,16.001,4.499],"texture":"#lightgunmodel"},
"west":{"uv":[8.501,3.751,9.499,4.499],"texture":"#lightgunmodel"},
"east":{"uv":[6.501,3.751,7.499,4.499],"texture":"#lightgunmodel"}
}
},
{
"from":[12.8906,6.03125,7.75],
"to":[13.0156,6.15625,8.25],
"rotation":{"origin":[12.8906,6.15625,7.75],"axis":"z","angle":45},
"faces":{
"down":{"uv":[-0.001,9.499,0.001,8.501],"texture":"#lightgunmodel"},
"up":{"uv":[15.999,8.501,16.001,9.499],"texture":"#lightgunmodel"},
"north":{"uv":[-0.001,3.751,0.001,4.499],"texture":"#lightgunmodel"},
"south":{"uv":[15.999,3.751,16.001,4.499],"texture":"#lightgunmodel"},
"west":{"uv":[8.501,3.751,9.499,4.499],"texture":"#lightgunmodel"},
"east":{"uv":[6.501,3.751,7.499,4.499],"texture":"#lightgunmodel"}
}
},
{
"from":[13.0313,6.04688,7.75],
"to":[13.2813,6.17188,8.25],
"rotation":{"origin":[13.0313,6.17188,7.75],"axis":"z","angle":-22.5},
"faces":{
"down":{"uv":[-0.001,9.499,0.001,8.501],"texture":"#lightgunmodel"},
"up":{"uv":[15.999,8.501,16.001,9.499],"texture":"#lightgunmodel"},
"north":{"uv":[-0.001,3.751,0.001,4.499],"texture":"#lightgunmodel"},
"south":{"uv":[15.999,3.751,16.001,4.499],"texture":"#lightgunmodel"},
"west":{"uv":[8.501,3.751,9.499,4.499],"texture":"#lightgunmodel"},
"east":{"uv":[6.501,3.751,7.499,4.499],"texture":"#lightgunmodel"}
}
},
{
"from":[14.4531,6.1875,7.75],
"to":[14.5781,6.35938,8.25],
"rotation":{"origin":[14.4531,6.35938,7.75],"axis":"z","angle":-22.5},
"faces":{
"down":{"uv":[-0.001,9.499,0.001,8.501],"texture":"#lightgunmodel"},
"up":{"uv":[15.999,8.501,16.001,9.499],"texture":"#lightgunmodel"},
"north":{"uv":[-0.001,3.751,0.001,4.499],"texture":"#lightgunmodel"},
"south":{"uv":[15.999,3.751,16.001,4.499],"texture":"#lightgunmodel"},
"west":{"uv":[8.501,3.751,9.499,4.499],"texture":"#lightgunmodel"},
"east":{"uv":[6.501,3.751,7.499,4.499],"texture":"#lightgunmodel"}
}
},
{
"from":[14.1563,5.95313,7.75],
"to":[14.3594,6.07813,8.25],
"rotation":{"origin":[14.1563,6.07813,7.75],"axis":"z","angle":22.5},
"faces":{
"down":{"uv":[-0.001,9.499,0.001,8.501],"texture":"#lightgunmodel"},
"up":{"uv":[15.999,8.501,16.001,9.499],"texture":"#lightgunmodel"},
"north":{"uv":[-0.001,3.751,0.001,4.499],"texture":"#lightgunmodel"},
"south":{"uv":[15.999,3.751,16.001,4.499],"texture":"#lightgunmodel"},
"west":{"uv":[8.501,3.751,9.499,4.499],"texture":"#lightgunmodel"},
"east":{"uv":[6.501,3.751,7.499,4.499],"texture":"#lightgunmodel"}
}
},
{
"from":[13.2188,5.96875,7.75],
"to":[14.2188,6.09375,8.25],
"faces":{
"down":{"uv":[-0.001,9.499,0.001,8.501],"texture":"#lightgunmodel"},
"up":{"uv":[15.999,8.501,16.001,9.499],"texture":"#lightgunmodel"},
"north":{"uv":[-0.001,3.751,0.001,4.499],"texture":"#lightgunmodel"},
"south":{"uv":[15.999,3.751,16.001,4.499],"texture":"#lightgunmodel"},
"west":{"uv":[8.501,3.751,9.499,4.499],"texture":"#lightgunmodel"},
"east":{"uv":[6.501,3.751,7.499,4.499],"texture":"#lightgunmodel"}
}
},
{
"from":[13.5938,6.67188,7.875],
"to":[13.7188,7.17188,8.125],
"rotation":{"origin":[13.5938,7.17188,7.875],"axis":"z","angle":22.5},
"faces":{
"down":{"uv":[3.999,9.499,3.751,8.501],"texture":"#lightgunmodel"},
"up":{"uv":[12.001,8.501,12.249,9.499],"texture":"#lightgunmodel"},
"north":{"uv":[3.751,1.751,3.999,2.749],"texture":"#lightgunmodel"},
"south":{"uv":[12.001,1.751,12.249,2.749],"texture":"#lightgunmodel"},
"west":{"uv":[8.501,1.751,9.499,2.749],"texture":"#lightgunmodel"},
"east":{"uv":[6.501,1.751,7.499,2.749],"texture":"#lightgunmodel"}
}
},
{
"from":[13.7738,6.48438,7.875],
"to":[13.8988,6.76563,8.125],
"faces":{
"down":{"uv":[3.999,9.499,3.751,8.501],"texture":"#lightgunmodel"},
"up":{"uv":[12.001,8.501,12.249,9.499],"texture":"#lightgunmodel"},
"north":{"uv":[3.751,1.751,3.999,2.749],"texture":"#lightgunmodel"},
"south":{"uv":[12.001,1.751,12.249,2.749],"texture":"#lightgunmodel"},
"west":{"uv":[8.501,1.751,9.499,2.749],"texture":"#lightgunmodel"},
"east":{"uv":[6.501,1.751,7.499,2.749],"texture":"#lightgunmodel"}
}
},
{
"from":[13.7813,6.25,7.875],
"to":[13.9063,6.53125,8.125],
"rotation":{"origin":[13.7813,6.53125,7.875],"axis":"z","angle":-22.5},
"faces":{
"down":{"uv":[3.999,9.499,3.751,8.501],"texture":"#lightgunmodel"},
"up":{"uv":[12.001,8.501,12.249,9.499],"texture":"#lightgunmodel"},
"north":{"uv":[3.751,1.751,3.999,2.749],"texture":"#lightgunmodel"},
"south":{"uv":[12.001,1.751,12.249,2.749],"texture":"#lightgunmodel"},
"west":{"uv":[8.501,1.751,9.499,2.749],"texture":"#lightgunmodel"},
"east":{"uv":[6.501,1.751,7.499,2.749],"texture":"#lightgunmodel"}
}
},
{
"from":[11.4063,6.75,7.875],
"to":[11.5,7.0625,8.125],
"faces":{
"up":{"uv":[12.001,8.501,12.249,9.499],"texture":"#lightgunmodel"},
"north":{"uv":[3.751,1.751,3.999,2.749],"texture":"#lightgunmodel"},
"south":{"uv":[12.001,1.751,12.249,2.749],"texture":"#lightgunmodel"},
"west":{"uv":[8.501,1.751,9.499,2.749],"texture":"#lightgunmodel"},
"east":{"uv":[6.501,1.751,7.499,2.749],"texture":"#lightgunmodel"}
}
},
{
"from":[11.4063,6.625,7.875],
"to":[11.5,6.75,8.125],
"rotation":{"origin":[11.4063,6.75,7.875],"axis":"z","angle":22.5},
"faces":{
"down":{"uv":[3.999,9.499,3.751,8.501],"texture":"#lightgunmodel"},
"north":{"uv":[3.751,1.751,3.999,2.749],"texture":"#lightgunmodel"},
"south":{"uv":[12.001,1.751,12.249,2.749],"texture":"#lightgunmodel"},
"west":{"uv":[8.501,1.751,9.499,2.749],"texture":"#lightgunmodel"},
"east":{"uv":[6.501,1.751,7.499,2.749],"texture":"#lightgunmodel"}
}
},
{
"from":[11.4531,6.51563,7.875],
"to":[11.5469,6.64063,8.125],
"rotation":{"origin":[11.4531,6.64063,7.875],"axis":"z","angle":45},
"faces":{
"down":{"uv":[3.999,9.499,3.751,8.501],"texture":"#lightgunmodel"},
"up":{"uv":[12.001,8.501,12.249,9.499],"texture":"#lightgunmodel"},
"north":{"uv":[3.751,1.751,3.999,2.749],"texture":"#lightgunmodel"},
"south":{"uv":[12.001,1.751,12.249,2.749],"texture":"#lightgunmodel"},
"west":{"uv":[8.501,1.751,9.499,2.749],"texture":"#lightgunmodel"},
"east":{"uv":[6.501,1.751,7.499,2.749],"texture":"#lightgunmodel"}
}
},
{
"from":[14.2656,6.79688,7.75],
"to":[14.5156,6.89063,8.25],
"rotation":{"origin":[14.2656,6.89063,7.75],"axis":"z","angle":-22.5},
"faces":{
"down":{"uv":[3.999,9.499,3.751,8.501],"texture":"#lightgunmodel"},
"up":{"uv":[12.001,8.501,12.249,9.499],"texture":"#lightgunmodel"},
"north":{"uv":[3.751,1.751,3.999,2.749],"texture":"#lightgunmodel"},
"south":{"uv":[12.001,1.751,12.249,2.749],"texture":"#lightgunmodel"},
"west":{"uv":[8.501,1.751,9.499,2.749],"texture":"#lightgunmodel"},
"east":{"uv":[6.501,1.751,7.499,2.749],"texture":"#lightgunmodel"}
}
},
{
"from":[14.2031,6.8125,7.75],
"to":[14.4375,7,8.25],
"faces":{
"down":{"uv":[3.999,9.499,3.751,8.501],"texture":"#lightgunmodel"},
"north":{"uv":[3.751,1.751,3.999,2.749],"texture":"#lightgunmodel"},
"south":{"uv":[12.001,1.751,12.249,2.749],"texture":"#lightgunmodel"},
"west":{"uv":[8.501,1.751,9.499,2.749],"texture":"#lightgunmodel"}
}
},
{
"from":[12.9531,6.82813,7.75],
"to":[13.0625,7.0625,8.25],
"rotation":{"origin":[12.9531,7.0625,7.75],"axis":"z","angle":-22.5},
"faces":{
"down":{"uv":[3.999,9.499,3.751,8.501],"texture":"#lightgunmodel"},
"up":{"uv":[12.001,8.501,12.249,9.499],"texture":"#lightgunmodel"},
"north":{"uv":[3.751,1.751,3.999,2.749],"texture":"#lightgunmodel"},
"south":{"uv":[12.001,1.751,12.249,2.749],"texture":"#lightgunmodel"},
"west":{"uv":[8.501,1.751,9.499,2.749],"texture":"#lightgunmodel"},
"east":{"uv":[6.501,1.751,7.499,2.749],"texture":"#lightgunmodel"}
}
},
{
"from":[8.40625,9.67188,7.95313],
"to":[8.46875,9.84375,8.01563],
"faces":{
"down":{"uv":[7.34275,7.40525,7.001,7.15725],"texture":"#lightgunmodel"},
"up":{"uv":[8.65725,7.15725,8.999,7.40525],"texture":"#lightgunmodel"},
"north":{"uv":[7.001,6.67288,7.34275,6.88963],"texture":"#lightgunmodel"},
"south":{"uv":[8.65725,6.67288,8.999,6.88963],"texture":"#lightgunmodel"},
"west":{"uv":[7.15725,6.67288,7.40525,6.88963],"texture":"#lightgunmodel"},
"east":{"uv":[8.59475,6.67288,8.84275,6.88963],"texture":"#lightgunmodel"}
}
},
{
"from":[9.34375,8.79688,7],
"to":[9.45313,8.9375,7.5],
"faces":{
"down":{"uv":[6.624,7.15525,6.53225,6.78225],"texture":"#lightgunmodel"},
"up":{"uv":[9.376,6.78225,9.46775,7.15525],"texture":"#lightgunmodel"},
"north":{"uv":[6.53225,6.876,6.624,7.124],"texture":"#lightgunmodel"},
"south":{"uv":[9.376,6.876,9.46775,7.124],"texture":"#lightgunmodel"},
"west":{"uv":[6.78225,6.876,7.15525,7.124],"texture":"#lightgunmodel"},
"east":{"uv":[8.84475,6.876,9.21775,7.124],"texture":"#lightgunmodel"}
}
},
{
"from":[8.625,8.8125,7.46875],
"to":[14.9844,9.17188,8.53125],
"faces":{
"down":{"uv":[7.374,8.59275,3.126,8.4385],"texture":"#lightgunmodel"},
"up":{"uv":[8.626,8.4385,12.874,8.59275],"texture":"#lightgunmodel"},
"north":{"uv":[3.126,6.61038,7.374,6.88963],"texture":"#lightgunmodel"},
"south":{"uv":[8.626,6.61038,12.874,6.88963],"texture":"#lightgunmodel"},
"west":{"uv":[8.4385,6.61038,8.59275,6.88963],"texture":"#lightgunmodel"},
"east":{"uv":[7.40725,6.61038,7.5615,6.88963],"texture":"#lightgunmodel"}
}
},
{
"from":[7.57813,9.46875,7.51563],
"to":[8.71875,9.67188,8.45313],
"faces":{
"down":{"uv":[7.17088,8.45213,6.6885,7.51663],"texture":"#lightgunmodel"},
"up":{"uv":[8.82913,7.51663,9.3115,8.45213],"texture":"#lightgunmodel"},
"north":{"uv":[6.6885,6.71975,7.17088,6.79588],"texture":"#lightgunmodel"},
"south":{"uv":[8.82913,6.71975,9.3115,6.79588],"texture":"#lightgunmodel"},
"west":{"uv":[7.51663,6.71975,8.45213,6.79588],"texture":"#lightgunmodel"},
"east":{"uv":[7.54788,6.71975,8.48338,6.79588],"texture":"#lightgunmodel"}
}
},
{
"from":[-7.98438,10.1875,7.70313],
"to":[-7.59375,10.25,8.32813],
"faces":{
"down":{"uv":[15.999,7.82713,16.001,7.71975],"texture":"#brightwood","cullface":"west"},
"up":{"uv":[-0.001,7.71975,0.001,7.82713],"texture":"#brightwood","cullface":"west"},
"north":{"uv":[15.999,5.90725,16.001,6.6865],"texture":"#brightwood","cullface":"west"},
"south":{"uv":[-0.001,5.90725,0.001,6.6865],"texture":"#brightwood","cullface":"west"},
"west":{"uv":[7.71975,5.90725,7.82713,6.6865],"texture":"#brightwood","cullface":"west"},
"east":{"uv":[8.17288,5.90725,8.28025,6.6865],"texture":"#brightwood","cullface":"west"}
}
},
{
"from":[-7.98438,9.75,7.70313],
"to":[-7.59375,10.2031,7.8125],
"faces":{
"down":{"uv":[15.999,8.28025,16.001,8.17288],"texture":"#brightwood","cullface":"west"},
"up":{"uv":[-0.001,8.17288,0.001,8.28025],"texture":"#brightwood","cullface":"west"},
"north":{"uv":[15.999,5.90725,16.001,6.6865],"texture":"#brightwood","cullface":"west"},
"south":{"uv":[-0.001,5.90725,0.001,6.6865],"texture":"#brightwood","cullface":"west"},
"west":{"uv":[8.17288,5.90725,8.28025,6.6865],"texture":"#brightwood","cullface":"west"},
"east":{"uv":[7.71975,5.90725,7.82713,6.6865],"texture":"#brightwood","cullface":"west"}
}
},
{
"from":[8.64063,5.46875,7.4375],
"to":[11.0938,6.25,8.53125],
"faces":{
"down":{"uv":[8.626,7.4385,11.0615,8.499],"texture":"#brightwood"},
"up":{"uv":[8.626,7.4385,11.0615,8.499],"texture":"#brightwood"},
"north":{"uv":[8.626,9.751,11.0615,10.499],"texture":"#brightwood"},
"south":{"uv":[11.0615,9.751,8.626,10.499],"texture":"#brightwood"},
"west":{"uv":[7.4385,9.751,8.499,10.499],"texture":"#brightwood"},
"east":{"uv":[7.4385,9.751,8.499,10.499],"texture":"#brightwood"}
}
},
{
"from":[9.71875,5.34375,7.4375],
"to":[11.0469,5.46875,8.53125],
"faces":{
"down":{"uv":[9.6885,7.4385,10.999,8.499],"texture":"#brightwood"},
"up":{"uv":[9.6885,7.4385,10.999,8.499],"texture":"#brightwood"},
"north":{"uv":[9.6885,10.501,10.999,10.624],"texture":"#brightwood"},
"south":{"uv":[9.6885,10.501,10.999,10.624],"texture":"#brightwood"},
"west":{"uv":[7.4385,10.501,8.499,10.624],"texture":"#brightwood"},
"east":{"uv":[7.4385,10.501,8.499,10.624],"texture":"#brightwood"}
}
},
{
"from":[4.20313,8.35938,7.25],
"to":[6.5,8.625,8.75],
"faces":{
"down":{"uv":[4.1885,7.251,6.4365,8.749],"texture":"#planks_oak"},
"up":{"uv":[4.1885,7.251,6.4365,8.749],"texture":"#planks_oak"},
"north":{"uv":[4.1885,7.376,6.4365,7.624],"texture":"#planks_oak"},
"south":{"uv":[4.1885,7.376,6.4365,7.624],"texture":"#planks_oak"},
"west":{"uv":[7.251,7.376,8.749,7.624],"texture":"#planks_oak"},
"east":{"uv":[7.251,7.376,8.749,7.624],"texture":"#planks_oak"}
}
},
{
"from":[4.20313,7.625,7.25],
"to":[6.5,7.89063,8.75],
"faces":{
"down":{"uv":[4.1885,7.251,6.4365,8.749],"texture":"#planks_oak"},
"up":{"uv":[4.1885,7.251,6.4365,8.749],"texture":"#planks_oak"},
"north":{"uv":[4.1885,8.0635,6.4365,8.3115],"texture":"#planks_oak"},
"south":{"uv":[4.1885,8.0635,6.4365,8.3115],"texture":"#planks_oak"},
"west":{"uv":[7.251,8.0635,8.749,8.3115],"texture":"#planks_oak"},
"east":{"uv":[7.251,8.0635,8.749,8.3115],"texture":"#planks_oak"}
}
},
{
"from":[4.20313,7.89063,7.5625],
"to":[6.5,8.375,8.46875],
"faces":{
"down":{"uv":[4.1885,7.5635,6.4365,8.4365],"texture":"#planks_oak"},
"up":{"uv":[4.1885,7.5635,6.4365,8.4365],"texture":"#planks_oak"},
"north":{"uv":[4.1885,7.626,6.4365,8.0615],"texture":"#planks_oak"},
"south":{"uv":[4.1885,7.626,6.4365,8.0615],"texture":"#planks_oak"},
"west":{"uv":[7.5635,7.626,8.4365,8.0615],"texture":"#planks_oak"},
"east":{"uv":[7.5635,7.626,8.4365,8.0615],"texture":"#planks_oak"}
}
},
{
"from":[-1.85938,9.26563,7.375],
"to":[1.5,9.59375,8.625],
"faces":{
"down":{"uv":[0.001,7.376,3.3115,8.624],"texture":"#planks_oak","cullface":"west"},
"up":{"uv":[0.001,7.376,3.3115,8.624],"texture":"#planks_oak","cullface":"west"},
"north":{"uv":[0.001,6.376,3.3115,6.6865],"texture":"#planks_oak","cullface":"west"},
"south":{"uv":[0.001,6.376,3.3115,6.6865],"texture":"#planks_oak","cullface":"west"},
"west":{"uv":[7.376,6.376,8.624,6.6865],"texture":"#planks_oak","cullface":"west"},
"east":{"uv":[7.376,6.376,8.624,6.6865],"texture":"#planks_oak","cullface":"west"}
}
},
{
"from":[-1.85938,8.6875,7.375],
"to":[1.5,9.01563,8.625],
"faces":{
"down":{"uv":[0.001,7.376,3.3115,8.624],"texture":"#planks_oak","cullface":"west"},
"up":{"uv":[0.001,7.376,3.3115,8.624],"texture":"#planks_oak","cullface":"west"},
"north":{"uv":[0.001,6.9385,3.3115,7.249],"texture":"#planks_oak","cullface":"west"},
"south":{"uv":[0.001,6.9385,3.3115,7.249],"texture":"#planks_oak","cullface":"west"},
"west":{"uv":[7.376,6.9385,8.624,7.249],"texture":"#planks_oak","cullface":"west"},
"east":{"uv":[7.376,6.9385,8.624,7.249],"texture":"#planks_oak","cullface":"west"}
}
},
{
"from":[-1.85938,9.01563,7.375],
"to":[-1.4375,9.26563,8.625],
"faces":{
"down":{"uv":[0.001,7.376,0.374,8.624],"texture":"#planks_oak","cullface":"west"},
"up":{"uv":[0.001,7.376,0.374,8.624],"texture":"#planks_oak","cullface":"west"},
"north":{"uv":[0.001,6.6885,0.374,6.9365],"texture":"#planks_oak","cullface":"west"},
"south":{"uv":[0.001,6.6885,0.374,6.9365],"texture":"#planks_oak","cullface":"west"},
"west":{"uv":[7.376,6.6885,8.624,6.9365],"texture":"#planks_oak","cullface":"west"},
"east":{"uv":[7.376,6.6885,8.624,6.9365],"texture":"#planks_oak","cullface":"west"}
}
},
{
"from":[-1.03125,9.01563,7.375],
"to":[-0.609375,9.26563,8.625],
"faces":{
"down":{"uv":[0.001,7.376,0.374,8.624],"texture":"#planks_oak","cullface":"west"},
"up":{"uv":[0.001,7.376,0.374,8.624],"texture":"#planks_oak","cullface":"west"},
"north":{"uv":[0.001,6.6885,0.374,6.9365],"texture":"#planks_oak","cullface":"west"},
"south":{"uv":[0.001,6.6885,0.374,6.9365],"texture":"#planks_oak","cullface":"west"},
"west":{"uv":[7.376,6.6885,8.624,6.9365],"texture":"#planks_oak","cullface":"west"},
"east":{"uv":[7.376,6.6885,8.624,6.9365],"texture":"#planks_oak","cullface":"west"}
}
},
{
"from":[-0.203125,9.01563,7.375],
"to":[0.21875,9.26563,8.625],
"faces":{
"down":{"uv":[0.001,7.376,0.374,8.624],"texture":"#planks_oak","cullface":"west"},
"up":{"uv":[0.001,7.376,0.374,8.624],"texture":"#planks_oak","cullface":"west"},
"north":{"uv":[0.001,6.6885,0.374,6.9365],"texture":"#planks_oak","cullface":"west"},
"south":{"uv":[0.001,6.6885,0.374,6.9365],"texture":"#planks_oak","cullface":"west"},
"west":{"uv":[7.376,6.6885,8.624,6.9365],"texture":"#planks_oak","cullface":"west"},
"east":{"uv":[7.376,6.6885,8.624,6.9365],"texture":"#planks_oak","cullface":"west"}
}
},
{
"from":[0.625,9.01563,7.375],
"to":[1.04688,9.26563,8.625],
"faces":{
"down":{"uv":[0.626,7.376,0.999,8.624],"texture":"#planks_oak"},
"up":{"uv":[0.626,7.376,0.999,8.624],"texture":"#planks_oak"},
"north":{"uv":[0.626,6.6885,0.999,6.9365],"texture":"#planks_oak"},
"south":{"uv":[0.626,6.6885,0.999,6.9365],"texture":"#planks_oak"},
"west":{"uv":[7.376,6.6885,8.624,6.9365],"texture":"#planks_oak"},
"east":{"uv":[7.376,6.6885,8.624,6.9365],"texture":"#planks_oak"}
}
},
{
"from":[-5.6875,8.1875,7.48438],
"to":[-2.23437,8.85938,8.51563],
"faces":{
"down":{"uv":[15.499,8.624,15.001,7.376],"texture":"#brightwood","cullface":"west"},
"up":{"uv":[0.501,7.376,0.999,8.624],"texture":"#brightwood","cullface":"west"},
"north":{"uv":[15.001,6.40725,15.499,8.249],"texture":"#brightwood","cullface":"west"},
"south":{"uv":[0.501,6.40725,0.999,8.249],"texture":"#brightwood","cullface":"west"},
"west":{"uv":[7.376,6.40725,8.624,8.249],"texture":"#brightwood","cullface":"west"},
"east":{"uv":[7.376,6.40725,8.624,8.249],"texture":"#brightwood","cullface":"west"}
}
},
{
"from":[-5.98438,8.8125,7.5625],
"to":[-5.67188,9.4375,8.45313],
"faces":{
"down":{"uv":[15.999,8.249,16.001,7.751],"texture":"#brightwood","cullface":"west"},
"up":{"uv":[-0.001,7.751,0.001,8.249],"texture":"#brightwood","cullface":"west"},
"north":{"uv":[15.999,7.3135,16.001,7.8115],"texture":"#brightwood","cullface":"west"},
"south":{"uv":[-0.001,7.3135,0.001,7.8115],"texture":"#brightwood","cullface":"west"},
"west":{"uv":[7.751,7.3135,8.249,7.8115],"texture":"#brightwood","cullface":"west"},
"east":{"uv":[7.751,7.3135,8.249,7.8115],"texture":"#brightwood","cullface":"west"}
}
},
{
"from":[-5.98438,8.73438,7.5625],
"to":[-5.70313,9.4375,8.45313],
"rotation":{"origin":[-5.98438,9.4375,7.5625],"axis":"z","angle":-22.5},
"faces":{
"down":{"uv":[15.999,8.249,16.001,7.751],"texture":"#brightwood","cullface":"west"},
"up":{"uv":[-0.001,7.751,0.001,8.249],"texture":"#brightwood","cullface":"west"},
"north":{"uv":[15.999,7.3135,16.001,7.8115],"texture":"#brightwood","cullface":"west"},
"south":{"uv":[-0.001,7.3135,0.001,7.8115],"texture":"#brightwood","cullface":"west"},
"west":{"uv":[7.751,7.3135,8.249,7.8115],"texture":"#brightwood","cullface":"west"},
"east":{"uv":[7.751,7.3135,8.249,7.8115],"texture":"#brightwood","cullface":"west"}
}
},
{
"from":[-9.84375,8.14063,7.45313],
"to":[-8.20312,8.875,8.5625],
"faces":{
"down":{"uv":[15.999,8.249,16.001,7.751],"texture":"#brightwood","cullface":"west"},
"up":{"uv":[-0.001,7.751,0.001,8.249],"texture":"#brightwood","cullface":"west"},
"north":{"uv":[15.999,7.3135,16.001,7.8115],"texture":"#brightwood","cullface":"west"},
"south":{"uv":[-0.001,7.3135,0.001,7.8115],"texture":"#brightwood","cullface":"west"},
"west":{"uv":[7.751,7.3135,8.249,7.8115],"texture":"#brightwood","cullface":"west"},
"east":{"uv":[7.751,7.3135,8.249,7.8115],"texture":"#brightwood","cullface":"west"}
}
},
{
"from":[-9.10938,7.85938,7.78125],
"to":[-8.875,8.15625,8.25625],
"faces":{
"down":{"uv":[15.999,8.23962,16.001,7.76663],"texture":"#brightwood","cullface":"west"},
"up":{"uv":[-0.001,7.76663,0.001,8.23962],"texture":"#brightwood","cullface":"west"},
"north":{"uv":[15.999,6.751,16.001,7.224],"texture":"#brightwood","cullface":"west"},
"south":{"uv":[-0.001,6.751,0.001,7.224],"texture":"#brightwood","cullface":"west"},
"west":{"uv":[7.76663,6.751,8.23962,7.224],"texture":"#brightwood","cullface":"west"},
"east":{"uv":[7.76038,6.751,8.23338,7.224],"texture":"#brightwood","cullface":"west"}
}
},
{
"from":[-7.3125,7.84375,7.71875],
"to":[-6.76563,8.21875,8.29688],
"faces":{
"down":{"uv":[15.999,8.23962,16.001,7.76663],"texture":"#brightwood","cullface":"west"},
"up":{"uv":[-0.001,7.76663,0.001,8.23962],"texture":"#brightwood","cullface":"west"},
"north":{"uv":[15.999,6.751,16.001,7.224],"texture":"#brightwood","cullface":"west"},
"south":{"uv":[-0.001,6.751,0.001,7.224],"texture":"#brightwood","cullface":"west"},
"west":{"uv":[7.76663,6.751,8.23962,7.224],"texture":"#brightwood","cullface":"west"},
"east":{"uv":[7.76038,6.751,8.23338,7.224],"texture":"#brightwood","cullface":"west"}
}
},
{
"from":[-7.98438,9.75,8.21875],
"to":[-7.59375,10.1875,8.32813],
"faces":{
"down":{"uv":[15.999,8.28025,16.001,8.17288],"texture":"#brightwood","cullface":"west"},
"up":{"uv":[-0.001,8.17288,0.001,8.28025],"texture":"#brightwood","cullface":"west"},
"north":{"uv":[15.999,5.90725,16.001,6.6865],"texture":"#brightwood","cullface":"west"},
"south":{"uv":[-0.001,5.90725,0.001,6.6865],"texture":"#brightwood","cullface":"west"},
"west":{"uv":[8.17288,5.90725,8.28025,6.6865],"texture":"#brightwood","cullface":"west"},
"east":{"uv":[7.71975,5.90725,7.82713,6.6865],"texture":"#brightwood","cullface":"west"}
}
},
{
"from":[8.625,9.07813,8.4375],
"to":[14.9844,9.25,8.5625],
"rotation":{"origin":[8.625,9.25,8.4375],"axis":"x","angle":45},
"faces":{
"down":{"uv":[7.374,8.59275,3.126,8.4385],"texture":"#lightgunmodel"},
"up":{"uv":[8.626,8.4385,12.874,8.59275],"texture":"#lightgunmodel"},
"north":{"uv":[3.126,6.61038,7.374,6.88963],"texture":"#lightgunmodel"},
"south":{"uv":[8.626,6.61038,12.874,6.88963],"texture":"#lightgunmodel"},
"west":{"uv":[8.4385,6.61038,8.59275,6.88963],"texture":"#lightgunmodel"},
"east":{"uv":[7.40725,6.61038,7.5615,6.88963],"texture":"#lightgunmodel"}
}
},
{
"from":[8.64063,9.05681,7.46875],
"to":[14.9844,9.16619,7.60938],
"rotation":{"origin":[8.64063,9.16619,7.46875],"axis":"x","angle":-45},
"faces":{
"down":{"uv":[7.374,8.59275,3.126,8.4385],"texture":"#lightgunmodel"},
"up":{"uv":[8.626,8.4385,12.874,8.59275],"texture":"#lightgunmodel"},
"north":{"uv":[3.126,6.61038,7.374,6.88963],"texture":"#lightgunmodel"},
"south":{"uv":[8.626,6.61038,12.874,6.88963],"texture":"#lightgunmodel"},
"west":{"uv":[8.4385,6.61038,8.59275,6.88963],"texture":"#lightgunmodel"},
"east":{"uv":[7.40725,6.61038,7.5615,6.88963],"texture":"#lightgunmodel"}
}
},
{
"from":[8.60938,9.15625,7.5625],
"to":[14.9844,9.46875,8.4375],
"faces":{
"down":{"uv":[7.374,8.624,2.15725,7.376],"texture":"#lightgunmodel"},
"up":{"uv":[8.626,7.376,13.8428,8.624],"texture":"#lightgunmodel"},
"north":{"uv":[2.15725,6.876,7.374,7.4365],"texture":"#lightgunmodel"},
"south":{"uv":[8.626,6.876,13.8428,7.4365],"texture":"#lightgunmodel"},
"west":{"uv":[7.376,6.876,8.624,7.4365],"texture":"#lightgunmodel"},
"east":{"uv":[7.376,6.876,8.624,7.4365],"texture":"#lightgunmodel"}
}
},
{
"from":[10.7656,9.385,8.34375],
"to":[14.9844,9.55687,8.46875],
"rotation":{"origin":[10.7656,9.55687,8.34375],"axis":"x","angle":45},
"faces":{
"down":{"uv":[7.374,8.59275,3.126,8.4385],"texture":"#lightgunmodel"},
"up":{"uv":[8.626,8.4385,12.874,8.59275],"texture":"#lightgunmodel"},
"north":{"uv":[3.126,6.61038,7.374,6.88963],"texture":"#lightgunmodel"},
"south":{"uv":[8.626,6.61038,12.874,6.88963],"texture":"#lightgunmodel"},
"west":{"uv":[8.4385,6.61038,8.59275,6.88963],"texture":"#lightgunmodel"},
"east":{"uv":[7.40725,6.61038,7.5615,6.88963],"texture":"#lightgunmodel"}
}
},
{
"from":[10.7656,9.35375,7.5625],
"to":[14.9844,9.46312,7.70313],
"rotation":{"origin":[10.7656,9.46312,7.5625],"axis":"x","angle":-45},
"faces":{
"down":{"uv":[7.374,8.59275,3.126,8.4385],"texture":"#lightgunmodel"},
"up":{"uv":[8.626,8.4385,12.874,8.59275],"texture":"#lightgunmodel"},
"north":{"uv":[3.126,6.61038,7.374,6.88963],"texture":"#lightgunmodel"},
"south":{"uv":[8.626,6.61038,12.874,6.88963],"texture":"#lightgunmodel"},
"west":{"uv":[8.4385,6.61038,8.59275,6.88963],"texture":"#lightgunmodel"},
"east":{"uv":[7.40725,6.61038,7.5615,6.88963],"texture":"#lightgunmodel"}
}
},
{
"from":[10.7656,8.625,7.65625],
"to":[15.0469,9.5625,8.34375],
"faces":{
"up":{"uv":[8.626,7.376,13.8428,8.624],"texture":"#lightgunmodel"},
"north":{"uv":[2.15725,6.876,7.374,7.4365],"texture":"#lightgunmodel"},
"south":{"uv":[8.626,6.876,13.8428,7.4365],"texture":"#lightgunmodel"},
"west":{"uv":[7.376,6.876,8.624,7.4365],"texture":"#lightgunmodel"},
"east":{"uv":[7.376,6.876,8.624,7.4365],"texture":"#lightgunmodel"}
}
},
{
"from":[10.75,9.34375,7.57813],
"to":[11.0469,9.57813,8.42188],
"faces":{
"down":{"uv":[10.751,7.5635,10.999,8.374],"texture":"#lightgunmodel"},
"up":{"uv":[10.751,7.5635,10.999,8.374],"texture":"#lightgunmodel"},
"north":{"uv":[10.751,6.376,10.999,6.5615],"texture":"#lightgunmodel"},
"south":{"uv":[10.751,6.376,10.999,6.5615],"texture":"#lightgunmodel"},
"west":{"uv":[7.5635,6.376,8.374,6.5615],"texture":"#lightgunmodel"},
"east":{"uv":[7.5635,6.376,8.374,6.5615],"texture":"#lightgunmodel"}
}
},
{
"from":[9.29688,8.76563,6.79688],
"to":[9.48438,8.96875,7],
"faces":{
"down":{"uv":[6.624,7.15525,6.53225,6.78225],"texture":"#lightgunmodel"},
"up":{"uv":[9.376,6.78225,9.46775,7.15525],"texture":"#lightgunmodel"},
"north":{"uv":[6.53225,6.876,6.624,7.124],"texture":"#lightgunmodel"},
"south":{"uv":[9.376,6.876,9.46775,7.124],"texture":"#lightgunmodel"},
"west":{"uv":[6.78225,6.876,7.15525,7.124],"texture":"#lightgunmodel"},
"east":{"uv":[8.84475,6.876,9.21775,7.124],"texture":"#lightgunmodel"}
}
},
{
"from":[8.39063,9.67188,7.51563],
"to":[8.71875,9.89063,7.67188],
"faces":{
"down":{"uv":[7.34275,7.40525,7.001,7.15725],"texture":"#lightgunmodel"},
"up":{"uv":[8.65725,7.15725,8.999,7.40525],"texture":"#lightgunmodel"},
"north":{"uv":[7.001,6.67288,7.34275,6.88963],"texture":"#lightgunmodel"},
"south":{"uv":[8.65725,6.67288,8.999,6.88963],"texture":"#lightgunmodel"},
"west":{"uv":[7.15725,6.67288,7.40525,6.88963],"texture":"#lightgunmodel"},
"east":{"uv":[8.59475,6.67288,8.84275,6.88963],"texture":"#lightgunmodel"}
}
},
{
"from":[8.39063,9.67188,8.29688],
"to":[8.71875,9.89063,8.45313],
"faces":{
"down":{"uv":[7.34275,7.40525,7.001,7.15725],"texture":"#lightgunmodel"},
"up":{"uv":[8.65725,7.15725,8.999,7.40525],"texture":"#lightgunmodel"},
"north":{"uv":[7.001,6.67288,7.34275,6.88963],"texture":"#lightgunmodel"},
"south":{"uv":[8.65725,6.67288,8.999,6.88963],"texture":"#lightgunmodel"},
"west":{"uv":[7.15725,6.67288,7.40525,6.88963],"texture":"#lightgunmodel"},
"east":{"uv":[8.59475,6.67288,8.84275,6.88963],"texture":"#lightgunmodel"}
}
}
],
"display":{
"thirdperson_righthand":{
"rotation":[-180,-90,130],
"translation":[0,4,0],
"scale":[0.8,0.8,0.65]
},
"thirdperson_lefthand":{
"rotation":[0,90,50],
"translation":[0,4,0],
"scale":[0.8,0.8,0.65]
},
"head":{
"rotation":[0,-90,0],
"translation":[0,12,0],
"scale":[0.6,0.6,0.5]
},
"ground":{
"rotation":[90,0,0],
"translation":[0,0,0],
"scale":[0.7,0.7,0.6]
},
"fixed":{
"rotation":[0,0,0],
"translation":[0,0,-1],
"scale":[1,1,0.85]
},
"firstperson_righthand":{
"rotation":[0,-90,0],
"translation":[0,3,-8],
"scale":[1.1,1.1,0.9]
},
"firstperson_lefthand":{
"rotation":[0,90,0],
"translation":[0,3,-8],
"scale":[1.1,1.1,0.9]
},
"gui":{
"rotation":[-20,40,0],
"translation":[0,0,0],
"scale":[0.6,0.6,0.5]
}
}
}