{
"__comment":"Made by Trexar, guncolony.com ©",
"textures":{
"0":"guns/brightguntexture",
"1":"guns/wood2"
},
"elements":[
{
"from":[7.8688,6.7188,8.9],
"to":[10.9938,7.2188,9.4],
"rotation":{"origin":[7.86875,6.71875,8.9],"axis":"x","angle":-22.5},
"faces":{
"down":{"uv":[12.5,7.5,13.5,8.5],"texture":"#0"},
"up":{"uv":[12.5,7.5,13.5,8.5],"texture":"#0"},
"north":{"uv":[12.5,7.5,13.5,8.5],"texture":"#0"},
"south":{"uv":[12.5,7.5,13.5,8.5],"texture":"#0"},
"west":{"uv":[12.5,7.5,13.5,8.5],"texture":"#0"},
"east":{"uv":[12.5,7.5,13.5,8.5],"texture":"#0"}
}
},
{
"from":[19.775,8.537499,8.2062],
"to":[20.375,8.937499,8.3062],
"faces":{
"down":{"uv":[3.775,8.1,4.375,8.2],"texture":"#0"},
"up":{"uv":[3.775,7.8,4.375,7.9],"texture":"#0"},
"north":{"uv":[11.625,7.0625,12.225,7.4625],"texture":"#0"},
"south":{"uv":[3.775,7.0625,4.375,7.4625],"texture":"#0"},
"west":{"uv":[7.8,7.0625,7.9,7.4625],"texture":"#0"},
"east":{"uv":[8.1,7.0625,8.2,7.4625],"texture":"#0"}
}
},
{
"from":[20.046,8.8375,7.9562],
"to":[20.146,9.1375,8.0562],
"faces":{
"down":{"uv":[4.046,8.35,4.146,8.45],"texture":"#0"},
"up":{"uv":[4.046,7.55,4.146,7.65],"texture":"#0"},
"north":{"uv":[11.854,6.8625,11.954,7.1625],"texture":"#0"},
"south":{"uv":[4.046,6.8625,4.146,7.1625],"texture":"#0"},
"west":{"uv":[7.55,6.8625,7.65,7.1625],"texture":"#0"},
"east":{"uv":[8.35,6.8625,8.45,7.1625],"texture":"#0"}
}
},
{
"from":[2.875,8.8425,7.7062],
"to":[3.46875,8.9675,8.29995],
"faces":{
"down":{"uv":[2.875,8.1,3.475,8.7],"texture":"#0"},
"up":{"uv":[2.875,7.3,3.475,7.9],"texture":"#0"},
"north":{"uv":[12.525,7.0325,13.125,8.1625],"texture":"#0"},
"south":{"uv":[2.875,7.0325,3.475,8.1625],"texture":"#0"},
"west":{"uv":[7.3,7.0325,7.9,8.1625],"texture":"#0"},
"east":{"uv":[8.1,7.0325,8.7,8.1625],"texture":"#0"}
}
},
{
"from":[2.675,8.7,7.7062],
"to":[2.875,8.899,8.3062],
"faces":{
"down":{"uv":[2.675,8.1,2.875,8.7],"texture":"#0"},
"up":{"uv":[2.675,7.3,2.875,7.9],"texture":"#0"},
"north":{"uv":[13.125,7.101,13.325,7.3],"texture":"#0"},
"south":{"uv":[2.675,7.101,2.875,7.3],"texture":"#0"},
"west":{"uv":[7.3,7.101,7.9,7.3],"texture":"#0"},
"east":{"uv":[8.1,7.101,8.7,7.3],"texture":"#0"}
}
},
{
"from":[2.875,9.2,7.9516],
"to":[2.975,9.3,8.0516],
"faces":{
"down":{"uv":[2.875,8.339001,2.975,8.439],"texture":"#0"},
"up":{"uv":[2.875,7.561,2.975,7.660999],"texture":"#0"},
"north":{"uv":[13.025,6.7,13.125,6.8],"texture":"#0"},
"south":{"uv":[2.875,6.7,2.975,6.8],"texture":"#0"},
"west":{"uv":[7.561,6.7,7.661,6.8],"texture":"#0"},
"east":{"uv":[8.339001,6.7,8.439,6.8],"texture":"#0"}
}
},
{
"from":[2.875,9.19,7.7706],
"to":[2.975,9.29,7.8706],
"rotation":{"origin":[3,9.5,7.890625],"axis":"x","angle":-22.5},
"faces":{
"down":{"uv":[2.875,8.392233,2.975,8.492233],"texture":"#0"},
"up":{"uv":[2.875,7.507767,2.975,7.607767],"texture":"#0"},
"north":{"uv":[13.025,6.732325,13.125,6.832325],"texture":"#0"},
"south":{"uv":[2.875,6.732325,2.975,6.832325],"texture":"#0"},
"west":{"uv":[7.507767,6.732325,7.607767,6.832325],"texture":"#0"},
"east":{"uv":[8.392233,6.732325,8.492233,6.832325],"texture":"#0"}
}
},
{
"from":[2.875,9.25,7.6006],
"to":[2.975,9.35,7.7006],
"rotation":{"origin":[3,9.5,7.890625],"axis":"x","angle":-45},
"faces":{
"down":{"uv":[2.875,8.428284,2.975,8.528284],"texture":"#0"},
"up":{"uv":[2.875,7.471716,2.975,7.571716],"texture":"#0"},
"north":{"uv":[13.025,6.781837,13.125,6.881838],"texture":"#0"},
"south":{"uv":[2.875,6.781837,2.975,6.881838],"texture":"#0"},
"west":{"uv":[7.471716,6.781837,7.571716,6.881838],"texture":"#0"},
"east":{"uv":[8.428284,6.781837,8.528284,6.881838],"texture":"#0"}
}
},
{
"from":[2.875,9.071,7.9206],
"to":[2.975,9.171,8.020599],
"rotation":{"origin":[3,9.5,7.890625],"axis":"x","angle":22.5},
"faces":{
"down":{"uv":[2.875,8.536455,2.975,8.636455],"texture":"#0"},
"up":{"uv":[2.875,7.363545,2.975,7.463545],"texture":"#0"},
"north":{"uv":[13.025,6.807825,13.125,6.907825],"texture":"#0"},
"south":{"uv":[2.875,6.807825,2.975,6.907825],"texture":"#0"},
"west":{"uv":[7.363545,6.807825,7.463545,6.907825],"texture":"#0"},
"east":{"uv":[8.536455,6.807825,8.636455,6.907825],"texture":"#0"}
}
},
{
"from":[2.875,8.849999,7.7566],
"to":[2.975,9.099999,7.8504],
"faces":{
"down":{"uv":[2.875,8.534,2.975,8.634],"texture":"#0"},
"up":{"uv":[2.875,7.366,2.975,7.466],"texture":"#0"},
"north":{"uv":[13.025,6.9,13.125,8],"texture":"#0"},
"south":{"uv":[2.875,6.9,2.975,8],"texture":"#0"},
"west":{"uv":[7.366,6.9,7.466,8],"texture":"#0"},
"east":{"uv":[8.534,6.9,8.634,8],"texture":"#0"}
}
},
{
"from":[2.875,9.275,8.1106],
"to":[2.975,9.375,8.2106],
"rotation":{"origin":[3,9.5,7.890625],"axis":"x","angle":22.5},
"faces":{
"down":{"uv":[2.875,8.28285,2.975,8.382851],"texture":"#0"},
"up":{"uv":[2.875,7.617149,2.975,7.71715],"texture":"#0"},
"north":{"uv":[13.025,6.692063,13.125,6.792064],"texture":"#0"},
"south":{"uv":[2.875,6.692063,2.975,6.792064],"texture":"#0"},
"west":{"uv":[7.617149,6.692063,7.71715,6.792064],"texture":"#0"},
"east":{"uv":[8.28285,6.692063,8.382851,6.792064],"texture":"#0"}
}
},
{
"from":[2.875,9.406,8.2266],
"to":[2.975,9.506,8.326599],
"rotation":{"origin":[3,9.5,7.890625],"axis":"x","angle":45},
"faces":{
"down":{"uv":[2.875,8.22888,2.975,8.32888],"texture":"#0"},
"up":{"uv":[2.875,7.67112,2.975,7.77112],"texture":"#0"},
"north":{"uv":[13.025,6.704057,13.125,6.804056],"texture":"#0"},
"south":{"uv":[2.875,6.704057,2.975,6.804056],"texture":"#0"},
"west":{"uv":[7.67112,6.704057,7.77112,6.804056],"texture":"#0"},
"east":{"uv":[8.22888,6.704057,8.32888,6.804056],"texture":"#0"}
}
},
{
"from":[2.875,9,7.9606],
"to":[2.975,9.1,8.0606],
"rotation":{"origin":[3,9.5,7.890625],"axis":"x","angle":-22.5},
"faces":{
"down":{"uv":[2.875,8.143987,2.975,8.243986],"texture":"#0"},
"up":{"uv":[2.875,7.756014,2.975,7.856013],"texture":"#0"},
"north":{"uv":[13.025,6.835152,13.125,6.935152],"texture":"#0"},
"south":{"uv":[2.875,6.835152,2.975,6.935152],"texture":"#0"},
"west":{"uv":[7.756013,6.835152,7.856013,6.935152],"texture":"#0"},
"east":{"uv":[8.143987,6.835152,8.243986,6.935152],"texture":"#0"}
}
},
{
"from":[2.875,8.849999,8.138599],
"to":[2.975,9.099999,8.232399],
"faces":{
"down":{"uv":[2.875,8.152,2.975,8.252],"texture":"#0"},
"up":{"uv":[2.875,7.748,2.975,7.848],"texture":"#0"},
"north":{"uv":[13.025,6.9,13.125,8],"texture":"#0"},
"south":{"uv":[2.875,6.9,2.975,8],"texture":"#0"},
"west":{"uv":[7.748,6.9,7.848,8],"texture":"#0"},
"east":{"uv":[8.152,6.9,8.252,8],"texture":"#0"}
}
},
{
"from":[19.775,8.889999,8.2062],
"to":[19.975,9.159999,8.3062],
"faces":{
"down":{"uv":[3.775,8.1,3.975,8.2],"texture":"#0"},
"up":{"uv":[3.775,7.8,3.975,7.9],"texture":"#0"},
"north":{"uv":[12.025,6.84,12.225,7.11],"texture":"#0"},
"south":{"uv":[3.775,6.84,3.975,7.11],"texture":"#0"},
"west":{"uv":[7.8,6.84,7.9,7.11],"texture":"#0"},
"east":{"uv":[8.1,6.84,8.2,7.11],"texture":"#0"}
}
},
{
"from":[19.775,9.1563,8.2062],
"to":[19.975,9.431299,8.3062],
"rotation":{"origin":[19.775,9.1563,8.21875],"axis":"z","angle":-22.5},
"faces":{
"down":{"uv":[3.7691,8.1,3.969101,8.2],"texture":"#0"},
"up":{"uv":[3.7691,7.8,3.969101,7.9],"texture":"#0"},
"north":{"uv":[12.0309,6.570986,12.2309,6.860986],"texture":"#0"},
"south":{"uv":[3.7691,6.570986,3.969101,6.860986],"texture":"#0"},
"west":{"uv":[7.8,6.570986,7.9,6.860986],"texture":"#0"},
"east":{"uv":[8.1,6.570986,8.2,6.860986],"texture":"#0"}
}
},
{
"from":[19.8798,9.21,8.2062],
"to":[20.3898,9.41,8.3062],
"faces":{
"down":{"uv":[3.889999,8.1,4.389999,8.2],"texture":"#0"},
"up":{"uv":[3.889999,7.8,4.389999,7.9],"texture":"#0"},
"north":{"uv":[11.61,6.59,12.11,6.79],"texture":"#0"},
"south":{"uv":[3.889999,6.59,4.389999,6.79],"texture":"#0"},
"west":{"uv":[7.8,6.59,7.9,6.79],"texture":"#0"},
"east":{"uv":[8.1,6.59,8.2,6.79],"texture":"#0"}
}
},
{
"from":[20.259,8.8,8.2062],
"to":[20.389,9.3,8.3062],
"faces":{
"down":{"uv":[4.259001,8.1,4.389,8.2],"texture":"#0"},
"up":{"uv":[4.259001,7.8,4.389,7.9],"texture":"#0"},
"north":{"uv":[11.611,6.7,11.741,7.2],"texture":"#0"},
"south":{"uv":[4.259001,6.7,4.389,7.2],"texture":"#0"},
"west":{"uv":[7.8,6.7,7.9,7.2],"texture":"#0"},
"east":{"uv":[8.1,6.7,8.2,7.2],"texture":"#0"}
}
},
{
"from":[19.88,9.21,7.7062],
"to":[20.39,9.41,7.8062],
"faces":{
"down":{"uv":[3.889999,8.6,4.389999,8.7],"texture":"#0"},
"up":{"uv":[3.889999,7.3,4.389999,7.4],"texture":"#0"},
"north":{"uv":[11.61,6.59,12.11,6.79],"texture":"#0"},
"south":{"uv":[3.889999,6.59,4.389999,6.79],"texture":"#0"},
"west":{"uv":[7.3,6.59,7.4,6.79],"texture":"#0"},
"east":{"uv":[8.6,6.59,8.7,6.79],"texture":"#0"}
}
},
{
"from":[20.259,8.8,7.7062],
"to":[20.389,9.3,7.8062],
"faces":{
"down":{"uv":[4.259001,8.6,4.389,8.7],"texture":"#0"},
"up":{"uv":[4.259001,7.3,4.389,7.4],"texture":"#0"},
"north":{"uv":[11.611,6.7,11.741,7.2],"texture":"#0"},
"south":{"uv":[4.259001,6.7,4.389,7.2],"texture":"#0"},
"west":{"uv":[7.3,6.7,7.4,7.2],"texture":"#0"},
"east":{"uv":[8.6,6.7,8.7,7.2],"texture":"#0"}
}
},
{
"from":[19.775,8.537499,7.7062],
"to":[20.375,8.937499,7.8062],
"faces":{
"down":{"uv":[3.775,8.6,4.375,8.7],"texture":"#0"},
"up":{"uv":[3.775,7.3,4.375,7.4],"texture":"#0"},
"north":{"uv":[11.625,7.0625,12.225,7.4625],"texture":"#0"},
"south":{"uv":[3.775,7.0625,4.375,7.4625],"texture":"#0"},
"west":{"uv":[7.3,7.0625,7.4,7.4625],"texture":"#0"},
"east":{"uv":[8.6,7.0625,8.7,7.4625],"texture":"#0"}
}
},
{
"from":[19.775,8.889999,7.7062],
"to":[19.975,9.159999,7.8062],
"faces":{
"down":{"uv":[3.775,8.6,3.975,8.7],"texture":"#0"},
"up":{"uv":[3.775,7.3,3.975,7.4],"texture":"#0"},
"north":{"uv":[12.025,6.84,12.225,7.11],"texture":"#0"},
"south":{"uv":[3.775,6.84,3.975,7.11],"texture":"#0"},
"west":{"uv":[7.3,6.84,7.4,7.11],"texture":"#0"},
"east":{"uv":[8.6,6.84,8.7,7.11],"texture":"#0"}
}
},
{
"from":[19.775,9.1563,7.7062],
"to":[19.975,9.431299,7.8062],
"rotation":{"origin":[19.775,9.1563,7.70625],"axis":"z","angle":-22.5},
"faces":{
"down":{"uv":[3.7691,8.1,3.969101,8.2],"texture":"#0"},
"up":{"uv":[3.7691,7.8,3.969101,7.9],"texture":"#0"},
"north":{"uv":[12.0309,6.570986,12.2309,6.860986],"texture":"#0"},
"south":{"uv":[3.7691,6.570986,3.969101,6.860986],"texture":"#0"},
"west":{"uv":[7.8,6.570986,7.9,6.860986],"texture":"#0"},
"east":{"uv":[8.1,6.570986,8.2,6.860986],"texture":"#0"}
}
},
{
"from":[-5.225,3.9375,7.3562],
"to":[-4.625,7.9375,8.6562],
"faces":{
"down":{"uv":[10.775,7.75,11.375,9.05],"texture":"#1"},
"up":{"uv":[10.775,6.95,11.375,8.25],"texture":"#1"},
"north":{"uv":[4.625,8.0625,5.225,12.0625],"texture":"#1"},
"south":{"uv":[10.775,8.0625,11.375,12.0625],"texture":"#1"},
"west":{"uv":[6.95,8.0625,8.25,12.0625],"texture":"#1"},
"east":{"uv":[7.75,8.0625,9.05,12.0625],"texture":"#1"}
}
},
{
"from":[-4.625,3.9375,7.3962],
"to":[4.275,5.4375,8.616198],
"rotation":{"origin":[-4.625,3.9375,8.00625],"axis":"z","angle":22.5},
"faces":{
"down":{"uv":[0,7.790001,4.275,9.01],"texture":"#1"},
"up":{"uv":[0,6.99,4.275,8.209999],"texture":"#1"},
"north":{"uv":[11.725,10.5625,16,12.0625],"texture":"#1"},
"south":{"uv":[0,10.5625,4.275,12.0625],"texture":"#1"}
}
},
{
"from":[-4.625,5.5375,7.4063],
"to":[-0.8250008,7.9375,8.6063],
"faces":{
"down":{"uv":[11.375,7.799999,15.175,9],"texture":"#1"},
"up":{"uv":[11.375,7,15.175,8.200001],"texture":"#1"},
"north":{"uv":[0.8250008,8.0625,4.625,10.4625],"texture":"#1"},
"south":{"uv":[11.375,8.0625,15.175,10.4625],"texture":"#1"},
"east":{"uv":[7.8,8.0625,9,10.4625],"texture":"#1"}
}
},
{
"from":[-0.825,6.4375,7.4063],
"to":[3.075001,7.9375,8.6063],
"faces":{
"down":{"uv":[0,7.799999,3.075,9],"texture":"#1"},
"up":{"uv":[0,7,3.075,8.200001],"texture":"#1"},
"north":{"uv":[12.925,8.0625,16,9.5625],"texture":"#1"},
"south":{"uv":[0,8.0625,3.075,9.5625],"texture":"#1"}
}
},
{
"from":[2.775,6.3375,7.3063],
"to":[3.575,8.8375,8.706299],
"faces":{
"down":{"uv":[2.775,7.700001,3.575,9.1],"texture":"#0"},
"up":{"uv":[2.775,6.9,3.575,8.299999],"texture":"#0"},
"north":{"uv":[12.425,7.1625,13.225,9.6625],"texture":"#0"},
"south":{"uv":[2.775,7.1625,3.575,9.6625],"texture":"#0"},
"west":{"uv":[6.9,7.1625,8.299999,9.6625],"texture":"#0"},
"east":{"uv":[7.7,7.1625,9.1,9.6625],"texture":"#0"}
}
},
{
"from":[3.675,6.3375,7.3063],
"to":[5.775,7.3375,8.706299],
"rotation":{"origin":[3.675,6.3375,8.00625],"axis":"z","angle":-22.5},
"faces":{
"down":{"uv":[3.675,7.700001,5.775,9.1],"texture":"#0"},
"north":{"uv":[10.225,8.6625,12.325,9.6625],"texture":"#0"},
"south":{"uv":[3.675,8.6625,5.775,9.6625],"texture":"#0"}
}
},
{
"from":[5.575,5.5375,7.3162],
"to":[7.775,6.5375,8.696199],
"faces":{
"down":{"uv":[5.575,7.710001,7.775,9.09],"texture":"#0"},
"north":{"uv":[8.225,9.4625,10.425,10.4625],"texture":"#0"},
"south":{"uv":[5.575,9.4625,7.775,10.4625],"texture":"#0"},
"west":{"uv":[6.91,9.4625,8.289999,10.4625],"texture":"#0"}
}
},
{
"from":[4.075,2.8375,7.5062],
"to":[5.675,6.3375,8.506201],
"rotation":{"origin":[3.675,6.3375,8.00625],"axis":"z","angle":-22.5},
"faces":{
"down":{"uv":[2.705159,7.9,4.305159,8.9],"texture":"#1"},
"up":{"uv":[2.705159,7.1,4.305159,8.1],"texture":"#1"},
"north":{"uv":[11.69484,9.549151,13.29484,13.04915],"texture":"#1"},
"south":{"uv":[2.705159,9.549151,4.305159,13.04915],"texture":"#1"},
"west":{"uv":[7.1,9.549151,8.1,13.04915],"texture":"#1"},
"east":{"uv":[7.9,9.549151,8.9,13.04915],"texture":"#1"}
}
},
{
"from":[3.475,5.4375,7.5062],
"to":[4.475,6.4375,8.506201],
"rotation":{"origin":[3.375,6.3375,8.00625],"axis":"z","angle":22.5},
"faces":{
"down":{"uv":[3.811803,7.9,4.811803,8.9],"texture":"#1"},
"up":{"uv":[3.811803,7.1,4.811803,8.1],"texture":"#1"},
"north":{"uv":[11.1882,9.455723,12.1882,10.45572],"texture":"#1"},
"south":{"uv":[3.811803,9.455723,4.811803,10.45572],"texture":"#1"},
"west":{"uv":[7.1,9.455723,8.1,10.45572],"texture":"#1"},
"east":{"uv":[7.9,9.455723,8.9,10.45572],"texture":"#1"}
}
},
{
"from":[5.375,4.4375,7.6062],
"to":[5.475,5.4375,8.4062],
"faces":{
"down":{"uv":[5.375,8,5.475,8.8],"texture":"#0"},
"up":{"uv":[5.375,7.2,5.475,8],"texture":"#0"},
"north":{"uv":[10.525,10.5625,10.625,11.5625],"texture":"#0"},
"south":{"uv":[5.375,10.5625,5.475,11.5625],"texture":"#0"},
"west":{"uv":[7.2,10.5625,8,11.5625],"texture":"#0"},
"east":{"uv":[8,10.5625,8.8,11.5625],"texture":"#0"}
}
},
{
"from":[5.375,4.0375,7.6062],
"to":[5.475,4.4375,8.4062],
"rotation":{"origin":[5.375,4.4375,8.00625],"axis":"z","angle":45},
"faces":{
"north":{"uv":[10.24216,11.44534,10.34216,11.84534],"texture":"#0"},
"south":{"uv":[5.657843,11.44534,5.757843,11.84534],"texture":"#0"},
"west":{"uv":[7.2,11.44534,8,11.84534],"texture":"#0"},
"east":{"uv":[8,11.44534,8.8,11.84534],"texture":"#0"}
}
},
{
"from":[5.675,4.1375,7.6062],
"to":[7.175,4.2375,8.4062],
"faces":{
"down":{"uv":[5.675,8,7.175,8.8],"texture":"#0"},
"up":{"uv":[5.675,7.2,7.175,8],"texture":"#0"},
"north":{"uv":[8.825,11.7625,10.325,11.8625],"texture":"#0"},
"south":{"uv":[5.675,11.7625,7.175,11.8625],"texture":"#0"},
"west":{"uv":[7.2,11.7625,8,11.8625],"texture":"#0"},
"east":{"uv":[8,11.7625,8.8,11.8625],"texture":"#0"}
}
},
{
"from":[7.375,4.4375,7.6062],
"to":[7.475,5.5375,8.4062],
"faces":{
"down":{"uv":[7.375,8,7.475,8.8],"texture":"#0"},
"north":{"uv":[8.525,10.4625,8.625,11.5625],"texture":"#0"},
"south":{"uv":[7.375,10.4625,7.475,11.5625],"texture":"#0"},
"west":{"uv":[7.2,10.4625,8,11.5625],"texture":"#0"},
"east":{"uv":[8,10.4625,8.8,11.5625],"texture":"#0"}
}
},
{
"from":[7.375,4.0375,7.6062],
"to":[7.475,4.4375,8.4062],
"rotation":{"origin":[7.474999,4.4375,8.00625],"axis":"z","angle":-45},
"faces":{
"north":{"uv":[8.778553,11.37463,8.878553,11.77463],"texture":"#0"},
"south":{"uv":[7.121447,11.37463,7.221447,11.77463],"texture":"#0"},
"west":{"uv":[7.2,11.37463,8,11.77463],"texture":"#0"},
"east":{"uv":[8,11.37463,8.8,11.77463],"texture":"#0"}
}
},
{
"from":[5.775,5.2375,7.8063],
"to":[6.675,5.7375,8.206299],
"rotation":{"origin":[5.974999,5.5375,8.00625],"axis":"z","angle":22.5},
"faces":{
"down":{"uv":[5.905029,8.200001,6.805029,8.6],"texture":"#0"},
"north":{"uv":[9.194971,10.3162,10.09497,10.8162],"texture":"#0"},
"south":{"uv":[5.905029,10.3162,6.805029,10.8162],"texture":"#0"},
"west":{"uv":[7.4,10.3162,7.8,10.8162],"texture":"#0"}
}
},
{
"from":[5.875,4.7375,7.8063],
"to":[6.075,5.3375,8.206299],
"faces":{
"down":{"uv":[5.875,8.200001,6.075,8.6],"texture":"#0"},
"up":{"uv":[5.875,7.4,6.075,7.799999],"texture":"#0"},
"north":{"uv":[9.924999,10.6625,10.125,11.2625],"texture":"#0"},
"south":{"uv":[5.875,10.6625,6.075,11.2625],"texture":"#0"},
"west":{"uv":[7.4,10.6625,7.8,11.2625],"texture":"#0"},
"east":{"uv":[8.200001,10.6625,8.6,11.2625],"texture":"#0"}
}
},
{
"from":[5.875,4.3375,7.8063],
"to":[6.075,4.7375,8.206299],
"rotation":{"origin":[5.875,4.7375,8.00625],"axis":"z","angle":22.5},
"faces":{
"down":{"uv":[6.028073,8.200001,6.228074,8.6],"texture":"#0"},
"north":{"uv":[9.771927,11.23205,9.971927,11.63205],"texture":"#0"},
"south":{"uv":[6.028073,11.23205,6.228074,11.63205],"texture":"#0"},
"west":{"uv":[7.4,11.23205,7.8,11.63205],"texture":"#0"},
"east":{"uv":[8.200001,11.23205,8.6,11.63205],"texture":"#0"}
}
},
{
"from":[3.575,6.3375,7.2962],
"to":[7.775,7.7375,8.7162],
"faces":{
"down":{"uv":[3.575,7.690001,7.775,9.110001],"texture":"#0"},
"north":{"uv":[8.225,8.2625,12.425,9.6625],"texture":"#0"},
"south":{"uv":[3.575,8.2625,7.775,9.6625],"texture":"#0"},
"west":{"uv":[6.89,8.2625,8.309999,9.6625],"texture":"#0"},
"east":{"uv":[7.69,8.2625,9.110001,9.6625],"texture":"#0"}
}
},
{
"from":[3.575,6.9375,7.2063],
"to":[8.275,7.8375,8.806299],
"faces":{
"down":{"uv":[3.575,7.6,8.275,9.200001],"texture":"#0"},
"up":{"uv":[3.575,6.799999,8.275,8.4],"texture":"#0"},
"north":{"uv":[7.725,8.1625,12.425,9.0625],"texture":"#0"},
"south":{"uv":[3.575,8.1625,8.275,9.0625],"texture":"#0"},
"west":{"uv":[6.8,8.1625,8.4,9.0625],"texture":"#0"},
"east":{"uv":[7.6,8.1625,9.200001,9.0625],"texture":"#0"}
}
},
{
"from":[3.575,7.8375,7.3063],
"to":[8.275,8.3375,8.706299],
"faces":{
"up":{"uv":[3.575,6.9,8.275,8.299999],"texture":"#0"},
"north":{"uv":[7.725,7.6625,12.425,8.1625],"texture":"#0"},
"south":{"uv":[3.575,7.6625,8.275,8.1625],"texture":"#0"},
"east":{"uv":[7.7,7.6625,9.1,8.1625],"texture":"#0"}
}
},
{
"from":[3.575,8.3375,7.6062],
"to":[10.675,8.8375,8.4062],
"faces":{
"down":{"uv":[3.575,8,10.675,8.8],"texture":"#0"},
"up":{"uv":[3.575,7.2,10.675,8],"texture":"#0"},
"north":{"uv":[5.325,7.1625,12.425,7.6625],"texture":"#0"},
"south":{"uv":[3.575,7.1625,10.675,7.6625],"texture":"#0"},
"east":{"uv":[8,7.1625,8.8,7.6625],"texture":"#0"}
}
},
{
"from":[3.575,8.3375,7.3063],
"to":[10.674,8.8375,7.8063],
"rotation":{"origin":[6.775,8.3375,7.306251],"axis":"x","angle":45},
"faces":{
"down":{"uv":[3.575,8.6,10.674,9.1],"texture":"#0"},
"north":{"uv":[5.326,7.1625,12.425,7.6625],"texture":"#0"},
"south":{"uv":[3.575,7.1625,10.674,7.6625],"texture":"#0"},
"east":{"uv":[8.6,7.1625,9.1,7.6625],"texture":"#0"}
}
},
{
"from":[3.575,8.3375,8.2063],
"to":[10.675,8.8375,8.706299],
"rotation":{"origin":[6.775,8.3375,8.706249],"axis":"x","angle":-45},
"faces":{
"down":{"uv":[3.575,7.553555,10.675,8.053555],"texture":"#0"},
"north":{"uv":[5.325,7.516053,12.425,8.016053],"texture":"#0"},
"south":{"uv":[3.575,7.516053,10.675,8.016053],"texture":"#0"},
"east":{"uv":[7.553554,7.516053,8.053555,8.016053],"texture":"#0"}
}
},
{
"from":[7.275,6.5375,7.2063],
"to":[8.275,6.9375,8.806299],
"faces":{
"down":{"uv":[7.275,7.6,8.275,9.200001],"texture":"#0"},
"north":{"uv":[7.725,9.0625,8.725,9.4625],"texture":"#0"},
"south":{"uv":[7.275,9.0625,8.275,9.4625],"texture":"#0"},
"west":{"uv":[6.8,9.0625,8.4,9.4625],"texture":"#0"},
"east":{"uv":[7.6,9.0625,9.200001,9.4625],"texture":"#0"}
}
},
{
"from":[7.775,5.5375,7.3063],
"to":[8.474998,6.9375,8.706299],
"faces":{
"down":{"uv":[7.775,7.700001,8.474999,9.1],"texture":"#0"},
"up":{"uv":[7.775,6.9,8.474999,8.299999],"texture":"#0"},
"north":{"uv":[7.525001,9.0625,8.225,10.4625],"texture":"#0"},
"south":{"uv":[7.775,9.0625,8.474999,10.4625],"texture":"#0"},
"west":{"uv":[6.9,9.0625,8.299999,10.4625],"texture":"#0"},
"east":{"uv":[7.7,9.0625,9.1,10.4625],"texture":"#0"}
}
},
{
"from":[8.474999,6.1375,7.3063],
"to":[10.675,6.9375,8.706299],
"faces":{
"down":{"uv":[8.474999,7.700001,10.675,9.1],"texture":"#0"},
"up":{"uv":[8.474999,6.9,10.675,8.299999],"texture":"#0"},
"north":{"uv":[5.325001,9.0625,7.525001,9.8625],"texture":"#0"},
"south":{"uv":[8.474999,9.0625,10.675,9.8625],"texture":"#0"},
"east":{"uv":[7.7,9.0625,9.1,9.8625],"texture":"#0"}
}
},
{
"from":[8.275,2.8375,7.6062],
"to":[10.175,6.1375,8.4062],
"faces":{
"down":{"uv":[8.275,8,10.175,8.8],"texture":"#0"},
"up":{"uv":[8.275,7.2,10.175,8],"texture":"#0"},
"north":{"uv":[5.825,9.8625,7.725,13.1625],"texture":"#0"},
"south":{"uv":[8.275,9.8625,10.175,13.1625],"texture":"#0"},
"west":{"uv":[7.2,9.8625,8,13.1625],"texture":"#0"}
}
},
{
"from":[7.975,1.9375,7.5062],
"to":[8.275,5.5375,8.506201],
"faces":{
"down":{"uv":[7.974999,7.9,8.275,8.9],"texture":"#0"},
"north":{"uv":[7.725,10.4625,8.025001,14.0625],"texture":"#0"},
"south":{"uv":[7.974999,10.4625,8.275,14.0625],"texture":"#0"},
"west":{"uv":[7.1,10.4625,8.1,14.0625],"texture":"#0"},
"east":{"uv":[7.9,10.4625,8.9,14.0625],"texture":"#0"}
}
},
{
"from":[8.275,1.9375,7.4963],
"to":[10.675,2.2375,8.5163],
"rotation":{"origin":[8.275,1.9375,8.00625],"axis":"z","angle":22.5},
"faces":{
"down":{"uv":[8.275,7.889999,10.675,8.91],"texture":"#0"},
"up":{"uv":[8.275,7.09,10.675,8.110001],"texture":"#0"},
"north":{"uv":[5.325,13.7625,7.725,14.0625],"texture":"#0"},
"south":{"uv":[8.275,13.7625,10.675,14.0625],"texture":"#0"}
}
},
{
"from":[8.375,2.2375,7.6062],
"to":[10.475,2.8375,8.4062],
"rotation":{"origin":[8.275,1.9375,8.00625],"axis":"z","angle":22.5},
"faces":{
"down":{"uv":[8.252583,8,10.35258,8.8],"texture":"#0"},
"up":{"uv":[8.252583,7.2,10.35258,8],"texture":"#0"},
"north":{"uv":[5.647417,13.14707,7.747417,13.74707],"texture":"#0"},
"south":{"uv":[8.252583,13.14707,10.35258,13.74707],"texture":"#0"}
}
},
{
"from":[8.575,2.6375,7.5062],
"to":[9.875,6.1375,8.506201],
"faces":{
"down":{"uv":[8.575,7.9,9.875,8.9],"texture":"#0"},
"north":{"uv":[6.125,9.8625,7.425,13.3625],"texture":"#0"},
"south":{"uv":[8.575,9.8625,9.875,13.3625],"texture":"#0"},
"west":{"uv":[7.1,9.8625,8.1,13.3625],"texture":"#0"},
"east":{"uv":[7.9,9.8625,8.9,13.3625],"texture":"#0"}
}
},
{
"from":[10.175,2.8375,7.5062],
"to":[10.475,6.1375,8.506201],
"faces":{
"down":{"uv":[10.175,7.9,10.475,8.9],"texture":"#0"},
"north":{"uv":[5.525001,9.8625,5.825001,13.1625],"texture":"#0"},
"south":{"uv":[10.175,9.8625,10.475,13.1625],"texture":"#0"},
"west":{"uv":[7.1,9.8625,8.1,13.1625],"texture":"#0"},
"east":{"uv":[7.9,9.8625,8.9,13.1625],"texture":"#0"}
}
},
{
"from":[8.275,7.3375,7.3063],
"to":[10.675,8.3375,8.606298],
"faces":{
"up":{"uv":[8.275,6.9,10.675,8.2],"texture":"#0"},
"north":{"uv":[5.325,7.6625,7.725,8.6625],"texture":"#0"},
"south":{"uv":[8.275,7.6625,10.675,8.6625],"texture":"#0"},
"west":{"uv":[6.9,7.6625,8.2,8.6625],"texture":"#0"},
"east":{"uv":[7.8,7.6625,9.1,8.6625],"texture":"#0"}
}
},
{
"from":[8.275,6.9375,7.3063],
"to":[10.675,7.8375,8.606298],
"faces":{
"down":{"uv":[8.275,7.799999,10.675,9.1],"texture":"#0"},
"south":{"uv":[8.275,8.1625,10.675,9.0625],"texture":"#0"},
"east":{"uv":[7.8,8.1625,9.1,9.0625],"texture":"#0"}
}
},
{
"from":[8.275,6.9375,7.8063],
"to":[10.675,7.4375,8.806299],
"faces":{
"down":{"uv":[8.275,7.6,10.675,8.6],"texture":"#0"},
"up":{"uv":[8.275,7.4,10.675,8.4],"texture":"#0"},
"south":{"uv":[8.275,8.5625,10.675,9.0625],"texture":"#0"},
"east":{"uv":[7.6,8.5625,8.6,9.0625],"texture":"#0"}
}
},
{
"from":[10.275,7.4375,7.3063],
"to":[10.675,8.3375,8.706299],
"faces":{
"down":{"uv":[10.275,7.700001,10.675,9.1],"texture":"#0"},
"up":{"uv":[10.275,6.9,10.675,8.299999],"texture":"#0"},
"south":{"uv":[10.275,7.6625,10.675,8.5625],"texture":"#0"},
"west":{"uv":[6.9,7.6625,8.299999,8.5625],"texture":"#0"},
"east":{"uv":[7.7,7.6625,9.1,8.5625],"texture":"#0"}
}
},
{
"from":[10.675,6.7375,7.5062],
"to":[20.675,7.7375,8.506201],
"faces":{
"down":{"uv":[10.675,7.9,16,8.9],"texture":"#0"},
"up":{"uv":[10.675,7.1,16,8.1],"texture":"#0"},
"north":{"uv":[0,8.2625,5.325001,9.2625],"texture":"#0"},
"south":{"uv":[10.675,8.2625,16,9.2625],"texture":"#0"},
"west":{"uv":[7.1,8.2625,8.1,9.2625],"texture":"#0"},
"east":{"uv":[7.9,8.2625,8.9,9.2625],"texture":"#0"}
}
},
{
"from":[10.675,8.1375,7.7063],
"to":[20.675,8.7375,8.306299],
"faces":{
"down":{"uv":[10.675,8.1,16,8.700001],"texture":"#0"},
"up":{"uv":[10.675,7.299999,16,7.9],"texture":"#0"},
"north":{"uv":[0,7.2625,5.325001,7.8625],"texture":"#0"},
"south":{"uv":[10.675,7.2625,16,7.8625],"texture":"#0"},
"west":{"uv":[7.3,7.2625,7.9,7.8625],"texture":"#0"},
"east":{"uv":[8.1,7.2625,8.700001,7.8625],"texture":"#0"}
}
},
{
"from":[11.275,6.6375,7.4063],
"to":[11.575,7.8375,8.6063],
"faces":{
"down":{"uv":[11.275,7.799999,11.575,9],"texture":"#0"},
"up":{"uv":[11.275,7,11.575,8.200001],"texture":"#0"},
"north":{"uv":[4.425,8.1625,4.725,9.3625],"texture":"#0"},
"south":{"uv":[11.275,8.1625,11.575,9.3625],"texture":"#0"},
"west":{"uv":[7,8.1625,8.200001,9.3625],"texture":"#0"}
}
},
{
"from":[11.57,6.5375,7.3063],
"to":[15.875,8.1375,8.706299],
"faces":{
"down":{"uv":[11.57,7.700001,15.875,9.1],"texture":"#1"},
"up":{"uv":[11.57,6.9,15.875,8.299999],"texture":"#1"},
"north":{"uv":[0.1250005,7.8625,4.43,9.4625],"texture":"#1"},
"south":{"uv":[11.57,7.8625,15.875,9.4625],"texture":"#1"},
"west":{"uv":[6.9,7.8625,8.299999,9.4625],"texture":"#1"},
"east":{"uv":[7.7,7.8625,9.1,9.4625],"texture":"#1"}
}
},
{
"from":[20.4,6.8438,7.8501],
"to":[26.4,7.6563,8.1626],
"faces":{
"down":{"uv":[4.4,8.24375,10.4,8.55625],"texture":"#0"},
"up":{"uv":[4.4,7.44375,10.4,7.75625],"texture":"#0"},
"north":{"uv":[5.6,8.34375,11.6,9.15625],"texture":"#0"},
"south":{"uv":[4.4,8.34375,10.4,9.15625],"texture":"#0"},
"east":{"uv":[8.24375,8.34375,8.55625,9.15625],"texture":"#0"}
}
},
{
"from":[11.575,8.037499,7.6062],
"to":[19.575,8.8375,7.906199],
"rotation":{"origin":[18.775,8.8375,7.60625],"axis":"x","angle":22.5},
"faces":{
"down":{"uv":[11.575,8.806147,16,9.106147],"texture":"#1"},
"north":{"uv":[0,7.101604,4.425001,7.901604],"texture":"#1"},
"south":{"uv":[11.575,7.101604,16,7.901604],"texture":"#1"},
"west":{"uv":[6.893853,7.101604,7.193853,7.901604],"texture":"#1"},
"east":{"uv":[8.806147,7.101604,9.106147,7.901604],"texture":"#1"}
}
},
{
"from":[11.575,8.037499,8.106299],
"to":[19.575,8.8375,8.406299],
"rotation":{"origin":[18.775,8.8375,8.40625],"axis":"x","angle":-22.5},
"faces":{
"down":{"uv":[11.575,7.671017,16,7.971016],"texture":"#1"},
"north":{"uv":[0,7.21641,4.425001,8.016409],"texture":"#1"},
"south":{"uv":[11.575,7.21641,16,8.016409],"texture":"#1"},
"west":{"uv":[8.028984,7.21641,8.328983,8.016409],"texture":"#1"},
"east":{"uv":[7.671017,7.21641,7.971016,8.016409],"texture":"#1"}
}
},
{
"from":[15.875,6.5375,7.3063],
"to":[19.575,7.8375,8.706299],
"faces":{
"down":{"uv":[15.875,7.700001,16,9.1],"texture":"#1"},
"up":{"uv":[15.875,6.9,16,8.299999],"texture":"#1"},
"north":{"uv":[0,8.1625,0.125,9.4625],"texture":"#1"},
"south":{"uv":[15.875,8.1625,16,9.4625],"texture":"#1"},
"east":{"uv":[7.7,8.1625,9.1,9.4625],"texture":"#1"}
}
},
{
"from":[11.575,8.037499,7.6062],
"to":[19.575,8.8375,8.4062],
"faces":{
"down":{"uv":[11.575,8,16,8.8],"texture":"#1"},
"up":{"uv":[11.575,7.2,16,8],"texture":"#1"},
"north":{"uv":[0,7.162498,4.425001,7.9625],"texture":"#1"},
"south":{"uv":[11.575,7.162498,16,7.9625],"texture":"#1"},
"west":{"uv":[7.2,7.162498,8,7.9625],"texture":"#1"},
"east":{"uv":[8,7.162498,8.8,7.9625],"texture":"#1"}
}
},
{
"from":[16.775,7.8375,7.3063],
"to":[17.075,8.112499,8.706299],
"faces":{
"up":{"uv":[0.7749996,6.9,1.074999,8.3],"texture":"#0"},
"north":{"uv":[14.925,7.887501,15.225,8.1625],"texture":"#0"},
"south":{"uv":[0.7749996,7.887501,1.074999,8.1625],"texture":"#0"},
"west":{"uv":[6.9,7.887501,8.3,8.1625],"texture":"#0"},
"east":{"uv":[7.7,7.887501,9.1,8.1625],"texture":"#0"}
}
},
{
"from":[17.975,7.8375,7.3063],
"to":[18.275,8.112499,8.706299],
"faces":{
"up":{"uv":[1.975,6.9,2.275,8.3],"texture":"#0"},
"north":{"uv":[13.725,7.887501,14.025,8.1625],"texture":"#0"},
"south":{"uv":[1.975,7.887501,2.275,8.1625],"texture":"#0"},
"west":{"uv":[6.9,7.887501,8.3,8.1625],"texture":"#0"},
"east":{"uv":[7.7,7.887501,9.1,8.1625],"texture":"#0"}
}
},
{
"from":[19.175,7.8375,7.3063],
"to":[19.575,8.137499,8.706299],
"faces":{
"up":{"uv":[3.174997,6.9,3.574997,8.299999],"texture":"#1"},
"north":{"uv":[12.425,7.862501,12.825,8.1625],"texture":"#1"},
"south":{"uv":[3.174997,7.862501,3.574997,8.1625],"texture":"#1"},
"west":{"uv":[6.9,7.862501,8.299999,8.1625],"texture":"#1"},
"east":{"uv":[7.7,7.862501,9.1,8.1625],"texture":"#1"}
}
},
{
"from":[19.675,7.7375,7.6062],
"to":[20.475,8.8375,8.4062],
"faces":{
"up":{"uv":[3.674997,7.2,4.474998,8],"texture":"#0"},
"north":{"uv":[11.525,7.1625,12.325,8.2625],"texture":"#0"},
"south":{"uv":[3.674997,7.1625,4.474998,8.2625],"texture":"#0"},
"west":{"uv":[7.2,7.1625,8,8.2625],"texture":"#0"},
"east":{"uv":[8,7.1625,8.8,8.2625],"texture":"#0"}
}
},
{
"from":[26.3688,6.6875,7.7688],
"to":[29.4938,7,8.23755],
"faces":{
"down":{"uv":[10.36875,8.168751,13.49375,8.637501],"texture":"#0"},
"up":{"uv":[10.36875,7.362499,13.49375,7.831249],"texture":"#0"},
"north":{"uv":[2.50625,9,5.63125,9.3125],"texture":"#0"},
"south":{"uv":[10.36875,9,13.49375,9.3125],"texture":"#0"},
"west":{"uv":[7.3625,9,7.83125,9.3125],"texture":"#0"},
"east":{"uv":[8.168751,9,8.637501,9.3125],"texture":"#0"}
}
},
{
"from":[26.3688,7.4687,8.2375],
"to":[29.4938,7.7812,8.679438],
"rotation":{"origin":[26.36875,7.78125,8.237501],"axis":"x","angle":45},
"faces":{
"down":{"uv":[10.36875,7.947783,13.49375,8.389721],"texture":"#0"},
"up":{"uv":[10.36875,7.610279,13.49375,8.052216],"texture":"#0"},
"west":{"uv":[7.610279,8.127221,8.052217,8.439721],"texture":"#0"},
"east":{"uv":[7.947784,8.127221,8.389721,8.439721],"texture":"#0"}
}
},
{
"from":[26.3688,7,7.4563],
"to":[29.4938,7.46875,7.7688],
"faces":{
"down":{"uv":[10.36875,8.637501,13.49375,8.950001],"texture":"#0"},
"up":{"uv":[10.36875,7.049999,13.49375,7.362499],"texture":"#0"},
"north":{"uv":[2.50625,8.53125,5.63125,9],"texture":"#0"},
"south":{"uv":[10.36875,8.53125,13.49375,9],"texture":"#0"},
"west":{"uv":[7.05,8.53125,7.3625,9],"texture":"#0"},
"east":{"uv":[8.637501,8.53125,8.950001,9],"texture":"#0"}
}
},
{
"from":[26.3688,7,8.237599],
"to":[29.4938,7.46875,8.550099],
"faces":{
"down":{"uv":[10.36875,7.856249,13.49375,8.168749],"texture":"#0"},
"up":{"uv":[10.36875,7.831251,13.49375,8.143751],"texture":"#0"},
"north":{"uv":[2.50625,8.53125,5.63125,9],"texture":"#0"},
"south":{"uv":[10.36875,8.53125,13.49375,9],"texture":"#0"},
"west":{"uv":[7.831251,8.53125,8.143751,9],"texture":"#0"},
"east":{"uv":[7.856249,8.53125,8.168749,9],"texture":"#0"}
}
},
{
"from":[26.3688,7.4688,7.7688],
"to":[29.4938,7.7813,8.23755],
"faces":{
"down":{"uv":[10.36875,8.168751,13.49375,8.637501],"texture":"#0"},
"up":{"uv":[10.36875,7.362499,13.49375,7.831249],"texture":"#0"},
"north":{"uv":[2.50625,8.21875,5.63125,8.53125],"texture":"#0"},
"south":{"uv":[10.36875,8.21875,13.49375,8.53125],"texture":"#0"},
"west":{"uv":[7.3625,8.21875,7.83125,8.53125],"texture":"#0"},
"east":{"uv":[8.168751,8.21875,8.637501,8.53125],"texture":"#0"}
}
},
{
"from":[26.3688,6.6875,8.237599],
"to":[29.4938,7,8.679537],
"rotation":{"origin":[26.36875,6.6875,8.237501],"axis":"x","angle":-45},
"faces":{
"down":{"uv":[10.36875,7.72681,13.49375,8.168749],"texture":"#0"},
"up":{"uv":[10.36875,7.831251,13.49375,8.273188],"texture":"#0"},
"west":{"uv":[7.831251,9,8.273189,9.3125],"texture":"#0"},
"east":{"uv":[7.726812,9,8.168749,9.3125],"texture":"#0"}
}
},
{
"from":[26.3688,7,7.4563],
"to":[29.4938,7.3125,7.898237],
"rotation":{"origin":[26.36875,7,7.456251],"axis":"x","angle":45},
"faces":{
"down":{"uv":[10.36875,8.508062,13.49375,8.950001],"texture":"#0"},
"up":{"uv":[10.36875,7.049999,13.49375,7.491938],"texture":"#0"},
"west":{"uv":[7.05,8.6875,7.491937,9],"texture":"#0"},
"east":{"uv":[8.508062,8.6875,8.950001,9],"texture":"#0"}
}
},
{
"from":[26.3688,7.1562,7.4563],
"to":[29.4938,7.4687,7.898237],
"rotation":{"origin":[26.36875,7.46875,7.456251],"axis":"x","angle":-45},
"faces":{
"down":{"uv":[10.36875,8.287092,13.49375,8.729029],"texture":"#0"},
"up":{"uv":[10.36875,7.270971,13.49375,7.71291],"texture":"#0"},
"west":{"uv":[7.270971,8.439721,7.712908,8.752221],"texture":"#0"},
"east":{"uv":[8.287091,8.439721,8.729029,8.752221],"texture":"#0"}
}
},
{
"from":[20.4,7.0938,7.6001],
"to":[26.4,7.4063,8.4126],
"faces":{
"down":{"uv":[4.4,7.99375,10.4,8.80625],"texture":"#0"},
"up":{"uv":[4.4,7.19375,10.4,8.00625],"texture":"#0"},
"north":{"uv":[5.6,8.59375,11.6,8.90625],"texture":"#0"},
"south":{"uv":[4.4,8.59375,10.4,8.90625],"texture":"#0"},
"east":{"uv":[7.99375,8.59375,8.80625,8.90625],"texture":"#0"}
}
},
{
"from":[20.4,6.8438,8.162499],
"to":[26.4,7.018798,8.516],
"rotation":{"origin":[20.4,6.84375,8.1625],"axis":"x","angle":-45},
"faces":{
"down":{"uv":[4.4,7.89025,10.4,8.24375],"texture":"#0"},
"up":{"uv":[4.4,7.75625,10.4,8.10975],"texture":"#0"},
"east":{"uv":[7.89025,8.98125,8.24375,9.15625],"texture":"#0"}
}
},
{
"from":[20.4,7.2312,7.6],
"to":[26.4,7.406199,7.9535],
"rotation":{"origin":[20.4,7.40625,7.6],"axis":"x","angle":-45},
"faces":{
"down":{"uv":[4.4,8.329042,10.4,8.682542],"texture":"#0"},
"up":{"uv":[4.4,7.317458,10.4,7.670959],"texture":"#0"},
"east":{"uv":[8.329041,8.542529,8.682542,8.717529],"texture":"#0"}
}
},
{
"from":[20.4,7.0938,7.6001],
"to":[26.4,7.268798,7.9536],
"rotation":{"origin":[20.4,7.09375,7.6],"axis":"x","angle":45},
"faces":{
"down":{"uv":[4.4,8.45275,10.4,8.80625],"texture":"#0"},
"up":{"uv":[4.4,7.19375,10.4,7.54725],"texture":"#0"},
"east":{"uv":[8.45275,8.73125,8.80625,8.90625],"texture":"#0"}
}
},
{
"from":[20.4,7.4812,8.162499],
"to":[26.4,7.656199,8.516],
"rotation":{"origin":[20.4,7.65625,8.1625],"axis":"x","angle":45},
"faces":{
"down":{"uv":[4.4,8.01403,10.4,8.367529],"texture":"#0"},
"up":{"uv":[4.4,7.632471,10.4,7.98597],"texture":"#0"},
"east":{"uv":[8.01403,8.292459,8.367529,8.467459],"texture":"#0"}
}
},
{
"from":[8.5736,2.3875,7.5062],
"to":[9.1986,2.6375,8.506201],
"faces":{
"down":{"uv":[8.573611,7.9,9.198611,8.9],"texture":"#0"},
"north":{"uv":[6.801389,13.3625,7.426389,13.6125],"texture":"#0"},
"south":{"uv":[8.573611,13.3625,9.198611,13.6125],"texture":"#0"},
"west":{"uv":[7.1,13.3625,8.1,13.6125],"texture":"#0"},
"east":{"uv":[7.9,13.3625,8.9,13.6125],"texture":"#0"}
}
},
{
"from":[8.275,6.9375,7.2063],
"to":[10.675,7.8375,7.356299],
"faces":{
"down":{"uv":[8.275,9.05,10.675,9.200001],"texture":"#0"},
"up":{"uv":[8.275,6.799999,10.675,6.95],"texture":"#0"},
"north":{"uv":[5.325,8.1625,7.725,9.0625],"texture":"#0"},
"east":{"uv":[9.05,8.1625,9.200001,9.0625],"texture":"#0"}
}
},
{
"from":[9.525,7.25,6.4563],
"to":[9.9,7.625,7.2063],
"faces":{
"down":{"uv":[9.525,9.200001,9.9,9.950001],"texture":"#0"},
"up":{"uv":[9.525,6.049999,9.9,6.799999],"texture":"#0"},
"north":{"uv":[6.1,8.375,6.475,8.75],"texture":"#0"},
"west":{"uv":[6.05,8.375,6.8,8.75],"texture":"#0"},
"east":{"uv":[9.200001,8.375,9.950001,8.75],"texture":"#0"}
}
},
{
"from":[10.7188,7.3124,9],
"to":[10.9063,8.15615,9.1875],
"rotation":{"origin":[10.7188,7.31245,9.1875],"axis":"x","angle":-22.5},
"faces":{
"down":{"uv":[8.88,7.861368,9.08,8.060369],"texture":"#0"},
"up":{"uv":[8.88,7.939631,9.08,8.138632],"texture":"#0"},
"north":{"uv":[6.92,7.898101,7.12,9.3981],"texture":"#0"},
"south":{"uv":[8.88,7.898101,9.08,9.3981],"texture":"#0"},
"west":{"uv":[7.939631,7.898101,8.138632,9.3981],"texture":"#0"},
"east":{"uv":[7.861369,7.898101,8.060369,9.3981],"texture":"#0"}
}
},
{
"from":[10.7188,7.9063,8.0212],
"to":[10.9063,8.0938,8.86495],
"rotation":{"origin":[10.71875,8.09375,8.865],"axis":"x","angle":45},
"faces":{
"down":{"uv":[7.12,9.3981,6.92,7.898101],"texture":"#0"},
"up":{"uv":[8.88,7.898101,9.08,9.3981],"texture":"#0"},
"north":{"uv":[9.08,8.138632,8.88,7.939631],"texture":"#0"},
"south":{"uv":[8.88,7.861368,9.08,8.060369],"texture":"#0"},
"west":{"uv":[7.939631,7.898101,8.138632,9.3981],"texture":"#0","rotation":270},
"east":{"uv":[7.861369,7.898101,8.060369,9.3981],"texture":"#0","rotation":90}
}
},
{
"from":[10.6562,7.7375,7.5062],
"to":[11.5937,8.393749,7.7562],
"rotation":{"origin":[10.6562,7.7375,7.5062],"axis":"x","angle":22.5},
"faces":{
"down":{"uv":[10.675,7.9,16,8.9],"texture":"#0"},
"up":{"uv":[10.675,7.1,16,8.1],"texture":"#0"},
"north":{"uv":[0,8.2625,5.325001,9.2625],"texture":"#0"},
"south":{"uv":[10.675,8.2625,16,9.2625],"texture":"#0"},
"west":{"uv":[7.1,8.2625,8.1,9.2625],"texture":"#0"},
"east":{"uv":[7.9,8.2625,8.9,9.2625],"texture":"#0"}
}
},
{
"from":[10.6562,7.7188,8.2562],
"to":[11.5937,8.37505,8.5062],
"rotation":{"origin":[10.6562,7.7188,8.5062],"axis":"x","angle":-22.5},
"faces":{
"down":{"uv":[10.675,7.9,16,8.9],"texture":"#0"},
"up":{"uv":[10.675,7.1,16,8.1],"texture":"#0"},
"north":{"uv":[0,8.2625,5.325001,9.2625],"texture":"#0"},
"south":{"uv":[10.675,8.2625,16,9.2625],"texture":"#0"},
"west":{"uv":[7.1,8.2625,8.1,9.2625],"texture":"#0"},
"east":{"uv":[7.9,8.2625,8.9,9.2625],"texture":"#0"}
}
}
],
"display":{
"thirdperson_righthand":{
"rotation":[180,90,-130],
"translation":[0,4,1],
"scale":[0.8,0.8,0.8]
},
"thirdperson_lefthand":{
"rotation":[180,-90,130],
"translation":[0,4,1],
"scale":[0.8,0.8,0.8]
},
"firstperson_righthand":{
"rotation":[0,90,0],
"translation":[-2.6,4.5,0]
},
"firstperson_lefthand":{
"rotation":[0,-90,0],
"translation":[-2.6,4.5,0]
},
"gui":{
"rotation":[-15,-140,0],
"translation":[2,0,0],
"scale":[0.6,0.6,0.6]
},
"head":{
"rotation":[0,90,0],
"translation":[0,12,0],
"scale":[0.6,0.6,0.6]
},
"ground":{
"rotation":[-90,0,0],
"translation":[-2,0,0],
"scale":[0.6,0.6,0.6]
},
"fixed":{
"rotation":[0,180,0],
"translation":[0,0,-1]
}
}
}