{
"elements":[
{
"from":[-7.3905,7.2784,7.7352],
"to":[-5.7655,7.7784,8.2352],
"faces":{
"down":{"uv":[9.375,7.75,11,8.25],"texture":"#brightwood","cullface":"west"},
"north":{"uv":[5,7.28125,6.625,7.78125],"texture":"#brightwood","cullface":"west"},
"south":{"uv":[9.375,7.28125,11,7.78125],"texture":"#brightwood","cullface":"west"},
"west":{"uv":[7.75,7.28125,8.25,7.78125],"texture":"#brightwood","cullface":"west"}
}
},
{
"from":[-10.0156,7.8397,7.7344],
"to":[-0.515604,8.308449,8.2344],
"faces":{
"down":{"uv":[0,7.75,0.25,8.25],"texture":"#brightwood","cullface":"west"},
"up":{"uv":[0,7.75,0.25,8.25],"texture":"#brightwood","cullface":"west"},
"north":{"uv":[15.75,6.75,16,7.21875],"texture":"#brightwood","cullface":"west"},
"south":{"uv":[0,6.75,0.25,7.21875],"texture":"#brightwood","cullface":"west"},
"west":{"uv":[7.75,6.75,8.25,7.21875],"texture":"#brightwood","cullface":"west"}
}
},
{
"from":[-0.5156,7.2144,7.485],
"to":[-0.2655999,8.339399,8.485001],
"faces":{
"down":{"uv":[0.25,7.5,0.5,8.5],"texture":"#brightwood","cullface":"west"},
"up":{"uv":[0.25,7.5,0.5,8.5],"texture":"#brightwood","cullface":"west"},
"north":{"uv":[15.5,6.71875,15.75,7.84375],"texture":"#brightwood","cullface":"west"},
"south":{"uv":[0.25,6.71875,0.5,7.84375],"texture":"#brightwood","cullface":"west"},
"west":{"uv":[7.5,6.71875,8.5,7.84375],"texture":"#brightwood","cullface":"west"}
}
},
{
"from":[-5.7974,7.2143,7.61],
"to":[-4.76615,8.3393,8.36],
"faces":{
"down":{"uv":[10.96875,7.625,12,8.375],"texture":"#brightwood","cullface":"west"},
"up":{"uv":[10.96875,7.625,12,8.375],"texture":"#brightwood","cullface":"west"},
"north":{"uv":[4,6.71875,5.03125,7.84375],"texture":"#brightwood","cullface":"west"},
"south":{"uv":[10.96875,6.71875,12,7.84375],"texture":"#brightwood","cullface":"west"},
"west":{"uv":[7.625,6.71875,8.375,7.84375],"texture":"#brightwood","cullface":"west"},
"east":{"uv":[7.625,6.71875,8.375,7.84375],"texture":"#brightwood","cullface":"west"}
}
},
{
"from":[-0.2659,7.2143,7.4525],
"to":[0.2341,8.339299,8.546249],
"faces":{
"down":{"uv":[0.5,7.4375,1,8.53125],"texture":"#planks_oak"},
"up":{"uv":[0.5,7.46875,1,8.5625],"texture":"#planks_oak"},
"north":{"uv":[15,6.71875,15.5,7.84375],"texture":"#planks_oak"},
"south":{"uv":[0.5,6.71875,1,7.84375],"texture":"#planks_oak"},
"west":{"uv":[7.46875,6.71875,8.5625,7.84375],"texture":"#planks_oak"},
"east":{"uv":[7.4375,6.71875,8.53125,7.84375],"texture":"#planks_oak"}
}
},
{
"from":[-0.0147,7.215,7.4225],
"to":[0.4853,8.0275,8.57875],
"faces":{
"down":{"uv":[0.75,7.40625,1.25,8.5625],"texture":"#planks_oak"},
"up":{"uv":[0.75,7.4375,1.25,8.59375],"texture":"#planks_oak"},
"north":{"uv":[14.75,7.03125,15.25,7.84375],"texture":"#planks_oak"},
"south":{"uv":[0.75,7.03125,1.25,7.84375],"texture":"#planks_oak"},
"east":{"uv":[7.40625,7.03125,8.5625,7.84375],"texture":"#planks_oak"}
}
},
{
"from":[0.4845,7.2155,7.3591],
"to":[3.890749,7.68425,8.6091],
"faces":{
"down":{"uv":[1.25,7.375,4.65625,8.625],"texture":"#planks_oak"},
"up":{"uv":[1.25,7.375,4.65625,8.625],"texture":"#planks_oak"},
"north":{"uv":[11.34375,7.375,14.75,7.84375],"texture":"#planks_oak"},
"south":{"uv":[1.25,7.375,4.65625,7.84375],"texture":"#planks_oak"},
"west":{"uv":[7.375,7.375,8.625,7.84375],"texture":"#planks_oak"},
"east":{"uv":[7.375,7.375,8.625,7.84375],"texture":"#brightwood"}
}
},
{
"from":[0.2353,7.7773,7.3914],
"to":[4.1728,8.3398,8.5789],
"faces":{
"down":{"uv":[1,7.40625,4.9375,8.59375],"texture":"#planks_oak"},
"up":{"uv":[1,7.40625,4.9375,8.59375],"texture":"#planks_oak"},
"north":{"uv":[11.0625,6.71875,15,7.28125],"texture":"#planks_oak"},
"south":{"uv":[1,6.71875,4.9375,7.28125],"texture":"#planks_oak"},
"west":{"uv":[7.40625,6.71875,8.59375,7.28125],"texture":"#planks_oak"},
"east":{"uv":[7.40625,6.71875,8.59375,7.28125],"texture":"#planks_oak"}
}
},
{
"from":[10.2345,6.6838,7.2338],
"to":[14.4845,7.6838,8.733799],
"faces":{
"down":{"uv":[11,7.25,15.25,8.75],"texture":"#planks_oak"},
"up":{"uv":[11,7.25,15.25,8.75],"texture":"#planks_oak"},
"north":{"uv":[0.75,7.375,5,8.375],"texture":"#planks_oak"},
"south":{"uv":[11,7.375,15.25,8.375],"texture":"#planks_oak"},
"west":{"uv":[7.25,7.375,8.75,8.375],"texture":"#planks_oak"},
"east":{"uv":[7.25,7.375,8.75,8.375],"texture":"#planks_oak"}
}
},
{
"from":[4.422,7.7773,7.3596],
"to":[4.8595,8.3398,8.609599],
"faces":{
"up":{"uv":[5.1875,7.375,5.625,8.625],"texture":"#planks_oak"},
"north":{"uv":[10.375,6.71875,10.8125,7.28125],"texture":"#planks_oak"},
"south":{"uv":[5.1875,6.71875,5.625,7.28125],"texture":"#planks_oak"},
"east":{"uv":[7.375,6.71875,8.625,7.28125],"texture":"#planks_oak"}
}
},
{
"from":[3.8593,7.6847,7.6087],
"to":[7.8593,8.1847,8.3587],
"faces":{
"down":{"uv":[4.625,7.625,8.625,8.375],"texture":"#brightwood"},
"up":{"uv":[4.625,7.625,8.625,8.375],"texture":"#brightwood"},
"north":{"uv":[7.375,6.875,11.375,7.375],"texture":"#brightwood"},
"south":{"uv":[4.625,6.875,8.625,7.375],"texture":"#brightwood"},
"east":{"uv":[7.625,6.875,8.375,7.375],"texture":"#brightwood"}
}
},
{
"from":[7.8608,7.6833,8.2351],
"to":[10.5171,8.1833,8.610101],
"faces":{
"down":{"uv":[8.625,7.375,11.2813,7.75],"texture":"#brightwood"},
"up":{"uv":[8.625,8.25,11.2813,8.625],"texture":"#brightwood"},
"south":{"uv":[8.625,6.875,11.2813,7.375],"texture":"#brightwood"},
"west":{"uv":[8.25,6.875,8.625,7.375],"texture":"#brightwood"},
"east":{"uv":[7.375,6.875,7.75,7.375],"texture":"#brightwood"}
}
},
{
"from":[10.7342,6.1846,7.2349],
"to":[11.8592,6.4346,8.7349],
"faces":{
"down":{"uv":[11.5,7.25,12.625,8.75],"texture":"#planks_oak"},
"north":{"uv":[3.375,8.625,4.5,8.875],"texture":"#planks_oak"},
"south":{"uv":[11.5,8.625,12.625,8.875],"texture":"#planks_oak"},
"west":{"uv":[7.25,8.625,8.75,8.875],"texture":"#planks_oak"}
}
},
{
"from":[9.6107,6.3081,7.2337],
"to":[10.7357,6.4331,8.7337],
"faces":{
"down":{"uv":[10.375,7.25,11.5,8.75],"texture":"#planks_oak"},
"north":{"uv":[4.5,8.625,5.625,8.75],"texture":"#planks_oak"},
"south":{"uv":[10.375,8.625,11.5,8.75],"texture":"#planks_oak"},
"west":{"uv":[7.25,8.625,8.75,8.75],"texture":"#planks_oak"}
}
},
{
"from":[11.8603,6.0587,7.2348],
"to":[14.7353,6.4337,8.7348],
"faces":{
"down":{"uv":[12.625,7.25,15.5,8.75],"texture":"#planks_oak"},
"up":{"uv":[12.625,7.25,15.5,8.75],"texture":"#planks_oak"},
"north":{"uv":[0.5,8.625,3.375,9],"texture":"#planks_oak"},
"south":{"uv":[12.625,8.625,15.5,9],"texture":"#planks_oak"},
"west":{"uv":[7.25,8.625,8.75,9],"texture":"#planks_oak"},
"east":{"uv":[7.25,8.625,8.75,9],"texture":"#planks_oak"}
}
},
{
"from":[8.1109,6.4347,7.2349],
"to":[14.1109,6.6847,8.7349],
"faces":{
"down":{"uv":[8.875,7.25,14.875,8.75],"texture":"#planks_oak"},
"up":{"uv":[8.875,7.25,14.875,8.75],"texture":"#brightwood"},
"north":{"uv":[1.125,8.375,7.125,8.625],"texture":"#planks_oak"},
"south":{"uv":[8.875,8.375,14.875,8.625],"texture":"#planks_oak"},
"west":{"uv":[7.25,8.375,8.75,8.625],"texture":"#planks_oak"},
"east":{"uv":[7.25,8.375,8.75,8.625],"texture":"#planks_oak"}
}
},
{
"from":[3.8605,6.9658,7.3273],
"to":[4.173,7.68455,8.639799],
"faces":{
"down":{"uv":[4.625,7.34375,4.9375,8.65625],"texture":"#planks_oak"},
"up":{"uv":[4.625,7.34375,4.9375,8.65625],"texture":"#planks_oak"},
"north":{"uv":[11.0625,7.375,11.375,8.09375],"texture":"#planks_oak"},
"south":{"uv":[4.625,7.375,4.9375,8.09375],"texture":"#planks_oak"},
"west":{"uv":[7.34375,7.375,8.65625,8.09375],"texture":"#planks_oak"}
}
},
{
"from":[7.2355,6.5592,7.2337],
"to":[8.110498,6.6842,8.7337],
"faces":{
"down":{"uv":[8,7.25,8.875,8.75],"texture":"#planks_oak"},
"north":{"uv":[7.125,8.375,8,8.5],"texture":"#planks_oak"},
"south":{"uv":[8,8.375,8.875,8.5],"texture":"#planks_oak"},
"west":{"uv":[7.25,8.375,8.75,8.5],"texture":"#planks_oak"}
}
},
{
"from":[7.8592,7.683,7.7338],
"to":[14.6717,8.183,8.2338],
"faces":{
"down":{"uv":[8.625,7.75,15.4375,8.25],"texture":"#lightgunmodel"},
"up":{"uv":[8.625,7.75,15.4375,8.25],"texture":"#lightgunmodel"},
"north":{"uv":[0.5625,6.875,7.375,7.375],"texture":"#lightgunmodel"},
"south":{"uv":[8.625,6.875,15.4375,7.375],"texture":"#lightgunmodel"},
"east":{"uv":[7.75,6.875,8.25,7.375],"texture":"#lightgunmodel"}
}
},
{
"from":[14.48,6.4755,7.234],
"to":[16.93,7.663,8.733999],
"rotation":{"origin":[14.5318,7.662626,7.234375],"axis":"z","angle":-22.5},
"faces":{
"down":{"uv":[14.76436,7.25,16,8.75],"texture":"#planks_oak","cullface":"east"},
"up":{"uv":[14.76436,7.25,16,8.75],"texture":"#planks_oak","cullface":"east"},
"north":{"uv":[2.5,8,3.735637,9.1875],"texture":"#planks_oak","cullface":"east"},
"south":{"uv":[2.5,8,3.735637,9.1875],"texture":"#planks_oak","cullface":"east"},
"east":{"uv":[7.25,7.284607,8.75,8.472107],"texture":"#planks_oak","cullface":"east"}
}
},
{
"from":[14.6274,4.0767,7.2349],
"to":[15.8774,6.2642,8.7349],
"rotation":{"origin":[14.53175,6.262001,7.234375],"axis":"z","angle":22.5},
"faces":{
"up":{"uv":[0.2121201,7.25,1.46212,8.75],"texture":"#planks_oak","cullface":"east"},
"north":{"uv":[14.53788,8.583487,15.78788,10.77099],"texture":"#planks_oak","cullface":"east"},
"south":{"uv":[0,8,1.25,10.1875],"texture":"#planks_oak","cullface":"east"},
"west":{"uv":[7.25,8.583487,8.75,10.77099],"texture":"#planks_oak","cullface":"east"},
"east":{"uv":[7.25,8.583487,8.75,10.77099],"texture":"#planks_oak","cullface":"east"}
}
},
{
"from":[15.4534,4.277,7.235],
"to":[16.5784,4.777,8.734999],
"faces":{
"down":{"uv":[0.2187996,7.25,1.3438,8.75],"texture":"#planks_oak","cullface":"east"},
"up":{"uv":[0.2187996,7.25,1.3438,8.75],"texture":"#planks_oak","cullface":"east"},
"north":{"uv":[14.6562,10.28125,15.7812,10.78125],"texture":"#planks_oak","cullface":"east"},
"south":{"uv":[0.2187996,10.28125,1.3438,10.78125],"texture":"#planks_oak","cullface":"east"},
"west":{"uv":[7.25,10.28125,8.75,10.78125],"texture":"#planks_oak","cullface":"east"}
}
},
{
"from":[16.0475,4.309,7.2351],
"to":[24.11,6.7465,8.7351],
"faces":{
"down":{"uv":[0.8125,7.25,8.875,8.75],"texture":"#planks_oak","cullface":"east"},
"up":{"uv":[0.8125,7.25,8.875,8.75],"texture":"#planks_oak","cullface":"east"},
"north":{"uv":[7.125,8.3125,15.1875,10.75],"texture":"#planks_oak","cullface":"east"},
"south":{"uv":[0.8125,8.3125,8.875,10.75],"texture":"#planks_oak","cullface":"east"},
"west":{"uv":[7.25,8.3125,8.75,10.75],"texture":"#planks_oak","cullface":"east"},
"east":{"uv":[7.25,8.3125,8.75,10.75],"texture":"#planks_oak","cullface":"east"}
}
},
{
"from":[16.5788,4.1835,7.2335],
"to":[17.735,4.3085,8.7335],
"faces":{
"down":{"uv":[1.3438,7.25,2.5,8.75],"texture":"#planks_oak","cullface":"east"},
"north":{"uv":[13.5,10.75,14.6562,10.875],"texture":"#planks_oak","cullface":"east"},
"south":{"uv":[1.3438,10.75,2.5,10.875],"texture":"#planks_oak","cullface":"east"},
"west":{"uv":[7.25,10.75,8.75,10.875],"texture":"#planks_oak","cullface":"east"}
}
},
{
"from":[17.2352,4.0584,7.2343],
"to":[17.7352,4.1834,8.734299],
"faces":{
"down":{"uv":[2,7.25,2.5,8.75],"texture":"#planks_oak","cullface":"east"},
"north":{"uv":[13.5,10.875,14,11],"texture":"#planks_oak","cullface":"east"},
"south":{"uv":[2,10.875,2.5,11],"texture":"#planks_oak","cullface":"east"},
"west":{"uv":[7.25,10.875,8.75,11],"texture":"#planks_oak","cullface":"east"}
}
},
{
"from":[17.7348,3.9338,7.2341],
"to":[18.7348,4.0588,8.7341],
"faces":{
"down":{"uv":[2.5,7.25,3.5,8.75],"texture":"#planks_oak","cullface":"east"},
"north":{"uv":[12.5,11,13.5,11.125],"texture":"#planks_oak","cullface":"east"},
"south":{"uv":[2.5,11,3.5,11.125],"texture":"#planks_oak","cullface":"east"},
"west":{"uv":[7.25,11,8.75,11.125],"texture":"#planks_oak","cullface":"east"}
}
},
{
"from":[18.2344,3.8091,7.235],
"to":[18.7344,3.9341,8.734999],
"faces":{
"down":{"uv":[3,7.25,3.5,8.75],"texture":"#planks_oak","cullface":"east"},
"north":{"uv":[12.5,11.125,13,11.25],"texture":"#planks_oak","cullface":"east"},
"south":{"uv":[3,11.125,3.5,11.25],"texture":"#planks_oak","cullface":"east"},
"west":{"uv":[7.25,11.125,8.75,11.25],"texture":"#planks_oak","cullface":"east"}
}
},
{
"from":[18.7351,3.683,7.2347],
"to":[19.7351,3.808,8.734699],
"faces":{
"down":{"uv":[3.5,7.25,4.5,8.75],"texture":"#planks_oak","cullface":"east"},
"north":{"uv":[11.5,11.25,12.5,11.375],"texture":"#planks_oak","cullface":"east"},
"south":{"uv":[3.5,11.25,4.5,11.375],"texture":"#planks_oak","cullface":"east"},
"west":{"uv":[7.25,11.25,8.75,11.375],"texture":"#planks_oak","cullface":"east"}
}
},
{
"from":[19.2347,3.5592,7.2334],
"to":[19.7347,3.6842,8.7334],
"faces":{
"down":{"uv":[4,7.25,4.5,8.75],"texture":"#planks_oak","cullface":"east"},
"north":{"uv":[11.5,11.375,12,11.5],"texture":"#planks_oak","cullface":"east"},
"south":{"uv":[4,11.375,4.5,11.5],"texture":"#planks_oak","cullface":"east"},
"west":{"uv":[7.25,11.375,8.75,11.5],"texture":"#planks_oak","cullface":"east"}
}
},
{
"from":[19.7354,3.433,7.2341],
"to":[20.7354,3.558,8.734099],
"faces":{
"down":{"uv":[4.5,7.25,5.5,8.75],"texture":"#planks_oak","cullface":"east"},
"north":{"uv":[10.5,11.5,11.5,11.625],"texture":"#planks_oak","cullface":"east"},
"south":{"uv":[4.5,11.5,5.5,11.625],"texture":"#planks_oak","cullface":"east"},
"west":{"uv":[7.25,11.5,8.75,11.625],"texture":"#planks_oak","cullface":"east"}
}
},
{
"from":[20.2346,3.3095,7.2342],
"to":[20.7346,3.4345,8.7342],
"faces":{
"down":{"uv":[5,7.25,5.5,8.75],"texture":"#planks_oak","cullface":"east"},
"north":{"uv":[10.5,11.625,11,11.75],"texture":"#planks_oak","cullface":"east"},
"south":{"uv":[5,11.625,5.5,11.75],"texture":"#planks_oak","cullface":"east"},
"west":{"uv":[7.25,11.625,8.75,11.75],"texture":"#planks_oak","cullface":"east"}
}
},
{
"from":[20.7342,3.1849,7.2334],
"to":[21.7342,3.3099,8.733398],
"faces":{
"down":{"uv":[5.5,7.25,6.5,8.75],"texture":"#planks_oak","cullface":"east"},
"north":{"uv":[9.5,11.75,10.5,11.875],"texture":"#planks_oak","cullface":"east"},
"south":{"uv":[5.5,11.75,6.5,11.875],"texture":"#planks_oak","cullface":"east"},
"west":{"uv":[7.25,11.75,8.75,11.875],"texture":"#planks_oak","cullface":"east"}
}
},
{
"from":[17.7343,4.0588,7.234],
"to":[18.7343,4.3088,8.733999],
"faces":{
"north":{"uv":[12.5,10.75,13.5,11],"texture":"#planks_oak","cullface":"east"},
"south":{"uv":[2.5,10.75,3.5,11],"texture":"#planks_oak","cullface":"east"},
"west":{"uv":[7.25,10.75,8.75,11],"texture":"#planks_oak","cullface":"east"}
}
},
{
"from":[19.7343,3.8094,7.235],
"to":[24.1093,4.3094,8.734999],
"faces":{
"down":{"uv":[4.5,7.25,8.875,8.75],"texture":"#planks_oak","cullface":"east"},
"north":{"uv":[7.125,10.75,11.5,11.25],"texture":"#planks_oak","cullface":"east"},
"south":{"uv":[4.5,10.75,8.875,11.25],"texture":"#planks_oak","cullface":"east"},
"east":{"uv":[7.25,10.75,8.75,11.25],"texture":"#planks_oak","cullface":"east"}
}
},
{
"from":[19.734,3.5589,7.2335],
"to":[20.734,3.8089,8.7335],
"faces":{
"north":{"uv":[10.5,11.25,11.5,11.5],"texture":"#planks_oak","cullface":"east"},
"south":{"uv":[4.5,11.25,5.5,11.5],"texture":"#planks_oak","cullface":"east"},
"west":{"uv":[7.25,11.25,8.75,11.5],"texture":"#planks_oak","cullface":"east"}
}
},
{
"from":[22.7348,2.8081,7.2349],
"to":[23.2348,3.0581,8.7349],
"faces":{
"north":{"uv":[8,12,8.5,12.25],"texture":"#planks_oak","cullface":"east"},
"south":{"uv":[7.5,12,8,12.25],"texture":"#planks_oak","cullface":"east"},
"west":{"uv":[7.25,12,8.75,12.25],"texture":"#planks_oak","cullface":"east"}
}
},
{
"from":[21.2358,3.0586,7.234],
"to":[21.7358,3.1836,8.734],
"faces":{
"down":{"uv":[6,7.25,6.5,8.75],"texture":"#planks_oak","cullface":"east"},
"north":{"uv":[9.5,11.875,10,12],"texture":"#planks_oak","cullface":"east"},
"south":{"uv":[6,11.875,6.5,12],"texture":"#planks_oak","cullface":"east"},
"west":{"uv":[7.25,11.875,8.75,12],"texture":"#planks_oak","cullface":"east"}
}
},
{
"from":[21.7358,2.9348,7.2334],
"to":[22.7358,3.0598,8.7334],
"faces":{
"down":{"uv":[6.5,7.25,7.5,8.75],"texture":"#planks_oak","cullface":"east"},
"north":{"uv":[8.5,12,9.5,12.125],"texture":"#planks_oak","cullface":"east"},
"south":{"uv":[6.5,12,7.5,12.125],"texture":"#planks_oak","cullface":"east"},
"west":{"uv":[7.25,12,8.75,12.125],"texture":"#planks_oak","cullface":"east"}
}
},
{
"from":[22.2356,2.8095,7.2349],
"to":[22.7356,2.9345,8.7349],
"faces":{
"down":{"uv":[7,7.25,7.5,8.75],"texture":"#planks_oak","cullface":"east"},
"north":{"uv":[8.5,12.125,9,12.25],"texture":"#planks_oak","cullface":"east"},
"south":{"uv":[7,12.125,7.5,12.25],"texture":"#planks_oak","cullface":"east"},
"west":{"uv":[7.25,12.125,8.75,12.25],"texture":"#planks_oak","cullface":"east"}
}
},
{
"from":[22.7355,2.6835,7.2343],
"to":[23.2355,2.8085,8.734301],
"faces":{
"down":{"uv":[7.5,7.25,8,8.75],"texture":"#planks_oak","cullface":"east"},
"north":{"uv":[8,12.25,8.5,12.375],"texture":"#planks_oak","cullface":"east"},
"south":{"uv":[7.5,12.25,8,12.375],"texture":"#planks_oak","cullface":"east"},
"west":{"uv":[7.25,12.25,8.75,12.375],"texture":"#planks_oak","cullface":"east"}
}
},
{
"from":[18.7346,3.8084,7.2352],
"to":[19.7346,4.3084,8.7352],
"faces":{
"north":{"uv":[11.5,10.75,12.5,11.25],"texture":"#planks_oak","cullface":"east"},
"south":{"uv":[3.5,10.75,4.5,11.25],"texture":"#planks_oak","cullface":"east"},
"west":{"uv":[7.25,10.75,8.75,11.25],"texture":"#planks_oak","cullface":"east"}
}
},
{
"from":[20.734,3.3097,7.2345],
"to":[21.734,3.8097,8.734499],
"faces":{
"north":{"uv":[9.5,11.25,10.5,11.75],"texture":"#planks_oak","cullface":"east"},
"south":{"uv":[5.5,11.25,6.5,11.75],"texture":"#planks_oak","cullface":"east"},
"west":{"uv":[7.25,11.25,8.75,11.75],"texture":"#planks_oak","cullface":"east"}
}
},
{
"from":[21.735,3.0583,7.2334],
"to":[23.985,3.8083,8.7334],
"faces":{
"down":{"uv":[6.5,7.25,8.75,8.75],"texture":"#planks_oak","cullface":"east"},
"north":{"uv":[7.25,11.25,9.5,12],"texture":"#planks_oak","cullface":"east"},
"south":{"uv":[6.5,11.25,8.75,12],"texture":"#planks_oak","cullface":"east"},
"west":{"uv":[7.25,11.25,8.75,12],"texture":"#planks_oak","cullface":"east"},
"east":{"uv":[7.25,11.25,8.75,12],"texture":"#planks_oak","cullface":"east"}
}
},
{
"from":[24.1099,4.9965,7.2339],
"to":[24.2349,6.7465,8.7339],
"faces":{
"down":{"uv":[8.875,7.25,9,8.75],"texture":"#planks_oak","cullface":"east"},
"up":{"uv":[8.875,7.25,9,8.75],"texture":"#planks_oak","cullface":"east"},
"north":{"uv":[7,8.3125,7.125,10.0625],"texture":"#planks_oak","cullface":"east"},
"south":{"uv":[8.875,8.3125,9,10.0625],"texture":"#planks_oak","cullface":"east"},
"east":{"uv":[7.25,8.3125,8.75,10.0625],"texture":"#planks_oak","cullface":"east"}
}
},
{
"from":[17.1174,6.2427,7.2338],
"to":[17.7549,6.7427,8.7338],
"rotation":{"origin":[17.09475,6.742751,7.234375],"axis":"z","angle":22.5},
"faces":{
"up":{"uv":[2.081341,7.25,2.706341,8.75],"texture":"#planks_oak","cullface":"east"},
"north":{"uv":[13.29366,8.26444,13.91866,8.76444],"texture":"#planks_oak","cullface":"east"},
"south":{"uv":[2.081341,8.26444,2.706341,8.76444],"texture":"#planks_oak","cullface":"east"},
"east":{"uv":[7.25,8.26444,8.75,8.76444],"texture":"#planks_oak","cullface":"east"}
}
},
{
"from":[14.1446,6.013,7.2349],
"to":[15.3946,6.638,8.7349],
"rotation":{"origin":[14.17237,6.637001,7.234375],"axis":"z","angle":-22.5},
"faces":{
"down":{"uv":[14.51082,7.25,15.76082,8.75],"texture":"#planks_oak"},
"up":{"uv":[14.51082,7.25,15.76082,8.75],"texture":"#planks_oak"},
"north":{"uv":[0.2391768,8.327425,1.489177,8.952425],"texture":"#planks_oak"},
"south":{"uv":[14.51082,8.327425,15.76082,8.952425],"texture":"#planks_oak"},
"west":{"uv":[7.25,8.327425,8.75,8.952425],"texture":"#planks_oak"},
"east":{"uv":[7.25,8.327425,8.75,8.952425],"texture":"#planks_oak","cullface":"east"}
}
},
{
"from":[13.6729,5.6834,7.4852],
"to":[13.7979,6.1834,8.485201],
"faces":{
"down":{"uv":[14.4375,7.5,14.5625,8.5],"texture":"#brightwood"},
"north":{"uv":[1.4375,8.875,1.5625,9.375],"texture":"#lightgunmodel"},
"south":{"uv":[14.4375,8.875,14.5625,9.375],"texture":"#lightgunmodel"},
"west":{"uv":[7.5,8.875,8.5,9.375],"texture":"#lightgunmodel"},
"east":{"uv":[7.5,8.875,8.5,9.375],"texture":"#lightgunmodel"}
}
},
{
"from":[13.7282,5.4656,7.4841],
"to":[13.8532,5.7156,8.4841],
"rotation":{"origin":[13.7455,5.840126,7.484375],"axis":"z","angle":-22.5},
"faces":{
"down":{"uv":[14.35649,7.5,14.48149,8.5],"texture":"#lightgunmodel"},
"north":{"uv":[1.518506,9.298955,1.643506,9.548955],"texture":"#lightgunmodel"},
"south":{"uv":[14.35649,9.298955,14.48149,9.548955],"texture":"#lightgunmodel"},
"west":{"uv":[7.5,9.298955,8.5,9.548955],"texture":"#lightgunmodel"},
"east":{"uv":[7.5,9.298955,8.5,9.548955],"texture":"#lightgunmodel"}
}
},
{
"from":[12.4215,5.5269,7.4853],
"to":[12.5465,6.05815,8.485299],
"faces":{
"down":{"uv":[13.1875,7.5,13.3125,8.5],"texture":"#lightgunmodel"},
"north":{"uv":[2.6875,9,2.8125,9.53125],"texture":"#lightgunmodel"},
"south":{"uv":[13.1875,9,13.3125,9.53125],"texture":"#lightgunmodel"},
"west":{"uv":[7.5,9,8.5,9.53125],"texture":"#lightgunmodel"},
"east":{"uv":[7.5,9,8.5,9.53125],"texture":"#lightgunmodel"}
}
},
{
"from":[12.3837,5.3698,7.4839],
"to":[12.5087,5.519801,8.4839],
"rotation":{"origin":[12.373,5.620125,7.484375],"axis":"z","angle":22.5},
"faces":{
"down":{"uv":[13.25192,7.5,13.37692,8.5],"texture":"#lightgunmodel"},
"up":{"uv":[13.25192,7.5,13.37692,8.5],"texture":"#lightgunmodel"},
"north":{"uv":[2.623079,9.51972,2.748079,9.66972],"texture":"#lightgunmodel"},
"south":{"uv":[13.25192,9.51972,13.37692,9.66972],"texture":"#lightgunmodel"},
"west":{"uv":[7.5,9.51972,8.5,9.66972],"texture":"#lightgunmodel"},
"east":{"uv":[7.5,9.51972,8.5,9.66972],"texture":"#lightgunmodel"}
}
},
{
"from":[12.5014,5.122,7.4835],
"to":[12.6264,5.401999,8.4835],
"rotation":{"origin":[12.50055,5.371376,7.484375],"axis":"z","angle":45},
"faces":{
"down":{"uv":[13.45308,7.5,13.57808,8.5],"texture":"#lightgunmodel"},
"up":{"uv":[13.45308,7.5,13.57808,8.5],"texture":"#lightgunmodel"},
"north":{"uv":[2.421923,9.589277,2.546923,9.869277],"texture":"#lightgunmodel"},
"south":{"uv":[13.45308,9.589277,13.57808,9.869277],"texture":"#lightgunmodel"},
"west":{"uv":[7.5,9.589277,8.5,9.869277],"texture":"#lightgunmodel"},
"east":{"uv":[7.5,9.589277,8.5,9.869277],"texture":"#lightgunmodel"}
}
},
{
"from":[12.7241,5.1819,7.4846],
"to":[12.9741,5.3069,8.4846],
"rotation":{"origin":[12.72987,5.306376,7.484375],"axis":"z","angle":-22.5},
"faces":{
"down":{"uv":[13.44716,7.5,13.69716,8.5],"texture":"#lightgunmodel"},
"up":{"uv":[13.44716,7.5,13.69716,8.5],"texture":"#lightgunmodel"},
"north":{"uv":[2.302835,9.740484,2.552835,9.865484],"texture":"#lightgunmodel"},
"south":{"uv":[13.44716,9.740484,13.69716,9.865484],"texture":"#lightgunmodel"},
"west":{"uv":[7.5,9.740484,8.5,9.865484],"texture":"#lightgunmodel"}
}
},
{
"from":[13.5668,5.1213,7.4848],
"to":[13.6918,5.5713,8.484799],
"rotation":{"origin":[13.56738,5.496376,7.484375],"axis":"z","angle":-45},
"faces":{
"down":{"uv":[14.06734,7.5,14.19234,8.5],"texture":"#lightgunmodel"},
"up":{"uv":[14.06734,7.5,14.19234,8.5],"texture":"#lightgunmodel"},
"north":{"uv":[1.807665,9.377665,1.932665,9.827665],"texture":"#lightgunmodel"},
"south":{"uv":[14.06734,9.377665,14.19234,9.827665],"texture":"#lightgunmodel"},
"west":{"uv":[7.5,9.377665,8.5,9.827665],"texture":"#lightgunmodel"},
"east":{"uv":[7.5,9.377665,8.5,9.827665],"texture":"#lightgunmodel"}
}
},
{
"from":[13.2264,5.0862,7.485],
"to":[13.3514,5.2112,8.484999],
"rotation":{"origin":[13.22177,5.210125,7.484375],"axis":"z","angle":22.5},
"faces":{
"down":{"uv":[14.04284,7.5,14.16784,8.5],"texture":"#lightgunmodel"},
"up":{"uv":[14.04284,7.5,14.16784,8.5],"texture":"#lightgunmodel"},
"north":{"uv":[1.832165,9.836735,1.957165,9.961735],"texture":"#lightgunmodel"},
"south":{"uv":[14.04284,9.836735,14.16784,9.961735],"texture":"#lightgunmodel"},
"west":{"uv":[7.5,9.836735,8.5,9.961735],"texture":"#lightgunmodel"},
"east":{"uv":[7.5,9.836735,8.5,9.961735],"texture":"#lightgunmodel"}
}
},
{
"from":[12.9114,5.0951,7.4843],
"to":[13.2739,5.2201,8.4843],
"faces":{
"down":{"uv":[13.6775,7.5,14.04,8.5],"texture":"#lightgunmodel"},
"up":{"uv":[13.6775,7.5,14.04,8.5],"texture":"#lightgunmodel"},
"north":{"uv":[1.96,9.83875,2.3225,9.96375],"texture":"#lightgunmodel"},
"south":{"uv":[13.6775,9.83875,14.04,9.96375],"texture":"#lightgunmodel"},
"west":{"uv":[7.5,9.83875,8.5,9.96375],"texture":"#lightgunmodel"},
"east":{"uv":[7.5,9.83875,8.5,9.96375],"texture":"#lightgunmodel"}
}
},
{
"from":[13.0691,5.8399,7.6096],
"to":[13.1941,6.3399,8.3596],
"rotation":{"origin":[13.04737,6.340126,7.609375],"axis":"z","angle":22.5},
"faces":{
"north":{"uv":[1.871159,8.68069,1.996159,9.18069],"texture":"#lightgunmodel"},
"south":{"uv":[14.00384,8.68069,14.12884,9.18069],"texture":"#lightgunmodel"},
"west":{"uv":[7.625,8.68069,8.375,9.18069],"texture":"#lightgunmodel"},
"east":{"uv":[7.625,8.68069,8.375,9.18069],"texture":"#lightgunmodel"}
}
},
{
"from":[13.2427,5.6573,7.6098],
"to":[13.3677,5.93855,8.3598],
"faces":{
"down":{"uv":[13.9925,7.625,14.1175,8.375],"texture":"#lightgunmodel"},
"up":{"uv":[13.9925,7.625,14.1175,8.375],"texture":"#lightgunmodel"},
"north":{"uv":[1.8825,9.135,2.0075,9.41625],"texture":"#lightgunmodel"},
"south":{"uv":[13.9925,9.135,14.1175,9.41625],"texture":"#lightgunmodel"},
"west":{"uv":[7.625,9.135,8.375,9.41625],"texture":"#lightgunmodel"},
"east":{"uv":[7.625,9.135,8.375,9.41625],"texture":"#lightgunmodel"}
}
},
{
"from":[13.2539,5.4289,7.61],
"to":[13.3789,5.71015,8.36],
"rotation":{"origin":[13.26612,5.710751,7.609375],"axis":"z","angle":-22.5},
"faces":{
"down":{"uv":[13.89237,7.625,14.01737,8.375],"texture":"#lightgunmodel"},
"north":{"uv":[1.98263,9.34234,2.10763,9.62359],"texture":"#lightgunmodel"},
"south":{"uv":[13.89237,9.34234,14.01737,9.62359],"texture":"#lightgunmodel"},
"west":{"uv":[7.625,9.34234,8.375,9.62359],"texture":"#lightgunmodel"},
"east":{"uv":[7.625,9.34234,8.375,9.62359],"texture":"#lightgunmodel"}
}
},
{
"from":[-9.422,8.308,7.7968],
"to":[-8.82825,8.7455,7.9218],
"faces":{
"up":{"uv":[7.34375,7.8125,7.9375,7.9375],"texture":"#brightwood","cullface":"west"},
"north":{"uv":[8.0625,6.3125,8.65625,6.75],"texture":"#brightwood","cullface":"west"},
"south":{"uv":[7.34375,6.3125,7.9375,6.75],"texture":"#brightwood","cullface":"west"},
"west":{"uv":[7.8125,6.3125,7.9375,6.75],"texture":"#brightwood","cullface":"west"},
"east":{"uv":[8.0625,6.3125,8.1875,6.75],"texture":"#brightwood","cullface":"west"}
}
},
{
"from":[-9.422299,8.309,8.0783],
"to":[-8.828549,8.7465,8.2033],
"faces":{
"up":{"uv":[7.34375,8.09375,7.9375,8.21875],"texture":"#brightwood","cullface":"west"},
"north":{"uv":[8.0625,6.3125,8.65625,6.75],"texture":"#brightwood","cullface":"west"},
"south":{"uv":[7.34375,6.3125,7.9375,6.75],"texture":"#brightwood","cullface":"west"},
"west":{"uv":[8.09375,6.3125,8.21875,6.75],"texture":"#brightwood","cullface":"west"},
"east":{"uv":[7.78125,6.3125,7.90625,6.75],"texture":"#brightwood","cullface":"west"}
}
},
{
"from":[-9.4215,8.3096,7.8911],
"to":[-8.81213,8.6221,8.0786],
"faces":{
"up":{"uv":[7.34375,7.90625,7.95312,8.09375],"texture":"#brightwood","cullface":"west"},
"west":{"uv":[7.90625,6.4375,8.09375,6.75],"texture":"#brightwood","cullface":"west"},
"east":{"uv":[7.90625,6.4375,8.09375,6.75],"texture":"#brightwood","cullface":"west"}
}
},
{
"from":[5.2349,6.8081,7.234],
"to":[6.1099,6.96435,8.734],
"faces":{
"down":{"uv":[6,7.25,6.875,8.75],"texture":"#planks_oak"},
"north":{"uv":[9.125,8.09375,10,8.25],"texture":"#planks_oak"},
"south":{"uv":[6,8.09375,6.875,8.25],"texture":"#planks_oak"},
"west":{"uv":[7.25,8.09375,8.75,8.25],"texture":"#planks_oak"}
}
},
{
"from":[-4.7656,7.2158,7.6091],
"to":[-0.5155997,7.8408,8.3591],
"faces":{
"down":{"uv":[1.5,7.5,1.75,8.25],"texture":"#planks_oak","cullface":"west"},
"up":{"uv":[0.5,7.5,0.75,8.25],"texture":"#planks_oak","cullface":"west"},
"north":{"uv":[3,7,6.5,8],"texture":"#planks_oak","cullface":"west"},
"south":{"uv":[3,7,6.5,8],"texture":"#planks_oak","cullface":"west"}
}
},
{
"from":[23.2357,2.6846,7.2336],
"to":[23.892,3.0596,8.7336],
"faces":{
"down":{"uv":[8,7.25,8.6563,8.75],"texture":"#planks_oak","cullface":"east"},
"north":{"uv":[7.3437,12,8,12.375],"texture":"#planks_oak","cullface":"east"},
"south":{"uv":[8,12,8.6563,12.375],"texture":"#planks_oak","cullface":"east"},
"west":{"uv":[7.25,12,8.75,12.375],"texture":"#planks_oak","cullface":"east"},
"east":{"uv":[7.25,12,8.75,12.375],"texture":"#planks_oak","cullface":"east"}
}
},
{
"from":[23.2343,2.5596,7.2347],
"to":[23.7343,2.6846,8.734699],
"faces":{
"down":{"uv":[8,7.25,8.5,8.75],"texture":"#planks_oak","cullface":"east"},
"north":{"uv":[7.5,12.375,8,12.5],"texture":"#planks_oak","cullface":"east"},
"south":{"uv":[8,12.375,8.5,12.5],"texture":"#planks_oak","cullface":"east"},
"west":{"uv":[7.25,12.375,8.75,12.5],"texture":"#planks_oak","cullface":"east"},
"east":{"uv":[7.25,12.375,8.75,12.5],"texture":"#planks_oak","cullface":"east"}
}
},
{
"from":[7.8606,7.6833,7.36],
"to":[10.5169,8.1833,7.735],
"faces":{
"down":{"uv":[8.625,8.25,11.2813,8.625],"texture":"#brightwood"},
"up":{"uv":[8.625,7.375,11.2813,7.75],"texture":"#brightwood"},
"north":{"uv":[4.7187,6.875,7.375,7.375],"texture":"#brightwood"},
"west":{"uv":[7.375,6.875,7.75,7.375],"texture":"#brightwood"},
"east":{"uv":[8.25,6.875,8.625,7.375],"texture":"#brightwood"}
}
},
{
"from":[12.5777,7.6832,7.3592],
"to":[13.2027,8.183199,7.7342],
"faces":{
"up":{"uv":[13.3438,7.375,13.9688,7.75],"texture":"#brightwood"},
"north":{"uv":[2.0312,6.875,2.6562,7.375],"texture":"#brightwood"},
"west":{"uv":[7.375,6.875,7.75,7.375],"texture":"#brightwood"},
"east":{"uv":[8.25,6.875,8.625,7.375],"texture":"#brightwood"}
}
},
{
"from":[12.5784,7.6845,8.2346],
"to":[14.2034,8.1845,8.6096],
"faces":{
"up":{"uv":[13.3438,8.25,14.9688,8.625],"texture":"#brightwood"},
"south":{"uv":[13.3438,6.875,14.9688,7.375],"texture":"#brightwood"},
"west":{"uv":[8.25,6.875,8.625,7.375],"texture":"#brightwood"},
"east":{"uv":[7.375,6.875,7.75,7.375],"texture":"#brightwood"}
}
},
{
"from":[13.267,7.841,6.796],
"to":[13.517,8.091,7.7335],
"faces":{
"down":{"uv":[14.0313,8.25,14.2813,9.1875],"texture":"#lightgunmodel"},
"up":{"uv":[14.0313,6.8125,14.2813,7.75],"texture":"#lightgunmodel"},
"west":{"uv":[6.8125,6.96875,7.75,7.21875],"texture":"#lightgunmodel"},
"east":{"uv":[8.25,6.96875,9.1875,7.21875],"texture":"#lightgunmodel"}
}
},
{
"from":[14.423,7.9963,8.2349],
"to":[14.673,8.1213,8.45365],
"faces":{
"down":{"uv":[15.1875,7.53125,15.4375,7.75],"texture":"#lightgunmodel"},
"up":{"uv":[15.1875,8.25,15.4375,8.46875],"texture":"#lightgunmodel"},
"south":{"uv":[15.1875,6.9375,15.4375,7.0625],"texture":"#lightgunmodel"},
"west":{"uv":[8.25,6.9375,8.46875,7.0625],"texture":"#lightgunmodel"},
"east":{"uv":[7.53125,6.9375,7.75,7.0625],"texture":"#lightgunmodel"}
}
},
{
"from":[13.1408,7.7463,6.2967],
"to":[13.6408,8.2463,6.7967],
"faces":{
"down":{"uv":[13.90625,9.1875,14.40625,9.6875],"texture":"#lightgunmodel"},
"up":{"uv":[13.90625,6.3125,14.40625,6.8125],"texture":"#lightgunmodel"},
"north":{"uv":[1.59375,6.8125,2.09375,7.3125],"texture":"#lightgunmodel"},
"south":{"uv":[13.90625,6.8125,14.40625,7.3125],"texture":"#lightgunmodel"},
"west":{"uv":[6.3125,6.8125,6.8125,7.3125],"texture":"#lightgunmodel"},
"east":{"uv":[9.1875,6.8125,9.6875,7.3125],"texture":"#lightgunmodel"}
}
},
{
"from":[7.8605,8.1831,7.7338],
"to":[10.5168,8.3081,8.2338],
"faces":{
"up":{"uv":[8.625,7.75,11.2813,8.25],"texture":"#brightwood"},
"north":{"uv":[4.7187,6.75,7.375,6.875],"texture":"#brightwood"},
"south":{"uv":[8.625,6.75,11.2813,6.875],"texture":"#brightwood"},
"west":{"uv":[7.75,6.75,8.25,6.875],"texture":"#brightwood"},
"east":{"uv":[7.75,6.75,8.25,6.875],"texture":"#brightwood"}
}
},
{
"from":[4.86,8.1847,7.703],
"to":[7.45375,8.3722,8.296749],
"faces":{
"up":{"uv":[5.625,7.71875,8.21875,8.3125],"texture":"#brightwood"},
"north":{"uv":[7.78125,6.6875,10.375,6.875],"texture":"#brightwood"},
"south":{"uv":[5.625,6.6875,8.21875,6.875],"texture":"#brightwood"},
"east":{"uv":[7.6875,6.6875,8.28125,6.875],"texture":"#brightwood"}
}
},
{
"from":[4.1726,7.7771,7.3591],
"to":[4.4226,8.3396,8.609099],
"faces":{
"down":{"uv":[4.9375,7.375,5.1875,8.625],"texture":"#planks_oak"},
"up":{"uv":[4.9375,7.375,5.1875,8.625],"texture":"#planks_oak"},
"north":{"uv":[10.8125,6.71875,11.0625,7.28125],"texture":"#planks_oak"},
"south":{"uv":[4.9375,6.71875,5.1875,7.28125],"texture":"#planks_oak"},
"west":{"uv":[7.375,6.71875,8.625,7.28125],"texture":"#planks_oak"},
"east":{"uv":[7.375,6.71875,8.625,7.28125],"texture":"#planks_oak"}
}
},
{
"from":[4.1725,6.9643,7.2661],
"to":[4.4225,7.68305,8.7036],
"faces":{
"down":{"uv":[4.9375,7.28125,5.1875,8.71875],"texture":"#planks_oak"},
"up":{"uv":[4.9375,7.28125,5.1875,8.71875],"texture":"#planks_oak"},
"north":{"uv":[10.8125,7.375,11.0625,8.09375],"texture":"#planks_oak"},
"south":{"uv":[4.9375,7.375,5.1875,8.09375],"texture":"#planks_oak"},
"west":{"uv":[7.28125,7.375,8.71875,8.09375],"texture":"#planks_oak"},
"east":{"uv":[7.28125,7.375,8.71875,8.09375],"texture":"#planks_oak"}
}
},
{
"from":[4.4219,6.9641,7.235],
"to":[6.1094,7.68285,8.735001],
"faces":{
"down":{"uv":[5.1875,7.25,6.875,8.75],"texture":"#planks_oak"},
"up":{"uv":[5.1875,7.25,6.875,8.75],"texture":"#planks_oak"},
"north":{"uv":[9.125,7.375,10.8125,8.09375],"texture":"#planks_oak"},
"south":{"uv":[5.1875,7.375,6.875,8.09375],"texture":"#planks_oak"},
"west":{"uv":[7.25,7.375,8.75,8.09375],"texture":"#planks_oak"},
"east":{"uv":[7.25,7.375,8.75,8.09375],"texture":"#planks_oak"}
}
},
{
"from":[5.0473,8.3722,7.7648],
"to":[7.2973,8.5597,7.8898],
"faces":{
"up":{"uv":[5.8125,7.78125,8.0625,7.90625],"texture":"#brightwood"},
"north":{"uv":[7.9375,6.5,10.1875,6.6875],"texture":"#brightwood"},
"south":{"uv":[5.8125,6.5,8.0625,6.6875],"texture":"#brightwood"},
"west":{"uv":[7.78125,6.5,7.90625,6.6875],"texture":"#brightwood"},
"east":{"uv":[8.09375,6.5,8.21875,6.6875],"texture":"#brightwood"}
}
},
{
"from":[6.1103,6.6834,7.2349],
"to":[7.2353,7.6834,8.7349],
"faces":{
"down":{"uv":[6.875,7.25,8,8.75],"texture":"#planks_oak"},
"up":{"uv":[6.875,7.25,8,8.75],"texture":"#planks_oak"},
"north":{"uv":[8,7.375,9.125,8.375],"texture":"#planks_oak"},
"south":{"uv":[6.875,7.375,8,8.375],"texture":"#planks_oak"},
"west":{"uv":[7.25,7.375,8.75,8.375],"texture":"#planks_oak"},
"east":{"uv":[7.25,7.375,8.75,8.375],"texture":"#planks_oak"}
}
},
{
"from":[7.2343,7.3093,7.2337],
"to":[10.2343,7.6843,8.7337],
"faces":{
"down":{"uv":[8,7.25,11,8.75],"texture":"#planks_oak"},
"up":{"uv":[8,7.25,11,8.75],"texture":"#planks_oak"},
"north":{"uv":[5,7.375,8,7.75],"texture":"#planks_oak"},
"south":{"uv":[8,7.375,11,7.75],"texture":"#planks_oak"}
}
},
{
"from":[7.2341,6.6847,7.2339],
"to":[10.23409,7.0597,8.7339],
"faces":{
"down":{"uv":[8,7.25,11,8.75],"texture":"#planks_oak"},
"up":{"uv":[8,7.25,11,8.75],"texture":"#planks_oak"},
"north":{"uv":[5,8,8,8.375],"texture":"#planks_oak"},
"south":{"uv":[8,8,11,8.375],"texture":"#planks_oak"}
}
},
{
"from":[7.234,7.0583,7.3597],
"to":[10.234,7.3083,8.6097],
"faces":{
"north":{"uv":[5,7.75,8,8],"texture":"#planks_oak"},
"south":{"uv":[8,7.75,11,8],"texture":"#planks_oak"}
}
},
{
"from":[13.5792,7.6841,7.3598],
"to":[14.2042,8.1841,7.7348],
"faces":{
"up":{"uv":[14.34375,7.375,14.96875,7.75],"texture":"#brightwood"},
"north":{"uv":[1.03125,6.875,1.65625,7.375],"texture":"#brightwood"},
"west":{"uv":[7.375,6.875,7.75,7.375],"texture":"#brightwood"},
"east":{"uv":[8.25,6.875,8.625,7.375],"texture":"#brightwood"}
}
},
{
"from":[13.2663,8.1839,8.0165],
"to":[14.2038,8.27765,8.454],
"faces":{
"down":{"uv":[14.03125,7.53125,14.96875,7.96875],"texture":"#brightwood"},
"up":{"uv":[14.03125,8.03125,14.96875,8.46875],"texture":"#brightwood"},
"east":{"uv":[7.53125,6.78125,7.96875,6.875],"texture":"#brightwood"}
}
},
{
"from":[10.5161,7.6844,8.233399],
"to":[12.0786,8.02815,8.6084],
"faces":{
"up":{"uv":[11.28125,8.25,12.84375,8.625],"texture":"#brightwood"},
"south":{"uv":[11.28125,7.03125,12.84375,7.375],"texture":"#brightwood"},
"east":{"uv":[7.375,7.03125,7.75,7.375],"texture":"#brightwood"}
}
},
{
"from":[12.5777,8.1834,7.6411],
"to":[13.2652,8.27715,8.4536],
"faces":{
"down":{"uv":[13.34375,7.53125,14.03125,8.34375],"texture":"#brightwood"},
"up":{"uv":[13.34375,7.65625,14.03125,8.46875],"texture":"#brightwood"},
"west":{"uv":[7.65625,6.78125,8.46875,6.875],"texture":"#brightwood"},
"east":{"uv":[7.53125,6.78125,8.34375,6.875],"texture":"#brightwood"}
}
},
{
"from":[12.2979,5.7142,7.4848],
"to":[12.4229,6.05795,8.484799],
"faces":{
"down":{"uv":[13.0625,7.5,13.1875,8.5],"texture":"#lightgunmodel"},
"north":{"uv":[2.8125,9,2.9375,9.34375],"texture":"#lightgunmodel"},
"south":{"uv":[13.0625,9,13.1875,9.34375],"texture":"#lightgunmodel"},
"west":{"uv":[7.5,9,8.5,9.34375],"texture":"#lightgunmodel"}
}
},
{
"from":[17.7029,6.7155,7.2341],
"to":[21.0154,6.99675,8.7341],
"faces":{
"up":{"uv":[2.46875,7.25,5.78125,8.75],"texture":"#planks_oak","cullface":"east"},
"north":{"uv":[10.21875,8.0625,13.53125,8.34375],"texture":"#planks_oak","cullface":"east"},
"south":{"uv":[2.46875,8.0625,5.78125,8.34375],"texture":"#planks_oak","cullface":"east"},
"west":{"uv":[7.25,8.0625,8.75,8.34375],"texture":"#planks_oak","cullface":"east"},
"east":{"uv":[7.25,8.0625,8.75,8.34375],"texture":"#planks_oak","cullface":"east"}
}
},
{
"from":[7.1414,8.558,7.7647],
"to":[7.42265,8.7455,7.8897],
"faces":{
"down":{"uv":[7.90625,8.09375,8.1875,8.21875],"texture":"#brightwood"},
"up":{"uv":[7.90625,7.78125,8.1875,7.90625],"texture":"#brightwood"},
"north":{"uv":[7.8125,6.3125,8.09375,6.5],"texture":"#brightwood"},
"south":{"uv":[7.90625,6.3125,8.1875,6.5],"texture":"#brightwood"},
"east":{"uv":[8.09375,6.3125,8.21875,6.5],"texture":"#brightwood"}
}
},
{
"from":[5.0467,8.3721,8.1087],
"to":[7.2967,8.5596,8.2337],
"faces":{
"up":{"uv":[5.8125,8.125,8.0625,8.25],"texture":"#brightwood"},
"north":{"uv":[7.9375,6.5,10.1875,6.6875],"texture":"#brightwood"},
"south":{"uv":[5.8125,6.5,8.0625,6.6875],"texture":"#brightwood"},
"west":{"uv":[8.125,6.5,8.25,6.6875],"texture":"#brightwood"},
"east":{"uv":[7.75,6.5,7.875,6.6875],"texture":"#brightwood"}
}
},
{
"from":[7.1419,8.5591,8.1102],
"to":[7.42315,8.7466,8.2352],
"faces":{
"down":{"uv":[7.90625,7.75,8.1875,7.875],"texture":"#brightwood"},
"up":{"uv":[7.90625,8.125,8.1875,8.25],"texture":"#brightwood"},
"north":{"uv":[7.8125,6.3125,8.09375,6.5],"texture":"#brightwood"},
"south":{"uv":[7.90625,6.3125,8.1875,6.5],"texture":"#brightwood"},
"east":{"uv":[7.75,6.3125,7.875,6.5],"texture":"#brightwood"}
}
}
],
"display":{
"thirdperson_righthand":{
"rotation":[-180,-90,130],
"translation":[0,5,0],
"scale":[0.8,0.8,0.8]
},
"thirdperson_lefthand":{
"rotation":[0,90,50],
"translation":[0,5,0],
"scale":[0.8,0.8,0.8]
},
"firstperson_righthand":{
"rotation":[0,-90,0],
"translation":[0,3,-7],
"scale":[1.1,1.1,1.1]
},
"firstperson_lefthand":{
"rotation":[0,90,0],
"translation":[0,3,-7],
"scale":[1.1,1.1,1.1]
},
"gui":{
"rotation":[-20,40,0],
"translation":[0.25,0,0],
"scale":[0.6,0.6,0.6]
},
"head":{
"rotation":[0,-90,0],
"translation":[0,12,0],
"scale":[0.6,0.6,0.6]
},
"ground":{
"rotation":[90,0,0],
"scale":[0.7,0.7,0.7]
},
"fixed":{
"translation":[0,0,-1]
}
}
}