{
"elements":[
{
"from":[9.344,6.912,7.328],
"to":[12.416,8.448,8.671999],
"faces":{
"down":{"uv":[6.25,8.875,2.25,7.125],"texture":"#camo","cullface":"west"},
"up":{"uv":[9.75,7.125,13.75,8.875],"texture":"#camo","cullface":"west"},
"north":{"uv":[2.25,5,6.25,7],"texture":"#camo","cullface":"west"},
"south":{"uv":[9.75,5,13.75,7],"texture":"#camo","cullface":"west"},
"west":{"uv":[7.125,5,8.875,7],"texture":"#camo","cullface":"west"},
"east":{"uv":[7.125,5,8.875,7],"texture":"#camo","cullface":"west"}
}
},
{
"from":[17.216,7.748,7.232],
"to":[26.241,8.448,8.768],
"faces":{
"down":{"uv":[0,9,9,11],"texture":"#normalgunmodel","cullface":"east"},
"up":{"uv":[6,6,13,8],"texture":"#normalgunmodel","cullface":"east"},
"north":{"uv":[0,5,8,6],"texture":"#normalgunmodel","cullface":"east"},
"south":{"uv":[1,5,9,6],"texture":"#normalgunmodel","cullface":"east"},
"west":{"uv":[7,5,9,7],"texture":"#normalgunmodel","cullface":"east"},
"east":{"uv":[7,5,9,7],"texture":"#normalgunmodel","cullface":"east"}
}
},
{
"from":[17.2,6.91,7.232],
"to":[17.92,7.75,8.768],
"faces":{
"down":{"uv":[6,9,8.5,10],"texture":"#normalgunmodel","cullface":"east"},
"up":{"uv":[10,7,12,8],"texture":"#normalgunmodel","cullface":"east"},
"north":{"uv":[0,8,2.5,9],"texture":"#normalgunmodel","cullface":"east"},
"south":{"uv":[10,8,12.5,9],"texture":"#normalgunmodel","cullface":"east"},
"west":{"uv":[7,8,8,9],"texture":"#normalgunmodel","cullface":"east"},
"east":{"uv":[7,8,8,9],"texture":"#normalgunmodel","cullface":"east"}
}
},
{
"from":[18.75,6.125,7.232],
"to":[19.675,6.525,8.768],
"faces":{
"down":{"uv":[6,9,8.5,10],"texture":"#normalgunmodel","cullface":"east"},
"up":{"uv":[10,7,12,8],"texture":"#normalgunmodel","cullface":"east"},
"north":{"uv":[0,8,2.5,9],"texture":"#normalgunmodel","cullface":"east"},
"south":{"uv":[10,8,12.5,9],"texture":"#normalgunmodel","cullface":"east"},
"west":{"uv":[7,8,8,9],"texture":"#normalgunmodel","cullface":"east"},
"east":{"uv":[7,8,8,9],"texture":"#normalgunmodel","cullface":"east"}
}
},
{
"from":[23.55,4.775,7.232],
"to":[24.45,5.2,8.768],
"faces":{
"down":{"uv":[6,9,8.5,10],"texture":"#normalgunmodel","cullface":"east"},
"up":{"uv":[10,7,12,8],"texture":"#normalgunmodel","cullface":"east"},
"north":{"uv":[0,8,2.5,9],"texture":"#normalgunmodel","cullface":"east"},
"south":{"uv":[10,8,12.5,9],"texture":"#normalgunmodel","cullface":"east"},
"west":{"uv":[7,8,8,9],"texture":"#normalgunmodel","cullface":"east"},
"east":{"uv":[7,8,8,9],"texture":"#normalgunmodel","cullface":"east"}
}
},
{
"from":[17.408,6.512,7.232],
"to":[18.308,6.912,8.768],
"faces":{
"down":{"uv":[6,9,8.5,10],"texture":"#normalgunmodel"},
"up":{"uv":[10,7,12,8],"texture":"#normalgunmodel"},
"north":{"uv":[0,8,2.5,9],"texture":"#normalgunmodel"},
"south":{"uv":[10,8,12.5,9],"texture":"#normalgunmodel"},
"west":{"uv":[7,8,8,9],"texture":"#normalgunmodel"},
"east":{"uv":[7,8,8,9],"texture":"#normalgunmodel"}
}
},
{
"from":[20.1,5.75,7.232],
"to":[20.9,6.15,8.768],
"faces":{
"down":{"uv":[6,9,8.5,10],"texture":"#normalgunmodel"},
"up":{"uv":[10,7,12,8],"texture":"#normalgunmodel"},
"north":{"uv":[0,8,2.5,9],"texture":"#normalgunmodel"},
"south":{"uv":[10,8,12.5,9],"texture":"#normalgunmodel"},
"west":{"uv":[7,8,8,9],"texture":"#normalgunmodel"},
"east":{"uv":[7,8,8,9],"texture":"#normalgunmodel"}
}
},
{
"from":[22.112,5.184,7.232],
"to":[23.552,5.376,8.768],
"faces":{
"down":{"uv":[6,9,8.5,10],"texture":"#normalgunmodel","cullface":"east"},
"up":{"uv":[10,7,12,8],"texture":"#normalgunmodel","cullface":"east"},
"north":{"uv":[0,8,2.5,9],"texture":"#normalgunmodel","cullface":"east"},
"south":{"uv":[10,8,12.5,9],"texture":"#normalgunmodel","cullface":"east"},
"west":{"uv":[7,8,8,9],"texture":"#normalgunmodel","cullface":"east"},
"east":{"uv":[7,8,8,9],"texture":"#normalgunmodel","cullface":"east"}
}
},
{
"from":[25.088,4.416,7.232],
"to":[25.664,4.8,8.768],
"faces":{
"down":{"uv":[6,9,8.5,10],"texture":"#normalgunmodel","cullface":"east"},
"up":{"uv":[10,7,12,8],"texture":"#normalgunmodel","cullface":"east"},
"north":{"uv":[0,8,2.5,9],"texture":"#normalgunmodel","cullface":"east"},
"south":{"uv":[10,8,12.5,9],"texture":"#normalgunmodel","cullface":"east"},
"west":{"uv":[7,8,8,9],"texture":"#normalgunmodel","cullface":"east"},
"east":{"uv":[7,8,8,9],"texture":"#normalgunmodel","cullface":"east"}
}
},
{
"from":[17.216,6.624,7.232],
"to":[17.408,6.912,8.768],
"faces":{
"down":{"uv":[6,9,0,7],"texture":"#normalgunmodel"},
"up":{"uv":[10,7,16,9],"texture":"#normalgunmodel"},
"north":{"uv":[0,8,6,10],"texture":"#normalgunmodel"},
"south":{"uv":[10,8,16,10],"texture":"#normalgunmodel"},
"west":{"uv":[7,8,9,10],"texture":"#normalgunmodel"},
"east":{"uv":[7,8,9,10],"texture":"#normalgunmodel"}
}
},
{
"from":[18.176,6.336,7.232],
"to":[18.752,6.528,8.768],
"faces":{
"down":{"uv":[6,9,8.5,10],"texture":"#normalgunmodel"},
"up":{"uv":[10,7,12,8],"texture":"#normalgunmodel"},
"north":{"uv":[0,8,2.5,9],"texture":"#normalgunmodel"},
"south":{"uv":[10,8,12.5,9],"texture":"#normalgunmodel"},
"west":{"uv":[7,8,8,9],"texture":"#normalgunmodel"},
"east":{"uv":[7,8,8,9],"texture":"#normalgunmodel"}
}
},
{
"from":[20.672,5.568,7.232],
"to":[21.44,5.76,8.768],
"faces":{
"down":{"uv":[6,9,8.5,10],"texture":"#normalgunmodel"},
"up":{"uv":[10,7,12,8],"texture":"#normalgunmodel"},
"north":{"uv":[0,8,2.5,9],"texture":"#normalgunmodel"},
"south":{"uv":[10,8,12.5,9],"texture":"#normalgunmodel"},
"west":{"uv":[7,8,8,9],"texture":"#normalgunmodel"},
"east":{"uv":[7,8,8,9],"texture":"#normalgunmodel"}
}
},
{
"from":[22.784,4.992,7.232],
"to":[23.552,5.184,8.768],
"faces":{
"down":{"uv":[6,9,8.5,10],"texture":"#normalgunmodel","cullface":"east"},
"up":{"uv":[10,7,12,8],"texture":"#normalgunmodel","cullface":"east"},
"north":{"uv":[0,8,2.5,9],"texture":"#normalgunmodel","cullface":"east"},
"south":{"uv":[10,8,12.5,9],"texture":"#normalgunmodel","cullface":"east"},
"west":{"uv":[7,8,8,9],"texture":"#normalgunmodel","cullface":"east"},
"east":{"uv":[7,8,8,9],"texture":"#normalgunmodel","cullface":"east"}
}
},
{
"from":[24.32,4.608,7.232],
"to":[25.088,4.8,8.768],
"faces":{
"down":{"uv":[6,9,8.5,10],"texture":"#normalgunmodel","cullface":"east"},
"up":{"uv":[10,7,12,8],"texture":"#normalgunmodel","cullface":"east"},
"north":{"uv":[0,8,2.5,9],"texture":"#normalgunmodel","cullface":"east"},
"south":{"uv":[10,8,12.5,9],"texture":"#normalgunmodel","cullface":"east"},
"west":{"uv":[7,8,8,9],"texture":"#normalgunmodel","cullface":"east"},
"east":{"uv":[7,8,8,9],"texture":"#normalgunmodel","cullface":"east"}
}
},
{
"from":[19.328,5.952,7.232],
"to":[20.096,6.144,8.768],
"faces":{
"down":{"uv":[6,9,8.5,10],"texture":"#normalgunmodel"},
"up":{"uv":[10,7,12,8],"texture":"#normalgunmodel"},
"north":{"uv":[0,8,2.5,9],"texture":"#normalgunmodel"},
"south":{"uv":[10,8,12.5,9],"texture":"#normalgunmodel"},
"west":{"uv":[7,8,8,9],"texture":"#normalgunmodel"},
"east":{"uv":[7,8,8,9],"texture":"#normalgunmodel"}
}
},
{
"from":[26.24,7.104,7.232],
"to":[26.432,8.448,8.768],
"faces":{
"down":{"uv":[6,9,8.5,10],"texture":"#normalgunmodel","cullface":"east"},
"up":{"uv":[10,7,12,8],"texture":"#normalgunmodel","cullface":"east"},
"north":{"uv":[0,8,2.5,9],"texture":"#normalgunmodel","cullface":"east"},
"south":{"uv":[10,8,12.5,9],"texture":"#normalgunmodel","cullface":"east"},
"west":{"uv":[7,8,8,9],"texture":"#normalgunmodel","cullface":"east"},
"east":{"uv":[7,8,8,9],"texture":"#normalgunmodel","cullface":"east"}
}
},
{
"from":[26.048,6.144,7.232],
"to":[26.24,6.912,8.768],
"faces":{
"down":{"uv":[6,9,8.5,10],"texture":"#normalgunmodel","cullface":"east"},
"up":{"uv":[10,7,12,8],"texture":"#normalgunmodel","cullface":"east"},
"north":{"uv":[0,8,2.5,9],"texture":"#normalgunmodel","cullface":"east"},
"south":{"uv":[10,8,12.5,9],"texture":"#normalgunmodel","cullface":"east"},
"west":{"uv":[7,8,8,9],"texture":"#normalgunmodel","cullface":"east"},
"east":{"uv":[7,8,8,9],"texture":"#normalgunmodel","cullface":"east"}
}
},
{
"from":[25.664,4.512,7.232],
"to":[25.856,5.376,8.768],
"faces":{
"down":{"uv":[6,9,8.5,10],"texture":"#normalgunmodel","cullface":"east"},
"up":{"uv":[10,7,12,8],"texture":"#normalgunmodel","cullface":"east"},
"north":{"uv":[0,8,2.5,9],"texture":"#normalgunmodel","cullface":"east"},
"south":{"uv":[10,8,12.5,9],"texture":"#normalgunmodel","cullface":"east"},
"west":{"uv":[7,8,8,9],"texture":"#normalgunmodel","cullface":"east"},
"east":{"uv":[7,8,8,9],"texture":"#normalgunmodel","cullface":"east"}
}
},
{
"from":[25.85,5.15,7.232],
"to":[26.05,5.8,8.768],
"faces":{
"down":{"uv":[6,9,8.5,10],"texture":"#normalgunmodel","cullface":"east"},
"up":{"uv":[10,7,12,8],"texture":"#normalgunmodel","cullface":"east"},
"north":{"uv":[0,8,2.5,9],"texture":"#normalgunmodel","cullface":"east"},
"south":{"uv":[10,8,12.5,9],"texture":"#normalgunmodel","cullface":"east"},
"west":{"uv":[7,8,8,9],"texture":"#normalgunmodel","cullface":"east"},
"east":{"uv":[7,8,8,9],"texture":"#normalgunmodel","cullface":"east"}
}
},
{
"from":[17.792,6.432,7.232],
"to":[18.176,6.527999,8.768],
"faces":{
"down":{"uv":[6,9,8.5,10],"texture":"#normalgunmodel"},
"up":{"uv":[10,7,12,8],"texture":"#normalgunmodel"},
"north":{"uv":[0,8,2.5,9],"texture":"#normalgunmodel"},
"south":{"uv":[10,8,12.5,9],"texture":"#normalgunmodel"},
"west":{"uv":[7,8,8,9],"texture":"#normalgunmodel"},
"east":{"uv":[7,8,8,9],"texture":"#normalgunmodel"}
}
},
{
"from":[18.464,6.24,7.232],
"to":[18.752,6.336,8.768],
"faces":{
"down":{"uv":[6,9,8.5,10],"texture":"#normalgunmodel"},
"up":{"uv":[10,7,12,8],"texture":"#normalgunmodel"},
"north":{"uv":[0,8,2.5,9],"texture":"#normalgunmodel"},
"south":{"uv":[10,8,12.5,9],"texture":"#normalgunmodel"},
"west":{"uv":[7,8,8,9],"texture":"#normalgunmodel"},
"east":{"uv":[7,8,8,9],"texture":"#normalgunmodel"}
}
},
{
"from":[19.712,5.856,7.232],
"to":[20.096,5.952,8.768],
"faces":{
"down":{"uv":[6,9,8.5,10],"texture":"#normalgunmodel"},
"up":{"uv":[10,7,12,8],"texture":"#normalgunmodel"},
"north":{"uv":[0,8,2.5,9],"texture":"#normalgunmodel"},
"south":{"uv":[10,8,12.5,9],"texture":"#normalgunmodel"},
"west":{"uv":[7,8,8,9],"texture":"#normalgunmodel"},
"east":{"uv":[7,8,8,9],"texture":"#normalgunmodel"}
}
},
{
"from":[21.056,5.472,7.232],
"to":[21.44,5.567999,8.768],
"faces":{
"down":{"uv":[6,9,8.5,10],"texture":"#normalgunmodel"},
"up":{"uv":[10,7,12,8],"texture":"#normalgunmodel"},
"north":{"uv":[0,8,2.5,9],"texture":"#normalgunmodel"},
"south":{"uv":[10,8,12.5,9],"texture":"#normalgunmodel"},
"west":{"uv":[7,8,8,9],"texture":"#normalgunmodel"},
"east":{"uv":[7,8,8,9],"texture":"#normalgunmodel"}
}
},
{
"from":[22.4,5.088,7.232],
"to":[22.784,5.184,8.768],
"faces":{
"down":{"uv":[6,9,8.5,10],"texture":"#normalgunmodel","cullface":"east"},
"up":{"uv":[10,7,12,8],"texture":"#normalgunmodel","cullface":"east"},
"north":{"uv":[0,8,2.5,9],"texture":"#normalgunmodel","cullface":"east"},
"south":{"uv":[10,8,12.5,9],"texture":"#normalgunmodel","cullface":"east"},
"west":{"uv":[7,8,8,9],"texture":"#normalgunmodel","cullface":"east"},
"east":{"uv":[7,8,8,9],"texture":"#normalgunmodel","cullface":"east"}
}
},
{
"from":[23.168,4.896,7.232],
"to":[23.552,4.992,8.768],
"faces":{
"down":{"uv":[6,9,8.5,10],"texture":"#normalgunmodel","cullface":"east"},
"up":{"uv":[10,7,12,8],"texture":"#normalgunmodel","cullface":"east"},
"north":{"uv":[0,8,2.5,9],"texture":"#normalgunmodel","cullface":"east"},
"south":{"uv":[10,8,12.5,9],"texture":"#normalgunmodel","cullface":"east"},
"west":{"uv":[7,8,8,9],"texture":"#normalgunmodel","cullface":"east"},
"east":{"uv":[7,8,8,9],"texture":"#normalgunmodel","cullface":"east"}
}
},
{
"from":[23.936,4.704,7.232],
"to":[24.32,4.8,8.768],
"faces":{
"down":{"uv":[6,9,8.5,10],"texture":"#normalgunmodel","cullface":"east"},
"up":{"uv":[10,7,12,8],"texture":"#normalgunmodel","cullface":"east"},
"north":{"uv":[0,8,2.5,9],"texture":"#normalgunmodel","cullface":"east"},
"south":{"uv":[10,8,12.5,9],"texture":"#normalgunmodel","cullface":"east"},
"west":{"uv":[7,8,8,9],"texture":"#normalgunmodel","cullface":"east"},
"east":{"uv":[7,8,8,9],"texture":"#normalgunmodel","cullface":"east"}
}
},
{
"from":[24.704,4.512,7.232],
"to":[25.088,4.608,8.768],
"faces":{
"down":{"uv":[6,9,8.5,10],"texture":"#normalgunmodel","cullface":"east"},
"up":{"uv":[10,7,12,8],"texture":"#normalgunmodel","cullface":"east"},
"north":{"uv":[0,8,2.5,9],"texture":"#normalgunmodel","cullface":"east"},
"south":{"uv":[10,8,12.5,9],"texture":"#normalgunmodel","cullface":"east"},
"west":{"uv":[7,8,8,9],"texture":"#normalgunmodel","cullface":"east"},
"east":{"uv":[7,8,8,9],"texture":"#normalgunmodel","cullface":"east"}
}
},
{
"from":[19.04,6.048,7.232],
"to":[19.328,6.144,8.768],
"faces":{
"down":{"uv":[6,9,8.5,10],"texture":"#normalgunmodel"},
"up":{"uv":[10,7,12,8],"texture":"#normalgunmodel"},
"north":{"uv":[0,8,2.5,9],"texture":"#normalgunmodel"},
"south":{"uv":[10,8,12.5,9],"texture":"#normalgunmodel"},
"west":{"uv":[7,8,8,9],"texture":"#normalgunmodel"},
"east":{"uv":[7,8,8,9],"texture":"#normalgunmodel"}
}
},
{
"from":[20.384,5.664,7.232],
"to":[20.672,5.76,8.768],
"faces":{
"down":{"uv":[6,9,8.5,10],"texture":"#normalgunmodel"},
"up":{"uv":[10,7,12,8],"texture":"#normalgunmodel"},
"north":{"uv":[0,8,2.5,9],"texture":"#normalgunmodel"},
"south":{"uv":[10,8,12.5,9],"texture":"#normalgunmodel"},
"west":{"uv":[7,8,8,9],"texture":"#normalgunmodel"},
"east":{"uv":[7,8,8,9],"texture":"#normalgunmodel"}
}
},
{
"from":[21.824,5.28,7.232],
"to":[22.112,5.375999,8.768],
"faces":{
"down":{"uv":[6,9,8.5,10],"texture":"#normalgunmodel","cullface":"east"},
"up":{"uv":[10,7,12,8],"texture":"#normalgunmodel","cullface":"east"},
"north":{"uv":[0,8,2.5,9],"texture":"#normalgunmodel","cullface":"east"},
"south":{"uv":[10,8,12.5,9],"texture":"#normalgunmodel","cullface":"east"},
"west":{"uv":[7,8,8,9],"texture":"#normalgunmodel","cullface":"east"},
"east":{"uv":[7,8,8,9],"texture":"#normalgunmodel","cullface":"east"}
}
},
{
"from":[25.856,4.8,7.232],
"to":[25.952,5.184,8.768],
"faces":{
"down":{"uv":[6,9,8.5,10],"texture":"#normalgunmodel","cullface":"east"},
"up":{"uv":[10,7,12,8],"texture":"#normalgunmodel","cullface":"east"},
"north":{"uv":[0,8,2.5,9],"texture":"#normalgunmodel","cullface":"east"},
"south":{"uv":[10,8,12.5,9],"texture":"#normalgunmodel","cullface":"east"},
"west":{"uv":[7,8,8,9],"texture":"#normalgunmodel","cullface":"east"},
"east":{"uv":[7,8,8,9],"texture":"#normalgunmodel","cullface":"east"}
}
},
{
"from":[26.048,5.664,7.232],
"to":[26.144,6.144,8.768],
"faces":{
"down":{"uv":[6,9,8.5,10],"texture":"#normalgunmodel","cullface":"east"},
"up":{"uv":[10,7,12,8],"texture":"#normalgunmodel","cullface":"east"},
"north":{"uv":[0,8,2.5,9],"texture":"#normalgunmodel","cullface":"east"},
"south":{"uv":[10,8,12.5,9],"texture":"#normalgunmodel","cullface":"east"},
"west":{"uv":[7,8,8,9],"texture":"#normalgunmodel","cullface":"east"},
"east":{"uv":[7,8,8,9],"texture":"#normalgunmodel","cullface":"east"}
}
},
{
"from":[26.24,6.624,7.232],
"to":[26.336,7.104,8.768],
"faces":{
"down":{"uv":[6,9,8.5,10],"texture":"#normalgunmodel","cullface":"east"},
"up":{"uv":[10,7,12,8],"texture":"#normalgunmodel","cullface":"east"},
"north":{"uv":[0,8,2.5,9],"texture":"#normalgunmodel","cullface":"east"},
"south":{"uv":[10,8,12.5,9],"texture":"#normalgunmodel","cullface":"east"},
"west":{"uv":[7,8,8,9],"texture":"#normalgunmodel","cullface":"east"},
"east":{"uv":[7,8,8,9],"texture":"#normalgunmodel","cullface":"east"}
}
},
{
"from":[26.432,7.68,7.232],
"to":[26.528,8.448,8.768],
"faces":{
"down":{"uv":[6,9,8.5,10],"texture":"#normalgunmodel","cullface":"east"},
"up":{"uv":[10,7,12,8],"texture":"#normalgunmodel","cullface":"east"},
"north":{"uv":[0,8,2.5,9],"texture":"#normalgunmodel","cullface":"east"},
"south":{"uv":[10,8,12.5,9],"texture":"#normalgunmodel","cullface":"east"},
"west":{"uv":[7,8,8,9],"texture":"#normalgunmodel","cullface":"east"},
"east":{"uv":[7,8,8,9],"texture":"#normalgunmodel","cullface":"east"}
}
},
{
"from":[9.535999,5.376,7.328],
"to":[12.032,6.912,8.671999],
"faces":{
"down":{"uv":[9.5,4.25,9.625,4.875],"texture":"#camo"},
"north":{"uv":[8.5,4.25,9.625,4.875],"texture":"#camo"},
"south":{"uv":[8.5,4.25,9.625,4.875],"texture":"#camo"},
"west":{"uv":[8.5,4.25,9.625,4.875],"texture":"#camo","cullface":"west"},
"east":{"uv":[8.5,4.25,9.625,4.875],"texture":"#camo"}
}
},
{
"from":[15.68,6.528,7.424],
"to":[17.216,6.912,8.576],
"faces":{
"down":{"uv":[0,15,1,14],"texture":"#camo"},
"north":{"uv":[0,15,1,14],"texture":"#camo"},
"south":{"uv":[0,15,1,14],"texture":"#camo"},
"east":{"uv":[0,16,1,15],"texture":"#camo"}
}
},
{
"from":[15.68,5.568,7.424],
"to":[16.064,6.528,8.576],
"faces":{
"down":{"uv":[0,15,1,14],"texture":"#camo"},
"north":{"uv":[0,15,1,14],"texture":"#camo"},
"south":{"uv":[0,15,1,14],"texture":"#camo"},
"east":{"uv":[0,16,1,15],"texture":"#camo"}
}
},
{
"from":[16.256,6.144,7.424],
"to":[16.448,6.528,8.576],
"faces":{
"down":{"uv":[0,15,1,14],"texture":"#camo"},
"north":{"uv":[0,15,1,14],"texture":"#camo"},
"south":{"uv":[0,15,1,14],"texture":"#camo"},
"east":{"uv":[0,16,1,15],"texture":"#camo"}
}
},
{
"from":[16.064,5.952,7.424],
"to":[16.256,6.527999,8.576],
"faces":{
"down":{"uv":[0,15,1,14],"texture":"#camo"},
"north":{"uv":[0,15,1,14],"texture":"#camo"},
"south":{"uv":[0,15,1,14],"texture":"#camo"},
"east":{"uv":[0,16,1,15],"texture":"#camo"}
}
},
{
"from":[16.448,6.336,7.424],
"to":[16.832,6.528,8.576],
"faces":{
"down":{"uv":[0,15,1,14],"texture":"#camo"},
"north":{"uv":[0,15,1,14],"texture":"#camo"},
"south":{"uv":[0,15,1,14],"texture":"#camo"},
"east":{"uv":[0,16,1,15],"texture":"#camo"}
}
},
{
"from":[15.68,5.376,7.424],
"to":[15.872,5.568,8.576],
"faces":{
"north":{"uv":[0,8.75,0,9],"texture":"#camo"},
"south":{"uv":[16,8.75,16,9],"texture":"#camo"},
"east":{"uv":[7.25,8.75,8.75,9],"texture":"#camo"}
}
},
{
"from":[9.535999,4.32,7.328],
"to":[11.84,5.375999,8.671999],
"faces":{
"down":{"uv":[7.125,4.875,8.125,5.25],"texture":"#camo"},
"north":{"uv":[7.125,4.875,8.125,5.25],"texture":"#camo"},
"south":{"uv":[7.125,4.875,8.125,5.25],"texture":"#camo"},
"west":{"uv":[7.125,4.875,8.125,5.25],"texture":"#camo","cullface":"west"},
"east":{"uv":[7.125,4.875,8.125,5.25],"texture":"#camo"}
}
},
{
"from":[14.24,3.84,7.328],
"to":[15.872,5.376,8.671999],
"faces":{
"down":{"uv":[5.25,4.875,6,5.625],"texture":"#camo"},
"up":{"uv":[5.25,4.875,6,5.625],"texture":"#camo"},
"north":{"uv":[5.25,4.875,6,5.625],"texture":"#camo"},
"south":{"uv":[5.25,4.875,6,5.625],"texture":"#camo"},
"west":{"uv":[5.25,4.875,6,5.625],"texture":"#camo"},
"east":{"uv":[5.25,4.875,6,5.625],"texture":"#camo"}
}
},
{
"from":[10.688,4.032,7.328],
"to":[11.84,4.32,8.671999],
"faces":{
"down":{"uv":[4.5,8.875,3,7.125],"texture":"#camo"},
"north":{"uv":[3,10.375,4.5,10.75],"texture":"#camo"},
"south":{"uv":[11.5,10.375,13,10.75],"texture":"#camo"},
"west":{"uv":[7.125,10.375,8.875,10.75],"texture":"#camo"},
"east":{"uv":[7.125,10.375,8.875,10.75],"texture":"#camo"}
}
},
{
"from":[10.112,4.128,7.328],
"to":[10.688,4.32,8.671999],
"faces":{
"down":{"uv":[5.25,8.875,4.5,7.125],"texture":"#camo"},
"north":{"uv":[4.5,10.375,5.25,10.625],"texture":"#camo"},
"south":{"uv":[10.75,10.375,11.5,10.625],"texture":"#camo"},
"west":{"uv":[7.125,10.375,8.875,10.625],"texture":"#camo"}
}
},
{
"from":[11.264,3.84,7.328],
"to":[11.84,4.032,8.671999],
"faces":{
"down":{"uv":[3.75,8.875,3,7.125],"texture":"#camo"},
"north":{"uv":[3,10.75,3.75,11],"texture":"#camo"},
"south":{"uv":[12.25,10.75,13,11],"texture":"#camo"},
"west":{"uv":[7.125,10.75,8.875,11],"texture":"#camo"},
"east":{"uv":[7.125,10.75,8.875,11],"texture":"#camo"}
}
},
{
"from":[11.84,3.84,7.52],
"to":[14.24,4.032,8.48],
"faces":{
"down":{"uv":[3,8.625,0,7.375],"texture":"#camo"},
"up":{"uv":[13,7.375,16,8.625],"texture":"#camo"},
"north":{"uv":[0,10.75,3,11],"texture":"#camo"},
"south":{"uv":[13,10.75,16,11],"texture":"#camo"}
}
},
{
"from":[14.048,4.032,7.52],
"to":[14.24,5.376,8.48],
"faces":{
"north":{"uv":[0,9,0.125,10.75],"texture":"#camo"},
"south":{"uv":[15.875,9,16,10.75],"texture":"#camo"},
"west":{"uv":[7.375,9,8.625,10.75],"texture":"#camo"}
}
},
{
"from":[12.416,5.376,7.424],
"to":[15.68,6.912,8.576],
"faces":{
"down":{"uv":[5.375,4.75,6.875,4.875],"texture":"#camo"},
"north":{"uv":[5.375,4.125,6.875,4.875],"texture":"#camo"},
"south":{"uv":[5.375,4.125,6.875,4.875],"texture":"#camo"},
"west":{"uv":[5.375,4.125,6.875,4.875],"texture":"#camo"},
"east":{"uv":[5.375,4.125,6.875,4.875],"texture":"#camo"}
}
},
{
"from":[13.856,4.032,7.52],
"to":[14.048,4.224,8.48],
"faces":{
"up":{"uv":[15.625,7.375,15.875,8.625],"texture":"#camo"},
"north":{"uv":[0.125,10.5,0.375,10.75],"texture":"#camo"},
"south":{"uv":[15.625,10.5,15.875,10.75],"texture":"#camo"},
"west":{"uv":[7.375,10.5,8.625,10.75],"texture":"#camo"}
}
},
{
"from":[13.856,5.184,7.52],
"to":[14.048,5.376,8.48],
"faces":{
"down":{"uv":[0.375,8.625,0.125,7.375],"texture":"#camo"},
"north":{"uv":[0.125,9,0.375,9.25],"texture":"#camo"},
"south":{"uv":[15.625,9,15.875,9.25],"texture":"#camo"},
"west":{"uv":[7.375,9,8.625,9.25],"texture":"#camo"}
}
},
{
"from":[11.84,5.184,7.52],
"to":[12.032,5.376,8.48],
"faces":{
"down":{"uv":[3,8.625,2.75,7.375],"texture":"#camo"},
"north":{"uv":[2.75,9,3,9.25],"texture":"#camo"},
"south":{"uv":[13,9,13.25,9.25],"texture":"#camo"},
"east":{"uv":[7.375,9,8.625,9.25],"texture":"#camo"}
}
},
{
"from":[12.032,5.376,7.424],
"to":[12.416,6.144,8.576],
"faces":{
"down":{"uv":[6.875,4.75,7,4.875],"texture":"#camo"},
"up":{"uv":[6.875,4.75,7,4.875],"texture":"#camo"},
"north":{"uv":[6.875,4.5,7,4.875],"texture":"#camo"},
"south":{"uv":[6.875,4.5,7,4.875],"texture":"#camo"}
}
},
{
"from":[12.224,6.144,7.424],
"to":[12.416,6.912,8.576],
"faces":{
"north":{"uv":[2.25,7,2.5,8],"texture":"#camo"},
"south":{"uv":[13.5,7,13.75,8],"texture":"#camo"}
}
},
{
"from":[12.032,6.144,7.328],
"to":[12.224,6.912,8.671999],
"faces":{
"down":{"uv":[2.75,8.875,2.5,7.125],"texture":"#camo"},
"north":{"uv":[2.5,7,2.75,8],"texture":"#camo"},
"south":{"uv":[13.25,7,13.5,8],"texture":"#camo"},
"east":{"uv":[7.125,7,8.875,8],"texture":"#camo"}
}
},
{
"from":[12.416,6.912,7.424],
"to":[17.216,8.16,8.576],
"faces":{
"down":{"uv":[4.5,3.5,4.625,4.125],"texture":"#camo"},
"north":{"uv":[4.5,3.5,6.875,4.125],"texture":"#camo"},
"south":{"uv":[4.5,3.5,6.875,4.125],"texture":"#camo"}
}
},
{
"from":[9.344,7.2,7.232],
"to":[17.216,8.16,8.768],
"faces":{
"down":{"uv":[0.625,1.5,4.375,2.125],"texture":"#camo","cullface":"west"},
"up":{"uv":[0.625,1.5,4.375,2.125],"texture":"#camo","cullface":"west"},
"north":{"uv":[4.5,1.625,8.25,2.125],"texture":"#camo","cullface":"west"},
"south":{"uv":[4.5,1.625,8.25,2.125],"texture":"#camo","cullface":"west"}
}
},
{
"from":[12.416,8.16,7.328],
"to":[17.216,8.448,8.671999],
"faces":{
"up":{"uv":[13.75,7.125,16,8.875],"texture":"#camo"},
"north":{"uv":[0,5,2.25,5.375],"texture":"#camo"},
"south":{"uv":[13.75,5,16,5.375],"texture":"#camo"}
}
},
{
"from":[14.432,0.864,7.2896],
"to":[15.968,4.128,8.7104],
"rotation":{"origin":[14.432,4.128,7.2896],"axis":"z","angle":22.5},
"faces":{
"down":{"uv":[5.25,7.375,6,8.125],"texture":"#normalgunmodel"},
"up":{"uv":[5.25,7.375,6,8.125],"texture":"#normalgunmodel"},
"north":{"uv":[5.25,5.875,6,7.25],"texture":"#normalgunmodel"},
"south":{"uv":[5.25,5.875,6,7.25],"texture":"#normalgunmodel"},
"west":{"uv":[5.25,5.875,6,7.25],"texture":"#normalgunmodel"},
"east":{"uv":[5.25,5.875,6,7.25],"texture":"#normalgunmodel"}
}
},
{
"from":[14.624,4.224,7.2896],
"to":[15.584,4.416,8.7104],
"rotation":{"origin":[14.624,4.416,7.2896],"axis":"z","angle":22.5},
"faces":{
"down":{"uv":[6,9.75,3,6.25],"texture":"#normalgunmodel"},
"up":{"uv":[10,6.25,12,8],"texture":"#normalgunmodel"},
"north":{"uv":[3,4.25,5,7],"texture":"#normalgunmodel"},
"south":{"uv":[10,4.25,11.5,7],"texture":"#normalgunmodel"},
"west":{"uv":[6.25,4.25,8,6],"texture":"#normalgunmodel"},
"east":{"uv":[6.25,4.25,7.5,6],"texture":"#normalgunmodel"}
}
},
{
"from":[14.4848,4.1558,7.2896],
"to":[14.6768,4.2518,8.7104],
"rotation":{"origin":[14.4848,4.25184,7.2896],"axis":"z","angle":22.5},
"faces":{
"down":{"uv":[6,9.75,7.5,12],"texture":"#normalgunmodel"},
"up":{"uv":[10,6.25,11.5,8.5],"texture":"#normalgunmodel"},
"north":{"uv":[3,4.25,5,7],"texture":"#normalgunmodel"},
"south":{"uv":[10,4.25,11.5,6.5],"texture":"#normalgunmodel"},
"west":{"uv":[6.25,4.25,7.5,6.5],"texture":"#normalgunmodel"},
"east":{"uv":[6.25,4.25,7.5,6.5],"texture":"#normalgunmodel"}
}
},
{
"from":[15.5475,4.5946,7.2896],
"to":[15.7395,4.690599,8.7104],
"rotation":{"origin":[15.5475,4.69056,7.2896],"axis":"z","angle":22.5},
"faces":{
"down":{"uv":[6,9.75,7.5,12],"texture":"#normalgunmodel"},
"up":{"uv":[10,6.25,11,7.5],"texture":"#normalgunmodel"},
"north":{"uv":[3,4.25,5,7],"texture":"#normalgunmodel"},
"south":{"uv":[10,4.25,11,7],"texture":"#normalgunmodel"},
"west":{"uv":[6.25,4.25,8,7],"texture":"#normalgunmodel"},
"east":{"uv":[6.25,4.25,7.5,7],"texture":"#normalgunmodel"}
}
},
{
"from":[14.8045,4.4995,7.2896],
"to":[15.1885,4.5955,8.7104],
"rotation":{"origin":[14.8045,4.59552,7.2896],"axis":"z","angle":22.5},
"faces":{
"down":{"uv":[6,9.75,6.5,11],"texture":"#normalgunmodel"},
"up":{"uv":[10,6.25,11.5,8],"texture":"#normalgunmodel"},
"north":{"uv":[3,4.25,4,6.5],"texture":"#normalgunmodel"},
"south":{"uv":[10,4.25,11.5,7],"texture":"#normalgunmodel"},
"west":{"uv":[6.25,4.25,8,6],"texture":"#normalgunmodel"},
"east":{"uv":[6.25,4.25,8,6],"texture":"#normalgunmodel"}
}
},
{
"from":[9.632,2.688,7.424],
"to":[11.744,4.32,8.576],
"faces":{
"down":{"uv":[7.25,5.625,8.125,6.25],"texture":"#camo"},
"north":{"uv":[7.25,5.625,8.125,6.25],"texture":"#camo"},
"south":{"uv":[7.25,5.625,8.125,6.25],"texture":"#camo"},
"west":{"uv":[7.25,5.625,8.125,6.25],"texture":"#camo"},
"east":{"uv":[7.25,5.625,8.125,6.25],"texture":"#camo"}
}
},
{
"from":[9.631,2.112,7.424],
"to":[11.743,2.688,8.576],
"faces":{
"down":{"uv":[7.375,6.375,8.25,6.625],"texture":"#camo"},
"up":{"uv":[7.375,6.375,8.25,6.625],"texture":"#camo"},
"north":{"uv":[7.375,6.375,8.25,6.625],"texture":"#camo"},
"south":{"uv":[7.375,6.375,8.25,6.625],"texture":"#camo"},
"west":{"uv":[7.375,6.375,8.25,6.625],"texture":"#camo","cullface":"west"},
"east":{"uv":[7.375,6.375,8.25,6.625],"texture":"#camo"}
}
},
{
"from":[10.971,1.846,7.424],
"to":[11.739,2.134,8.576],
"faces":{
"down":{"uv":[7.625,8,8,8.125],"texture":"#camo"},
"north":{"uv":[7.625,7.875,8,8.125],"texture":"#camo"},
"south":{"uv":[7.625,7.875,8,8.125],"texture":"#camo"},
"west":{"uv":[7.625,7.875,8,8.125],"texture":"#camo"},
"east":{"uv":[7.625,7.875,8,8.125],"texture":"#camo"}
}
},
{
"from":[10.299,1.942,7.424],
"to":[10.971,2.134,8.576],
"faces":{
"down":{"uv":[8,7.875,8.25,8],"texture":"#camo"},
"north":{"uv":[8,7.875,8.25,8],"texture":"#camo"},
"south":{"uv":[8,7.875,8.25,8],"texture":"#camo"},
"west":{"uv":[8,7.875,8.25,8],"texture":"#camo"}
}
},
{
"from":[11.84,4.032,7.52],
"to":[12.032,4.224,8.48],
"faces":{
"up":{"uv":[13,7.375,13.25,8.625],"texture":"#camo"},
"north":{"uv":[2.75,10.5,3,10.75],"texture":"#camo"},
"south":{"uv":[13,10.5,13.25,10.75],"texture":"#camo"},
"east":{"uv":[7.375,10.5,8.625,10.75],"texture":"#camo"}
}
},
{
"from":[13.376,4.8,7.712],
"to":[13.568,5.375999,8.288],
"faces":{
"down":{"uv":[6.375,4.875,6.5,5.125],"texture":"#camo"},
"north":{"uv":[6.375,4.875,6.5,5.125],"texture":"#camo"},
"south":{"uv":[6.375,4.875,6.5,5.125],"texture":"#camo"},
"west":{"uv":[6.375,4.875,6.5,5.125],"texture":"#camo"},
"east":{"uv":[6.375,4.875,6.5,5.125],"texture":"#camo"}
}
},
{
"from":[13.4,4.512,7.712],
"to":[13.592,4.896,8.288],
"rotation":{"origin":[13.4,4.896,7.712],"axis":"z","angle":-22.5},
"faces":{
"down":{"uv":[6.5,5.125,6.625,5.25],"texture":"#camo"},
"up":{"uv":[6.5,5.125,6.625,5.25],"texture":"#camo"},
"north":{"uv":[6.5,5.125,6.625,5.25],"texture":"#camo"},
"south":{"uv":[6.5,5.125,6.625,5.25],"texture":"#camo"},
"west":{"uv":[6.5,5.125,6.625,5.25],"texture":"#camo"},
"east":{"uv":[6.5,5.125,6.625,5.25],"texture":"#camo"}
}
},
{
"from":[16.64,6.912,7.232],
"to":[17.216,7.199999,8.768],
"faces":{
"down":{"uv":[0,15,1,14],"texture":"#camo"},
"north":{"uv":[0,15,1,14],"texture":"#camo"},
"south":{"uv":[0,15,1,14],"texture":"#camo"},
"west":{"uv":[0,15,1,14],"texture":"#camo"}
}
},
{
"from":[8.96,7.104,7.232],
"to":[9.344,8.255999,8.768],
"faces":{
"down":{"uv":[6.75,9,6.25,7],"texture":"#brightgunmodel","cullface":"west"},
"up":{"uv":[9.25,7,9.75,9],"texture":"#brightgunmodel","cullface":"west"},
"north":{"uv":[6.25,5.25,6.75,6.75],"texture":"#brightgunmodel","cullface":"west"},
"south":{"uv":[9.25,5.25,9.75,6.75],"texture":"#brightgunmodel","cullface":"west"},
"east":{"uv":[7,5.25,9,6.75],"texture":"#brightgunmodel","cullface":"west"}
}
},
{
"from":[8.96,6.912,7.424],
"to":[9.344,8.448,8.576],
"faces":{
"down":{"uv":[6.75,8.75,6.25,7.25],"texture":"#brightgunmodel","cullface":"west"},
"up":{"uv":[9.25,7.25,9.75,8.75],"texture":"#brightgunmodel","cullface":"west"},
"north":{"uv":[6.25,5,6.75,7],"texture":"#brightgunmodel","cullface":"west"},
"south":{"uv":[9.25,5,9.75,7],"texture":"#brightgunmodel","cullface":"west"}
}
},
{
"from":[9.344,6.432,7.328],
"to":[9.536,6.912,8.671999],
"faces":{
"down":{"uv":[6.25,8.875,6,7.125],"texture":"#camo","cullface":"west"},
"north":{"uv":[6,7,6.25,7.625],"texture":"#camo","cullface":"west"},
"south":{"uv":[9.75,7,10,7.625],"texture":"#camo","cullface":"west"},
"west":{"uv":[7.125,7,8.875,7.625],"texture":"#camo","cullface":"west"}
}
},
{
"from":[-0.064,6.816,7.424],
"to":[8.96,8.544,8.576],
"faces":{
"down":{"uv":[8.5,2.25,12.75,2.75],"texture":"#normalgunmodel","cullface":"west"},
"up":{"uv":[8.5,2.25,12.75,2.75],"texture":"#normalgunmodel","cullface":"west"},
"north":{"uv":[8.5,0.5,12.75,1.25],"texture":"#normalgunmodel","cullface":"west"},
"south":{"uv":[8.5,0.5,12.75,1.25],"texture":"#normalgunmodel","cullface":"west"},
"west":{"uv":[12.625,0.5,12.75,1.25],"texture":"#normalgunmodel","cullface":"west"},
"east":{"uv":[12.625,0.5,12.75,1.25],"texture":"#normalgunmodel","cullface":"west"}
}
},
{
"from":[-0.064,7.008,7.232],
"to":[8.96,8.352,8.768],
"faces":{
"down":{"uv":[8.5,1.375,12.75,2.125],"texture":"#normalgunmodel","cullface":"west"},
"up":{"uv":[8.5,1.375,12.75,2.125],"texture":"#normalgunmodel","cullface":"west"},
"north":{"uv":[8.5,3.5,12.75,4],"texture":"#normalgunmodel","cullface":"west"},
"south":{"uv":[8.5,3.5,12.75,4],"texture":"#normalgunmodel","cullface":"west"},
"west":{"uv":[12.625,1.375,12.75,2.125],"texture":"#normalgunmodel","cullface":"west"},
"east":{"uv":[12.625,1.375,12.75,2.125],"texture":"#normalgunmodel","cullface":"west"}
}
},
{
"from":[-6.304,7.296,7.712],
"to":[-0.06400013,8.064,8.288],
"faces":{
"down":{"uv":[16,8.375,16,7.625],"texture":"#brightgunmodel","cullface":"west"},
"up":{"uv":[0,7.625,0,8.375],"texture":"#brightgunmodel","cullface":"west"},
"north":{"uv":[16,5.5,16,6.5],"texture":"#brightgunmodel","cullface":"west"},
"south":{"uv":[0,5.5,0,6.5],"texture":"#brightgunmodel","cullface":"west"}
}
},
{
"from":[-6.304,7.392,7.616],
"to":[-0.06400013,7.967999,8.383999],
"faces":{
"down":{"uv":[16,8.5,16,7.5],"texture":"#brightgunmodel","cullface":"west"},
"up":{"uv":[0,7.5,0,8.5],"texture":"#brightgunmodel","cullface":"west"},
"north":{"uv":[16,5.625,16,6.375],"texture":"#brightgunmodel","cullface":"west"},
"south":{"uv":[0,5.625,0,6.375],"texture":"#brightgunmodel","cullface":"west"}
}
},
{
"from":[-7.168,7.296,7.616],
"to":[-6.303999,8.064,8.383999],
"faces":{
"down":{"uv":[16,8.5,16,7.5],"texture":"#brightgunmodel","cullface":"west"},
"up":{"uv":[0,7.5,0,8.5],"texture":"#brightgunmodel","cullface":"west"},
"north":{"uv":[16,5.5,16,6.5],"texture":"#brightgunmodel","cullface":"west"},
"south":{"uv":[0,5.5,0,6.5],"texture":"#brightgunmodel","cullface":"west"},
"west":{"uv":[7.5,5.5,8.5,6.5],"texture":"#brightgunmodel","cullface":"west"},
"east":{"uv":[7.5,5.5,8.5,6.5],"texture":"#brightgunmodel","cullface":"west"}
}
},
{
"from":[-0.256,7.104,7.52],
"to":[-0.06399998,8.255999,8.48],
"faces":{
"down":{"uv":[16,8.625,16,7.375],"texture":"#brightgunmodel","cullface":"west"},
"up":{"uv":[0,7.375,0,8.625],"texture":"#brightgunmodel","cullface":"west"},
"north":{"uv":[16,5.25,16,6.75],"texture":"#brightgunmodel","cullface":"west"},
"south":{"uv":[0,5.25,0,6.75],"texture":"#brightgunmodel","cullface":"west"},
"west":{"uv":[7.375,5.25,8.625,6.75],"texture":"#brightgunmodel","cullface":"west"}
}
},
{
"from":[-0.256,7.2,7.424],
"to":[-0.06399998,8.16,8.576],
"faces":{
"down":{"uv":[16,8.75,16,7.25],"texture":"#brightgunmodel","cullface":"west"},
"up":{"uv":[0,7.25,0,8.75],"texture":"#brightgunmodel","cullface":"west"},
"north":{"uv":[16,5.375,16,6.625],"texture":"#brightgunmodel","cullface":"west"},
"south":{"uv":[0,5.375,0,6.625],"texture":"#brightgunmodel","cullface":"west"},
"west":{"uv":[7.25,5.375,8.75,6.625],"texture":"#brightgunmodel","cullface":"west"}
}
},
{
"from":[-1.312,8.064,7.808],
"to":[-1.12,9.504,8.191999],
"faces":{
"up":{"uv":[0,7.75,0,8.25],"texture":"#brightgunmodel","cullface":"west"},
"north":{"uv":[16,3.625,16,5.5],"texture":"#brightgunmodel","cullface":"west"},
"south":{"uv":[0,3.625,0,5.5],"texture":"#brightgunmodel","cullface":"west"},
"west":{"uv":[7.75,3.625,8.25,5.5],"texture":"#brightgunmodel","cullface":"west"},
"east":{"uv":[7.75,3.625,8.25,5.5],"texture":"#brightgunmodel","cullface":"west"}
}
},
{
"from":[-1.048,7.896,7.808],
"to":[-0.856,9.336,8.191999],
"rotation":{"origin":[-1.048,9.336,7.808],"axis":"z","angle":45},
"faces":{
"down":{"uv":[16,9,16,7],"texture":"#brightgunmodel","cullface":"west"},
"up":{"uv":[0,7,0,9],"texture":"#brightgunmodel","cullface":"west"},
"north":{"uv":[16,0,16,0],"texture":"#brightgunmodel","cullface":"west"},
"south":{"uv":[0,0,0,0],"texture":"#brightgunmodel","cullface":"west"},
"west":{"uv":[7,0,9,0],"texture":"#brightgunmodel","cullface":"west"},
"east":{"uv":[7,0,9,0],"texture":"#brightgunmodel","cullface":"west"}
}
},
{
"from":[-1.12,9.311999,7.808],
"to":[-0.928,9.503999,8.191999],
"faces":{
"down":{"uv":[16,8.25,16,7.75],"texture":"#brightgunmodel","cullface":"west"},
"up":{"uv":[0,7.75,0,8.25],"texture":"#brightgunmodel","cullface":"west"},
"north":{"uv":[16,3.625,16,3.875],"texture":"#brightgunmodel","cullface":"west"},
"south":{"uv":[0,3.625,0,3.875],"texture":"#brightgunmodel","cullface":"west"},
"east":{"uv":[7.75,3.625,8.25,3.875],"texture":"#brightgunmodel","cullface":"west"}
}
},
{
"from":[-1.12,9.024,7.856],
"to":[-1.024,9.408,8.144],
"faces":{
"down":{"uv":[16,9,16,7],"texture":"#brightgunmodel","cullface":"west"},
"up":{"uv":[0,7,0,9],"texture":"#brightgunmodel","cullface":"west"},
"north":{"uv":[16,0,16,0],"texture":"#brightgunmodel","cullface":"west"},
"south":{"uv":[0,0,0,0],"texture":"#brightgunmodel","cullface":"west"},
"east":{"uv":[7,0,9,0],"texture":"#brightgunmodel","cullface":"west"}
}
},
{
"from":[-1.312,9.504,7.808],
"to":[-0.9279999,9.696,7.903999],
"faces":{
"down":{"uv":[16,7.875,16,7.75],"texture":"#brightgunmodel","cullface":"west"},
"up":{"uv":[0,7.75,0,7.875],"texture":"#brightgunmodel","cullface":"west"},
"north":{"uv":[16,3.375,16,3.625],"texture":"#brightgunmodel","cullface":"west"},
"south":{"uv":[0,3.375,0,3.625],"texture":"#brightgunmodel","cullface":"west"},
"west":{"uv":[7.75,3.375,7.875,3.625],"texture":"#brightgunmodel","cullface":"west"},
"east":{"uv":[8.125,3.375,8.25,3.625],"texture":"#brightgunmodel","cullface":"west"}
}
},
{
"from":[-1.312,9.504,8.096],
"to":[-0.9279999,9.696,8.192],
"faces":{
"down":{"uv":[16,8.25,16,8.125],"texture":"#brightgunmodel","cullface":"west"},
"up":{"uv":[0,8.125,0,8.25],"texture":"#brightgunmodel","cullface":"west"},
"north":{"uv":[16,3.375,16,3.625],"texture":"#brightgunmodel","cullface":"west"},
"south":{"uv":[0,3.375,0,3.625],"texture":"#brightgunmodel","cullface":"west"},
"west":{"uv":[8.125,3.375,8.25,3.625],"texture":"#brightgunmodel","cullface":"west"},
"east":{"uv":[7.75,3.375,7.875,3.625],"texture":"#brightgunmodel","cullface":"west"}
}
},
{
"from":[9.44,8.448,7.424],
"to":[16.448,8.832,8.576],
"faces":{
"down":{"uv":[4.875,0.375,8.25,0.875],"texture":"#camo","cullface":"west"},
"up":{"uv":[4.875,0.375,8.25,0.875],"texture":"#camo","cullface":"west"},
"north":{"uv":[4.875,3.25,8.25,3.375],"texture":"#camo","cullface":"west"},
"south":{"uv":[4.875,3.25,8.25,3.375],"texture":"#camo","cullface":"west"},
"west":{"uv":[8.125,0.375,8.25,0.875],"texture":"#camo","cullface":"west"},
"east":{"uv":[4.875,0.375,5,0.875],"texture":"#camo","cullface":"west"}
}
},
{
"from":[9.44,8.832,7.52],
"to":[9.824,9.792,8.48],
"faces":{
"up":{"uv":[9.875,7.375,10.375,8.625],"texture":"#camo","cullface":"west"},
"north":{"uv":[5.625,3.25,6.125,4.5],"texture":"#camo","cullface":"west"},
"south":{"uv":[9.875,3.25,10.375,4.5],"texture":"#camo","cullface":"west"},
"west":{"uv":[7.375,3.25,8.625,4.5],"texture":"#camo","cullface":"west"},
"east":{"uv":[7.375,3.25,8.625,4.5],"texture":"#camo","cullface":"west"}
}
},
{
"from":[9.823999,9.792,7.52],
"to":[14.912,9.984,8.48],
"faces":{
"down":{"uv":[1.625,1.125,4.375,1.375],"texture":"#camo"},
"up":{"uv":[1.625,1.125,4.375,1.375],"texture":"#camo"},
"north":{"uv":[5.375,2.625,8.125,2.75],"texture":"#camo"},
"south":{"uv":[5.375,2.625,8.125,2.75],"texture":"#camo"},
"west":{"uv":[4.25,1.125,4.375,1.375],"texture":"#camo"}
}
},
{
"from":[14.528,8.544,7.52],
"to":[15.008,9.792,8.288],
"rotation":{"origin":[14.528,9.792,7.52],"axis":"z","angle":22.5},
"faces":{
"down":{"uv":[11.75,9.25,10.75,6.75],"texture":"#camo"},
"up":{"uv":[4.25,6.75,5.25,9.25],"texture":"#camo"},
"north":{"uv":[10.75,0,12,1],"texture":"#camo"},
"south":{"uv":[4.25,0,5.5,1],"texture":"#camo"},
"west":{"uv":[6.75,0,9,1],"texture":"#camo"},
"east":{"uv":[6.75,0,9,1],"texture":"#camo"}
}
},
{
"from":[15.272,8.832,7.52],
"to":[15.584,9.696,8.288],
"faces":{
"up":{"uv":[4.25,6.75,5.25,9.25],"texture":"#camo"},
"north":{"uv":[10.75,0,12,1],"texture":"#camo"},
"south":{"uv":[4.25,0,5.5,1],"texture":"#camo"},
"west":{"uv":[6.75,0,9,1],"texture":"#camo"},
"east":{"uv":[6.75,0,8,1],"texture":"#camo"}
}
},
{
"from":[14.912,9.599999,7.52],
"to":[15.584,9.983999,8.48],
"faces":{
"down":{"uv":[11.75,9.25,10.75,6.75],"texture":"#camo"},
"up":{"uv":[4.25,6.75,5.25,9.25],"texture":"#camo"},
"north":{"uv":[10.75,0,12,1],"texture":"#camo"},
"south":{"uv":[4.25,0,5.5,1],"texture":"#camo"},
"west":{"uv":[6.75,0,7.5,1],"texture":"#camo"},
"east":{"uv":[6.75,0,7.5,1],"texture":"#camo"}
}
},
{
"from":[15.224,8.5843,7.52],
"to":[15.608,9.8323,8.288],
"rotation":{"origin":[15.224,9.83231,7.52],"axis":"z","angle":22.5},
"faces":{
"down":{"uv":[11.75,9.25,10.75,6.75],"texture":"#camo"},
"up":{"uv":[4.25,6.75,5.25,9.25],"texture":"#camo"},
"north":{"uv":[10.75,0,12,1.5],"texture":"#camo"},
"south":{"uv":[4.25,0,6,1],"texture":"#camo"},
"west":{"uv":[6.75,0,10,1],"texture":"#camo"},
"east":{"uv":[6.75,0,9,1.5],"texture":"#camo"}
}
},
{
"from":[15.008,9.216,7.52],
"to":[15.296,9.6,8.288],
"faces":{
"down":{"uv":[11.75,9.25,10.75,6.75],"texture":"#camo"},
"north":{"uv":[10.75,0,12,2],"texture":"#camo"},
"south":{"uv":[4.25,0,6,1],"texture":"#camo"}
}
},
{
"from":[15.584,8.832,7.52],
"to":[15.68,9.024,8.288],
"faces":{
"up":{"uv":[4.25,6.75,5.25,9.25],"texture":"#camo"},
"north":{"uv":[10.75,0,12,0.5],"texture":"#camo"},
"east":{"uv":[6.75,0,10,1],"texture":"#camo"}
}
},
{
"from":[15.008,8.832,8.288],
"to":[15.968,9.024,8.48],
"faces":{
"up":{"uv":[4.25,6.75,5.25,9.25],"texture":"#camo"},
"north":{"uv":[10.75,0,12,1],"texture":"#camo"},
"south":{"uv":[4.25,0,5.5,0.5],"texture":"#camo"},
"west":{"uv":[6.75,0,9.5,0.5],"texture":"#camo"},
"east":{"uv":[6.75,0,9,0.5],"texture":"#camo"}
}
},
{
"from":[14.504,9.576,8.191999],
"to":[14.8688,9.84,8.479999],
"rotation":{"origin":[14.504,9.84,8.192],"axis":"z","angle":22.5},
"faces":{
"down":{"uv":[11.75,9.25,10.75,6.75],"texture":"#camo"},
"up":{"uv":[4.25,6.75,5.25,9.25],"texture":"#camo"},
"north":{"uv":[10.75,0,11,1],"texture":"#camo"},
"south":{"uv":[4.25,0,5.5,1],"texture":"#camo"},
"west":{"uv":[6.75,0,9.5,0.5],"texture":"#camo"},
"east":{"uv":[6.75,0,8,1],"texture":"#camo"}
}
},
{
"from":[14.8765,8.6621,8.191999],
"to":[15.0685,8.9501,8.479999],
"rotation":{"origin":[14.8765,8.95006,8.192],"axis":"z","angle":22.5},
"faces":{
"down":{"uv":[11.75,9.25,10.75,6.75],"texture":"#camo"},
"up":{"uv":[4.25,6.75,5.25,9.25],"texture":"#camo"},
"north":{"uv":[10.75,0,12,0.5],"texture":"#camo"},
"south":{"uv":[4.25,0,5,1],"texture":"#camo"},
"west":{"uv":[6.75,0,9.5,0.5],"texture":"#camo"},
"east":{"uv":[6.75,0,9.5,1],"texture":"#camo"}
}
},
{
"from":[15.4957,8.688,8.191999],
"to":[15.5917,9.936,8.479999],
"rotation":{"origin":[15.4957,9.936,8.192],"axis":"z","angle":22.5},
"faces":{
"down":{"uv":[11.75,9.25,10.75,6.75],"texture":"#camo"},
"up":{"uv":[4.25,6.75,5.25,9.25],"texture":"#camo"},
"north":{"uv":[10.75,0,12,1],"texture":"#camo"},
"south":{"uv":[3,0,4,1],"texture":"#camo"},
"west":{"uv":[6.75,0,8.5,1.5],"texture":"#camo"},
"east":{"uv":[6.75,0,9,0.5],"texture":"#camo"}
}
},
{
"from":[15.584,9.599999,7.52],
"to":[15.68,9.719999,8.48],
"faces":{
"down":{"uv":[11.75,9.25,10.75,6.75],"texture":"#camo"},
"up":{"uv":[4.25,6.75,5.25,9.25],"texture":"#camo"},
"north":{"uv":[10.75,0,12,0.5],"texture":"#camo"},
"south":{"uv":[4.25,0,5.5,0.5],"texture":"#camo"},
"east":{"uv":[6.75,0,9.5,0.5],"texture":"#camo"}
}
},
{
"from":[14.624,9.599999,7.52],
"to":[14.912,9.695999,8.48],
"faces":{
"down":{"uv":[11.75,9.25,10.75,6.75],"texture":"#camo"},
"up":{"uv":[4.25,6.75,5.25,9.25],"texture":"#camo"},
"north":{"uv":[10.75,0,12,0.5],"texture":"#camo"},
"south":{"uv":[4.25,0,5,0.5],"texture":"#camo"},
"west":{"uv":[6.75,0,7.5,0.5],"texture":"#camo"}
}
},
{
"from":[14.816,9.657499,7.52],
"to":[14.912,9.719999,8.48],
"faces":{
"down":{"uv":[11.75,9.25,10.75,6.75],"texture":"#camo"},
"up":{"uv":[4.25,6.75,5.25,9.25],"texture":"#camo"},
"north":{"uv":[10.75,0,12,0.5],"texture":"#camo"},
"south":{"uv":[4.25,0,5,0.5],"texture":"#camo"},
"west":{"uv":[6.75,0,8.5,1],"texture":"#camo"}
}
},
{
"from":[14.912,8.927999,7.52],
"to":[15.008,9.023999,8.48],
"faces":{
"down":{"uv":[11.75,9.25,10.75,6.75],"texture":"#camo"},
"up":{"uv":[4.25,6.75,5.25,9.25],"texture":"#camo"},
"north":{"uv":[10.75,0,11.5,1],"texture":"#camo"},
"south":{"uv":[4.25,0,5,1],"texture":"#camo"},
"west":{"uv":[6.75,0,8,1],"texture":"#camo"},
"east":{"uv":[6.75,0,8,1],"texture":"#camo"}
}
},
{
"from":[14.8659,8.9615,8.288],
"to":[14.9284,9.024,8.48],
"faces":{
"down":{"uv":[11.75,9.25,10.75,6.75],"texture":"#camo"},
"up":{"uv":[4.25,6.75,5.25,9.25],"texture":"#camo"},
"south":{"uv":[4.25,0,5.25,0],"texture":"#camo"},
"west":{"uv":[6.75,0,9.25,0],"texture":"#camo"},
"east":{"uv":[6.75,0,9.25,0],"texture":"#camo"}
}
},
{
"from":[14.8606,8.9255,8.288],
"to":[14.9231,8.988,8.48],
"rotation":{"origin":[14.8606,8.988,8.288],"axis":"z","angle":22.5},
"faces":{
"down":{"uv":[11.75,9.25,10.75,6.75],"texture":"#camo"},
"up":{"uv":[4.25,6.75,5.25,9.25],"texture":"#camo"},
"south":{"uv":[4.25,0,5.5,0.5],"texture":"#camo"},
"west":{"uv":[6.75,0,9.5,1],"texture":"#camo"},
"east":{"uv":[6.75,0,8.5,0.5],"texture":"#camo"}
}
},
{
"from":[14.8506,8.9495,8.288],
"to":[14.9131,9.012,8.48],
"rotation":{"origin":[14.8506,9.012,8.288],"axis":"z","angle":22.5},
"faces":{
"down":{"uv":[11.75,9.25,10.75,6.75],"texture":"#camo"},
"up":{"uv":[4.25,6.75,5.25,9.25],"texture":"#camo"},
"south":{"uv":[4.25,0,5,0.5],"texture":"#camo"},
"west":{"uv":[6.75,0,8.5,0.5],"texture":"#camo"},
"east":{"uv":[6.75,0,9.5,0.5],"texture":"#camo"}
}
},
{
"from":[14.8479,8.9555,8.288],
"to":[14.9104,9.018,8.48],
"rotation":{"origin":[14.8479,9.018,8.288],"axis":"z","angle":22.5},
"faces":{
"down":{"uv":[11.75,9.25,10.75,6.75],"texture":"#camo"},
"up":{"uv":[4.25,6.75,5.25,9.25],"texture":"#camo"},
"south":{"uv":[4.25,0,5.25,0],"texture":"#camo"},
"west":{"uv":[6.75,0,9.25,0],"texture":"#camo"},
"east":{"uv":[6.75,0,9.25,0],"texture":"#camo"}
}
},
{
"from":[14.8529,8.9615,8.288],
"to":[14.9154,9.024,8.48],
"faces":{
"down":{"uv":[11.75,9.25,10.75,6.75],"texture":"#camo"},
"up":{"uv":[4.25,6.75,5.25,9.25],"texture":"#camo"},
"south":{"uv":[4.25,0,5,0.5],"texture":"#camo"},
"west":{"uv":[6.75,0,8,1],"texture":"#camo"},
"east":{"uv":[6.75,0,7.5,1],"texture":"#camo"}
}
},
{
"from":[14.8478,8.9558,8.288],
"to":[14.9103,9.0183,8.48],
"rotation":{"origin":[14.8478,9.01825,8.288],"axis":"z","angle":45},
"faces":{
"down":{"uv":[11.75,9.25,10.75,6.75],"texture":"#camo"},
"up":{"uv":[4.25,6.75,5.25,9.25],"texture":"#camo"},
"south":{"uv":[4.25,0,5,1],"texture":"#camo"},
"west":{"uv":[6.75,0,7.5,1],"texture":"#camo"},
"east":{"uv":[6.75,0,7.5,1],"texture":"#camo"}
}
},
{
"from":[10.592,9.984,7.52],
"to":[15.584,10.08,7.664],
"faces":{
"down":{"uv":[1.625,2.25,3.875,2.375],"texture":"#camo"},
"up":{"uv":[1.625,2.25,3.875,2.375],"texture":"#camo"},
"north":{"uv":[1.625,0.875,3.875,1],"texture":"#camo"},
"south":{"uv":[1.625,0.875,3.875,1],"texture":"#camo"},
"west":{"uv":[3.75,0.875,3.875,1],"texture":"#camo"},
"east":{"uv":[3.75,0.875,3.875,1],"texture":"#camo"}
}
},
{
"from":[11.408,10.08,7.52],
"to":[15.584,10.176,7.664],
"faces":{
"up":{"uv":[1.625,2.25,3.5,2.375],"texture":"#camo"},
"north":{"uv":[1.625,0.625,3.5,0.75],"texture":"#camo"},
"south":{"uv":[1.625,0.625,3.5,0.75],"texture":"#camo"},
"west":{"uv":[3.375,2.25,3.5625,2.375],"texture":"#camo"},
"east":{"uv":[3.375,2.25,3.5625,2.375],"texture":"#camo"}
}
},
{
"from":[12.176,10.176,7.52],
"to":[15.584,10.272,7.664],
"faces":{
"up":{"uv":[1.625,2.25,3.125,2.375],"texture":"#camo"},
"north":{"uv":[1.625,0.375,3.125,0.5],"texture":"#camo"},
"south":{"uv":[1.625,0.375,3.125,0.5],"texture":"#camo"},
"west":{"uv":[3,2.25,3.1875,2.375],"texture":"#camo"},
"east":{"uv":[3,2.25,3.1875,2.375],"texture":"#camo"}
}
},
{
"from":[12.944,10.272,7.52],
"to":[15.584,10.368,7.664],
"faces":{
"up":{"uv":[1.625,2.25,2.75,2.375],"texture":"#camo"},
"north":{"uv":[1.625,0.125,2.75,0.25],"texture":"#camo"},
"south":{"uv":[1.625,0.125,2.75,0.25],"texture":"#camo"},
"west":{"uv":[2.625,2.25,2.8125,2.375],"texture":"#camo"},
"east":{"uv":[2.625,2.25,2.8125,2.375],"texture":"#camo"}
}
},
{
"from":[13.712,10.368,7.52],
"to":[15.584,10.464,7.664],
"faces":{
"up":{"uv":[1.625,2.25,2.25,2.375],"texture":"#camo"},
"north":{"uv":[0.875,0.875,1.5,1],"texture":"#camo"},
"south":{"uv":[0.875,0.875,1.5,1],"texture":"#camo"},
"west":{"uv":[2.125,2.25,2.3125,2.375],"texture":"#camo"},
"east":{"uv":[2.125,2.25,2.3125,2.375],"texture":"#camo"}
}
},
{
"from":[14.48,10.464,7.52],
"to":[15.584,10.56,7.664],
"faces":{
"up":{"uv":[1.625,2.25,1.875,2.375],"texture":"#camo"},
"north":{"uv":[0.875,0.625,1.125,0.75],"texture":"#camo"},
"south":{"uv":[0.875,0.625,1.125,0.75],"texture":"#camo"},
"west":{"uv":[1.75,2.25,1.875,2.375],"texture":"#camo"},
"east":{"uv":[1.75,2.25,1.875,2.375],"texture":"#camo"}
}
},
{
"from":[9.535999,9.792,7.52],
"to":[9.823999,9.936,8.48],
"faces":{
"up":{"uv":[10,7.375,10.375,8.625],"texture":"#camo"},
"north":{"uv":[5.625,3.0625,6,3.25],"texture":"#camo"},
"south":{"uv":[10,3.0625,10.375,3.25],"texture":"#camo"},
"west":{"uv":[7.375,3.0625,8.625,3.25],"texture":"#camo","cullface":"west"}
}
},
{
"from":[10.592,9.984,8.335999],
"to":[15.584,10.08,8.479999],
"faces":{
"down":{"uv":[1.625,2.25,3.875,2.375],"texture":"#camo"},
"up":{"uv":[1.625,2.25,3.875,2.375],"texture":"#camo"},
"north":{"uv":[1.625,0.875,3.875,1],"texture":"#camo"},
"south":{"uv":[1.625,0.875,3.875,1],"texture":"#camo"},
"west":{"uv":[3.75,0.875,3.875,1],"texture":"#camo"},
"east":{"uv":[3.75,0.875,3.875,1],"texture":"#camo"}
}
},
{
"from":[11.408,10.08,8.335999],
"to":[15.584,10.176,8.479999],
"faces":{
"up":{"uv":[1.625,2.25,3.5,2.375],"texture":"#camo"},
"north":{"uv":[1.625,0.625,3.5,0.75],"texture":"#camo"},
"south":{"uv":[1.625,0.625,3.5,0.75],"texture":"#camo"},
"west":{"uv":[3.375,2.25,3.5625,2.375],"texture":"#camo"},
"east":{"uv":[3.375,2.25,3.5625,2.375],"texture":"#camo"}
}
},
{
"from":[12.176,10.176,8.335999],
"to":[15.584,10.272,8.479999],
"faces":{
"up":{"uv":[1.625,2.25,3.125,2.375],"texture":"#camo"},
"north":{"uv":[1.625,0.375,3.125,0.5],"texture":"#camo"},
"south":{"uv":[1.625,0.375,3.125,0.5],"texture":"#camo"},
"west":{"uv":[3,2.25,3.1875,2.375],"texture":"#camo"},
"east":{"uv":[3,2.25,3.1875,2.375],"texture":"#camo"}
}
},
{
"from":[12.944,10.272,8.335999],
"to":[15.584,10.368,8.479999],
"faces":{
"up":{"uv":[1.625,2.25,2.75,2.375],"texture":"#camo"},
"north":{"uv":[1.625,0.125,2.75,0.25],"texture":"#camo"},
"south":{"uv":[1.625,0.125,2.75,0.25],"texture":"#camo"},
"west":{"uv":[2.625,2.25,2.8125,2.375],"texture":"#camo"},
"east":{"uv":[2.625,2.25,2.8125,2.375],"texture":"#camo"}
}
},
{
"from":[13.712,10.368,8.335999],
"to":[15.584,10.464,8.479999],
"faces":{
"up":{"uv":[1.625,2.25,2.25,2.375],"texture":"#camo"},
"north":{"uv":[0.875,0.875,1.5,1],"texture":"#camo"},
"south":{"uv":[0.875,0.875,1.5,1],"texture":"#camo"},
"west":{"uv":[2.125,2.25,2.3125,2.375],"texture":"#camo"},
"east":{"uv":[2.125,2.25,2.3125,2.375],"texture":"#camo"}
}
},
{
"from":[14.48,10.464,8.335999],
"to":[15.584,10.56,8.479999],
"faces":{
"up":{"uv":[1.625,2.25,1.875,2.375],"texture":"#camo"},
"north":{"uv":[0.875,0.625,1.125,0.75],"texture":"#camo"},
"south":{"uv":[0.875,0.625,1.125,0.75],"texture":"#camo"},
"west":{"uv":[1.75,2.25,1.875,2.375],"texture":"#camo"},
"east":{"uv":[1.75,2.25,1.875,2.375],"texture":"#camo"}
}
},
{
"from":[16.448,8.448,7.232],
"to":[17.216,8.736,8.768],
"faces":{
"down":{"uv":[0,16,1,15],"texture":"#camo"},
"up":{"uv":[0,16,1,15],"texture":"#camo"},
"north":{"uv":[0,16,1,15],"texture":"#camo"},
"south":{"uv":[0,16,1,15],"texture":"#camo"},
"west":{"uv":[0,16,1,15],"texture":"#camo"},
"east":{"uv":[0,16,1,15],"texture":"#camo"}
}
},
{
"from":[21.425,5.35,7.232],
"to":[22.225,5.75,8.768],
"faces":{
"down":{"uv":[6,9,8.5,10],"texture":"#normalgunmodel"},
"up":{"uv":[10,7,12,8],"texture":"#normalgunmodel"},
"north":{"uv":[0,8,2.5,9],"texture":"#normalgunmodel"},
"south":{"uv":[10,8,12.5,9],"texture":"#normalgunmodel"},
"west":{"uv":[7,8,8,9],"texture":"#normalgunmodel"},
"east":{"uv":[7,8,8,9],"texture":"#normalgunmodel"}
}
},
{
"from":[22.225,5.35,7.232],
"to":[22.925,5.55,8.768],
"faces":{
"down":{"uv":[6,9,8.5,10],"texture":"#normalgunmodel","cullface":"east"},
"up":{"uv":[10,7,12,8],"texture":"#normalgunmodel","cullface":"east"},
"north":{"uv":[0,8,2.5,9],"texture":"#normalgunmodel","cullface":"east"},
"south":{"uv":[10,8,12.5,9],"texture":"#normalgunmodel","cullface":"east"},
"west":{"uv":[7,8,8,9],"texture":"#normalgunmodel","cullface":"east"},
"east":{"uv":[7,8,8,9],"texture":"#normalgunmodel","cullface":"east"}
}
},
{
"from":[20.9,5.75,7.232],
"to":[21.6,5.95,8.768],
"faces":{
"down":{"uv":[6,9,8.5,10],"texture":"#normalgunmodel","cullface":"east"},
"up":{"uv":[10,7,12,8],"texture":"#normalgunmodel","cullface":"east"},
"north":{"uv":[0,8,2.5,9],"texture":"#normalgunmodel","cullface":"east"},
"south":{"uv":[10,8,12.5,9],"texture":"#normalgunmodel","cullface":"east"},
"west":{"uv":[7,8,8,9],"texture":"#normalgunmodel","cullface":"east"},
"east":{"uv":[7,8,8,9],"texture":"#normalgunmodel","cullface":"east"}
}
},
{
"from":[19.55,6.125,7.232],
"to":[20.25,6.325,8.768],
"faces":{
"down":{"uv":[6,9,8.5,10],"texture":"#normalgunmodel","cullface":"east"},
"up":{"uv":[10,7,12,8],"texture":"#normalgunmodel","cullface":"east"},
"north":{"uv":[0,8,2.5,9],"texture":"#normalgunmodel","cullface":"east"},
"south":{"uv":[10,8,12.5,9],"texture":"#normalgunmodel","cullface":"east"},
"west":{"uv":[7,8,8,9],"texture":"#normalgunmodel","cullface":"east"},
"east":{"uv":[7,8,8,9],"texture":"#normalgunmodel","cullface":"east"}
}
},
{
"from":[18.3,6.525,7.232],
"to":[19,6.724999,8.768],
"faces":{
"down":{"uv":[6,9,8.5,10],"texture":"#normalgunmodel","cullface":"east"},
"up":{"uv":[10,7,12,8],"texture":"#normalgunmodel","cullface":"east"},
"north":{"uv":[0,8,2.5,9],"texture":"#normalgunmodel","cullface":"east"},
"south":{"uv":[10,8,12.5,9],"texture":"#normalgunmodel","cullface":"east"},
"west":{"uv":[7,8,8,9],"texture":"#normalgunmodel","cullface":"east"},
"east":{"uv":[7,8,8,9],"texture":"#normalgunmodel","cullface":"east"}
}
},
{
"from":[24.45,4.8,7.232],
"to":[25.7,5,8.768],
"faces":{
"down":{"uv":[6,9,8.5,10],"texture":"#normalgunmodel","cullface":"east"},
"up":{"uv":[10,7,12,8],"texture":"#normalgunmodel","cullface":"east"},
"north":{"uv":[0,8,2.5,9],"texture":"#normalgunmodel","cullface":"east"},
"south":{"uv":[10,8,12.5,9],"texture":"#normalgunmodel","cullface":"east"},
"west":{"uv":[7,8,8,9],"texture":"#normalgunmodel","cullface":"east"},
"east":{"uv":[7,8,8,9],"texture":"#normalgunmodel","cullface":"east"}
}
},
{
"from":[18.3,6.725,7.232],
"to":[18.65,6.8,8.768],
"faces":{
"down":{"uv":[6,9,8.5,10],"texture":"#normalgunmodel","cullface":"east"},
"up":{"uv":[10,7,12,8],"texture":"#normalgunmodel","cullface":"east"},
"north":{"uv":[0,8,2.5,9],"texture":"#normalgunmodel","cullface":"east"},
"south":{"uv":[10,8,12.5,9],"texture":"#normalgunmodel","cullface":"east"},
"west":{"uv":[7,8,8,9],"texture":"#normalgunmodel","cullface":"east"},
"east":{"uv":[7,8,8,9],"texture":"#normalgunmodel","cullface":"east"}
}
},
{
"from":[19,6.525,7.232],
"to":[19.35,6.625,8.768],
"faces":{
"down":{"uv":[6,9,8.5,10],"texture":"#normalgunmodel","cullface":"east"},
"up":{"uv":[10,7,12,8],"texture":"#normalgunmodel","cullface":"east"},
"north":{"uv":[0,8,2.5,9],"texture":"#normalgunmodel","cullface":"east"},
"south":{"uv":[10,8,12.5,9],"texture":"#normalgunmodel","cullface":"east"},
"west":{"uv":[7,8,8,9],"texture":"#normalgunmodel","cullface":"east"},
"east":{"uv":[7,8,8,9],"texture":"#normalgunmodel","cullface":"east"}
}
},
{
"from":[19.675,6.325,7.232],
"to":[20,6.425,8.768],
"faces":{
"down":{"uv":[6,9,8.5,10],"texture":"#normalgunmodel","cullface":"east"},
"up":{"uv":[10,7,12,8],"texture":"#normalgunmodel","cullface":"east"},
"north":{"uv":[0,8,2.5,9],"texture":"#normalgunmodel","cullface":"east"},
"south":{"uv":[10,8,12.5,9],"texture":"#normalgunmodel","cullface":"east"},
"west":{"uv":[7,8,8,9],"texture":"#normalgunmodel","cullface":"east"},
"east":{"uv":[7,8,8,9],"texture":"#normalgunmodel","cullface":"east"}
}
},
{
"from":[20.25,6.15,7.232],
"to":[20.575,6.25,8.768],
"faces":{
"down":{"uv":[6,9,8.5,10],"texture":"#normalgunmodel","cullface":"east"},
"up":{"uv":[10,7,12,8],"texture":"#normalgunmodel","cullface":"east"},
"north":{"uv":[0,8,2.5,9],"texture":"#normalgunmodel","cullface":"east"},
"south":{"uv":[10,8,12.5,9],"texture":"#normalgunmodel","cullface":"east"},
"west":{"uv":[7,8,8,9],"texture":"#normalgunmodel","cullface":"east"},
"east":{"uv":[7,8,8,9],"texture":"#normalgunmodel","cullface":"east"}
}
},
{
"from":[20.9,5.95,7.232],
"to":[21.225,6.05,8.768],
"faces":{
"down":{"uv":[6,9,8.5,10],"texture":"#normalgunmodel","cullface":"east"},
"up":{"uv":[10,7,12,8],"texture":"#normalgunmodel","cullface":"east"},
"north":{"uv":[0,8,2.5,9],"texture":"#normalgunmodel","cullface":"east"},
"south":{"uv":[10,8,12.5,9],"texture":"#normalgunmodel","cullface":"east"},
"west":{"uv":[7,8,8,9],"texture":"#normalgunmodel","cullface":"east"},
"east":{"uv":[7,8,8,9],"texture":"#normalgunmodel","cullface":"east"}
}
},
{
"from":[21.6,5.75,7.232],
"to":[21.925,5.85,8.768],
"faces":{
"down":{"uv":[6,9,8.5,10],"texture":"#normalgunmodel","cullface":"east"},
"up":{"uv":[10,7,12,8],"texture":"#normalgunmodel","cullface":"east"},
"north":{"uv":[0,8,2.5,9],"texture":"#normalgunmodel","cullface":"east"},
"south":{"uv":[10,8,12.5,9],"texture":"#normalgunmodel","cullface":"east"},
"west":{"uv":[7,8,8,9],"texture":"#normalgunmodel","cullface":"east"},
"east":{"uv":[7,8,8,9],"texture":"#normalgunmodel","cullface":"east"}
}
},
{
"from":[22.225,5.55,7.232],
"to":[22.55,5.65,8.768],
"faces":{
"down":{"uv":[6,9,8.5,10],"texture":"#normalgunmodel","cullface":"east"},
"up":{"uv":[10,7,12,8],"texture":"#normalgunmodel","cullface":"east"},
"north":{"uv":[0,8,2.5,9],"texture":"#normalgunmodel","cullface":"east"},
"south":{"uv":[10,8,12.5,9],"texture":"#normalgunmodel","cullface":"east"},
"west":{"uv":[7,8,8,9],"texture":"#normalgunmodel","cullface":"east"},
"east":{"uv":[7,8,8,9],"texture":"#normalgunmodel","cullface":"east"}
}
},
{
"from":[22.925,5.35,7.232],
"to":[23.25,5.45,8.768],
"faces":{
"down":{"uv":[6,9,8.5,10],"texture":"#normalgunmodel","cullface":"east"},
"up":{"uv":[10,7,12,8],"texture":"#normalgunmodel","cullface":"east"},
"north":{"uv":[0,8,2.5,9],"texture":"#normalgunmodel","cullface":"east"},
"south":{"uv":[10,8,12.5,9],"texture":"#normalgunmodel","cullface":"east"},
"west":{"uv":[7,8,8,9],"texture":"#normalgunmodel","cullface":"east"},
"east":{"uv":[7,8,8,9],"texture":"#normalgunmodel","cullface":"east"}
}
},
{
"from":[23.55,5.175,7.232],
"to":[23.975,5.275,8.768],
"faces":{
"down":{"uv":[6,9,8.5,10],"texture":"#normalgunmodel","cullface":"east"},
"up":{"uv":[10,7,12,8],"texture":"#normalgunmodel","cullface":"east"},
"north":{"uv":[0,8,2.5,9],"texture":"#normalgunmodel","cullface":"east"},
"south":{"uv":[10,8,12.5,9],"texture":"#normalgunmodel","cullface":"east"},
"west":{"uv":[7,8,8,9],"texture":"#normalgunmodel","cullface":"east"},
"east":{"uv":[7,8,8,9],"texture":"#normalgunmodel","cullface":"east"}
}
},
{
"from":[24.45,5,7.232],
"to":[24.8,5.1,8.768],
"faces":{
"down":{"uv":[6,9,8.5,10],"texture":"#normalgunmodel","cullface":"east"},
"up":{"uv":[10,7,12,8],"texture":"#normalgunmodel","cullface":"east"},
"north":{"uv":[0,8,2.5,9],"texture":"#normalgunmodel","cullface":"east"},
"south":{"uv":[10,8,12.5,9],"texture":"#normalgunmodel","cullface":"east"},
"west":{"uv":[7,8,8,9],"texture":"#normalgunmodel","cullface":"east"},
"east":{"uv":[7,8,8,9],"texture":"#normalgunmodel","cullface":"east"}
}
},
{
"from":[25.925,6.9,7.232],
"to":[26.25,7.75,8.768],
"faces":{
"down":{"uv":[6,9,8.5,10],"texture":"#normalgunmodel","cullface":"east"},
"up":{"uv":[10,7,12,8],"texture":"#normalgunmodel","cullface":"east"},
"north":{"uv":[0,8,2.5,9],"texture":"#normalgunmodel","cullface":"east"},
"south":{"uv":[10,8,12.5,9],"texture":"#normalgunmodel","cullface":"east"},
"west":{"uv":[7,8,8,9],"texture":"#normalgunmodel","cullface":"east"},
"east":{"uv":[7,8,8,9],"texture":"#normalgunmodel","cullface":"east"}
}
},
{
"from":[25.725,5.8,7.232],
"to":[26.05,6.9,8.768],
"faces":{
"down":{"uv":[6,9,8.5,10],"texture":"#normalgunmodel","cullface":"east"},
"up":{"uv":[10,7,12,8],"texture":"#normalgunmodel","cullface":"east"},
"north":{"uv":[0,8,2.5,9],"texture":"#normalgunmodel","cullface":"east"},
"south":{"uv":[10,8,12.5,9],"texture":"#normalgunmodel","cullface":"east"},
"west":{"uv":[7,8,8,9],"texture":"#normalgunmodel","cullface":"east"},
"east":{"uv":[7,8,8,9],"texture":"#normalgunmodel","cullface":"east"}
}
},
{
"from":[25.525,5.375,7.232],
"to":[25.85,5.925,8.768],
"faces":{
"down":{"uv":[6,9,8.5,10],"texture":"#normalgunmodel","cullface":"east"},
"up":{"uv":[10,7,12,8],"texture":"#normalgunmodel","cullface":"east"},
"north":{"uv":[0,8,2.5,9],"texture":"#normalgunmodel","cullface":"east"},
"south":{"uv":[10,8,12.5,9],"texture":"#normalgunmodel","cullface":"east"},
"west":{"uv":[7,8,8,9],"texture":"#normalgunmodel","cullface":"east"},
"east":{"uv":[7,8,8,9],"texture":"#normalgunmodel","cullface":"east"}
}
},
{
"from":[25.325,5,7.232],
"to":[25.665,5.375,8.768],
"faces":{
"down":{"uv":[6,9,8.5,10],"texture":"#normalgunmodel","cullface":"east"},
"up":{"uv":[10,7,12,8],"texture":"#normalgunmodel","cullface":"east"},
"north":{"uv":[0,8,2.5,9],"texture":"#normalgunmodel","cullface":"east"},
"south":{"uv":[10,8,12.5,9],"texture":"#normalgunmodel","cullface":"east"},
"west":{"uv":[7,8,8,9],"texture":"#normalgunmodel","cullface":"east"},
"east":{"uv":[7,8,8,9],"texture":"#normalgunmodel","cullface":"east"}
}
},
{
"from":[25.1,5,7.232],
"to":[25.325,5.175,8.768],
"faces":{
"down":{"uv":[6,9,8.5,10],"texture":"#normalgunmodel","cullface":"east"},
"up":{"uv":[10,7,12,8],"texture":"#normalgunmodel","cullface":"east"},
"north":{"uv":[0,8,2.5,9],"texture":"#normalgunmodel","cullface":"east"},
"south":{"uv":[10,8,12.5,9],"texture":"#normalgunmodel","cullface":"east"},
"west":{"uv":[7,8,8,9],"texture":"#normalgunmodel","cullface":"east"},
"east":{"uv":[7,8,8,9],"texture":"#normalgunmodel","cullface":"east"}
}
},
{
"from":[25.825,6.9,7.232],
"to":[25.925,7.3,8.768],
"faces":{
"down":{"uv":[6,9,8.5,10],"texture":"#normalgunmodel","cullface":"east"},
"up":{"uv":[10,7,12,8],"texture":"#normalgunmodel","cullface":"east"},
"north":{"uv":[0,8,2.5,9],"texture":"#normalgunmodel","cullface":"east"},
"south":{"uv":[10,8,12.5,9],"texture":"#normalgunmodel","cullface":"east"},
"west":{"uv":[7,8,8,9],"texture":"#normalgunmodel","cullface":"east"},
"east":{"uv":[7,8,8,9],"texture":"#normalgunmodel","cullface":"east"}
}
},
{
"from":[25.65,5.925,7.232],
"to":[25.75,6.425,8.768],
"faces":{
"down":{"uv":[6,9,8.5,10],"texture":"#normalgunmodel","cullface":"east"},
"up":{"uv":[10,7,12,8],"texture":"#normalgunmodel","cullface":"east"},
"north":{"uv":[0,8,2.5,9],"texture":"#normalgunmodel","cullface":"east"},
"south":{"uv":[10,8,12.5,9],"texture":"#normalgunmodel","cullface":"east"},
"west":{"uv":[7,8,8,9],"texture":"#normalgunmodel","cullface":"east"},
"east":{"uv":[7,8,8,9],"texture":"#normalgunmodel","cullface":"east"}
}
},
{
"from":[25.425,5.375,7.232],
"to":[25.525,5.65,8.768],
"faces":{
"down":{"uv":[6,9,8.5,10],"texture":"#normalgunmodel","cullface":"east"},
"up":{"uv":[10,7,12,8],"texture":"#normalgunmodel","cullface":"east"},
"north":{"uv":[0,8,2.5,9],"texture":"#normalgunmodel","cullface":"east"},
"south":{"uv":[10,8,12.5,9],"texture":"#normalgunmodel","cullface":"east"},
"west":{"uv":[7,8,8,9],"texture":"#normalgunmodel","cullface":"east"},
"east":{"uv":[7,8,8,9],"texture":"#normalgunmodel","cullface":"east"}
}
},
{
"from":[25.25,5.175,7.232],
"to":[25.35,5.275,8.768],
"faces":{
"down":{"uv":[6,9,8.5,10],"texture":"#normalgunmodel","cullface":"east"},
"up":{"uv":[10,7,12,8],"texture":"#normalgunmodel","cullface":"east"},
"north":{"uv":[0,8,2.5,9],"texture":"#normalgunmodel","cullface":"east"},
"south":{"uv":[10,8,12.5,9],"texture":"#normalgunmodel","cullface":"east"},
"west":{"uv":[7,8,8,9],"texture":"#normalgunmodel","cullface":"east"},
"east":{"uv":[7,8,8,9],"texture":"#normalgunmodel","cullface":"east"}
}
},
{
"from":[25,5,7.232],
"to":[25.1,5.1,8.768],
"faces":{
"down":{"uv":[6,9,8.5,10],"texture":"#normalgunmodel","cullface":"east"},
"up":{"uv":[10,7,12,8],"texture":"#normalgunmodel","cullface":"east"},
"north":{"uv":[0,8,2.5,9],"texture":"#normalgunmodel","cullface":"east"},
"south":{"uv":[10,8,12.5,9],"texture":"#normalgunmodel","cullface":"east"},
"west":{"uv":[7,8,8,9],"texture":"#normalgunmodel","cullface":"east"},
"east":{"uv":[7,8,8,9],"texture":"#normalgunmodel","cullface":"east"}
}
}
],
"display":{
"thirdperson_righthand":{
"rotation":[45,-90,0],
"translation":[0,6,0.5],
"scale":[0.8,0.8,0.8]
},
"thirdperson_lefthand":{
"rotation":[45,90,0],
"translation":[0,6,0.5],
"scale":[0.8,0.8,0.8]
},
"firstperson_righthand":{
"rotation":[0,-90,0],
"translation":[0,4.5,-11],
"scale":[1.2,1.2,1.2]
},
"firstperson_lefthand":{
"rotation":[0,90,0],
"translation":[0,4.5,-11],
"scale":[1.2,1.2,1.2]
},
"gui":{
"rotation":[-20,40,0],
"translation":[0.5,2,0],
"scale":[0.55,0.55,0.55]
},
"head":{
"rotation":[0,-90,0],
"translation":[0,14,0],
"scale":[0.8,0.8,0.8]
},
"ground":{
"rotation":[90,0,0],
"scale":[0.8,0.8,0.8]
},
"fixed":{
"translation":[-4,2,0],
"scale":[1.2,1.2,1.2]
}
}
}