{
"elements":[
{
"from":[-6.625,8.21875,7.75],
"to":[-5,8.71875,8.25],
"faces":{
"down":{"uv":[15.3115,8.124,14.501,7.876],"texture":"#brightwood","cullface":"west"},
"up":{"uv":[0.6885,7.876,1.499,8.124],"texture":"#brightwood","cullface":"west"},
"north":{"uv":[14.501,11.6416,15.3115,11.8896],"texture":"#brightwood","cullface":"west"},
"south":{"uv":[0.6885,11.6416,1.499,11.8896],"texture":"#brightwood","cullface":"west"},
"west":{"uv":[7.876,11.6416,8.124,11.8896],"texture":"#brightwood","cullface":"west"}
}
},
{
"from":[-9.25,8.78125,7.75],
"to":[-5,9.25,8.25],
"faces":{
"down":{"uv":[15.999,8.124,14.501,7.876],"texture":"#brightwood","cullface":"west"},
"up":{"uv":[0.001,7.876,1.499,8.124],"texture":"#brightwood","cullface":"west"},
"north":{"uv":[14.501,11.376,15.999,11.6084],"texture":"#brightwood","cullface":"west"},
"south":{"uv":[0.001,11.376,1.499,11.6084],"texture":"#brightwood","cullface":"west"},
"west":{"uv":[7.876,11.376,8.124,11.6084],"texture":"#brightwood","cullface":"west"}
}
},
{
"from":[-4,8.15625,7.375],
"to":[-3.75,9.28125,8.625],
"faces":{
"down":{"uv":[13.999,8.3115,13.876,7.6885],"texture":"#brightwood","cullface":"west"},
"up":{"uv":[2.001,7.6885,2.124,8.3115],"texture":"#brightwood","cullface":"west"},
"north":{"uv":[13.876,11.3604,13.999,11.9209],"texture":"#brightwood","cullface":"west"},
"south":{"uv":[2.001,11.3604,2.124,11.9209],"texture":"#brightwood","cullface":"west"},
"west":{"uv":[7.6885,11.3604,8.3115,11.9209],"texture":"#brightwood","cullface":"west"},
"east":{"uv":[7.6885,11.3604,8.3115,11.9209],"texture":"#brightwood","cullface":"west"}
}
},
{
"from":[-5,8.15625,7.375],
"to":[-4,9.28125,8.625],
"faces":{
"down":{"uv":[14.499,8.3115,14.001,7.6885],"texture":"#planks_oak","cullface":"west"},
"up":{"uv":[1.501,7.6885,1.999,8.3115],"texture":"#planks_oak","cullface":"west"},
"north":{"uv":[14.001,11.3604,14.499,11.9209],"texture":"#planks_oak","cullface":"west"},
"south":{"uv":[1.501,11.3604,1.999,11.9209],"texture":"#planks_oak","cullface":"west"},
"west":{"uv":[7.6885,11.3604,8.3115,11.9209],"texture":"#planks_oak","cullface":"west"},
"east":{"uv":[7.6885,11.3604,8.3115,11.9209],"texture":"#planks_oak","cullface":"west"}
}
},
{
"from":[0.5,8.15625,7.375],
"to":[1,9.28125,8.625],
"faces":{
"down":{"uv":[11.749,8.3115,11.501,7.6885],"texture":"#planks_oak"},
"up":{"uv":[4.251,7.6885,4.499,8.3115],"texture":"#planks_oak"},
"north":{"uv":[11.501,11.3604,11.749,11.9209],"texture":"#planks_oak"},
"south":{"uv":[4.251,11.3604,4.499,11.9209],"texture":"#planks_oak"},
"west":{"uv":[7.6885,11.3604,8.3115,11.9209],"texture":"#planks_oak"},
"east":{"uv":[7.6885,11.3604,8.3115,11.9209],"texture":"#planks_oak"}
}
},
{
"from":[0.75,8.15625,7.3125],
"to":[1.25,8.96875,8.6875],
"faces":{
"down":{"uv":[11.624,8.34275,11.376,7.65725],"texture":"#planks_oak"},
"up":{"uv":[4.376,7.65725,4.624,8.34275],"texture":"#planks_oak"},
"north":{"uv":[11.376,11.5166,11.624,11.9209],"texture":"#planks_oak"},
"south":{"uv":[4.376,11.5166,4.624,11.9209],"texture":"#planks_oak"},
"west":{"uv":[7.65725,11.5166,8.34275,11.9209],"texture":"#planks_oak"},
"east":{"uv":[7.65725,11.5166,8.34275,11.9209],"texture":"#planks_oak"}
}
},
{
"from":[1.25,8.15625,7.25],
"to":[4.625,8.625,8.75],
"faces":{
"down":{"uv":[11.374,8.374,9.6885,7.626],"texture":"#planks_oak"},
"up":{"uv":[4.626,7.626,6.3115,8.374],"texture":"#planks_oak"},
"north":{"uv":[9.6885,11.6885,11.374,11.9209],"texture":"#planks_oak"},
"south":{"uv":[4.626,11.6885,6.3115,11.9209],"texture":"#planks_oak"},
"west":{"uv":[7.626,11.6885,8.374,11.9209],"texture":"#planks_oak"}
}
},
{
"from":[1,8.71875,7.375],
"to":[4.9375,9.28125,8.625],
"faces":{
"down":{"uv":[11.499,8.3115,9.53225,7.6885],"texture":"#planks_oak"},
"up":{"uv":[4.501,7.6885,6.46775,8.3115],"texture":"#planks_oak"},
"north":{"uv":[9.53225,11.3604,11.499,11.6396],"texture":"#planks_oak"},
"south":{"uv":[4.501,11.3604,6.46775,11.6396],"texture":"#planks_oak"},
"west":{"uv":[7.6885,11.3604,8.3115,11.6396],"texture":"#planks_oak"},
"east":{"uv":[7.6885,11.3604,8.3115,11.6396],"texture":"#planks_oak"}
}
},
{
"from":[6.875,7.625,7.25],
"to":[15.2188,8.625,8.75],
"faces":{
"down":{"uv":[8.5615,8.374,4.39163,7.626],"texture":"#planks_oak"},
"up":{"uv":[7.4385,7.626,11.6084,8.374],"texture":"#planks_oak"},
"north":{"uv":[4.39163,11.6885,8.5615,12.1865],"texture":"#planks_oak"},
"south":{"uv":[7.4385,11.6885,11.6084,12.1865],"texture":"#planks_oak"},
"west":{"uv":[7.626,11.6885,8.374,12.1865],"texture":"#planks_oak"},
"east":{"uv":[7.626,11.6885,8.374,12.1865],"texture":"#planks_oak"}
}
},
{
"from":[5.1875,8.71875,7.375],
"to":[5.625,9.28125,8.625],
"faces":{
"down":{"uv":[9.40525,8.3115,9.1885,7.6885],"texture":"#planks_oak"},
"up":{"uv":[6.59475,7.6885,6.8115,8.3115],"texture":"#planks_oak"},
"north":{"uv":[9.1885,11.3604,9.40525,11.6396],"texture":"#planks_oak"},
"south":{"uv":[6.59475,11.3604,6.8115,11.6396],"texture":"#planks_oak"},
"west":{"uv":[7.6885,11.3604,8.3115,11.6396],"texture":"#planks_oak"},
"east":{"uv":[7.6885,11.3604,8.3115,11.6396],"texture":"#planks_oak"}
}
},
{
"from":[1,8.625,7.875],
"to":[4.625,9,8.125],
"faces":{
"down":{"uv":[11.499,8.0615,9.6885,7.9385],"texture":"#brightwood"},
"up":{"uv":[4.501,7.9385,6.3115,8.0615],"texture":"#brightwood"},
"north":{"uv":[9.6885,11.501,11.499,11.6865],"texture":"#brightwood"},
"south":{"uv":[4.501,11.501,6.3115,11.6865],"texture":"#brightwood"}
}
},
{
"from":[4.625,8.625,7.625],
"to":[8.625,9.125,8.375],
"faces":{
"down":{"uv":[9.6865,8.1865,7.6885,7.8135],"texture":"#brightwood"},
"up":{"uv":[6.3135,7.8135,8.3115,8.1865],"texture":"#brightwood"},
"north":{"uv":[7.6885,11.4385,9.6865,11.6865],"texture":"#brightwood"},
"south":{"uv":[6.3135,11.4385,8.3115,11.6865],"texture":"#brightwood"},
"west":{"uv":[7.8135,11.4385,8.1865,11.6865],"texture":"#brightwood"},
"east":{"uv":[7.8135,11.4385,8.1865,11.6865],"texture":"#brightwood"}
}
},
{
"from":[8.625,8.625,8.25],
"to":[11.2813,9.125,8.625],
"faces":{
"up":{"uv":[8.3135,8.126,9.63963,8.3115],"texture":"#brightwood"},
"south":{"uv":[8.3135,11.4385,9.63963,11.6865],"texture":"#brightwood"},
"west":{"uv":[8.126,11.4385,8.3115,11.6865],"texture":"#brightwood"},
"east":{"uv":[7.6885,11.4385,7.874,11.6865],"texture":"#brightwood"}
}
},
{
"from":[10.0313,7,7.25],
"to":[12.625,7.375,8.75],
"faces":{
"down":{"uv":[6.98338,8.374,5.6885,7.626],"texture":"#planks_oak"},
"north":{"uv":[5.6885,12.3135,6.98338,12.499],"texture":"#planks_oak"},
"south":{"uv":[9.01663,12.3135,10.3115,12.499],"texture":"#planks_oak"},
"west":{"uv":[7.626,12.3135,8.374,12.499],"texture":"#planks_oak"}
}
},
{
"from":[9.15625,7.15625,7.25],
"to":[10.0313,7.375,8.75],
"faces":{
"down":{"uv":[7.42088,8.374,6.98538,7.626],"texture":"#planks_oak"},
"north":{"uv":[6.98538,12.3135,7.42088,12.4209],"texture":"#planks_oak"},
"south":{"uv":[8.57913,12.3135,9.01463,12.4209],"texture":"#planks_oak"},
"west":{"uv":[7.626,12.3135,8.374,12.4209],"texture":"#planks_oak"},
"east":{"uv":[7.626,12.3135,8.374,12.4209],"texture":"#planks_oak"}
}
},
{
"from":[12.625,7,7.25],
"to":[15.5,7.375,8.75],
"faces":{
"down":{"uv":[5.6865,8.374,4.251,7.626],"texture":"#planks_oak"},
"up":{"uv":[10.3135,7.626,11.749,8.374],"texture":"#planks_oak"},
"north":{"uv":[4.251,12.3135,5.6865,12.499],"texture":"#planks_oak"},
"south":{"uv":[10.3135,12.3135,11.749,12.499],"texture":"#planks_oak"},
"east":{"uv":[7.626,12.3135,8.374,12.499],"texture":"#planks_oak"}
}
},
{
"from":[8.4375,7.375,7.25],
"to":[14.8125,7.625,8.75],
"faces":{
"down":{"uv":[7.78025,8.374,4.59475,7.626],"texture":"#planks_oak"},
"north":{"uv":[4.59475,12.1885,7.78025,12.3115],"texture":"#planks_oak"},
"south":{"uv":[8.21975,12.1885,11.4053,12.3115],"texture":"#planks_oak"},
"west":{"uv":[7.626,12.1885,8.374,12.3115],"texture":"#planks_oak"},
"east":{"uv":[7.626,12.1885,8.374,12.3115],"texture":"#planks_oak"}
}
},
{
"from":[4.625,7.90625,7.25],
"to":[4.9375,8.625,8.75],
"faces":{
"down":{"uv":[9.6865,8.374,9.53225,7.626],"texture":"#planks_oak"},
"up":{"uv":[6.3135,7.626,6.46775,8.374],"texture":"#planks_oak"},
"north":{"uv":[9.53225,11.6885,9.6865,12.0459],"texture":"#planks_oak"},
"south":{"uv":[6.3135,11.6885,6.46775,12.0459],"texture":"#planks_oak"},
"west":{"uv":[7.626,11.6885,8.374,12.0459],"texture":"#planks_oak"}
}
},
{
"from":[7.59375,7.5,7.25],
"to":[8.4375,7.625,8.75],
"faces":{
"down":{"uv":[8.20213,8.374,7.78225,7.626],"texture":"#planks_oak"},
"north":{"uv":[7.78225,12.1885,8.20213,12.249],"texture":"#planks_oak"},
"south":{"uv":[7.79788,12.1885,8.21775,12.249],"texture":"#planks_oak"},
"west":{"uv":[7.626,12.1885,8.374,12.249],"texture":"#planks_oak"}
}
},
{
"from":[8.625,8.625,7.75],
"to":[15.9063,9.125,8.25],
"faces":{
"down":{"uv":[7.6865,8.124,4.04788,7.876],"texture":"#lightgunmodel"},
"up":{"uv":[8.3135,7.876,11.9521,8.124],"texture":"#lightgunmodel"},
"north":{"uv":[4.04788,11.4385,7.6865,11.6865],"texture":"#lightgunmodel"},
"south":{"uv":[8.3135,11.4385,11.9521,11.6865],"texture":"#lightgunmodel"},
"east":{"uv":[7.876,11.4385,8.124,11.6865],"texture":"#lightgunmodel"}
}
},
{
"from":[15.2188,7.4375,7.25],
"to":[17.6563,8.625,8.75],
"rotation":{"origin":[15.2188,8.625,7.25],"axis":"z","angle":-22.5},
"faces":{
"down":{"uv":[4.38963,8.374,3.17288,7.626],"texture":"#planks_oak","cullface":"east"},
"up":{"uv":[11.6104,7.626,12.8271,8.374],"texture":"#planks_oak","cullface":"east"},
"north":{"uv":[3.17288,11.6885,4.38963,12.2803],"texture":"#planks_oak","cullface":"east"},
"south":{"uv":[11.6104,11.6885,12.8271,12.2803],"texture":"#planks_oak","cullface":"east"},
"west":{"uv":[7.626,11.6885,8.374,12.2803],"texture":"#planks_oak","cullface":"east"},
"east":{"uv":[7.626,11.6885,8.374,12.2803],"texture":"#planks_oak","cullface":"east"}
}
},
{
"from":[15.375,5.0625,7.25],
"to":[16.625,7.25,8.75],
"rotation":{"origin":[15.375,7.25,7.25],"axis":"z","angle":22.5},
"faces":{
"down":{"uv":[4.3115,8.374,3.6885,7.626],"texture":"#planks_oak","cullface":"east"},
"up":{"uv":[11.6885,7.626,12.3115,8.374],"texture":"#planks_oak","cullface":"east"},
"north":{"uv":[3.6885,12.376,4.3115,13.4678],"texture":"#planks_oak","cullface":"east"},
"south":{"uv":[11.6885,12.376,12.3115,13.4678],"texture":"#planks_oak","cullface":"east"},
"west":{"uv":[7.626,12.376,8.374,13.4678],"texture":"#planks_oak","cullface":"east"},
"east":{"uv":[7.626,12.376,8.374,13.4678],"texture":"#planks_oak","cullface":"east"}
}
},
{
"from":[16.2188,5.21875,7.25],
"to":[17.3438,5.71875,8.75],
"faces":{
"down":{"uv":[3.88963,8.374,3.32913,7.626],"texture":"#planks_oak","cullface":"east"},
"up":{"uv":[12.1104,7.626,12.6709,8.374],"texture":"#planks_oak","cullface":"east"},
"north":{"uv":[3.32913,13.1416,3.88963,13.3896],"texture":"#planks_oak","cullface":"east"},
"south":{"uv":[12.1104,13.1416,12.6709,13.3896],"texture":"#planks_oak","cullface":"east"},
"west":{"uv":[7.626,13.1416,8.374,13.3896],"texture":"#planks_oak","cullface":"east"},
"east":{"uv":[7.626,13.1416,8.374,13.3896],"texture":"#planks_oak","cullface":"east"}
}
},
{
"from":[16.8125,5.25,7.25],
"to":[24.875,7.6875,8.75],
"faces":{
"down":{"uv":[3.59275,8.374,0.001,7.626],"texture":"#planks_oak","cullface":"east"},
"up":{"uv":[12.4073,7.626,15.999,8.374],"texture":"#planks_oak","cullface":"east"},
"north":{"uv":[0.001,12.1573,3.59275,13.374],"texture":"#planks_oak","cullface":"east"},
"south":{"uv":[12.4073,12.1573,15.999,13.374],"texture":"#planks_oak","cullface":"east"},
"west":{"uv":[7.626,12.1573,8.374,13.374],"texture":"#planks_oak","cullface":"east"},
"east":{"uv":[7.626,12.1573,8.374,13.374],"texture":"#planks_oak","cullface":"east"}
}
},
{
"from":[17.3438,5.125,7.25],
"to":[18.5,5.25,8.75],
"faces":{
"down":{"uv":[3.32713,8.374,2.751,7.626],"texture":"#planks_oak","cullface":"east"},
"north":{"uv":[2.751,13.376,3.32713,13.4365],"texture":"#planks_oak","cullface":"east"},
"south":{"uv":[12.6729,13.376,13.249,13.4365],"texture":"#planks_oak","cullface":"east"},
"west":{"uv":[7.626,13.376,8.374,13.4365],"texture":"#planks_oak","cullface":"east"}
}
},
{
"from":[18,5,7.25],
"to":[18.5,5.125,8.75],
"faces":{
"down":{"uv":[2.999,8.374,2.751,7.626],"texture":"#planks_oak","cullface":"east"},
"north":{"uv":[2.751,13.4385,2.999,13.499],"texture":"#planks_oak","cullface":"east"},
"south":{"uv":[13.001,13.4385,13.249,13.499],"texture":"#planks_oak","cullface":"east"},
"west":{"uv":[7.626,13.4385,8.374,13.499],"texture":"#planks_oak","cullface":"east"}
}
},
{
"from":[18.5,4.875,7.25],
"to":[19.5,5,8.75],
"faces":{
"down":{"uv":[2.749,8.374,2.251,7.626],"texture":"#planks_oak","cullface":"east"},
"north":{"uv":[2.251,13.501,2.749,13.5615],"texture":"#planks_oak","cullface":"east"},
"south":{"uv":[13.251,13.501,13.749,13.5615],"texture":"#planks_oak","cullface":"east"},
"west":{"uv":[7.626,13.501,8.374,13.5615],"texture":"#planks_oak","cullface":"east"}
}
},
{
"from":[19,4.75,7.25],
"to":[19.5,4.875,8.75],
"faces":{
"down":{"uv":[2.499,8.374,2.251,7.626],"texture":"#planks_oak","cullface":"east"},
"north":{"uv":[2.251,13.5635,2.499,13.624],"texture":"#planks_oak","cullface":"east"},
"south":{"uv":[13.501,13.5635,13.749,13.624],"texture":"#planks_oak","cullface":"east"},
"west":{"uv":[7.626,13.5635,8.374,13.624],"texture":"#planks_oak","cullface":"east"}
}
},
{
"from":[19.5,4.625,7.25],
"to":[20.5,4.75,8.75],
"faces":{
"down":{"uv":[2.249,8.374,1.751,7.626],"texture":"#planks_oak","cullface":"east"},
"north":{"uv":[1.751,13.626,2.249,13.6865],"texture":"#planks_oak","cullface":"east"},
"south":{"uv":[13.751,13.626,14.249,13.6865],"texture":"#planks_oak","cullface":"east"},
"west":{"uv":[7.626,13.626,8.374,13.6865],"texture":"#planks_oak","cullface":"east"}
}
},
{
"from":[20,4.5,7.25],
"to":[20.5,4.625,8.75],
"faces":{
"down":{"uv":[1.999,8.374,1.751,7.626],"texture":"#planks_oak","cullface":"east"},
"north":{"uv":[1.751,13.6885,1.999,13.749],"texture":"#planks_oak","cullface":"east"},
"south":{"uv":[14.001,13.6885,14.249,13.749],"texture":"#planks_oak","cullface":"east"},
"west":{"uv":[7.626,13.6885,8.374,13.749],"texture":"#planks_oak","cullface":"east"}
}
},
{
"from":[20.5,4.375,7.25],
"to":[21.5,4.5,8.75],
"faces":{
"down":{"uv":[1.749,8.374,1.251,7.626],"texture":"#planks_oak","cullface":"east"},
"north":{"uv":[1.251,13.751,1.749,13.8115],"texture":"#planks_oak","cullface":"east"},
"south":{"uv":[14.251,13.751,14.749,13.8115],"texture":"#planks_oak","cullface":"east"},
"west":{"uv":[7.626,13.751,8.374,13.8115],"texture":"#planks_oak","cullface":"east"}
}
},
{
"from":[21,4.25,7.25],
"to":[21.5,4.375,8.75],
"faces":{
"down":{"uv":[1.499,8.374,1.251,7.626],"texture":"#planks_oak","cullface":"east"},
"north":{"uv":[1.251,13.8135,1.499,13.874],"texture":"#planks_oak","cullface":"east"},
"south":{"uv":[14.501,13.8135,14.749,13.874],"texture":"#planks_oak","cullface":"east"},
"west":{"uv":[7.626,13.8135,8.374,13.874],"texture":"#planks_oak","cullface":"east"}
}
},
{
"from":[21.5,4.125,7.25],
"to":[22.5,4.25,8.75],
"faces":{
"down":{"uv":[1.249,8.374,0.751,7.626],"texture":"#planks_oak","cullface":"east"},
"north":{"uv":[0.751,13.876,1.249,13.9365],"texture":"#planks_oak","cullface":"east"},
"south":{"uv":[14.751,13.876,15.249,13.9365],"texture":"#planks_oak","cullface":"east"},
"west":{"uv":[7.626,13.876,8.374,13.9365],"texture":"#planks_oak","cullface":"east"}
}
},
{
"from":[18.5,5,7.25],
"to":[19.5,5.25,8.75],
"faces":{
"north":{"uv":[2.251,13.376,2.749,13.499],"texture":"#planks_oak","cullface":"east"},
"south":{"uv":[13.251,13.376,13.749,13.499],"texture":"#planks_oak","cullface":"east"},
"west":{"uv":[7.626,13.376,8.374,13.499],"texture":"#planks_oak","cullface":"east"}
}
},
{
"from":[20.5,4.75,7.25],
"to":[24.875,5.25,8.75],
"faces":{
"down":{"uv":[1.749,8.374,0.001,7.626],"texture":"#planks_oak","cullface":"east"},
"north":{"uv":[0.001,13.376,1.749,13.624],"texture":"#planks_oak","cullface":"east"},
"south":{"uv":[14.251,13.376,15.999,13.624],"texture":"#planks_oak","cullface":"east"},
"east":{"uv":[7.626,13.376,8.374,13.624],"texture":"#planks_oak","cullface":"east"}
}
},
{
"from":[20.5,4.5,7.25],
"to":[21.5,4.75,8.75],
"faces":{
"north":{"uv":[1.251,13.626,1.749,13.749],"texture":"#planks_oak","cullface":"east"},
"south":{"uv":[14.251,13.626,14.749,13.749],"texture":"#planks_oak","cullface":"east"},
"west":{"uv":[7.626,13.626,8.374,13.749],"texture":"#planks_oak","cullface":"east"}
}
},
{
"from":[23.5,3.75,7.25],
"to":[24,4,8.75],
"faces":{
"north":{"uv":[0.001,14.001,0.249,14.124],"texture":"#planks_oak","cullface":"east"},
"south":{"uv":[15.751,14.001,15.999,14.124],"texture":"#planks_oak","cullface":"east"},
"west":{"uv":[7.626,14.001,8.374,14.124],"texture":"#planks_oak","cullface":"east"}
}
},
{
"from":[22,4,7.25],
"to":[22.5,4.125,8.75],
"faces":{
"down":{"uv":[0.999,8.374,0.751,7.626],"texture":"#planks_oak","cullface":"east"},
"north":{"uv":[0.751,13.9385,0.999,13.999],"texture":"#planks_oak","cullface":"east"},
"south":{"uv":[15.001,13.9385,15.249,13.999],"texture":"#planks_oak","cullface":"east"},
"west":{"uv":[7.626,13.9385,8.374,13.999],"texture":"#planks_oak","cullface":"east"}
}
},
{
"from":[22.5,3.875,7.25],
"to":[23.5,4,8.75],
"faces":{
"down":{"uv":[0.749,8.374,0.251,7.626],"texture":"#planks_oak","cullface":"east"},
"north":{"uv":[0.251,14.001,0.749,14.0615],"texture":"#planks_oak","cullface":"east"},
"south":{"uv":[15.251,14.001,15.749,14.0615],"texture":"#planks_oak","cullface":"east"},
"west":{"uv":[7.626,14.001,8.374,14.0615],"texture":"#planks_oak","cullface":"east"}
}
},
{
"from":[23,3.75,7.25],
"to":[23.5,3.875,8.75],
"faces":{
"down":{"uv":[0.499,8.374,0.251,7.626],"texture":"#planks_oak","cullface":"east"},
"north":{"uv":[0.251,14.0635,0.499,14.124],"texture":"#planks_oak","cullface":"east"},
"south":{"uv":[15.501,14.0635,15.749,14.124],"texture":"#planks_oak","cullface":"east"},
"west":{"uv":[7.626,14.0635,8.374,14.124],"texture":"#planks_oak","cullface":"east"}
}
},
{
"from":[23.5,3.625,7.25],
"to":[24,3.75,8.75],
"faces":{
"down":{"uv":[0.249,8.374,0.001,7.626],"texture":"#planks_oak","cullface":"east"},
"north":{"uv":[0.001,14.126,0.249,14.1865],"texture":"#planks_oak","cullface":"east"},
"south":{"uv":[15.751,14.126,15.999,14.1865],"texture":"#planks_oak","cullface":"east"},
"west":{"uv":[7.626,14.126,8.374,14.1865],"texture":"#planks_oak","cullface":"east"}
}
},
{
"from":[19.5,4.75,7.25],
"to":[20.5,5.25,8.75],
"faces":{
"north":{"uv":[1.751,13.376,2.249,13.624],"texture":"#planks_oak","cullface":"east"},
"south":{"uv":[13.751,13.376,14.249,13.624],"texture":"#planks_oak","cullface":"east"},
"west":{"uv":[7.626,13.376,8.374,13.624],"texture":"#planks_oak","cullface":"east"}
}
},
{
"from":[21.5,4.25,7.25],
"to":[22.5,4.75,8.75],
"faces":{
"north":{"uv":[0.751,13.626,1.249,13.874],"texture":"#planks_oak","cullface":"east"},
"south":{"uv":[14.751,13.626,15.249,13.874],"texture":"#planks_oak","cullface":"east"},
"west":{"uv":[7.626,13.626,8.374,13.874],"texture":"#planks_oak","cullface":"east"}
}
},
{
"from":[22.5,4,7.25],
"to":[24.75,4.75,8.75],
"faces":{
"down":{"uv":[0.749,8.374,0.001,7.626],"texture":"#planks_oak","cullface":"east"},
"north":{"uv":[0.001,13.626,0.749,13.999],"texture":"#planks_oak","cullface":"east"},
"south":{"uv":[15.251,13.626,15.999,13.999],"texture":"#planks_oak","cullface":"east"},
"west":{"uv":[7.626,13.626,8.374,13.999],"texture":"#planks_oak","cullface":"east"},
"east":{"uv":[7.626,13.626,8.374,13.999],"texture":"#planks_oak","cullface":"east"}
}
},
{
"from":[24.875,5.9375,7.25],
"to":[25,7.6875,8.75],
"faces":{
"down":{"uv":[-0.001,8.374,0.001,7.626],"texture":"#planks_oak","cullface":"east"},
"up":{"uv":[15.999,7.626,16.001,8.374],"texture":"#planks_oak","cullface":"east"},
"north":{"uv":[-0.001,12.1573,0.001,13.0303],"texture":"#planks_oak","cullface":"east"},
"south":{"uv":[15.999,12.1573,16.001,13.0303],"texture":"#planks_oak","cullface":"east"},
"east":{"uv":[7.626,12.1573,8.374,13.0303],"texture":"#planks_oak","cullface":"east"}
}
},
{
"from":[17.89,7.1975,7.25],
"to":[18.515,7.6975,8.75],
"rotation":{"origin":[17.89,7.6975,7.25],"axis":"z","angle":22.5},
"faces":{
"down":{"uv":[3.054,8.374,2.7435,7.626],"texture":"#planks_oak","cullface":"east"},
"up":{"uv":[12.946,7.626,13.2565,8.374],"texture":"#planks_oak","cullface":"east"},
"north":{"uv":[2.7435,12.1523,3.054,12.4003],"texture":"#planks_oak","cullface":"east"},
"south":{"uv":[12.946,12.1523,13.2565,12.4003],"texture":"#planks_oak","cullface":"east"},
"west":{"uv":[7.626,12.1523,8.374,12.4003],"texture":"#planks_oak","cullface":"east"},
"east":{"uv":[7.626,12.1523,8.374,12.4003],"texture":"#planks_oak","cullface":"east"}
}
},
{
"from":[18.4688,7.65625,7.25],
"to":[25.125,7.9375,8.75],
"faces":{
"down":{"uv":[2.76463,8.374,0.001,7.626],"texture":"#planks_oak","cullface":"east"},
"up":{"uv":[13.2354,7.626,15.999,8.374],"texture":"#planks_oak","cullface":"east"},
"north":{"uv":[0.001,12.0323,2.76463,12.1709],"texture":"#planks_oak","cullface":"east"},
"south":{"uv":[13.2354,12.0323,15.999,12.1709],"texture":"#planks_oak","cullface":"east"},
"west":{"uv":[7.626,12.0323,8.374,12.1709],"texture":"#planks_oak","cullface":"east"},
"east":{"uv":[7.626,12.0323,8.374,12.1709],"texture":"#planks_oak","cullface":"east"}
}
},
{
"from":[14.75,7,7.25],
"to":[16,7.625,8.75],
"rotation":{"origin":[14.75,7.625,7.25],"axis":"z","angle":-22.5},
"faces":{
"down":{"uv":[4.624,8.374,4.001,7.626],"texture":"#planks_oak"},
"up":{"uv":[11.376,7.626,11.999,8.374],"texture":"#planks_oak"},
"north":{"uv":[4.001,12.1885,4.624,12.499],"texture":"#planks_oak"},
"south":{"uv":[11.376,12.1885,11.999,12.499],"texture":"#planks_oak"},
"west":{"uv":[7.626,12.1885,8.374,12.499],"texture":"#planks_oak"},
"east":{"uv":[7.626,12.1885,8.374,12.499],"texture":"#planks_oak","cullface":"east"}
}
},
{
"from":[14.4375,6.625,7.5],
"to":[14.5625,7.125,8.5],
"faces":{
"up":{"uv":[11.2198,7.751,11.2803,8.249],"texture":"#lightgunmodel"},
"north":{"uv":[4.71975,12.4385,4.78025,12.6865],"texture":"#lightgunmodel"},
"south":{"uv":[11.2198,12.4385,11.2803,12.6865],"texture":"#lightgunmodel"},
"west":{"uv":[7.751,12.4385,8.249,12.6865],"texture":"#lightgunmodel"},
"east":{"uv":[7.751,12.4385,8.249,12.6865],"texture":"#lightgunmodel"}
}
},
{
"from":[14.4475,6.3025,7.5],
"to":[14.5725,6.6775,8.5],
"rotation":{"origin":[14.4475,6.6775,7.5],"axis":"z","angle":-22.5},
"faces":{
"down":{"uv":[4.77525,8.249,4.71475,7.751],"texture":"#lightgunmodel"},
"up":{"uv":[11.2247,7.751,11.2852,8.249],"texture":"#lightgunmodel"},
"north":{"uv":[4.71475,12.6622,4.77525,12.8477],"texture":"#lightgunmodel"},
"south":{"uv":[11.2247,12.6622,11.2852,12.8477],"texture":"#lightgunmodel"},
"west":{"uv":[7.751,12.6622,8.249,12.8477],"texture":"#lightgunmodel"},
"east":{"uv":[7.751,12.6622,8.249,12.8477],"texture":"#lightgunmodel"}
}
},
{
"from":[13.1875,6.46875,7.5],
"to":[13.3125,7,8.5],
"faces":{
"down":{"uv":[5.40525,8.249,5.34475,7.751],"texture":"#lightgunmodel"},
"north":{"uv":[5.34475,12.501,5.40525,12.7646],"texture":"#lightgunmodel"},
"south":{"uv":[10.5948,12.501,10.6553,12.7646],"texture":"#lightgunmodel"},
"west":{"uv":[7.751,12.501,8.249,12.7646],"texture":"#lightgunmodel"},
"east":{"uv":[7.751,12.501,8.249,12.7646],"texture":"#lightgunmodel"}
}
},
{
"from":[13.1825,6.2225,7.5],
"to":[13.3075,6.4725,8.5],
"rotation":{"origin":[13.1825,6.4725,7.5],"axis":"z","angle":22.5},
"faces":{
"down":{"uv":[5.40775,8.249,5.34725,7.751],"texture":"#lightgunmodel"},
"up":{"uv":[10.5923,7.751,10.6528,8.249],"texture":"#lightgunmodel"},
"north":{"uv":[5.34725,12.7648,5.40775,12.8878],"texture":"#lightgunmodel"},
"south":{"uv":[10.5923,12.7648,10.6528,12.8878],"texture":"#lightgunmodel"},
"west":{"uv":[7.751,12.7648,8.249,12.8878],"texture":"#lightgunmodel"},
"east":{"uv":[7.751,12.7648,8.249,12.8878],"texture":"#lightgunmodel"}
}
},
{
"from":[13.2763,5.995,7.5],
"to":[13.4013,6.245,8.5],
"rotation":{"origin":[13.2763,6.245,7.5],"axis":"z","angle":45},
"faces":{
"down":{"uv":[5.36087,8.249,5.30037,7.751],"texture":"#lightgunmodel"},
"up":{"uv":[10.6391,7.751,10.6996,8.249],"texture":"#lightgunmodel"},
"north":{"uv":[5.30037,12.8785,5.36087,13.0015],"texture":"#lightgunmodel"},
"south":{"uv":[10.6391,12.8785,10.6996,13.0015],"texture":"#lightgunmodel"},
"west":{"uv":[7.751,12.8785,8.249,13.0015],"texture":"#lightgunmodel"},
"east":{"uv":[7.751,12.8785,8.249,13.0015],"texture":"#lightgunmodel"}
}
},
{
"from":[13.495,6.0625,7.5],
"to":[13.745,6.1875,8.5],
"rotation":{"origin":[13.495,6.1875,7.5],"axis":"z","angle":-22.5},
"faces":{
"down":{"uv":[5.2515,8.249,5.1285,7.751],"texture":"#lightgunmodel"},
"up":{"uv":[10.7485,7.751,10.8715,8.249],"texture":"#lightgunmodel"},
"north":{"uv":[5.1285,12.9073,5.2515,12.9678],"texture":"#lightgunmodel"},
"south":{"uv":[10.7485,12.9073,10.8715,12.9678],"texture":"#lightgunmodel"},
"west":{"uv":[7.751,12.9073,8.249,12.9678],"texture":"#lightgunmodel"},
"east":{"uv":[7.751,12.9073,8.249,12.9678],"texture":"#lightgunmodel"}
}
},
{
"from":[14.3325,6,7.5],
"to":[14.4575,6.375,8.5],
"rotation":{"origin":[14.3325,6.375,7.5],"axis":"z","angle":-45},
"faces":{
"down":{"uv":[4.83275,8.249,4.77225,7.751],"texture":"#lightgunmodel"},
"up":{"uv":[11.1673,7.751,11.2278,8.249],"texture":"#lightgunmodel"},
"north":{"uv":[4.77225,12.8135,4.83275,12.999],"texture":"#lightgunmodel"},
"south":{"uv":[11.1673,12.8135,11.2278,12.999],"texture":"#lightgunmodel"},
"west":{"uv":[7.751,12.8135,8.249,12.999],"texture":"#lightgunmodel"},
"east":{"uv":[7.751,12.8135,8.249,12.999],"texture":"#lightgunmodel"}
}
},
{
"from":[13.995,5.96625,7.5],
"to":[14.12,6.09125,8.5],
"rotation":{"origin":[13.995,6.09125,7.5],"axis":"z","angle":22.5},
"faces":{
"down":{"uv":[5.0015,8.249,4.941,7.751],"texture":"#lightgunmodel"},
"up":{"uv":[10.9985,7.751,11.059,8.249],"texture":"#lightgunmodel"},
"north":{"uv":[4.941,12.9554,5.0015,13.0159],"texture":"#lightgunmodel"},
"south":{"uv":[10.9985,12.9554,11.059,13.0159],"texture":"#lightgunmodel"},
"west":{"uv":[7.751,12.9554,8.249,13.0159],"texture":"#lightgunmodel"},
"east":{"uv":[7.751,12.9554,8.249,13.0159],"texture":"#lightgunmodel"}
}
},
{
"from":[13.6775,5.97375,7.5],
"to":[14.04,6.09875,8.5],
"faces":{
"down":{"uv":[5.16025,8.249,4.981,7.751],"texture":"#lightgunmodel"},
"up":{"uv":[10.8398,7.751,11.019,8.249],"texture":"#lightgunmodel"},
"north":{"uv":[4.981,12.9516,5.16025,13.0121],"texture":"#lightgunmodel"},
"south":{"uv":[10.8398,12.9516,11.019,13.0121],"texture":"#lightgunmodel"},
"west":{"uv":[7.751,12.9516,8.249,13.0121],"texture":"#lightgunmodel"},
"east":{"uv":[7.751,12.9516,8.249,13.0121],"texture":"#lightgunmodel"}
}
},
{
"from":[13.875,6.6875,7.625],
"to":[14,7.1875,8.375],
"rotation":{"origin":[13.875,7.1875,7.625],"axis":"z","angle":22.5},
"faces":{
"down":{"uv":[5.0615,8.1865,5.001,7.8135],"texture":"#lightgunmodel"},
"up":{"uv":[10.9385,7.8135,10.999,8.1865],"texture":"#lightgunmodel"},
"north":{"uv":[5.001,12.4073,5.0615,12.6553],"texture":"#lightgunmodel"},
"south":{"uv":[10.9385,12.4073,10.999,12.6553],"texture":"#lightgunmodel"},
"west":{"uv":[7.8135,12.4073,8.1865,12.6553],"texture":"#lightgunmodel"},
"east":{"uv":[7.8135,12.4073,8.1865,12.6553],"texture":"#lightgunmodel"}
}
},
{
"from":[14.055,6.49,7.625],
"to":[14.18,6.77125,8.375],
"faces":{
"down":{"uv":[4.9715,8.1865,4.911,7.8135],"texture":"#lightgunmodel"},
"up":{"uv":[11.0285,7.8135,11.089,8.1865],"texture":"#lightgunmodel"},
"north":{"uv":[4.911,12.6154,4.9715,12.754],"texture":"#lightgunmodel"},
"south":{"uv":[11.0285,12.6154,11.089,12.754],"texture":"#lightgunmodel"},
"west":{"uv":[7.8135,12.6154,8.1865,12.754],"texture":"#lightgunmodel"},
"east":{"uv":[7.8135,12.6154,8.1865,12.754],"texture":"#lightgunmodel"}
}
},
{
"from":[14.0625,6.26125,7.625],
"to":[14.1875,6.5425,8.375],
"rotation":{"origin":[14.0625,6.5425,7.625],"axis":"z","angle":-22.5},
"faces":{
"down":{"uv":[4.96775,8.1865,4.90725,7.8135],"texture":"#lightgunmodel"},
"up":{"uv":[11.0323,7.8135,11.0928,8.1865],"texture":"#lightgunmodel"},
"north":{"uv":[4.90725,12.7298,4.96775,12.8684],"texture":"#lightgunmodel"},
"south":{"uv":[11.0323,12.7298,11.0928,12.8684],"texture":"#lightgunmodel"},
"west":{"uv":[7.8135,12.7298,8.1865,12.8684],"texture":"#lightgunmodel"},
"east":{"uv":[7.8135,12.7298,8.1865,12.8684],"texture":"#lightgunmodel"}
}
},
{
"from":[-8.65625,9.25,7.8125],
"to":[-8.04688,9.84375,7.9375],
"faces":{
"up":{"uv":[-0.001,7.90725,0.001,7.96775],"texture":"#brightwood","cullface":"west"},
"north":{"uv":[15.999,11.0791,16.001,11.374],"texture":"#brightwood","cullface":"west"},
"south":{"uv":[-0.001,11.0791,0.001,11.374],"texture":"#brightwood","cullface":"west"},
"west":{"uv":[7.90725,11.0791,7.96775,11.374],"texture":"#brightwood","cullface":"west"},
"east":{"uv":[8.03225,11.0791,8.09275,11.374],"texture":"#brightwood","cullface":"west"}
}
},
{
"from":[-8.65625,9.25,8.09375],
"to":[-8.04688,9.84375,8.21875],
"faces":{
"up":{"uv":[-0.001,8.04788,0.001,8.10838],"texture":"#brightwood","cullface":"west"},
"north":{"uv":[15.999,11.0791,16.001,11.374],"texture":"#brightwood","cullface":"west"},
"south":{"uv":[-0.001,11.0791,0.001,11.374],"texture":"#brightwood","cullface":"west"},
"west":{"uv":[8.04788,11.0791,8.10838,11.374],"texture":"#brightwood","cullface":"west"},
"east":{"uv":[7.89163,11.0791,7.95213,11.374],"texture":"#brightwood","cullface":"west"}
}
},
{
"from":[-8.65625,9.25,7.90625],
"to":[-8.04688,9.5625,8.09375],
"faces":{
"up":{"uv":[-0.001,7.95413,0.001,8.04588],"texture":"#brightwood","cullface":"west"},
"north":{"uv":[15.999,11.2198,16.001,11.374],"texture":"#brightwood","cullface":"west"},
"south":{"uv":[-0.001,11.2198,0.001,11.374],"texture":"#brightwood","cullface":"west"},
"west":{"uv":[7.95413,11.2198,8.04588,11.374],"texture":"#brightwood","cullface":"west"},
"east":{"uv":[7.95413,11.2198,8.04588,11.374],"texture":"#brightwood","cullface":"west"}
}
},
{
"from":[6,7.75,7.25],
"to":[6.875,7.90625,8.75],
"faces":{
"down":{"uv":[8.999,8.374,8.5635,7.626],"texture":"#planks_oak"},
"up":{"uv":[7.001,7.626,7.4365,8.374],"texture":"#planks_oak"},
"north":{"uv":[8.5635,12.0479,8.999,12.124],"texture":"#planks_oak"},
"south":{"uv":[7.001,12.0479,7.4365,12.124],"texture":"#planks_oak"},
"west":{"uv":[7.626,12.0479,8.374,12.124],"texture":"#planks_oak"}
}
},
{
"from":[10.25,6.84375,7.5],
"to":[13.1875,7,8.5],
"faces":{
"down":{"uv":[6.874,8.249,5.40725,7.751],"texture":"#lightgunmodel"},
"up":{"uv":[9.126,7.751,10.5928,8.249],"texture":"#lightgunmodel"},
"north":{"uv":[5.40725,12.501,6.874,12.5771],"texture":"#lightgunmodel"},
"south":{"uv":[9.126,12.501,10.5928,12.5771],"texture":"#lightgunmodel"},
"west":{"uv":[7.751,12.501,8.249,12.5771],"texture":"#lightgunmodel"}
}
},
{
"from":[11.7188,6.34375,7.5],
"to":[13.2188,6.84375,8.5],
"faces":{
"down":{"uv":[6.13963,8.249,5.39163,7.751],"texture":"#lightgunmodel"},
"up":{"uv":[9.86038,7.751,10.6084,8.249],"texture":"#lightgunmodel"},
"north":{"uv":[5.39163,12.5791,6.13963,12.8271],"texture":"#lightgunmodel"},
"south":{"uv":[9.86038,12.5791,10.6084,12.8271],"texture":"#lightgunmodel"},
"west":{"uv":[7.751,12.5791,8.249,12.8271],"texture":"#lightgunmodel"},
"east":{"uv":[7.751,12.5791,8.249,12.8271],"texture":"#lightgunmodel"}
}
},
{
"from":[11.0313,6.625,7.5],
"to":[11.7188,6.84375,8.5],
"faces":{
"down":{"uv":[6.48338,8.249,6.14163,7.751],"texture":"#lightgunmodel"},
"up":{"uv":[9.51663,7.751,9.85838,8.249],"texture":"#lightgunmodel"},
"north":{"uv":[6.14163,12.5791,6.48338,12.6865],"texture":"#lightgunmodel"},
"south":{"uv":[9.51663,12.5791,9.85838,12.6865],"texture":"#lightgunmodel"},
"west":{"uv":[7.751,12.5791,8.249,12.6865],"texture":"#lightgunmodel"},
"east":{"uv":[7.751,12.5791,8.249,12.6865],"texture":"#lightgunmodel"}
}
},
{
"from":[12.625,6.125,7.5],
"to":[13.3125,6.34375,8.5],
"faces":{
"down":{"uv":[5.6865,8.249,5.34475,7.751],"texture":"#lightgunmodel"},
"up":{"uv":[10.3135,7.751,10.6553,8.249],"texture":"#lightgunmodel"},
"north":{"uv":[5.34475,12.8291,5.6865,12.9365],"texture":"#lightgunmodel"},
"south":{"uv":[10.3135,12.8291,10.6553,12.9365],"texture":"#lightgunmodel"},
"west":{"uv":[7.751,12.8291,8.249,12.9365],"texture":"#lightgunmodel"},
"east":{"uv":[7.751,12.8291,8.249,12.9365],"texture":"#lightgunmodel"}
}
},
{
"from":[-3.75,8.15625,7.375],
"to":[0.5,9.28125,8.625],
"faces":{
"down":{"uv":[13.874,8.3115,11.751,7.6885],"texture":"#planks_oak","cullface":"west"},
"up":{"uv":[2.126,7.6885,4.249,8.3115],"texture":"#planks_oak","cullface":"west"},
"north":{"uv":[11.751,11.3604,13.874,11.9209],"texture":"#planks_oak","cullface":"west"},
"south":{"uv":[2.126,11.3604,4.249,11.9209],"texture":"#planks_oak","cullface":"west"},
"west":{"uv":[7.6885,11.3604,8.3115,11.9209],"texture":"#planks_oak","cullface":"west"},
"east":{"uv":[7.6885,11.3604,8.3115,11.9209],"texture":"#planks_oak","cullface":"west"}
}
},
{
"from":[24,3.625,7.25],
"to":[24.6563,4,8.75],
"faces":{
"down":{"uv":[-0.001,8.374,0.001,7.626],"texture":"#planks_oak","cullface":"east"},
"north":{"uv":[-0.001,14.001,0.001,14.1865],"texture":"#planks_oak","cullface":"east"},
"south":{"uv":[15.999,14.001,16.001,14.1865],"texture":"#planks_oak","cullface":"east"},
"west":{"uv":[7.626,14.001,8.374,14.1865],"texture":"#planks_oak","cullface":"east"},
"east":{"uv":[7.626,14.001,8.374,14.1865],"texture":"#planks_oak","cullface":"east"}
}
},
{
"from":[24,3.5,7.25],
"to":[24.5,3.625,8.75],
"faces":{
"down":{"uv":[-0.001,8.374,0.001,7.626],"texture":"#planks_oak","cullface":"east"},
"north":{"uv":[-0.001,14.1885,0.001,14.249],"texture":"#planks_oak","cullface":"east"},
"south":{"uv":[15.999,14.1885,16.001,14.249],"texture":"#planks_oak","cullface":"east"},
"west":{"uv":[7.626,14.1885,8.374,14.249],"texture":"#planks_oak","cullface":"east"},
"east":{"uv":[7.626,14.1885,8.374,14.249],"texture":"#planks_oak","cullface":"east"}
}
},
{
"from":[20.3438,7.9375,7.25],
"to":[23.875,8.09375,8.75],
"faces":{
"up":{"uv":[14.1729,7.626,15.9365,8.374],"texture":"#planks_oak","cullface":"east"},
"north":{"uv":[0.0635,11.9541,1.82713,12.0303],"texture":"#planks_oak","cullface":"east"},
"south":{"uv":[14.1729,11.9541,15.9365,12.0303],"texture":"#planks_oak","cullface":"east"},
"west":{"uv":[7.626,11.9541,8.374,12.0303],"texture":"#planks_oak","cullface":"east"},
"east":{"uv":[7.626,11.9541,8.374,12.0303],"texture":"#planks_oak","cullface":"east"}
}
},
{
"from":[8.625,8.625,7.375],
"to":[11.2813,9.125,7.75],
"faces":{
"up":{"uv":[8.3135,7.6885,9.63963,7.874],"texture":"#brightwood"},
"north":{"uv":[6.36038,11.4385,7.6865,11.6865],"texture":"#brightwood"},
"west":{"uv":[7.6885,11.4385,7.874,11.6865],"texture":"#brightwood"},
"east":{"uv":[8.126,11.4385,8.3115,11.6865],"texture":"#brightwood"}
}
},
{
"from":[13.2813,8.625,7.40625],
"to":[15.2188,9.125,7.78125],
"faces":{
"down":{"uv":[5.35838,7.88963,4.39163,7.70413],"texture":"#brightwood"},
"up":{"uv":[10.6416,7.70413,11.6084,7.88963],"texture":"#brightwood"},
"north":{"uv":[4.39163,11.4385,5.35838,11.6865],"texture":"#brightwood"},
"south":{"uv":[10.6416,11.4385,11.6084,11.6865],"texture":"#brightwood"},
"west":{"uv":[7.70413,11.4385,7.88963,11.6865],"texture":"#brightwood"},
"east":{"uv":[8.11038,11.4385,8.29588,11.6865],"texture":"#brightwood"}
}
},
{
"from":[13.2813,8.625,8.25],
"to":[15.2188,9.125,8.625],
"faces":{
"down":{"uv":[5.35838,8.3115,4.39163,8.126],"texture":"#brightwood"},
"up":{"uv":[10.6416,8.126,11.6084,8.3115],"texture":"#brightwood"},
"south":{"uv":[10.6416,11.4385,11.6084,11.6865],"texture":"#brightwood"},
"west":{"uv":[8.126,11.4385,8.3115,11.6865],"texture":"#brightwood"},
"east":{"uv":[7.6885,11.4385,7.874,11.6865],"texture":"#brightwood"}
}
},
{
"from":[11.2813,8.625,8.25],
"to":[13.2813,8.96875,8.625],
"faces":{
"up":{"uv":[9.64163,8.126,10.6396,8.3115],"texture":"#brightwood"},
"south":{"uv":[9.64163,11.5166,10.6396,11.6865],"texture":"#brightwood"},
"west":{"uv":[8.126,11.5166,8.3115,11.6865],"texture":"#brightwood"},
"east":{"uv":[7.6885,11.5166,7.874,11.6865],"texture":"#brightwood"}
}
},
{
"from":[12.7813,8.78125,6.8125],
"to":[13.0625,9.0625,7.4375],
"faces":{
"down":{"uv":[5.60838,7.71775,5.46975,7.40725],"texture":"#lightgunmodel"},
"up":{"uv":[10.3916,7.40725,10.5303,7.71775],"texture":"#lightgunmodel"},
"west":{"uv":[7.40725,11.4698,7.71775,11.6084],"texture":"#lightgunmodel"},
"east":{"uv":[8.28225,11.4698,8.59275,11.6084],"texture":"#lightgunmodel"}
}
},
{
"from":[12.5313,8.78125,7.4375],
"to":[13.2813,9.0625,7.75],
"faces":{
"down":{"uv":[5.73338,7.874,5.36038,7.71975],"texture":"#lightgunmodel"},
"up":{"uv":[10.2666,7.71975,10.6396,7.874],"texture":"#lightgunmodel"},
"north":{"uv":[5.36038,11.4698,5.73338,11.6084],"texture":"#lightgunmodel"},
"west":{"uv":[7.71975,11.4698,7.874,11.6084],"texture":"#lightgunmodel"},
"east":{"uv":[8.126,11.4698,8.28025,11.6084],"texture":"#lightgunmodel"}
}
},
{
"from":[12.6875,8.6875,6.3125],
"to":[13.1875,9.1875,6.8125],
"faces":{
"down":{"uv":[5.65525,7.40525,5.40725,7.15725],"texture":"#lightgunmodel"},
"up":{"uv":[10.3448,7.15725,10.5928,7.40525],"texture":"#lightgunmodel"},
"north":{"uv":[5.40725,11.4073,5.65525,11.6553],"texture":"#lightgunmodel"},
"south":{"uv":[10.3448,11.4073,10.5928,11.6553],"texture":"#lightgunmodel"},
"west":{"uv":[7.15725,11.4073,7.40525,11.6553],"texture":"#lightgunmodel"},
"east":{"uv":[8.59475,11.4073,8.84275,11.6553],"texture":"#lightgunmodel"}
}
},
{
"from":[13.1875,9.125,7.8125],
"to":[15.6563,9.375,8.1875],
"faces":{
"up":{"uv":[10.5948,7.90725,11.8271,8.09275],"texture":"#lightgunmodel"},
"north":{"uv":[4.17288,11.3135,5.40525,11.4365],"texture":"#lightgunmodel"},
"south":{"uv":[10.5948,11.3135,11.8271,11.4365],"texture":"#lightgunmodel"},
"west":{"uv":[7.90725,11.3135,8.09275,11.4365],"texture":"#lightgunmodel"},
"east":{"uv":[7.90725,11.3135,8.09275,11.4365],"texture":"#lightgunmodel"}
}
},
{
"from":[8.625,9.125,7.75],
"to":[11.2813,9.25,8.25],
"faces":{
"up":{"uv":[8.3135,7.876,9.63963,8.124],"texture":"#brightwood"},
"north":{"uv":[6.36038,11.376,7.6865,11.4365],"texture":"#brightwood"},
"south":{"uv":[8.3135,11.376,9.63963,11.4365],"texture":"#brightwood"},
"west":{"uv":[7.876,11.376,8.124,11.4365],"texture":"#brightwood"},
"east":{"uv":[7.876,11.376,8.124,11.4365],"texture":"#brightwood"}
}
},
{
"from":[5.625,9.125,7.71875],
"to":[8.21875,9.3125,8.3125],
"faces":{
"up":{"uv":[6.8135,7.86038,8.10838,8.15525],"texture":"#brightwood"},
"north":{"uv":[7.89163,11.3448,9.1865,11.4365],"texture":"#brightwood"},
"south":{"uv":[6.8135,11.3448,8.10838,11.4365],"texture":"#brightwood"},
"west":{"uv":[7.86038,11.3448,8.15525,11.4365],"texture":"#brightwood"},
"east":{"uv":[7.84475,11.3448,8.13963,11.4365],"texture":"#brightwood"}
}
},
{
"from":[4.9375,8.625,7.375],
"to":[5.1875,9.28125,8.625],
"faces":{
"up":{"uv":[6.46975,7.6885,6.59275,8.3115],"texture":"#brightwood"},
"north":{"uv":[9.40725,11.3604,9.53025,11.6865],"texture":"#brightwood"},
"south":{"uv":[6.46975,11.3604,6.59275,11.6865],"texture":"#brightwood"},
"west":{"uv":[7.6885,11.3604,8.3115,11.6865],"texture":"#brightwood"},
"east":{"uv":[7.6885,11.3604,8.3115,11.6865],"texture":"#brightwood"}
}
},
{
"from":[4.9375,7.90625,7.25],
"to":[5.1875,8.625,8.75],
"faces":{
"down":{"uv":[9.53025,8.374,9.40725,7.626],"texture":"#brightwood"},
"up":{"uv":[6.46975,7.626,6.59275,8.374],"texture":"#brightwood"},
"north":{"uv":[9.40725,11.6885,9.53025,12.0459],"texture":"#brightwood"},
"south":{"uv":[6.46975,11.6885,6.59275,12.0459],"texture":"#brightwood"}
}
},
{
"from":[5.1875,7.90625,7.25],
"to":[6.875,8.625,8.75],
"faces":{
"down":{"uv":[9.40525,8.374,8.5635,7.626],"texture":"#planks_oak"},
"up":{"uv":[6.59475,7.626,7.4365,8.374],"texture":"#planks_oak"},
"north":{"uv":[8.5635,11.6885,9.40525,12.0459],"texture":"#planks_oak"},
"south":{"uv":[6.59475,11.6885,7.4365,12.0459],"texture":"#planks_oak"}
}
},
{
"from":[5.65625,9.28125,7.75],
"to":[8.34375,9.4375,8.25],
"faces":{
"down":{"uv":[9.17088,8.124,7.82913,7.876],"texture":"#brightwood"},
"up":{"uv":[6.82913,7.876,8.17088,8.124],"texture":"#brightwood"},
"north":{"uv":[7.82913,11.2823,9.17088,11.3584],"texture":"#brightwood"},
"south":{"uv":[6.82913,11.2823,8.17088,11.3584],"texture":"#brightwood"},
"west":{"uv":[7.876,11.2823,8.124,11.3584],"texture":"#brightwood"},
"east":{"uv":[7.876,11.2823,8.124,11.3584],"texture":"#brightwood"}
}
},
{
"from":[8.03125,9.40625,7.59375],
"to":[8.34375,9.625,7.9375],
"faces":{
"down":{"uv":[7.98338,7.96775,7.82913,7.79788],"texture":"#brightwood"},
"up":{"uv":[8.01663,7.79788,8.17088,7.96775],"texture":"#brightwood"},
"north":{"uv":[7.82913,11.1885,7.98338,11.2959],"texture":"#brightwood"},
"south":{"uv":[8.01663,11.1885,8.17088,11.2959],"texture":"#brightwood"},
"west":{"uv":[7.79788,11.1885,7.96775,11.2959],"texture":"#brightwood"},
"east":{"uv":[8.03225,11.1885,8.20213,11.2959],"texture":"#brightwood"}
}
},
{
"from":[8.03125,9.40625,8.09375],
"to":[8.34375,9.625,8.4375],
"faces":{
"down":{"uv":[7.98338,8.21775,7.82913,8.04788],"texture":"#brightwood"},
"up":{"uv":[8.01663,8.04788,8.17088,8.21775],"texture":"#brightwood"},
"north":{"uv":[7.82913,11.1885,7.98338,11.2959],"texture":"#brightwood"},
"south":{"uv":[8.01663,11.1885,8.17088,11.2959],"texture":"#brightwood"},
"west":{"uv":[8.04788,11.1885,8.21775,11.2959],"texture":"#brightwood"},
"east":{"uv":[7.78225,11.1885,7.95213,11.2959],"texture":"#brightwood"}
}
},
{
"from":[-8.65625,9.71875,7.90625],
"to":[-8.04688,9.84375,8.09375],
"faces":{
"down":{"uv":[15.999,8.04588,16.001,7.95413],"texture":"#brightwood","cullface":"west"},
"up":{"uv":[-0.001,7.95413,0.001,8.04588],"texture":"#brightwood","cullface":"west"},
"north":{"uv":[15.999,11.0791,16.001,11.1396],"texture":"#brightwood","cullface":"west"},
"south":{"uv":[-0.001,11.0791,0.001,11.1396],"texture":"#brightwood","cullface":"west"},
"west":{"uv":[7.95413,11.0791,8.04588,11.1396],"texture":"#brightwood","cullface":"west"},
"east":{"uv":[7.95413,11.0791,8.04588,11.1396],"texture":"#brightwood","cullface":"west"}
}
}
],
"display":{
"thirdperson_righthand":{
"rotation":[-180,-90,130],
"translation":[0,5,0],
"scale":[0.8,0.8,0.8]
},
"thirdperson_lefthand":{
"rotation":[0,90,50],
"translation":[0,5,0],
"scale":[0.8,0.8,0.8]
},
"head":{
"rotation":[0,-90,0],
"translation":[0,12,0],
"scale":[0.6,0.6,0.6]
},
"ground":{
"rotation":[90,0,0],
"translation":[0,0,0],
"scale":[0.7,0.7,0.7]
},
"fixed":{
"rotation":[0,0,0],
"translation":[0,0,-1],
"scale":[1,1,1]
},
"firstperson_righthand":{
"rotation":[0,-90,0],
"translation":[0,3,-7],
"scale":[1.1,1.1,1.1]
},
"firstperson_lefthand":{
"rotation":[0,90,0],
"translation":[0,3,-7],
"scale":[1.1,1.1,1.1]
},
"gui":{
"rotation":[-20,40,0],
"translation":[0,0,0],
"scale":[0.6,0.6,0.6]
}
}
}