{
"__comment":"Made by Trexar, guncolony.com ©",
"textures":{
"0":"guns/fde",
"1":"guns/m4a4"
},
"elements":[
{
"from":[7.5,7.8,0],
"to":[8.5,9.299999,11],
"faces":{
"down":{"uv":[7.334,5.334,8.334,6.834],"texture":"#1"},
"up":{"uv":[7.334,5.334,8.334,6.834],"texture":"#1"},
"north":{"uv":[7.334,5.334,8.334,6.834],"texture":"#1"},
"south":{"uv":[7.334,5.334,8.334,6.834],"texture":"#1"},
"west":{"uv":[7.334,5.334,8.334,6.834],"texture":"#1"},
"east":{"uv":[7.334,5.334,8.334,6.834],"texture":"#1"}
}
},
{
"from":[7.5,7.8,14.22],
"to":[8.5,9.299999,15.09],
"faces":{
"up":{"uv":[10,0,12.667,3.167],"texture":"#1"},
"north":{"uv":[10,0,12.667,3.167],"texture":"#1"},
"south":{"uv":[10,0,12.667,3.167],"texture":"#1"},
"west":{"uv":[10,0,12.667,3.167],"texture":"#1"},
"east":{"uv":[10,0,12.667,3.167],"texture":"#1"}
}
},
{
"from":[7.6,9.4,15.7],
"to":[8.4,9.787,16.57],
"faces":{
"up":{"uv":[3.333,4.667,4,6.5],"texture":"#1"},
"north":{"uv":[3.333,4.667,4,6.5],"texture":"#1"},
"south":{"uv":[3.333,4.667,4,6.5],"texture":"#1"},
"west":{"uv":[3.333,4.667,4,6.5],"texture":"#1"},
"east":{"uv":[3.333,4.667,4,6.5],"texture":"#1"}
}
},
{
"from":[7.6,9.4,9.469999],
"to":[8.4,9.787,10.34],
"faces":{
"up":{"uv":[3.333,4.667,4,6.5],"texture":"#1"},
"north":{"uv":[3.333,4.667,4,6.5],"texture":"#1"},
"south":{"uv":[3.333,4.667,4,6.5],"texture":"#1"},
"west":{"uv":[3.333,4.667,4,6.5],"texture":"#1"},
"east":{"uv":[3.333,4.667,4,6.5],"texture":"#1"}
}
},
{
"from":[7.26,7,10],
"to":[8.76,8.5,17.21],
"faces":{
"down":{"uv":[9,7,10,10.5],"texture":"#0"},
"up":{"uv":[9,7,10,10.5],"texture":"#0"},
"north":{"uv":[9,7,10,10.5],"texture":"#0"},
"south":{"uv":[9,7,10,10.5],"texture":"#0"},
"west":{"uv":[9,7,10,10.5],"texture":"#0"},
"east":{"uv":[9,7,10,10.5],"texture":"#0"}
}
},
{
"from":[7.26,8,0],
"to":[8.76,8.5,7.66],
"faces":{
"down":{"uv":[9,8,10,9.5],"texture":"#0"},
"up":{"uv":[9,8,10,9.5],"texture":"#0"},
"north":{"uv":[6.667,5.334,7.667,6.834],"texture":"#1"},
"west":{"uv":[9,8,10,9.5],"texture":"#0"},
"east":{"uv":[9,8,10,9.5],"texture":"#0"}
}
},
{
"from":[7.26,7,3],
"to":[8.76,7.5,10.66],
"faces":{
"down":{"uv":[7,6,8,7],"texture":"#0"},
"up":{"uv":[7,6,8,7],"texture":"#0"},
"north":{"uv":[7,6,8,7],"texture":"#0"},
"west":{"uv":[7,6,8,7],"texture":"#0"},
"east":{"uv":[7,6,8,7],"texture":"#0"}
}
},
{
"from":[7.5,5.95,10.74],
"to":[8.5,6.05,11.639],
"faces":{
"down":{"uv":[7,7,8,8.5],"texture":"#0"},
"up":{"uv":[7,7,8,8.5],"texture":"#0"},
"south":{"uv":[7,7,8,8.5],"texture":"#0"},
"west":{"uv":[7,7,8,8.5],"texture":"#0"},
"east":{"uv":[7,7,8,8.5],"texture":"#0"}
}
},
{
"from":[7.5,8.8307,14.9985],
"to":[8.5,9.9407,15.0985],
"rotation":{"origin":[15.5,15.83069,6.29851],"axis":"x","angle":22.5},
"faces":{
"down":{"uv":[7,7,8,8.5],"texture":"#0","rotation":90},
"north":{"uv":[7,7,8,8.5],"texture":"#0","rotation":90},
"south":{"uv":[7,7,8,8.5],"texture":"#0","rotation":90},
"west":{"uv":[7,7,8,8.5],"texture":"#0","rotation":90},
"east":{"uv":[7,7,8,8.5],"texture":"#0","rotation":90}
}
},
{
"from":[7.5,5.1279,7.506],
"to":[8.5,5.2279,7.626],
"rotation":{"origin":[15.5,15.9279,7.50602],"axis":"x","angle":-22.5},
"faces":{
"down":{"uv":[7,7,8,8.5],"texture":"#0"},
"up":{"uv":[7,7,8,8.5],"texture":"#0"},
"south":{"uv":[7,7,8,8.5],"texture":"#0"},
"west":{"uv":[7,7,8,8.5],"texture":"#0"},
"east":{"uv":[7,7,8,8.5],"texture":"#0"}
}
},
{
"from":[7.982,10.497,16.11],
"to":[8.021999,10.627,16.17],
"faces":{
"up":{"uv":[3.333,4.667,4,6.5],"texture":"#1","rotation":270},
"north":{"uv":[3.333,4.667,4,6.5],"texture":"#1","rotation":270},
"south":{"uv":[3.333,4.667,4,6.5],"texture":"#1","rotation":270},
"west":{"uv":[3.333,4.667,4,6.5],"texture":"#1","rotation":270},
"east":{"uv":[3.333,4.667,4,6.5],"texture":"#1","rotation":270}
}
},
{
"from":[8.0604,9.58,9.69],
"to":[8.1004,10.71,9.75],
"faces":{
"up":{"uv":[3.333,4.667,4,6.5],"texture":"#1","rotation":270},
"north":{"uv":[3.333,4.667,4,6.5],"texture":"#1","rotation":270},
"south":{"uv":[3.333,4.667,4,6.5],"texture":"#1","rotation":270},
"west":{"uv":[3.333,4.667,4,6.5],"texture":"#1","rotation":270},
"east":{"uv":[3.333,4.667,4,6.5],"texture":"#1","rotation":270}
}
},
{
"from":[7.9,9.58,9.688499],
"to":[7.94,10.71,9.748499],
"faces":{
"up":{"uv":[3.333,4.667,4,6.5],"texture":"#1","rotation":270},
"north":{"uv":[3.333,4.667,4,6.5],"texture":"#1","rotation":270},
"south":{"uv":[3.333,4.667,4,6.5],"texture":"#1","rotation":270},
"west":{"uv":[3.333,4.667,4,6.5],"texture":"#1","rotation":270},
"east":{"uv":[3.333,4.667,4,6.5],"texture":"#1","rotation":270}
}
},
{
"from":[7.929,10.7103,9.687799],
"to":[8.069,10.7383,9.747799],
"faces":{
"down":{"uv":[3.333,4.667,4,6.5],"texture":"#1"},
"up":{"uv":[3.333,4.667,4,6.5],"texture":"#1"},
"north":{"uv":[3.333,4.667,4,6.5],"texture":"#1"},
"south":{"uv":[3.333,4.667,4,6.5],"texture":"#1"},
"west":{"uv":[3.333,4.667,4,6.5],"texture":"#1"},
"east":{"uv":[3.333,4.667,4,6.5],"texture":"#1"}
}
},
{
"from":[7.1543,17.7378,9.69],
"to":[7.184299,17.7778,9.75],
"rotation":{"origin":[16.12573,15.32985,6.93799],"axis":"z","angle":45},
"faces":{
"north":{"uv":[3.333,4.667,4,6.5],"texture":"#1"},
"south":{"uv":[3.333,4.667,4,6.5],"texture":"#1"},
"east":{"uv":[3.333,4.667,4,6.5],"texture":"#1"}
}
},
{
"from":[8.1925,17.9187,9.687699],
"to":[8.2325,17.9487,9.7477],
"rotation":{"origin":[16.78446,13.97727,6.93573],"axis":"z","angle":45},
"faces":{
"up":{"uv":[3.333,4.667,4,6.5],"texture":"#1","rotation":90},
"north":{"uv":[3.333,4.667,4,6.5],"texture":"#1","rotation":90},
"south":{"uv":[3.333,4.667,4,6.5],"texture":"#1","rotation":90}
}
},
{
"from":[7.94,10.552,9.6886],
"to":[8.07,10.58,9.7486],
"faces":{
"up":{"uv":[3.333,4.667,4,6.5],"texture":"#1"},
"north":{"uv":[3.333,4.667,4,6.5],"texture":"#1"},
"south":{"uv":[3.333,4.667,4,6.5],"texture":"#1"}
}
},
{
"from":[10.8623,8.112,15.998],
"to":[10.9023,8.191999,16.418],
"rotation":{"origin":[15.31027,16.11195,7.246],"axis":"z","angle":-22.5},
"faces":{
"down":{"uv":[3.333,4.667,4,6.5],"texture":"#1","rotation":270},
"up":{"uv":[3.333,4.667,4,6.5],"texture":"#1","rotation":270},
"north":{"uv":[3.333,4.667,4,6.5],"texture":"#1","rotation":270},
"south":{"uv":[3.333,4.667,4,6.5],"texture":"#1","rotation":270},
"west":{"uv":[3.333,4.667,4,6.5],"texture":"#1","rotation":270},
"east":{"uv":[3.333,4.667,4,6.5],"texture":"#1","rotation":270}
}
},
{
"from":[10.8933,8,9.4],
"to":[10.9333,8.24,9.82],
"rotation":{"origin":[15.34127,15.99995,7.698],"axis":"z","angle":-22.5},
"faces":{
"down":{"uv":[3.333,4.667,4,6.5],"texture":"#1","rotation":270},
"north":{"uv":[3.333,4.667,4,6.5],"texture":"#1","rotation":270},
"south":{"uv":[3.333,4.667,4,6.5],"texture":"#1","rotation":270},
"west":{"uv":[3.333,4.667,4,6.5],"texture":"#1","rotation":270},
"east":{"uv":[3.333,4.667,4,6.5],"texture":"#1","rotation":270}
}
},
{
"from":[6.7573,13.6385,15.998],
"to":[6.7973,13.7185,16.418],
"rotation":{"origin":[15.2053,14.63848,7.246],"axis":"z","angle":22.5},
"faces":{
"down":{"uv":[3.333,4.667,4,6.5],"texture":"#1","rotation":270},
"north":{"uv":[3.333,4.667,4,6.5],"texture":"#1","rotation":270},
"south":{"uv":[3.333,4.667,4,6.5],"texture":"#1","rotation":270},
"west":{"uv":[3.333,4.667,4,6.5],"texture":"#1","rotation":270},
"east":{"uv":[3.333,4.667,4,6.5],"texture":"#1","rotation":270}
}
},
{
"from":[7.7524,10.5556,15.998],
"to":[7.7924,10.6356,16.418],
"faces":{
"down":{"uv":[3.333,4.667,4,6.5],"texture":"#1","rotation":270},
"up":{"uv":[3.333,4.667,4,6.5],"texture":"#1","rotation":270},
"north":{"uv":[3.333,4.667,4,6.5],"texture":"#1","rotation":270},
"south":{"uv":[3.333,4.667,4,6.5],"texture":"#1","rotation":270},
"west":{"uv":[3.333,4.667,4,6.5],"texture":"#1","rotation":270},
"east":{"uv":[3.333,4.667,4,6.5],"texture":"#1","rotation":270}
}
},
{
"from":[7.6928,10.5175,9.4],
"to":[7.7328,10.7275,9.82],
"faces":{
"down":{"uv":[3.333,4.667,4,6.5],"texture":"#1","rotation":270},
"up":{"uv":[3.333,4.667,4,6.5],"texture":"#1","rotation":270},
"north":{"uv":[3.333,4.667,4,6.5],"texture":"#1","rotation":270},
"south":{"uv":[3.333,4.667,4,6.5],"texture":"#1","rotation":270},
"west":{"uv":[3.333,4.667,4,6.5],"texture":"#1","rotation":270},
"east":{"uv":[3.333,4.667,4,6.5],"texture":"#1","rotation":270}
}
},
{
"from":[9.6338,8.094,15.998],
"to":[9.6738,8.214,16.418],
"rotation":{"origin":[15.08183,14.09402,7.246],"axis":"z","angle":-22.5},
"faces":{
"up":{"uv":[3.333,4.667,4,6.5],"texture":"#1","rotation":270},
"north":{"uv":[3.333,4.667,4,6.5],"texture":"#1","rotation":270},
"south":{"uv":[3.333,4.667,4,6.5],"texture":"#1","rotation":270},
"west":{"uv":[3.333,4.667,4,6.5],"texture":"#1","rotation":270},
"east":{"uv":[3.333,4.667,4,6.5],"texture":"#1","rotation":270}
}
},
{
"from":[6.7879,13.5646,15.998],
"to":[6.8279,13.6446,16.418],
"rotation":{"origin":[15.23591,14.56457,7.246],"axis":"z","angle":22.5},
"faces":{
"down":{"uv":[3.333,4.667,4,6.5],"texture":"#1","rotation":270},
"up":{"uv":[3.333,4.667,4,6.5],"texture":"#1","rotation":270},
"north":{"uv":[3.333,4.667,4,6.5],"texture":"#1","rotation":270},
"south":{"uv":[3.333,4.667,4,6.5],"texture":"#1","rotation":270},
"west":{"uv":[3.333,4.667,4,6.5],"texture":"#1","rotation":270},
"east":{"uv":[3.333,4.667,4,6.5],"texture":"#1","rotation":270}
}
},
{
"from":[6.7589,13.4526,9.4],
"to":[6.7989,13.6926,9.82],
"rotation":{"origin":[15.20691,14.45257,6.698],"axis":"z","angle":22.5},
"faces":{
"down":{"uv":[3.333,4.667,4,6.5],"texture":"#1","rotation":270},
"north":{"uv":[3.333,4.667,4,6.5],"texture":"#1","rotation":270},
"south":{"uv":[3.333,4.667,4,6.5],"texture":"#1","rotation":270},
"west":{"uv":[3.333,4.667,4,6.5],"texture":"#1","rotation":270},
"east":{"uv":[3.333,4.667,4,6.5],"texture":"#1","rotation":270}
}
},
{
"from":[10.5102,8.262,15.998],
"to":[10.5502,8.342,16.418],
"rotation":{"origin":[14.9582,15.26198,7.246],"axis":"z","angle":-22.5},
"faces":{
"down":{"uv":[3.333,4.667,4,6.5],"texture":"#1","rotation":270},
"north":{"uv":[3.333,4.667,4,6.5],"texture":"#1","rotation":270},
"south":{"uv":[3.333,4.667,4,6.5],"texture":"#1","rotation":270},
"west":{"uv":[3.333,4.667,4,6.5],"texture":"#1","rotation":270},
"east":{"uv":[3.333,4.667,4,6.5],"texture":"#1","rotation":270}
}
},
{
"from":[8.197599,10.5556,15.998],
"to":[8.237599,10.6356,16.418],
"faces":{
"down":{"uv":[3.333,4.667,4,6.5],"texture":"#1","rotation":270},
"up":{"uv":[3.333,4.667,4,6.5],"texture":"#1","rotation":270},
"north":{"uv":[3.333,4.667,4,6.5],"texture":"#1","rotation":270},
"south":{"uv":[3.333,4.667,4,6.5],"texture":"#1","rotation":270},
"west":{"uv":[3.333,4.667,4,6.5],"texture":"#1","rotation":270},
"east":{"uv":[3.333,4.667,4,6.5],"texture":"#1","rotation":270}
}
},
{
"from":[8.2592,10.5175,9.4],
"to":[8.2992,10.7275,9.82],
"faces":{
"down":{"uv":[3.333,4.667,4,6.5],"texture":"#1","rotation":270},
"up":{"uv":[3.333,4.667,4,6.5],"texture":"#1","rotation":270},
"north":{"uv":[3.333,4.667,4,6.5],"texture":"#1","rotation":270},
"south":{"uv":[3.333,4.667,4,6.5],"texture":"#1","rotation":270},
"west":{"uv":[3.333,4.667,4,6.5],"texture":"#1","rotation":270},
"east":{"uv":[3.333,4.667,4,6.5],"texture":"#1","rotation":270}
}
},
{
"from":[6.9444,12.9356,15.998],
"to":[6.9844,13.0556,16.418],
"rotation":{"origin":[13.39242,14.9356,7.246],"axis":"z","angle":22.5},
"faces":{
"up":{"uv":[3.333,4.667,4,6.5],"texture":"#1","rotation":270},
"north":{"uv":[3.333,4.667,4,6.5],"texture":"#1","rotation":270},
"south":{"uv":[3.333,4.667,4,6.5],"texture":"#1","rotation":270},
"west":{"uv":[3.333,4.667,4,6.5],"texture":"#1","rotation":270},
"east":{"uv":[3.333,4.667,4,6.5],"texture":"#1","rotation":270}
}
},
{
"from":[7.26,5.9,0],
"to":[8.76,8,0.171],
"faces":{
"down":{"uv":[9,8,10,9.5],"texture":"#0","rotation":90},
"north":{"uv":[6.667,5.334,7.667,6.834],"texture":"#1","rotation":90},
"west":{"uv":[9,8,10,9.5],"texture":"#0","rotation":90},
"east":{"uv":[9,8,10,9.5],"texture":"#0","rotation":90}
}
},
{
"from":[7.61,5.11,12.59],
"to":[8.36,7.21,13.99],
"rotation":{"origin":[15.5,15.8,8],"axis":"x","angle":22.5},
"faces":{
"down":{"uv":[8,7,9,10.5],"texture":"#0"},
"up":{"uv":[8,7,9,10.5],"texture":"#0"},
"north":{"uv":[8,7,9,10.5],"texture":"#0"},
"south":{"uv":[8,7,9,10.5],"texture":"#0"},
"west":{"uv":[8,7,9,10.5],"texture":"#0"},
"east":{"uv":[8,7,9,10.5],"texture":"#0"}
}
},
{
"from":[7.61,6.2,9.1497],
"to":[8.36,6.5,10.7697],
"rotation":{"origin":[15.5,7.55721,3.559719],"axis":"x","angle":22.5},
"faces":{
"down":{"uv":[8,7,9,10.5],"texture":"#0"},
"up":{"uv":[8,7,9,10.5],"texture":"#0"},
"north":{"uv":[8,7,9,10.5],"texture":"#0"},
"south":{"uv":[8,7,9,10.5],"texture":"#0"},
"west":{"uv":[8,7,9,10.5],"texture":"#0"},
"east":{"uv":[8,7,9,10.5],"texture":"#0"}
}
},
{
"from":[7.5,5.95,10.34],
"to":[8.5,7.53,10.74],
"faces":{
"down":{"uv":[9,9,10,9.5],"texture":"#0","rotation":90},
"north":{"uv":[9,9,10,9.5],"texture":"#0","rotation":90},
"south":{"uv":[9,9,10,9.5],"texture":"#0","rotation":90},
"west":{"uv":[9,9,10,9.5],"texture":"#0","rotation":90},
"east":{"uv":[9,9,10,9.5],"texture":"#0","rotation":90}
}
},
{
"from":[7.65,3.8588,1.7033],
"to":[8.349999,6.8088,2.1033],
"rotation":{"origin":[15.5,6.966521,3.670179],"axis":"x","angle":45},
"faces":{
"north":{"uv":[7,6,8,7],"texture":"#0","rotation":270},
"south":{"uv":[7,6,8,7],"texture":"#0","rotation":270},
"west":{"uv":[7,6,8,7],"texture":"#0","rotation":270},
"east":{"uv":[7,6,8,7],"texture":"#0","rotation":270}
}
},
{
"from":[7.26,5.877,0.0387],
"to":[8.76,8.347,0.3647],
"faces":{
"down":{"uv":[6.667,6,7.667,6.833],"texture":"#1","rotation":270},
"north":{"uv":[7.333,6,8.333,7.5],"texture":"#1","rotation":270},
"south":{"uv":[9,8,10,9.5],"texture":"#0","rotation":270},
"west":{"uv":[9,8,10,9.5],"texture":"#0","rotation":270},
"east":{"uv":[9,8,10,9.5],"texture":"#0","rotation":270}
}
},
{
"from":[7.5,3.999,5.7757],
"to":[8.5,7.129,6.1017],
"faces":{
"down":{"uv":[2.667,9.334,4,11.167],"texture":"#1","rotation":270},
"south":{"uv":[2.667,9.334,4,11.167],"texture":"#1","rotation":270},
"west":{"uv":[2.667,9.334,4,11.167],"texture":"#1","rotation":270},
"east":{"uv":[2.667,9.334,4,11.167],"texture":"#1","rotation":270}
}
},
{
"from":[7.5,3.4967,3.8642],
"to":[8.5,5.777699,4.1902],
"faces":{
"down":{"uv":[2.667,9.334,4,11.167],"texture":"#1","rotation":270},
"up":{"uv":[2.667,9.334,4,11.167],"texture":"#1","rotation":270},
"north":{"uv":[2.667,9.334,4,11.167],"texture":"#1","rotation":270},
"south":{"uv":[2.667,9.334,4,11.167],"texture":"#1","rotation":270},
"west":{"uv":[2.667,9.334,4,11.167],"texture":"#1","rotation":270},
"east":{"uv":[2.667,9.334,4,11.167],"texture":"#1","rotation":270}
}
},
{
"from":[7.5,3.899,5.3544],
"to":[8.5,7.129,5.7754],
"faces":{
"down":{"uv":[2.667,9.334,4,11.167],"texture":"#1","rotation":270},
"south":{"uv":[2.667,9.334,4,11.167],"texture":"#1","rotation":270},
"west":{"uv":[2.667,9.334,4,11.167],"texture":"#1","rotation":270},
"east":{"uv":[2.667,9.334,4,11.167],"texture":"#1","rotation":270}
}
},
{
"from":[7.5,3.798,4.9332],
"to":[8.5,7.128,5.3542],
"faces":{
"down":{"uv":[2.667,9.334,4,11.167],"texture":"#1","rotation":270},
"south":{"uv":[2.667,9.334,4,11.167],"texture":"#1","rotation":270},
"west":{"uv":[2.667,9.334,4,11.167],"texture":"#1","rotation":270},
"east":{"uv":[2.667,9.334,4,11.167],"texture":"#1","rotation":270}
}
},
{
"from":[7.5,3.697,4.5121],
"to":[8.5,7.127,4.9331],
"faces":{
"down":{"uv":[2.667,9.334,4,11.167],"texture":"#1","rotation":270},
"south":{"uv":[2.667,9.334,4,11.167],"texture":"#1","rotation":270},
"west":{"uv":[2.667,9.334,4,11.167],"texture":"#1","rotation":270},
"east":{"uv":[2.667,9.334,4,11.167],"texture":"#1","rotation":270}
}
},
{
"from":[7.5,3.5968,4.191],
"to":[8.5,7.1268,4.512],
"faces":{
"down":{"uv":[2.667,9.334,4,11.167],"texture":"#1","rotation":270},
"north":{"uv":[2.667,9.334,4,11.167],"texture":"#1","rotation":270},
"south":{"uv":[2.667,9.334,4,11.167],"texture":"#1","rotation":270},
"west":{"uv":[2.667,9.334,4,11.167],"texture":"#1","rotation":270},
"east":{"uv":[2.667,9.334,4,11.167],"texture":"#1","rotation":270}
}
},
{
"from":[7.6,11.1615,18.3361],
"to":[8.35,11.6315,18.7361],
"rotation":{"origin":[15.15456,13.12844,6.32723],"axis":"x","angle":22.5},
"faces":{
"down":{"uv":[8,8,9,9.5],"texture":"#0","rotation":270},
"north":{"uv":[8,8,9,9.5],"texture":"#0","rotation":270},
"south":{"uv":[8,8,9,9.5],"texture":"#0","rotation":270},
"west":{"uv":[8,8,9,9.5],"texture":"#0","rotation":270},
"east":{"uv":[8,8,9,9.5],"texture":"#0","rotation":270}
}
},
{
"from":[7.6,8.83,16.41],
"to":[8.4,9.299999,16.81],
"faces":{
"north":{"uv":[11.334,1.334,12.667,3.167],"texture":"#1","rotation":90},
"south":{"uv":[11.334,1.334,12.667,3.167],"texture":"#1","rotation":90},
"west":{"uv":[11.334,1.334,12.667,3.167],"texture":"#1","rotation":90},
"east":{"uv":[11.334,1.334,12.667,3.167],"texture":"#1","rotation":90}
}
},
{
"from":[8.95,8.281,15.21],
"to":[9.573,8.641001,15.61],
"faces":{
"down":{"uv":[11.334,1.334,12.667,3.167],"texture":"#1","rotation":90},
"up":{"uv":[11.334,1.334,12.667,3.167],"texture":"#1","rotation":90},
"north":{"uv":[11.334,1.334,12.667,3.167],"texture":"#1","rotation":90},
"south":{"uv":[11.334,1.334,12.667,3.167],"texture":"#1","rotation":90},
"west":{"uv":[11.334,1.334,12.667,3.167],"texture":"#1","rotation":90},
"east":{"uv":[11.334,1.334,12.667,3.167],"texture":"#1","rotation":90}
}
},
{
"from":[7.916,10.2435,15.21],
"to":[8.716,10.6035,15.61],
"rotation":{"origin":[13.766,10.21044,6.1111],"axis":"z","angle":22.5},
"faces":{
"down":{"uv":[11.334,1.334,12.667,3.167],"texture":"#1","rotation":90},
"up":{"uv":[11.334,1.334,12.667,3.167],"texture":"#1","rotation":90},
"north":{"uv":[11.334,1.334,12.667,3.167],"texture":"#1","rotation":90},
"south":{"uv":[11.334,1.334,12.667,3.167],"texture":"#1","rotation":90}
}
},
{
"from":[7.26,6.53,2.81],
"to":[8.76,7,4.26],
"faces":{
"down":{"uv":[7,6,8,7],"texture":"#0","rotation":270},
"up":{"uv":[7,6,8,7],"texture":"#0","rotation":270},
"north":{"uv":[7,6,8,7],"texture":"#0","rotation":270},
"south":{"uv":[7,6,8,7],"texture":"#0","rotation":270},
"west":{"uv":[7,6,8,7],"texture":"#0","rotation":270},
"east":{"uv":[7,6,8,7],"texture":"#0","rotation":270}
}
},
{
"from":[7.26,5.7,0.988],
"to":[8.76,6.6,1.388],
"rotation":{"origin":[15.5,9.060719,5.192261],"axis":"x","angle":22.5},
"faces":{
"down":{"uv":[9,8,10,9.5],"texture":"#0","rotation":270},
"north":{"uv":[6,5.334,7,6.834],"texture":"#1","rotation":270},
"south":{"uv":[9,8,10,9.5],"texture":"#0","rotation":270},
"west":{"uv":[9,8,10,9.5],"texture":"#0","rotation":270},
"east":{"uv":[9,8,10,9.5],"texture":"#0","rotation":270}
}
},
{
"from":[7.5,4.68,4.5],
"to":[8.5,5.667,4.9],
"rotation":{"origin":[15.5,9.060719,5.192261],"axis":"x","angle":45},
"faces":{
"up":{"uv":[7,6,8,7],"texture":"#0","rotation":270},
"north":{"uv":[7,6,8,7],"texture":"#0","rotation":270},
"south":{"uv":[7,6,8,7],"texture":"#0","rotation":270},
"west":{"uv":[7,6,8,7],"texture":"#0","rotation":270},
"east":{"uv":[7,6,8,7],"texture":"#0","rotation":270}
}
},
{
"from":[7.6,6.7329,2.0507],
"to":[8.35,7.9629,3.0407],
"faces":{
"north":{"uv":[7,6,8,7],"texture":"#0","rotation":270},
"south":{"uv":[7,6,8,7],"texture":"#0","rotation":270},
"west":{"uv":[7,6,8,7],"texture":"#0","rotation":270},
"east":{"uv":[7,6,8,7],"texture":"#0","rotation":270}
}
},
{
"from":[7.26,5.1,1.4337],
"to":[8.76,6.65,1.8337],
"rotation":{"origin":[15.5,9.29033,4.63793],"axis":"x","angle":22.5},
"faces":{
"down":{"uv":[7,6,8,7],"texture":"#0","rotation":270},
"up":{"uv":[7,6,8,7],"texture":"#0","rotation":270},
"north":{"uv":[7,6,8,7],"texture":"#0","rotation":270},
"south":{"uv":[7,6,8,7],"texture":"#0","rotation":270},
"west":{"uv":[7,6,8,7],"texture":"#0","rotation":270},
"east":{"uv":[7,6,8,7],"texture":"#0","rotation":270}
}
},
{
"from":[7.26,11.2163,17.0748],
"to":[8.76,12.6863,17.3048],
"rotation":{"origin":[15.5,14.18326,7.065849],"axis":"x","angle":22.5},
"faces":{
"north":{"uv":[8,9,9,10.5],"texture":"#0","rotation":90},
"south":{"uv":[8,9,9,10.5],"texture":"#0","rotation":90},
"west":{"uv":[8,9,9,10.5],"texture":"#0","rotation":90},
"east":{"uv":[8,9,9,10.5],"texture":"#0","rotation":90}
}
},
{
"from":[7.26,3.1996,17.0946],
"to":[8.76,3.7996,17.3246],
"rotation":{"origin":[15.5,5.166611,4.08573],"axis":"x","angle":-22.5},
"faces":{
"north":{"uv":[8,8,9,9],"texture":"#0"},
"south":{"uv":[8,8,9,9],"texture":"#0"},
"west":{"uv":[8,8,9,9],"texture":"#0"},
"east":{"uv":[8,8,9,9],"texture":"#0"}
}
},
{
"from":[7.26,8.5,15.74],
"to":[8.76,8.97,16.84],
"faces":{
"up":{"uv":[8,8,9,9.5],"texture":"#0","rotation":90},
"north":{"uv":[8,8,9,9.5],"texture":"#0","rotation":90},
"south":{"uv":[8,8,9,9.5],"texture":"#0","rotation":90},
"west":{"uv":[8,8,9,9.5],"texture":"#0","rotation":90},
"east":{"uv":[8,8,9,9.5],"texture":"#0","rotation":90}
}
},
{
"from":[7.26,6.1,3.43],
"to":[8.76,6.63,4.26],
"faces":{
"down":{"uv":[7,6,8,7],"texture":"#0","rotation":270},
"north":{"uv":[7,6,8,7],"texture":"#0","rotation":270},
"south":{"uv":[7,6,8,7],"texture":"#0","rotation":270},
"west":{"uv":[7,6,8,7],"texture":"#0","rotation":270},
"east":{"uv":[7,6,8,7],"texture":"#0","rotation":270}
}
},
{
"from":[7.5,6.5,2.1],
"to":[8.5,7.13,3.64],
"faces":{
"down":{"uv":[7,6,8,7],"texture":"#0","rotation":270},
"up":{"uv":[7,6,8,7],"texture":"#0","rotation":270},
"north":{"uv":[7,6,8,7],"texture":"#0","rotation":270},
"south":{"uv":[7,6,8,7],"texture":"#0","rotation":270},
"west":{"uv":[7,6,8,7],"texture":"#0","rotation":270},
"east":{"uv":[7,6,8,7],"texture":"#0","rotation":270}
}
},
{
"from":[7.26,8.5,10],
"to":[8.76,8.751,15.7],
"faces":{
"down":{"uv":[7,7,8,8.5],"texture":"#0","rotation":90},
"up":{"uv":[7,7,8,8.5],"texture":"#0","rotation":90},
"north":{"uv":[7,7,8,8.5],"texture":"#0","rotation":90},
"west":{"uv":[7,7,8,8.5],"texture":"#0","rotation":90},
"east":{"uv":[7,7,8,8.5],"texture":"#0","rotation":90}
}
},
{
"from":[7.6,8.71,11],
"to":[8.4,9.0676,15.8],
"faces":{
"up":{"uv":[10,1.334,11.334,3.167],"texture":"#1","rotation":90},
"south":{"uv":[10,1.334,11.334,3.167],"texture":"#1","rotation":90},
"west":{"uv":[10,1.334,11.334,3.167],"texture":"#1","rotation":90},
"east":{"uv":[10,1.334,11.334,3.167],"texture":"#1","rotation":90}
}
},
{
"from":[7.6,9.3,9.44],
"to":[8.4,9.51,17.029],
"faces":{
"down":{"uv":[3.333,4.667,4,6.5],"texture":"#1","rotation":180},
"up":{"uv":[3.333,4.667,4,6.5],"texture":"#1","rotation":180},
"north":{"uv":[3.333,4.667,4,6.5],"texture":"#1","rotation":180},
"south":{"uv":[3.333,4.667,4,6.5],"texture":"#1","rotation":180},
"west":{"uv":[3.333,4.667,4,6.5],"texture":"#1","rotation":180},
"east":{"uv":[3.333,4.667,4,6.5],"texture":"#1","rotation":180}
}
},
{
"from":[7.75,9.51,9.44],
"to":[8.25,9.620001,9.55],
"faces":{
"up":{"uv":[3.333,4.667,4,6.5],"texture":"#1","rotation":180},
"north":{"uv":[3.333,4.667,4,6.5],"texture":"#1","rotation":180},
"west":{"uv":[3.333,4.667,4,6.5],"texture":"#1","rotation":180},
"east":{"uv":[3.333,4.667,4,6.5],"texture":"#1","rotation":180}
}
},
{
"from":[7.75,8.2,10.9405],
"to":[8.25,8.577,11.4005],
"rotation":{"origin":[14.73204,7.936391,7.43177],"axis":"x","angle":22.5},
"faces":{
"north":{"uv":[3.334,5.334,4.334,6.168],"texture":"#1","rotation":180},
"south":{"uv":[3.334,5.334,4.334,6.168],"texture":"#1","rotation":180},
"west":{"uv":[3.334,5.334,4.334,6.168],"texture":"#1","rotation":180},
"east":{"uv":[3.334,5.334,4.334,6.168],"texture":"#1","rotation":180}
}
},
{
"from":[7.7499,4.9,11.7214],
"to":[8.2499,5.13,12.1654],
"rotation":{"origin":[14.87092,3.214771,8.34097],"axis":"x","angle":-22.5},
"faces":{
"down":{"uv":[2.667,5.334,3.667,6.168],"texture":"#1","rotation":270},
"north":{"uv":[2.667,5.334,3.667,6.168],"texture":"#1","rotation":270},
"south":{"uv":[2.667,5.334,3.667,6.168],"texture":"#1","rotation":270},
"west":{"uv":[2.667,5.334,3.667,6.168],"texture":"#1","rotation":270},
"east":{"uv":[2.667,5.334,3.667,6.168],"texture":"#1","rotation":270}
}
},
{
"from":[7.7495,6.2845,10.7394],
"to":[8.2495,6.8545,11.2094],
"faces":{
"down":{"uv":[2.667,5.334,3.667,6.168],"texture":"#1","rotation":180},
"up":{"uv":[2.667,5.334,3.667,6.168],"texture":"#1","rotation":180},
"south":{"uv":[2.667,5.334,3.667,6.168],"texture":"#1","rotation":180},
"west":{"uv":[2.667,5.334,3.667,6.168],"texture":"#1","rotation":180},
"east":{"uv":[2.667,5.334,3.667,6.168],"texture":"#1","rotation":180}
}
},
{
"from":[7.75,6.0594,0.5784],
"to":[8.25,6.1694,0.8184],
"faces":{
"down":{"uv":[7,6,8,7],"texture":"#1","rotation":270},
"north":{"uv":[7,6,8,7],"texture":"#1","rotation":270},
"south":{"uv":[7,6,8,7],"texture":"#1","rotation":270},
"west":{"uv":[7,6,8,7],"texture":"#1","rotation":270},
"east":{"uv":[7,6,8,7],"texture":"#1","rotation":270}
}
},
{
"from":[7.75,6.0594,0.95],
"to":[8.25,6.1694,1.19],
"faces":{
"down":{"uv":[7,6,8,7],"texture":"#1","rotation":270},
"north":{"uv":[7,6,8,7],"texture":"#1","rotation":270},
"south":{"uv":[7,6,8,7],"texture":"#1","rotation":270},
"west":{"uv":[7,6,8,7],"texture":"#1","rotation":270},
"east":{"uv":[7,6,8,7],"texture":"#1","rotation":270}
}
},
{
"from":[7.75,6.0594,1.288],
"to":[8.25,6.1694,1.528],
"faces":{
"down":{"uv":[7,6,8,7],"texture":"#1","rotation":270},
"north":{"uv":[7,6,8,7],"texture":"#1","rotation":270},
"south":{"uv":[7,6,8,7],"texture":"#1","rotation":270},
"west":{"uv":[7,6,8,7],"texture":"#1","rotation":270},
"east":{"uv":[7,6,8,7],"texture":"#1","rotation":270}
}
},
{
"from":[7.75,6.0596,1.637],
"to":[8.25,6.1696,1.877],
"faces":{
"down":{"uv":[7,6,8,7],"texture":"#1","rotation":270},
"north":{"uv":[7,6,8,7],"texture":"#1","rotation":270},
"south":{"uv":[7,6,8,7],"texture":"#1","rotation":270},
"west":{"uv":[7,6,8,7],"texture":"#1","rotation":270},
"east":{"uv":[7,6,8,7],"texture":"#1","rotation":270}
}
},
{
"from":[7.75,9.51,10.25],
"to":[8.25,9.620001,10.36],
"faces":{
"up":{"uv":[3.333,4.667,4,6.5],"texture":"#1","rotation":180},
"south":{"uv":[3.333,4.667,4,6.5],"texture":"#1","rotation":180},
"west":{"uv":[3.333,4.667,4,6.5],"texture":"#1","rotation":180},
"east":{"uv":[3.333,4.667,4,6.5],"texture":"#1","rotation":180}
}
},
{
"from":[7.75,9.51,10.45],
"to":[8.25,9.620001,10.56],
"faces":{
"up":{"uv":[3.333,4.667,4,6.5],"texture":"#1","rotation":180},
"north":{"uv":[3.333,4.667,4,6.5],"texture":"#1","rotation":180},
"south":{"uv":[3.333,4.667,4,6.5],"texture":"#1","rotation":180},
"west":{"uv":[3.333,4.667,4,6.5],"texture":"#1","rotation":180},
"east":{"uv":[3.333,4.667,4,6.5],"texture":"#1","rotation":180}
}
},
{
"from":[7.75,9.51,10.65],
"to":[8.25,9.620001,10.76],
"faces":{
"up":{"uv":[3.333,4.667,4,6.5],"texture":"#1","rotation":180},
"north":{"uv":[3.333,4.667,4,6.5],"texture":"#1","rotation":180},
"south":{"uv":[3.333,4.667,4,6.5],"texture":"#1","rotation":180},
"west":{"uv":[3.333,4.667,4,6.5],"texture":"#1","rotation":180},
"east":{"uv":[3.333,4.667,4,6.5],"texture":"#1","rotation":180}
}
},
{
"from":[7.75,9.51,10.85],
"to":[8.25,9.620001,10.96],
"faces":{
"up":{"uv":[3.333,4.667,4,6.5],"texture":"#1","rotation":180},
"north":{"uv":[3.333,4.667,4,6.5],"texture":"#1","rotation":180},
"south":{"uv":[3.333,4.667,4,6.5],"texture":"#1","rotation":180},
"west":{"uv":[3.333,4.667,4,6.5],"texture":"#1","rotation":180},
"east":{"uv":[3.333,4.667,4,6.5],"texture":"#1","rotation":180}
}
},
{
"from":[7.75,9.51,11.05],
"to":[8.25,9.620001,11.16],
"faces":{
"up":{"uv":[3.333,4.667,4,6.5],"texture":"#1","rotation":180},
"north":{"uv":[3.333,4.667,4,6.5],"texture":"#1","rotation":180},
"south":{"uv":[3.333,4.667,4,6.5],"texture":"#1","rotation":180},
"west":{"uv":[3.333,4.667,4,6.5],"texture":"#1","rotation":180},
"east":{"uv":[3.333,4.667,4,6.5],"texture":"#1","rotation":180}
}
},
{
"from":[7.75,9.51,11.25],
"to":[8.25,9.620001,11.36],
"faces":{
"up":{"uv":[3.333,4.667,4,6.5],"texture":"#1","rotation":180},
"north":{"uv":[3.333,4.667,4,6.5],"texture":"#1","rotation":180},
"south":{"uv":[3.333,4.667,4,6.5],"texture":"#1","rotation":180},
"west":{"uv":[3.333,4.667,4,6.5],"texture":"#1","rotation":180},
"east":{"uv":[3.333,4.667,4,6.5],"texture":"#1","rotation":180}
}
},
{
"from":[7.75,10.443,9.52],
"to":[8.25,10.5017,9.629999],
"faces":{
"down":{"uv":[3.333,4.667,4,6.5],"texture":"#1","rotation":180},
"up":{"uv":[3.333,4.667,4,6.5],"texture":"#1","rotation":180},
"north":{"uv":[3.333,4.667,4,6.5],"texture":"#1","rotation":180},
"south":{"uv":[3.333,4.667,4,6.5],"texture":"#1","rotation":180},
"west":{"uv":[3.333,4.667,4,6.5],"texture":"#1","rotation":180},
"east":{"uv":[3.333,4.667,4,6.5],"texture":"#1","rotation":180}
}
},
{
"from":[7.75,9.51,11.45],
"to":[8.25,9.620001,11.56],
"faces":{
"up":{"uv":[3.333,4.667,4,6.5],"texture":"#1","rotation":180},
"north":{"uv":[3.333,4.667,4,6.5],"texture":"#1","rotation":180},
"south":{"uv":[3.333,4.667,4,6.5],"texture":"#1","rotation":180},
"west":{"uv":[3.333,4.667,4,6.5],"texture":"#1","rotation":180},
"east":{"uv":[3.333,4.667,4,6.5],"texture":"#1","rotation":180}
}
},
{
"from":[7.75,9.51,11.65],
"to":[8.25,9.620001,11.76],
"faces":{
"up":{"uv":[3.333,4.667,4,6.5],"texture":"#1","rotation":180},
"north":{"uv":[3.333,4.667,4,6.5],"texture":"#1","rotation":180},
"south":{"uv":[3.333,4.667,4,6.5],"texture":"#1","rotation":180},
"west":{"uv":[3.333,4.667,4,6.5],"texture":"#1","rotation":180},
"east":{"uv":[3.333,4.667,4,6.5],"texture":"#1","rotation":180}
}
},
{
"from":[7.75,9.51,11.85],
"to":[8.25,9.620001,11.96],
"faces":{
"up":{"uv":[3.333,4.667,4,6.5],"texture":"#1","rotation":180},
"north":{"uv":[3.333,4.667,4,6.5],"texture":"#1","rotation":180},
"south":{"uv":[3.333,4.667,4,6.5],"texture":"#1","rotation":180},
"west":{"uv":[3.333,4.667,4,6.5],"texture":"#1","rotation":180},
"east":{"uv":[3.333,4.667,4,6.5],"texture":"#1","rotation":180}
}
},
{
"from":[7.75,9.51,12.05],
"to":[8.25,9.620001,12.16],
"faces":{
"up":{"uv":[3.333,4.667,4,6.5],"texture":"#1","rotation":180},
"north":{"uv":[3.333,4.667,4,6.5],"texture":"#1","rotation":180},
"south":{"uv":[3.333,4.667,4,6.5],"texture":"#1","rotation":180},
"west":{"uv":[3.333,4.667,4,6.5],"texture":"#1","rotation":180},
"east":{"uv":[3.333,4.667,4,6.5],"texture":"#1","rotation":180}
}
},
{
"from":[7.75,9.51,12.25],
"to":[8.25,9.620001,12.36],
"faces":{
"up":{"uv":[3.333,4.667,4,6.5],"texture":"#1","rotation":180},
"north":{"uv":[3.333,4.667,4,6.5],"texture":"#1","rotation":180},
"south":{"uv":[3.333,4.667,4,6.5],"texture":"#1","rotation":180},
"west":{"uv":[3.333,4.667,4,6.5],"texture":"#1","rotation":180},
"east":{"uv":[3.333,4.667,4,6.5],"texture":"#1","rotation":180}
}
},
{
"from":[7.75,9.51,12.45],
"to":[8.25,9.620001,12.56],
"faces":{
"up":{"uv":[3.333,4.667,4,6.5],"texture":"#1","rotation":180},
"north":{"uv":[3.333,4.667,4,6.5],"texture":"#1","rotation":180},
"south":{"uv":[3.333,4.667,4,6.5],"texture":"#1","rotation":180},
"west":{"uv":[3.333,4.667,4,6.5],"texture":"#1","rotation":180},
"east":{"uv":[3.333,4.667,4,6.5],"texture":"#1","rotation":180}
}
},
{
"from":[7.75,9.51,12.65],
"to":[8.25,9.620001,12.76],
"faces":{
"up":{"uv":[3.333,4.667,4,6.5],"texture":"#1","rotation":180},
"north":{"uv":[3.333,4.667,4,6.5],"texture":"#1","rotation":180},
"south":{"uv":[3.333,4.667,4,6.5],"texture":"#1","rotation":180},
"west":{"uv":[3.333,4.667,4,6.5],"texture":"#1","rotation":180},
"east":{"uv":[3.333,4.667,4,6.5],"texture":"#1","rotation":180}
}
},
{
"from":[7.75,9.51,12.85],
"to":[8.25,9.620001,12.96],
"faces":{
"up":{"uv":[3.333,4.667,4,6.5],"texture":"#1","rotation":180},
"north":{"uv":[3.333,4.667,4,6.5],"texture":"#1","rotation":180},
"south":{"uv":[3.333,4.667,4,6.5],"texture":"#1","rotation":180},
"west":{"uv":[3.333,4.667,4,6.5],"texture":"#1","rotation":180},
"east":{"uv":[3.333,4.667,4,6.5],"texture":"#1","rotation":180}
}
},
{
"from":[7.75,9.51,13.05],
"to":[8.25,9.620001,13.16],
"faces":{
"up":{"uv":[3.333,4.667,4,6.5],"texture":"#1","rotation":180},
"north":{"uv":[3.333,4.667,4,6.5],"texture":"#1","rotation":180},
"south":{"uv":[3.333,4.667,4,6.5],"texture":"#1","rotation":180},
"west":{"uv":[3.333,4.667,4,6.5],"texture":"#1","rotation":180},
"east":{"uv":[3.333,4.667,4,6.5],"texture":"#1","rotation":180}
}
},
{
"from":[7.75,9.51,13.25],
"to":[8.25,9.620001,13.36],
"faces":{
"up":{"uv":[3.333,4.667,4,6.5],"texture":"#1","rotation":180},
"north":{"uv":[3.333,4.667,4,6.5],"texture":"#1","rotation":180},
"south":{"uv":[3.333,4.667,4,6.5],"texture":"#1","rotation":180},
"west":{"uv":[3.333,4.667,4,6.5],"texture":"#1","rotation":180},
"east":{"uv":[3.333,4.667,4,6.5],"texture":"#1","rotation":180}
}
},
{
"from":[7.75,9.51,13.45],
"to":[8.25,9.620001,13.56],
"faces":{
"up":{"uv":[3.333,4.667,4,6.5],"texture":"#1","rotation":180},
"north":{"uv":[3.333,4.667,4,6.5],"texture":"#1","rotation":180},
"south":{"uv":[3.333,4.667,4,6.5],"texture":"#1","rotation":180},
"west":{"uv":[3.333,4.667,4,6.5],"texture":"#1","rotation":180},
"east":{"uv":[3.333,4.667,4,6.5],"texture":"#1","rotation":180}
}
},
{
"from":[7.75,9.51,13.65],
"to":[8.25,9.620001,13.76],
"faces":{
"up":{"uv":[3.333,4.667,4,6.5],"texture":"#1","rotation":180},
"north":{"uv":[3.333,4.667,4,6.5],"texture":"#1","rotation":180},
"south":{"uv":[3.333,4.667,4,6.5],"texture":"#1","rotation":180},
"west":{"uv":[3.333,4.667,4,6.5],"texture":"#1","rotation":180},
"east":{"uv":[3.333,4.667,4,6.5],"texture":"#1","rotation":180}
}
},
{
"from":[7.75,9.51,13.85],
"to":[8.25,9.620001,13.96],
"faces":{
"up":{"uv":[3.333,4.667,4,6.5],"texture":"#1","rotation":180},
"north":{"uv":[3.333,4.667,4,6.5],"texture":"#1","rotation":180},
"south":{"uv":[3.333,4.667,4,6.5],"texture":"#1","rotation":180},
"west":{"uv":[3.333,4.667,4,6.5],"texture":"#1","rotation":180},
"east":{"uv":[3.333,4.667,4,6.5],"texture":"#1","rotation":180}
}
},
{
"from":[7.75,9.51,14.05],
"to":[8.25,9.620001,14.16],
"faces":{
"up":{"uv":[3.333,4.667,4,6.5],"texture":"#1","rotation":180},
"north":{"uv":[3.333,4.667,4,6.5],"texture":"#1","rotation":180},
"south":{"uv":[3.333,4.667,4,6.5],"texture":"#1","rotation":180},
"west":{"uv":[3.333,4.667,4,6.5],"texture":"#1","rotation":180},
"east":{"uv":[3.333,4.667,4,6.5],"texture":"#1","rotation":180}
}
},
{
"from":[7.75,9.51,14.25],
"to":[8.25,9.620001,14.36],
"faces":{
"up":{"uv":[3.333,4.667,4,6.5],"texture":"#1","rotation":180},
"north":{"uv":[3.333,4.667,4,6.5],"texture":"#1","rotation":180},
"south":{"uv":[3.333,4.667,4,6.5],"texture":"#1","rotation":180},
"west":{"uv":[3.333,4.667,4,6.5],"texture":"#1","rotation":180},
"east":{"uv":[3.333,4.667,4,6.5],"texture":"#1","rotation":180}
}
},
{
"from":[7.75,9.51,14.45],
"to":[8.25,9.620001,14.56],
"faces":{
"up":{"uv":[3.333,4.667,4,6.5],"texture":"#1","rotation":180},
"north":{"uv":[3.333,4.667,4,6.5],"texture":"#1","rotation":180},
"south":{"uv":[3.333,4.667,4,6.5],"texture":"#1","rotation":180},
"west":{"uv":[3.333,4.667,4,6.5],"texture":"#1","rotation":180},
"east":{"uv":[3.333,4.667,4,6.5],"texture":"#1","rotation":180}
}
},
{
"from":[7.75,9.51,14.65],
"to":[8.25,9.620001,14.76],
"faces":{
"up":{"uv":[3.333,4.667,4,6.5],"texture":"#1","rotation":180},
"north":{"uv":[3.333,4.667,4,6.5],"texture":"#1","rotation":180},
"south":{"uv":[3.333,4.667,4,6.5],"texture":"#1","rotation":180},
"west":{"uv":[3.333,4.667,4,6.5],"texture":"#1","rotation":180},
"east":{"uv":[3.333,4.667,4,6.5],"texture":"#1","rotation":180}
}
},
{
"from":[7.75,9.51,14.85],
"to":[8.25,9.620001,14.96],
"faces":{
"up":{"uv":[3.333,4.667,4,6.5],"texture":"#1","rotation":180},
"north":{"uv":[3.333,4.667,4,6.5],"texture":"#1","rotation":180},
"south":{"uv":[3.333,4.667,4,6.5],"texture":"#1","rotation":180},
"west":{"uv":[3.333,4.667,4,6.5],"texture":"#1","rotation":180},
"east":{"uv":[3.333,4.667,4,6.5],"texture":"#1","rotation":180}
}
},
{
"from":[7.75,9.51,15.05],
"to":[8.25,9.620001,15.16],
"faces":{
"up":{"uv":[3.333,4.667,4,6.5],"texture":"#1","rotation":180},
"north":{"uv":[3.333,4.667,4,6.5],"texture":"#1","rotation":180},
"south":{"uv":[3.333,4.667,4,6.5],"texture":"#1","rotation":180},
"west":{"uv":[3.333,4.667,4,6.5],"texture":"#1","rotation":180},
"east":{"uv":[3.333,4.667,4,6.5],"texture":"#1","rotation":180}
}
},
{
"from":[7.75,9.51,15.25],
"to":[8.25,9.620001,15.36],
"faces":{
"up":{"uv":[3.333,4.667,4,6.5],"texture":"#1","rotation":180},
"north":{"uv":[3.333,4.667,4,6.5],"texture":"#1","rotation":180},
"south":{"uv":[3.333,4.667,4,6.5],"texture":"#1","rotation":180},
"west":{"uv":[3.333,4.667,4,6.5],"texture":"#1","rotation":180},
"east":{"uv":[3.333,4.667,4,6.5],"texture":"#1","rotation":180}
}
},
{
"from":[7.82,9.51,16.055],
"to":[8.17,10.497,16.355],
"faces":{
"up":{"uv":[3.333,4.667,4,6.5],"texture":"#1","rotation":180},
"north":{"uv":[3.333,4.667,4,6.5],"texture":"#1","rotation":180},
"south":{"uv":[3.333,4.667,4,6.5],"texture":"#1","rotation":180},
"west":{"uv":[3.333,4.667,4,6.5],"texture":"#1","rotation":180},
"east":{"uv":[3.333,4.667,4,6.5],"texture":"#1","rotation":180}
}
},
{
"from":[7.791,9.51,9.45],
"to":[8.201,10.385,9.75],
"faces":{
"up":{"uv":[3.333,4.667,4,6.5],"texture":"#1","rotation":180},
"north":{"uv":[3.333,4.667,4,6.5],"texture":"#1","rotation":180},
"south":{"uv":[3.333,4.667,4,6.5],"texture":"#1","rotation":180},
"west":{"uv":[3.333,4.667,4,6.5],"texture":"#1","rotation":180},
"east":{"uv":[3.333,4.667,4,6.5],"texture":"#1","rotation":180}
}
},
{
"from":[7.9,10.38,9.45],
"to":[8.099999,10.557,9.75],
"faces":{
"up":{"uv":[3.333,4.667,4,6.5],"texture":"#1","rotation":180},
"north":{"uv":[3.333,4.667,4,6.5],"texture":"#1","rotation":180},
"south":{"uv":[3.333,4.667,4,6.5],"texture":"#1","rotation":180},
"west":{"uv":[3.333,4.667,4,6.5],"texture":"#1","rotation":180},
"east":{"uv":[3.333,4.667,4,6.5],"texture":"#1","rotation":180}
}
},
{
"from":[7.75,9.51,15.45],
"to":[8.25,9.620001,15.56],
"faces":{
"up":{"uv":[3.333,4.667,4,6.5],"texture":"#1","rotation":180},
"north":{"uv":[3.333,4.667,4,6.5],"texture":"#1","rotation":180},
"south":{"uv":[3.333,4.667,4,6.5],"texture":"#1","rotation":180},
"west":{"uv":[3.333,4.667,4,6.5],"texture":"#1","rotation":180},
"east":{"uv":[3.333,4.667,4,6.5],"texture":"#1","rotation":180}
}
},
{
"from":[7.75,9.51,15.65],
"to":[8.25,9.620001,15.76],
"faces":{
"up":{"uv":[3.333,4.667,4,6.5],"texture":"#1","rotation":180},
"north":{"uv":[3.333,4.667,4,6.5],"texture":"#1","rotation":180},
"west":{"uv":[3.333,4.667,4,6.5],"texture":"#1","rotation":180},
"east":{"uv":[3.333,4.667,4,6.5],"texture":"#1","rotation":180}
}
},
{
"from":[7.75,9.51,16.65],
"to":[8.25,9.620001,16.76],
"faces":{
"up":{"uv":[3.333,4.667,4,6.5],"texture":"#1","rotation":180},
"north":{"uv":[3.333,4.667,4,6.5],"texture":"#1","rotation":180},
"south":{"uv":[3.333,4.667,4,6.5],"texture":"#1","rotation":180},
"west":{"uv":[3.333,4.667,4,6.5],"texture":"#1","rotation":180},
"east":{"uv":[3.333,4.667,4,6.5],"texture":"#1","rotation":180}
}
},
{
"from":[7.75,9.51,16.85],
"to":[8.25,9.620001,16.96],
"faces":{
"up":{"uv":[3.333,4.667,4,6.5],"texture":"#1","rotation":180},
"north":{"uv":[3.333,4.667,4,6.5],"texture":"#1","rotation":180},
"south":{"uv":[3.333,4.667,4,6.5],"texture":"#1","rotation":180},
"west":{"uv":[3.333,4.667,4,6.5],"texture":"#1","rotation":180},
"east":{"uv":[3.333,4.667,4,6.5],"texture":"#1","rotation":180}
}
},
{
"from":[7.5,6.1697,0.577],
"to":[8.5,6.4897,1.877],
"faces":{
"down":{"uv":[7,6,8,7],"texture":"#0","rotation":270},
"up":{"uv":[7,6,8,7],"texture":"#0","rotation":270},
"north":{"uv":[7,6,8,7],"texture":"#0","rotation":270},
"south":{"uv":[7,6,8,7],"texture":"#0","rotation":270},
"west":{"uv":[7,6,8,7],"texture":"#0","rotation":270},
"east":{"uv":[7,6,8,7],"texture":"#0","rotation":270}
}
},
{
"from":[7.26,5.85,3.69],
"to":[8.76,6.17,4.26],
"faces":{
"down":{"uv":[7,6,8,7],"texture":"#0","rotation":270},
"north":{"uv":[7,6,8,7],"texture":"#0","rotation":270},
"south":{"uv":[7,6,8,7],"texture":"#0","rotation":270},
"west":{"uv":[7,6,8,7],"texture":"#0","rotation":270},
"east":{"uv":[7,6,8,7],"texture":"#0","rotation":270}
}
},
{
"from":[7.5,6.4129,2.0407],
"to":[8.5,6.7329,3.1407],
"faces":{
"down":{"uv":[7,6,8,7],"texture":"#0","rotation":270},
"up":{"uv":[7,6,8,7],"texture":"#0","rotation":270},
"north":{"uv":[7,6,8,7],"texture":"#0","rotation":270},
"south":{"uv":[7,6,8,7],"texture":"#0","rotation":270},
"west":{"uv":[7,6,8,7],"texture":"#0","rotation":270},
"east":{"uv":[7,6,8,7],"texture":"#0","rotation":270}
}
},
{
"from":[7.6,6.58,3.8065],
"to":[8.35,6.9,6.2065],
"rotation":{"origin":[15.5,8.7877,3.86762],"axis":"x","angle":45},
"faces":{
"down":{"uv":[7,6,8,7],"texture":"#0","rotation":270},
"up":{"uv":[7,6,8,7],"texture":"#0","rotation":270},
"south":{"uv":[7,6,8,7],"texture":"#0","rotation":270},
"west":{"uv":[7,6,8,7],"texture":"#0","rotation":270},
"east":{"uv":[7,6,8,7],"texture":"#0","rotation":270}
}
},
{
"from":[7.61,8.2955,9.1329],
"to":[8.36,8.595499,10.5329],
"rotation":{"origin":[15.5,7.652701,3.542891],"axis":"x","angle":22.5},
"faces":{
"down":{"uv":[8,7,9,10.5],"texture":"#0"},
"up":{"uv":[8,7,9,10.5],"texture":"#0"},
"north":{"uv":[8,7,9,10.5],"texture":"#0"},
"south":{"uv":[8,7,9,10.5],"texture":"#0"},
"west":{"uv":[8,7,9,10.5],"texture":"#0"},
"east":{"uv":[8,7,9,10.5],"texture":"#0"}
}
},
{
"from":[7.61,8.6488,8.865],
"to":[8.36,10.2488,10.265],
"rotation":{"origin":[15.5,7.00598,3.275009],"axis":"x","angle":22.5},
"faces":{
"down":{"uv":[7.334,6,8.334,6.834],"texture":"#1"},
"up":{"uv":[7.334,6,8.334,6.834],"texture":"#1"},
"north":{"uv":[7.334,6,8.334,6.834],"texture":"#0"},
"south":{"uv":[7.334,6,8.334,6.834],"texture":"#1"},
"west":{"uv":[7.334,6,8.334,6.834],"texture":"#0"},
"east":{"uv":[7.334,6,8.334,6.834],"texture":"#0"}
}
},
{
"from":[7.4,6.6617,9.183],
"to":[8.6,7.4617,10.583],
"faces":{
"down":{"uv":[8,7,9,10.5],"texture":"#0"},
"north":{"uv":[8,7,9,10.5],"texture":"#0"},
"south":{"uv":[8,7,9,10.5],"texture":"#0"},
"west":{"uv":[8,7,9,10.5],"texture":"#0"},
"east":{"uv":[8,7,9,10.5],"texture":"#0"}
}
},
{
"from":[7.26,7.24,3.183],
"to":[8.76,8.639999,9.582999],
"faces":{
"up":{"uv":[7,6,8,7],"texture":"#0"},
"north":{"uv":[7,6,8,7],"texture":"#0"},
"south":{"uv":[7,6,8,7],"texture":"#0"},
"west":{"uv":[7,6,8,7],"texture":"#0"},
"east":{"uv":[7,6,8,7],"texture":"#0"}
}
},
{
"from":[7.26,6.9617,9.183],
"to":[8.76,7.9617,10.683],
"rotation":{"origin":[7.26,6.9617,9.183],"axis":"x","angle":-22.5},
"faces":{
"down":{"uv":[9,8,10,9.5],"texture":"#0"},
"up":{"uv":[9,8,10,9.5],"texture":"#0"},
"north":{"uv":[9,8,10,9.5],"texture":"#0"},
"south":{"uv":[9,8,10,9.5],"texture":"#0"},
"west":{"uv":[9,8,10,9.5],"texture":"#0"},
"east":{"uv":[9,8,10,9.5],"texture":"#0"}
}
},
{
"from":[7.26,1.7673,11.0386],
"to":[8.76,2.0673,12.4386],
"rotation":{"origin":[15.5,2.124501,3.448629],"axis":"x","angle":-45},
"faces":{
"down":{"uv":[9,8,10,9.5],"texture":"#0"},
"up":{"uv":[9,8,10,9.5],"texture":"#0"},
"south":{"uv":[9,8,10,9.5],"texture":"#0"},
"west":{"uv":[9,8,10,9.5],"texture":"#0"},
"east":{"uv":[9,8,10,9.5],"texture":"#0"}
}
},
{
"from":[8.8452,2.7629,0],
"to":[9.3452,3.4629,10],
"rotation":{"origin":[22.84522,9.76287,8],"axis":"z","angle":-22.5},
"faces":{
"north":{"uv":[7.334,5.334,8.334,6],"texture":"#1","rotation":90},
"south":{"uv":[7.334,5.334,8.334,6],"texture":"#1","rotation":90},
"west":{"uv":[7.334,5.334,8.334,6],"texture":"#1","rotation":90}
}
},
{
"from":[8.2679,8.2033,0],
"to":[8.7679,8.653299,10],
"faces":{
"down":{"uv":[6.667,5.334,7.667,6.834],"texture":"#1","rotation":90},
"up":{"uv":[6.667,5.334,7.667,6.834],"texture":"#1","rotation":90},
"north":{"uv":[6.667,5.334,7.667,6.834],"texture":"#1","rotation":90},
"south":{"uv":[6.667,5.334,7.667,6.834],"texture":"#1","rotation":90},
"east":{"uv":[6.667,5.334,7.667,6.834],"texture":"#1","rotation":90}
}
},
{
"from":[5.0542,8.8097,0],
"to":[5.5542,9.509701,10],
"rotation":{"origin":[7.55417,16.80969,8],"axis":"z","angle":22.5},
"faces":{
"north":{"uv":[6.667,6,8.334,6.667],"texture":"#1","rotation":270},
"south":{"uv":[6.667,6,8.334,6.667],"texture":"#1","rotation":270},
"east":{"uv":[6.667,6,8.334,6.667],"texture":"#1","rotation":270}
}
},
{
"from":[7.2321,8.2033,0],
"to":[7.7321,8.653299,10],
"faces":{
"down":{"uv":[6,5.334,7,6.834],"texture":"#1","rotation":270},
"up":{"uv":[6,5.334,7,6.834],"texture":"#1","rotation":270},
"north":{"uv":[6,5.334,7,6.834],"texture":"#1","rotation":270},
"south":{"uv":[6,5.334,7,6.834],"texture":"#1","rotation":270},
"west":{"uv":[6,5.334,7,6.834],"texture":"#1","rotation":270}
}
},
{
"from":[7.8646,7.6432,20.3789],
"to":[8.1796,7.7307,20.5539],
"faces":{
"down":{"uv":[2.667,4.667,3.667,5.667],"texture":"#1"},
"up":{"uv":[2.667,4.667,3.667,5.667],"texture":"#1"},
"north":{"uv":[2.667,4.667,3.667,5.667],"texture":"#1"},
"south":{"uv":[2.667,4.667,3.667,5.667],"texture":"#1"},
"west":{"uv":[2.667,4.667,3.667,5.667],"texture":"#1"},
"east":{"uv":[2.667,4.667,3.667,5.667],"texture":"#1"}
}
},
{
"from":[7.8694,8.3819,20.377],
"to":[8.184401,8.4694,20.552],
"faces":{
"down":{"uv":[2.667,4.667,3.667,5.667],"texture":"#1"},
"up":{"uv":[2.667,4.667,3.667,5.667],"texture":"#1"},
"north":{"uv":[2.667,4.667,3.667,5.667],"texture":"#1"},
"south":{"uv":[2.667,4.667,3.667,5.667],"texture":"#1"},
"west":{"uv":[2.667,4.667,3.667,5.667],"texture":"#1"},
"east":{"uv":[2.667,4.667,3.667,5.667],"texture":"#1"}
}
},
{
"from":[8.9719,7.4529,20.3789],
"to":[9.0594,7.7679,22.0414],
"rotation":{"origin":[8.84934,8.6104,26.06643],"axis":"z","angle":-45},
"faces":{
"down":{"uv":[2.667,4.667,3.667,5.667],"texture":"#1","rotation":90},
"up":{"uv":[2.667,4.667,3.667,5.667],"texture":"#1","rotation":90},
"north":{"uv":[2.667,4.667,3.667,5.667],"texture":"#1","rotation":90},
"south":{"uv":[2.667,4.667,3.667,5.667],"texture":"#1","rotation":90},
"west":{"uv":[2.667,4.667,3.667,5.667],"texture":"#1","rotation":90},
"east":{"uv":[2.667,4.667,3.667,5.667],"texture":"#1","rotation":90}
}
},
{
"from":[7.0928,6.58,20.3746],
"to":[7.1803,6.895,22.0371],
"rotation":{"origin":[9.39028,6.737471,26.06215],"axis":"z","angle":-45},
"faces":{
"down":{"uv":[2.667,4.667,3.667,5.667],"texture":"#1","rotation":90},
"up":{"uv":[2.667,4.667,3.667,5.667],"texture":"#1","rotation":90},
"north":{"uv":[2.667,4.667,3.667,5.667],"texture":"#1","rotation":90},
"south":{"uv":[2.667,4.667,3.667,5.667],"texture":"#1","rotation":90},
"west":{"uv":[2.667,4.667,3.667,5.667],"texture":"#1","rotation":90},
"east":{"uv":[2.667,4.667,3.667,5.667],"texture":"#1","rotation":90}
}
},
{
"from":[8.319799,7.8688,20.377],
"to":[8.407299,8.2465,20.552],
"faces":{
"down":{"uv":[2.667,4.667,3.667,5.667],"texture":"#1","rotation":90},
"up":{"uv":[2.667,4.667,3.667,5.667],"texture":"#1","rotation":90},
"north":{"uv":[2.667,4.667,3.667,5.667],"texture":"#1","rotation":90},
"south":{"uv":[2.667,4.667,3.667,5.667],"texture":"#1","rotation":90},
"west":{"uv":[2.667,4.667,3.667,5.667],"texture":"#1","rotation":90},
"east":{"uv":[2.667,4.667,3.667,5.667],"texture":"#1","rotation":90}
}
},
{
"from":[8.3146,7.8661,21.3415],
"to":[8.4021,8.243799,22.0415],
"faces":{
"down":{"uv":[2.667,4.667,3.667,5.667],"texture":"#1","rotation":90},
"up":{"uv":[2.667,4.667,3.667,5.667],"texture":"#1","rotation":90},
"north":{"uv":[2.667,4.667,3.667,5.667],"texture":"#1","rotation":90},
"south":{"uv":[2.667,4.667,3.667,5.667],"texture":"#1","rotation":90},
"west":{"uv":[2.667,4.667,3.667,5.667],"texture":"#1","rotation":90},
"east":{"uv":[2.667,4.667,3.667,5.667],"texture":"#1","rotation":90}
}
},
{
"from":[7.6544,7.8729,20.3747],
"to":[7.7419,8.250601,20.5497],
"faces":{
"down":{"uv":[2.667,4.667,3.667,5.667],"texture":"#1","rotation":90},
"up":{"uv":[2.667,4.667,3.667,5.667],"texture":"#1","rotation":90},
"north":{"uv":[2.667,4.667,3.667,5.667],"texture":"#1","rotation":90},
"south":{"uv":[2.667,4.667,3.667,5.667],"texture":"#1","rotation":90},
"west":{"uv":[2.667,4.667,3.667,5.667],"texture":"#1","rotation":90},
"east":{"uv":[2.667,4.667,3.667,5.667],"texture":"#1","rotation":90}
}
},
{
"from":[7.6517,7.8639,21.343],
"to":[7.7392,8.2416,22.043],
"faces":{
"down":{"uv":[2.667,4.667,3.667,5.667],"texture":"#1","rotation":90},
"up":{"uv":[2.667,4.667,3.667,5.667],"texture":"#1","rotation":90},
"north":{"uv":[2.667,4.667,3.667,5.667],"texture":"#1","rotation":90},
"south":{"uv":[2.667,4.667,3.667,5.667],"texture":"#1","rotation":90},
"west":{"uv":[2.667,4.667,3.667,5.667],"texture":"#1","rotation":90},
"east":{"uv":[2.667,4.667,3.667,5.667],"texture":"#1","rotation":90}
}
},
{
"from":[8.8557,6.6377,20.377],
"to":[8.943199,6.9527,22.0395],
"rotation":{"origin":[6.73321,6.795131,26.06452],"axis":"z","angle":45},
"faces":{
"down":{"uv":[2.667,4.667,3.667,5.667],"texture":"#1","rotation":90},
"up":{"uv":[2.667,4.667,3.667,5.667],"texture":"#1","rotation":90},
"north":{"uv":[2.667,4.667,3.667,5.667],"texture":"#1","rotation":90},
"south":{"uv":[2.667,4.667,3.667,5.667],"texture":"#1","rotation":90},
"west":{"uv":[2.667,4.667,3.667,5.667],"texture":"#1","rotation":90},
"east":{"uv":[2.667,4.667,3.667,5.667],"texture":"#1","rotation":90}
}
},
{
"from":[7.383,8.5123,20.3808],
"to":[7.4705,8.827299,22.0433],
"rotation":{"origin":[8.68048,8.66974,26.06825],"axis":"z","angle":45},
"faces":{
"down":{"uv":[2.667,4.667,3.667,5.667],"texture":"#1","rotation":90},
"up":{"uv":[2.667,4.667,3.667,5.667],"texture":"#1","rotation":90},
"north":{"uv":[2.667,4.667,3.667,5.667],"texture":"#1","rotation":90},
"south":{"uv":[2.667,4.667,3.667,5.667],"texture":"#1","rotation":90},
"west":{"uv":[2.667,4.667,3.667,5.667],"texture":"#1","rotation":90},
"east":{"uv":[2.667,4.667,3.667,5.667],"texture":"#1","rotation":90}
}
},
{
"from":[7.8643,7.6435,21.3414],
"to":[8.1793,7.730999,22.0414],
"faces":{
"down":{"uv":[2.667,4.667,3.667,5.667],"texture":"#1"},
"up":{"uv":[2.667,4.667,3.667,5.667],"texture":"#1"},
"north":{"uv":[2.667,4.667,3.667,5.667],"texture":"#1"},
"south":{"uv":[2.667,4.667,3.667,5.667],"texture":"#1"},
"west":{"uv":[2.667,4.667,3.667,5.667],"texture":"#1"},
"east":{"uv":[2.667,4.667,3.667,5.667],"texture":"#1"}
}
},
{
"from":[7.8696,8.3818,21.3394],
"to":[8.1846,8.469299,22.0394],
"faces":{
"down":{"uv":[2.667,4.667,3.667,5.667],"texture":"#1"},
"up":{"uv":[2.667,4.667,3.667,5.667],"texture":"#1"},
"north":{"uv":[2.667,4.667,3.667,5.667],"texture":"#1"},
"south":{"uv":[2.667,4.667,3.667,5.667],"texture":"#1"},
"west":{"uv":[2.667,4.667,3.667,5.667],"texture":"#1"},
"east":{"uv":[2.667,4.667,3.667,5.667],"texture":"#1"}
}
},
{
"from":[8.1521,7.9058,17.1791],
"to":[8.377099,8.198153,18.22422],
"rotation":{"origin":[8.038361,8.05198,22.10095],"axis":"z","angle":-45},
"faces":{
"south":{"uv":[2.667,4.667,3.667,5.667],"texture":"#1","rotation":90},
"west":{"uv":[2.667,4.667,3.667,5.667],"texture":"#1","rotation":90},
"east":{"uv":[2.667,4.667,3.667,5.667],"texture":"#1","rotation":90}
}
},
{
"from":[8.2281,7.8276,17.1039],
"to":[8.30029,8.087469,20.3789],
"rotation":{"origin":[8.12702,7.95753,21.47893],"axis":"z","angle":-45},
"faces":{
"south":{"uv":[2.667,4.667,3.667,5.667],"texture":"#1","rotation":90},
"west":{"uv":[2.667,4.667,3.667,5.667],"texture":"#1","rotation":90},
"east":{"uv":[2.667,4.667,3.667,5.667],"texture":"#1","rotation":90}
}
},
{
"from":[7.6983,7.9706,17.1782],
"to":[7.9233,8.262954,18.22333],
"rotation":{"origin":[7.974381,8.11678,22.10008],"axis":"z","angle":-45},
"faces":{
"south":{"uv":[2.667,4.667,3.667,5.667],"texture":"#1","rotation":90},
"west":{"uv":[2.667,4.667,3.667,5.667],"texture":"#1","rotation":90},
"east":{"uv":[2.667,4.667,3.667,5.667],"texture":"#1","rotation":90}
}
},
{
"from":[7.7352,7.976,17.1019],
"to":[7.80738,8.23587,20.3769],
"rotation":{"origin":[7.98059,8.10595,21.4769],"axis":"z","angle":-45},
"faces":{
"south":{"uv":[2.667,4.667,3.667,5.667],"texture":"#1","rotation":90},
"west":{"uv":[2.667,4.667,3.667,5.667],"texture":"#1","rotation":90},
"east":{"uv":[2.667,4.667,3.667,5.667],"texture":"#1","rotation":90}
}
},
{
"from":[8.1566,7.9159,17.1786],
"to":[8.381599,8.208265,18.22372],
"faces":{
"down":{"uv":[2.667,4.667,3.667,5.667],"texture":"#1","rotation":90},
"up":{"uv":[2.667,4.667,3.667,5.667],"texture":"#1","rotation":90},
"south":{"uv":[2.667,4.667,3.667,5.667],"texture":"#1","rotation":90},
"west":{"uv":[2.667,4.667,3.667,5.667],"texture":"#1","rotation":90},
"east":{"uv":[2.667,4.667,3.667,5.667],"texture":"#1","rotation":90}
}
},
{
"from":[8.2703,7.9277,17.102],
"to":[8.34249,8.18758,20.377],
"faces":{
"down":{"uv":[2.667,4.667,3.667,5.667],"texture":"#1","rotation":90},
"up":{"uv":[2.667,4.667,3.667,5.667],"texture":"#1","rotation":90},
"south":{"uv":[2.667,4.667,3.667,5.667],"texture":"#1","rotation":90},
"west":{"uv":[2.667,4.667,3.667,5.667],"texture":"#1","rotation":90},
"east":{"uv":[2.667,4.667,3.667,5.667],"texture":"#1","rotation":90}
}
},
{
"from":[7.6756,7.9163,17.1784],
"to":[7.9006,8.208665,18.22353],
"faces":{
"down":{"uv":[2.667,4.667,3.667,5.667],"texture":"#1","rotation":90},
"up":{"uv":[2.667,4.667,3.667,5.667],"texture":"#1","rotation":90},
"south":{"uv":[2.667,4.667,3.667,5.667],"texture":"#1","rotation":90},
"west":{"uv":[2.667,4.667,3.667,5.667],"texture":"#1","rotation":90},
"east":{"uv":[2.667,4.667,3.667,5.667],"texture":"#1","rotation":90}
}
},
{
"from":[7.7141,7.9269,17.1038],
"to":[7.78629,8.186779,20.3788],
"faces":{
"down":{"uv":[2.667,4.667,3.667,5.667],"texture":"#1","rotation":90},
"up":{"uv":[2.667,4.667,3.667,5.667],"texture":"#1","rotation":90},
"south":{"uv":[2.667,4.667,3.667,5.667],"texture":"#1","rotation":90},
"west":{"uv":[2.667,4.667,3.667,5.667],"texture":"#1","rotation":90},
"east":{"uv":[2.667,4.667,3.667,5.667],"texture":"#1","rotation":90}
}
},
{
"from":[8.1525,7.9262,17.1782],
"to":[8.3775,8.218565,18.22333],
"rotation":{"origin":[8.038821,8.0724,22.10008],"axis":"z","angle":45},
"faces":{
"south":{"uv":[2.667,4.667,3.667,5.667],"texture":"#1","rotation":90},
"west":{"uv":[2.667,4.667,3.667,5.667],"texture":"#1","rotation":90},
"east":{"uv":[2.667,4.667,3.667,5.667],"texture":"#1","rotation":90}
}
},
{
"from":[8.229199,8.026999,17.1019],
"to":[8.30139,8.286879,20.3769],
"rotation":{"origin":[8.12812,8.156991,21.4769],"axis":"z","angle":45},
"faces":{
"south":{"uv":[2.667,4.667,3.667,5.667],"texture":"#1","rotation":90},
"west":{"uv":[2.667,4.667,3.667,5.667],"texture":"#1","rotation":90},
"east":{"uv":[2.667,4.667,3.667,5.667],"texture":"#1","rotation":90}
}
},
{
"from":[7.6979,7.862,17.1786],
"to":[7.9229,8.154366,18.22372],
"rotation":{"origin":[7.97401,8.008128,22.10048],"axis":"z","angle":45},
"faces":{
"south":{"uv":[2.667,4.667,3.667,5.667],"texture":"#1","rotation":90},
"west":{"uv":[2.667,4.667,3.667,5.667],"texture":"#1","rotation":90},
"east":{"uv":[2.667,4.667,3.667,5.667],"texture":"#1","rotation":90}
}
},
{
"from":[7.734,7.8786,17.1039],
"to":[7.80618,8.138479,20.3789],
"rotation":{"origin":[7.97946,8.00851,21.47891],"axis":"z","angle":45},
"faces":{
"south":{"uv":[2.667,4.667,3.667,5.667],"texture":"#1","rotation":90},
"west":{"uv":[2.667,4.667,3.667,5.667],"texture":"#1","rotation":90},
"east":{"uv":[2.667,4.667,3.667,5.667],"texture":"#1","rotation":90}
}
},
{
"from":[7.882,7.7094,17.1789],
"to":[8.174364,7.9344,18.22403],
"faces":{
"down":{"uv":[2.667,4.667,3.667,5.667],"texture":"#1"},
"up":{"uv":[2.667,4.667,3.667,5.667],"texture":"#1"},
"south":{"uv":[2.667,4.667,3.667,5.667],"texture":"#1"},
"west":{"uv":[2.667,4.667,3.667,5.667],"texture":"#1"},
"east":{"uv":[2.667,4.667,3.667,5.667],"texture":"#1"}
}
},
{
"from":[7.8979,7.7432,17.1038],
"to":[8.15778,7.81539,20.3788],
"faces":{
"down":{"uv":[2.667,4.667,3.667,5.667],"texture":"#1"},
"up":{"uv":[2.667,4.667,3.667,5.667],"texture":"#1"},
"south":{"uv":[2.667,4.667,3.667,5.667],"texture":"#1"},
"west":{"uv":[2.667,4.667,3.667,5.667],"texture":"#1"},
"east":{"uv":[2.667,4.667,3.667,5.667],"texture":"#1"}
}
},
{
"from":[7.8827,8.1904,17.178],
"to":[8.175065,8.4154,18.22312],
"faces":{
"down":{"uv":[2.667,4.667,3.667,5.667],"texture":"#1"},
"up":{"uv":[2.667,4.667,3.667,5.667],"texture":"#1"},
"south":{"uv":[2.667,4.667,3.667,5.667],"texture":"#1"},
"west":{"uv":[2.667,4.667,3.667,5.667],"texture":"#1"},
"east":{"uv":[2.667,4.667,3.667,5.667],"texture":"#1"}
}
},
{
"from":[7.9,8.3,17.1],
"to":[8.15988,8.37219,20.375],
"faces":{
"down":{"uv":[2.667,4.667,3.667,5.667],"texture":"#1"},
"up":{"uv":[2.667,4.667,3.667,5.667],"texture":"#1"},
"south":{"uv":[2.667,4.667,3.667,5.667],"texture":"#1"},
"west":{"uv":[2.667,4.667,3.667,5.667],"texture":"#1"},
"east":{"uv":[2.667,4.667,3.667,5.667],"texture":"#1"}
}
}
],
"display":{
"thirdperson_righthand":{
"rotation":[40,180,0],
"translation":[0,1,4],
"scale":[0.9,0.9,0.9]
},
"thirdperson_lefthand":{
"rotation":[40,180,0],
"translation":[0,1,4],
"scale":[0.9,0.9,0.9]
},
"firstperson_righthand":{
"rotation":[0,180,0],
"translation":[-3,4,0],
"scale":[1.2,1.2,1.2]
},
"firstperson_lefthand":{
"rotation":[0,180,0],
"translation":[-3,4,0],
"scale":[1.2,1.2,1.2]
},
"gui":{
"rotation":[-15,-40,0],
"translation":[1.5,0,0]
},
"head":{
"rotation":[0,180,0],
"translation":[0,12,0]
},
"ground":{
"rotation":[0,0,-90],
"translation":[-1,-2,-1],
"scale":[1,1,1]
},
"fixed":{
"rotation":[0,-90,0],
"translation":[0,0,-1],
"scale":[1.2,1.2,1.2]
}
}
}