{
"elements":[
{
"from":[7.2762,6.55,0.8],
"to":[8.7162,9.7,5.48],
"faces":{
"down":{"uv":[0,0,1.6,5.2],"texture":"#3"},
"up":{"uv":[0,0,1.6,5.2],"texture":"#3"},
"south":{"uv":[0,0,1.6,3.5],"texture":"#3"},
"west":{"uv":[0,0,5.2,3.5],"texture":"#3"},
"east":{"uv":[0,0,5.2,3.5],"texture":"#3"}
}
},
{
"from":[7.2762,5.65,2.6],
"to":[8.7162,6.55,11.24],
"faces":{
"down":{"uv":[0,0,1.6,9.6],"texture":"#3"},
"up":{"uv":[0,0,1.6,9.6],"texture":"#3"},
"north":{"uv":[0,0,1.6,1],"texture":"#3"},
"south":{"uv":[0,0,1.6,1],"texture":"#3"},
"west":{"uv":[0,0,9.6,1],"texture":"#3"},
"east":{"uv":[0,0,9.6,1],"texture":"#3"}
}
},
{
"from":[7.2988,5.8364,2.15],
"to":[8.6938,7.1864,3.05],
"rotation":{"origin":[7.99625,6.2864,2.6],"axis":"x","angle":-45},
"faces":{
"north":{"uv":[0,0,1.55,1.5],"texture":"#3"},
"south":{"uv":[0,0,1.55,1.5],"texture":"#3"},
"west":{"uv":[0,0,1,1.5],"texture":"#3"},
"east":{"uv":[0,0,1,1.5],"texture":"#3"}
}
},
{
"from":[7.2988,5.8364,10.79],
"to":[8.6938,7.1864,11.69],
"rotation":{"origin":[7.99625,6.2864,11.24],"axis":"x","angle":45},
"faces":{
"north":{"uv":[0,0,1.55,1.5],"texture":"#3"},
"south":{"uv":[0,0,1.55,1.5],"texture":"#3"},
"west":{"uv":[0,0,1,1.5],"texture":"#3"},
"east":{"uv":[0,0,1,1.5],"texture":"#3"}
}
},
{
"from":[7.2762,4.21,7.19],
"to":[8.7162,5.65,11.24],
"faces":{
"down":{"uv":[0,0,1.6,4.5],"texture":"#3"},
"north":{"uv":[0,0,1.6,1.6],"texture":"#3"},
"south":{"uv":[0,0,1.6,1.6],"texture":"#3"},
"west":{"uv":[0,0,4.5,1.6],"texture":"#3"},
"east":{"uv":[0,0,4.5,1.6],"texture":"#3"}
}
},
{
"from":[7.2988,6.6166,23.7597],
"to":[8.6938,9.52682,24.96515],
"rotation":{"origin":[7.99625,8.142599,24.23734],"axis":"x","angle":-22.5},
"faces":{
"south":{"uv":[0,0,1.55,3.23358],"texture":"#3"},
"west":{"uv":[0,0,1.33939,3.23358],"texture":"#3"},
"east":{"uv":[0,0,1.33939,3.23358],"texture":"#3"}
}
},
{
"from":[7.2762,6.55,24.38],
"to":[8.7162,7.01131,25.49369],
"faces":{
"down":{"uv":[0,0,1.6,1.23744],"texture":"#3"},
"up":{"uv":[0,0,1.6,1.23744],"texture":"#3"},
"south":{"uv":[0,0,1.6,0.5125599],"texture":"#3"},
"west":{"uv":[0,0,1.23744,0.5125599],"texture":"#3"},
"east":{"uv":[0,0,1.23744,0.5125599],"texture":"#3"}
}
},
{
"from":[7.2762,9.7,0.8],
"to":[8.7162,11.05,5.3],
"faces":{
"up":{"uv":[0,0,1.6,5],"texture":"#3"},
"north":{"uv":[0,0,1.6,1.5],"texture":"#3"},
"south":{"uv":[0,0,1.6,1.5],"texture":"#3"},
"west":{"uv":[0,0,5,1.5],"texture":"#3"},
"east":{"uv":[0,0,5,1.5],"texture":"#3"}
}
},
{
"from":[7.2762,6.55,10.7],
"to":[8.7162,9.7,24.38],
"faces":{
"down":{"uv":[0,0,1.6,15.2],"texture":"#3"},
"up":{"uv":[0,0,1.6,15.2],"texture":"#3"},
"north":{"uv":[0,0,1.6,3.5],"texture":"#3"},
"south":{"uv":[0,0,1.6,3.5],"texture":"#3"},
"west":{"uv":[0,0,15.2,3.5],"texture":"#3"},
"east":{"uv":[0,0,15.2,3.5],"texture":"#3"}
}
},
{
"from":[7.2762,6.55,5.48],
"to":[8.7162,7.9,10.7],
"faces":{
"up":{"uv":[0,0,1.6,5.8],"texture":"#3"},
"west":{"uv":[0,0,5.8,1.5],"texture":"#3"},
"east":{"uv":[0,0,5.8,1.5],"texture":"#3"}
}
},
{
"from":[7.2762,8.8,5.48],
"to":[8.7162,9.700001,10.7],
"faces":{
"down":{"uv":[0,0,1.6,5.8],"texture":"#3"},
"up":{"uv":[0,0,1.6,5.8],"texture":"#3"},
"west":{"uv":[0,0,5.8,1],"texture":"#3"},
"east":{"uv":[0,0,5.8,1],"texture":"#3"}
}
},
{
"from":[7.4562,7.9,5.48],
"to":[8.7162,8.799999,10.7],
"faces":{
"west":{"uv":[0,0,5.8,1],"texture":"#2"},
"east":{"uv":[0,0,5.8,1],"texture":"#3"}
}
},
{
"from":[6.6462,7.9,5.03],
"to":[7.3212,8.799999,5.3],
"faces":{
"down":{"uv":[0,0,0.75,0.3000002],"texture":"#3"},
"up":{"uv":[0,0,0.75,0.3000002],"texture":"#3"},
"north":{"uv":[0,0,0.75,1],"texture":"#3"},
"south":{"uv":[0,0,0.75,1],"texture":"#3"},
"west":{"uv":[0,0,0.3,1],"texture":"#3"}
}
},
{
"from":[7.6362,9.52,6.2],
"to":[8.356199,10.06,10.7],
"faces":{
"up":{"uv":[0,0,0.8,5],"texture":"#2"},
"north":{"uv":[0,0,0.8,0.6000004],"texture":"#2"},
"south":{"uv":[0,0,0.8,0.6000004],"texture":"#2"},
"west":{"uv":[0,0,5,0.6000004],"texture":"#2"},
"east":{"uv":[0,0,5,0.6000004],"texture":"#2"}
}
},
{
"from":[7.7262,9.88,10.7],
"to":[8.266199,10.06,11.6],
"faces":{
"down":{"uv":[0,0,0.6,1],"texture":"#2"},
"up":{"uv":[0,0,0.6,1],"texture":"#2"},
"south":{"uv":[0,0,0.6,0.1999998],"texture":"#2"},
"west":{"uv":[0,0,1,0.1999998],"texture":"#2"},
"east":{"uv":[0,0,1,0.1999998],"texture":"#2"}
}
},
{
"from":[7.6362,10.06,6.2],
"to":[8.356199,10.33,8.9],
"faces":{
"up":{"uv":[0,0,0.8,3],"texture":"#2"},
"south":{"uv":[0,0,0.8,0.3000002],"texture":"#2"},
"west":{"uv":[0,0,3,0.3000002],"texture":"#2"},
"east":{"uv":[0,0,3,0.3000002],"texture":"#2"}
}
},
{
"from":[7.6588,9.8954,8.719999],
"to":[8.333799,10.2554,9.079999],
"rotation":{"origin":[7.99625,10.07544,8.9],"axis":"x","angle":-45},
"faces":{
"south":{"uv":[0,0,0.75,0.3999996],"texture":"#2"},
"west":{"uv":[0,0,0.4,0.3999996],"texture":"#2"},
"east":{"uv":[0,0,0.4,0.3999996],"texture":"#2"}
}
},
{
"from":[7.3656,11.0483,6.2924],
"to":[8.625599,12.3983,6.6524],
"faces":{
"up":{"uv":[0,0,1.4,0.3999996],"texture":"#3"},
"north":{"uv":[0,0,1.4,1.5],"texture":"#3"},
"south":{"uv":[0,0,1.4,1.5],"texture":"#3"},
"west":{"uv":[0,0,0.4,1.5],"texture":"#3"},
"east":{"uv":[0,0,0.4,1.5],"texture":"#3"}
}
},
{
"from":[7.3653,11.9483,9.3527],
"to":[8.62529,12.3083,11.1527],
"faces":{
"down":{"uv":[0,0,1.4,2],"texture":"#3"},
"up":{"uv":[0,0,1.4,2],"texture":"#3"},
"north":{"uv":[0,0,1.4,0.3999996],"texture":"#3"},
"south":{"uv":[0,0,1.4,0.3999996],"texture":"#3"},
"west":{"uv":[0,0,2,0.3999996],"texture":"#3"},
"east":{"uv":[0,0,2,0.3999996],"texture":"#3"}
}
},
{
"from":[7.3653,11.7683,12.9527],
"to":[8.62529,12.1283,14.7527],
"faces":{
"down":{"uv":[0,0,1.4,2],"texture":"#3"},
"up":{"uv":[0,0,1.4,2],"texture":"#3"},
"north":{"uv":[0,0,1.4,0.3999996],"texture":"#3"},
"south":{"uv":[0,0,1.4,0.3999996],"texture":"#3"},
"west":{"uv":[0,0,2,0.3999996],"texture":"#3"},
"east":{"uv":[0,0,2,0.3999996],"texture":"#3"}
}
},
{
"from":[7.3653,11.4083,17.4527],
"to":[8.62529,11.7683,18.3527],
"faces":{
"down":{"uv":[0,0,1.4,1],"texture":"#3"},
"up":{"uv":[0,0,1.4,1],"texture":"#3"},
"north":{"uv":[0,0,1.4,0.3999996],"texture":"#3"},
"south":{"uv":[0,0,1.4,0.3999996],"texture":"#3"},
"west":{"uv":[0,0,1,0.3999996],"texture":"#3"},
"east":{"uv":[0,0,1,0.3999996],"texture":"#3"}
}
},
{
"from":[7.3653,11.5883,15.6527],
"to":[8.62529,11.9483,16.5527],
"faces":{
"down":{"uv":[0,0,1.4,1],"texture":"#3"},
"up":{"uv":[0,0,1.4,1],"texture":"#3"},
"north":{"uv":[0,0,1.4,0.3999996],"texture":"#3"},
"south":{"uv":[0,0,1.4,0.3999996],"texture":"#3"},
"west":{"uv":[0,0,1,0.3999996],"texture":"#3"},
"east":{"uv":[0,0,1,0.3999996],"texture":"#3"}
}
},
{
"from":[7.3653,11.4983,16.5527],
"to":[8.62529,11.8583,17.4527],
"faces":{
"down":{"uv":[0,0,1.4,1],"texture":"#3"},
"up":{"uv":[0,0,1.4,1],"texture":"#3"},
"north":{"uv":[0,0,1.4,0.3999996],"texture":"#3"},
"south":{"uv":[0,0,1.4,0.3999996],"texture":"#3"},
"west":{"uv":[0,0,1,0.3999996],"texture":"#3"},
"east":{"uv":[0,0,1,0.3999996],"texture":"#3"}
}
},
{
"from":[7.3653,10.9759,20.0667],
"to":[8.62529,11.3359,24.5667],
"rotation":{"origin":[7.99531,11.15587,20.29167],"axis":"x","angle":22.5},
"faces":{
"down":{"uv":[0,0,1.4,5],"texture":"#3"},
"up":{"uv":[0,0,1.4,5],"texture":"#3"},
"west":{"uv":[0,0,5,0.3999996],"texture":"#3"},
"east":{"uv":[0,0,5,0.3999996],"texture":"#3"}
}
},
{
"from":[7.3653,11.1383,19.2527],
"to":[8.62529,11.4983,19.7027],
"faces":{
"down":{"uv":[0,0,1.4,0.5],"texture":"#3"},
"up":{"uv":[0,0,1.4,0.5],"texture":"#3"},
"north":{"uv":[0,0,1.4,0.3999996],"texture":"#3"},
"south":{"uv":[0,0,1.4,0.3999996],"texture":"#3"},
"west":{"uv":[0,0,0.5,0.3999996],"texture":"#3"},
"east":{"uv":[0,0,0.5,0.3999996],"texture":"#3"}
}
},
{
"from":[7.3653,11.3183,18.3527],
"to":[8.62529,11.6783,18.8027],
"faces":{
"down":{"uv":[0,0,1.4,0.5],"texture":"#3"},
"up":{"uv":[0,0,1.4,0.5],"texture":"#3"},
"north":{"uv":[0,0,1.4,0.3999996],"texture":"#3"},
"south":{"uv":[0,0,1.4,0.3999996],"texture":"#3"},
"west":{"uv":[0,0,0.5,0.3999996],"texture":"#3"},
"east":{"uv":[0,0,0.5,0.3999996],"texture":"#3"}
}
},
{
"from":[7.3653,11.8583,11.1527],
"to":[8.62529,12.2183,12.9527],
"faces":{
"down":{"uv":[0,0,1.4,2],"texture":"#3"},
"up":{"uv":[0,0,1.4,2],"texture":"#3"},
"north":{"uv":[0,0,1.4,0.3999996],"texture":"#3"},
"south":{"uv":[0,0,1.4,0.3999996],"texture":"#3"},
"west":{"uv":[0,0,2,0.3999996],"texture":"#3"},
"east":{"uv":[0,0,2,0.3999996],"texture":"#3"}
}
},
{
"from":[7.3653,11.0483,19.7027],
"to":[8.62529,11.4083,20.1527],
"faces":{
"down":{"uv":[0,0,1.4,0.5],"texture":"#3"},
"up":{"uv":[0,0,1.4,0.5],"texture":"#3"},
"north":{"uv":[0,0,1.4,0.3999996],"texture":"#3"},
"south":{"uv":[0,0,1.4,0.3999996],"texture":"#3"},
"west":{"uv":[0,0,0.5,0.3999996],"texture":"#3"},
"east":{"uv":[0,0,0.5,0.3999996],"texture":"#3"}
}
},
{
"from":[7.3653,11.2283,18.8027],
"to":[8.62529,11.5883,19.2527],
"faces":{
"down":{"uv":[0,0,1.4,0.5],"texture":"#3"},
"up":{"uv":[0,0,1.4,0.5],"texture":"#3"},
"north":{"uv":[0,0,1.4,0.3999996],"texture":"#3"},
"south":{"uv":[0,0,1.4,0.3999996],"texture":"#3"},
"west":{"uv":[0,0,0.5,0.3999996],"texture":"#3"},
"east":{"uv":[0,0,0.5,0.3999996],"texture":"#3"}
}
},
{
"from":[7.3656,12.0383,6.6524],
"to":[8.625599,12.3983,9.3524],
"faces":{
"down":{"uv":[0,0,1.4,3],"texture":"#3"},
"up":{"uv":[0,0,1.4,3],"texture":"#3"},
"south":{"uv":[0,0,1.4,0.3999996],"texture":"#3"},
"west":{"uv":[0,0,3,0.3999996],"texture":"#3"},
"east":{"uv":[0,0,3,0.3999996],"texture":"#3"}
}
},
{
"from":[7.3653,11.6783,14.7527],
"to":[8.62529,12.0383,15.6527],
"faces":{
"down":{"uv":[0,0,1.4,1],"texture":"#3"},
"up":{"uv":[0,0,1.4,1],"texture":"#3"},
"north":{"uv":[0,0,1.4,0.3999996],"texture":"#3"},
"south":{"uv":[0,0,1.4,0.3999996],"texture":"#3"},
"west":{"uv":[0,0,1,0.3999996],"texture":"#3"},
"east":{"uv":[0,0,1,0.3999996],"texture":"#3"}
}
},
{
"from":[7.3653,10.8685,19.5261],
"to":[8.62529,11.0485,19.7961],
"rotation":{"origin":[7.99531,11.19329,20.20132],"axis":"x","angle":22.5},
"faces":{
"down":{"uv":[0,0,1.4,0.3000002],"texture":"#3"},
"up":{"uv":[0,0,1.4,0.3000002],"texture":"#3"},
"west":{"uv":[0,0,0.3,0.1999998],"texture":"#3"},
"east":{"uv":[0,0,0.3,0.1999998],"texture":"#3"}
}
},
{
"from":[7.3653,10.9585,19.0761],
"to":[8.62529,11.1385,19.3461],
"rotation":{"origin":[7.99531,11.28329,19.75132],"axis":"x","angle":22.5},
"faces":{
"down":{"uv":[0,0,1.4,0.3000002],"texture":"#3"},
"up":{"uv":[0,0,1.4,0.3000002],"texture":"#3"},
"west":{"uv":[0,0,0.3,0.1999998],"texture":"#3"},
"east":{"uv":[0,0,0.3,0.1999998],"texture":"#3"}
}
},
{
"from":[7.3653,11.0485,18.6261],
"to":[8.62529,11.2285,18.8961],
"rotation":{"origin":[7.99531,11.37329,19.30132],"axis":"x","angle":22.5},
"faces":{
"down":{"uv":[0,0,1.4,0.3000002],"texture":"#3"},
"up":{"uv":[0,0,1.4,0.3000002],"texture":"#3"},
"west":{"uv":[0,0,0.3,0.1999998],"texture":"#3"},
"east":{"uv":[0,0,0.3,0.1999998],"texture":"#3"}
}
},
{
"from":[7.3653,11.1385,18.1761],
"to":[8.62529,11.3185,18.4461],
"rotation":{"origin":[7.99531,11.46329,18.85132],"axis":"x","angle":22.5},
"faces":{
"down":{"uv":[0,0,1.4,0.3000002],"texture":"#3"},
"up":{"uv":[0,0,1.4,0.3000002],"texture":"#3"},
"west":{"uv":[0,0,0.3,0.1999998],"texture":"#3"},
"east":{"uv":[0,0,0.3,0.1999998],"texture":"#3"}
}
},
{
"from":[7.3653,11.2285,17.2761],
"to":[8.62529,11.4085,17.5461],
"rotation":{"origin":[7.99531,11.55329,17.95132],"axis":"x","angle":22.5},
"faces":{
"down":{"uv":[0,0,1.4,0.3000002],"texture":"#3"},
"up":{"uv":[0,0,1.4,0.3000002],"texture":"#3"},
"west":{"uv":[0,0,0.3,0.1999998],"texture":"#3"},
"east":{"uv":[0,0,0.3,0.1999998],"texture":"#3"}
}
},
{
"from":[7.3653,11.3185,16.3761],
"to":[8.62529,11.4985,16.6461],
"rotation":{"origin":[7.99531,11.64329,17.05132],"axis":"x","angle":22.5},
"faces":{
"down":{"uv":[0,0,1.4,0.3000002],"texture":"#3"},
"up":{"uv":[0,0,1.4,0.3000002],"texture":"#3"},
"west":{"uv":[0,0,0.3,0.1999998],"texture":"#3"},
"east":{"uv":[0,0,0.3,0.1999998],"texture":"#3"}
}
},
{
"from":[7.3653,11.4085,15.4761],
"to":[8.62529,11.5885,15.7461],
"rotation":{"origin":[7.99531,11.73329,16.15132],"axis":"x","angle":22.5},
"faces":{
"down":{"uv":[0,0,1.4,0.3000002],"texture":"#3"},
"up":{"uv":[0,0,1.4,0.3000002],"texture":"#3"},
"west":{"uv":[0,0,0.3,0.1999998],"texture":"#3"},
"east":{"uv":[0,0,0.3,0.1999998],"texture":"#3"}
}
},
{
"from":[7.3653,11.4985,14.5761],
"to":[8.62529,11.6785,14.8461],
"rotation":{"origin":[7.99531,11.82329,15.25132],"axis":"x","angle":22.5},
"faces":{
"down":{"uv":[0,0,1.4,0.3000002],"texture":"#3"},
"up":{"uv":[0,0,1.4,0.3000002],"texture":"#3"},
"west":{"uv":[0,0,0.3,0.1999998],"texture":"#3"},
"east":{"uv":[0,0,0.3,0.1999998],"texture":"#3"}
}
},
{
"from":[7.3653,11.5885,12.7761],
"to":[8.62529,11.7685,13.0461],
"rotation":{"origin":[7.99531,11.91329,13.45132],"axis":"x","angle":22.5},
"faces":{
"down":{"uv":[0,0,1.4,0.3000002],"texture":"#3"},
"up":{"uv":[0,0,1.4,0.3000002],"texture":"#3"},
"west":{"uv":[0,0,0.3,0.1999998],"texture":"#3"},
"east":{"uv":[0,0,0.3,0.1999998],"texture":"#3"}
}
},
{
"from":[7.3653,11.6785,10.9761],
"to":[8.62529,11.8585,11.2461],
"rotation":{"origin":[7.99531,12.00329,11.65132],"axis":"x","angle":22.5},
"faces":{
"down":{"uv":[0,0,1.4,0.3000002],"texture":"#3"},
"up":{"uv":[0,0,1.4,0.3000002],"texture":"#3"},
"west":{"uv":[0,0,0.3,0.1999998],"texture":"#3"},
"east":{"uv":[0,0,0.3,0.1999998],"texture":"#3"}
}
},
{
"from":[7.3653,11.7685,9.1761],
"to":[8.62529,11.9485,9.4461],
"rotation":{"origin":[7.99531,12.09329,9.85132],"axis":"x","angle":22.5},
"faces":{
"down":{"uv":[0,0,1.4,0.3000002],"texture":"#3"},
"up":{"uv":[0,0,1.4,0.3000002],"texture":"#3"},
"west":{"uv":[0,0,0.3,0.1999998],"texture":"#3"},
"east":{"uv":[0,0,0.3,0.1999998],"texture":"#3"}
}
},
{
"from":[7.3653,11.0489,19.7067],
"to":[8.62529,11.2289,19.9767],
"rotation":{"origin":[7.99531,11.37367,20.38189],"axis":"x","angle":22.5},
"faces":{
"down":{"uv":[0,0,1.4,0.3000002],"texture":"#3"},
"up":{"uv":[0,0,1.4,0.3000002],"texture":"#3"},
"west":{"uv":[0,0,0.3,0.1999998],"texture":"#3"},
"east":{"uv":[0,0,0.3,0.1999998],"texture":"#3"}
}
},
{
"from":[7.3653,11.1389,19.2567],
"to":[8.62529,11.3189,19.5267],
"rotation":{"origin":[7.99531,11.46367,19.93189],"axis":"x","angle":22.5},
"faces":{
"down":{"uv":[0,0,1.4,0.3000002],"texture":"#3"},
"up":{"uv":[0,0,1.4,0.3000002],"texture":"#3"},
"west":{"uv":[0,0,0.3,0.1999998],"texture":"#3"},
"east":{"uv":[0,0,0.3,0.1999998],"texture":"#3"}
}
},
{
"from":[7.3653,11.2289,18.8067],
"to":[8.62529,11.4089,19.0767],
"rotation":{"origin":[7.99531,11.55367,19.48189],"axis":"x","angle":22.5},
"faces":{
"down":{"uv":[0,0,1.4,0.3000002],"texture":"#3"},
"up":{"uv":[0,0,1.4,0.3000002],"texture":"#3"},
"west":{"uv":[0,0,0.3,0.1999998],"texture":"#3"},
"east":{"uv":[0,0,0.3,0.1999998],"texture":"#3"}
}
},
{
"from":[7.3653,11.3189,18.3567],
"to":[8.62529,11.4989,18.6267],
"rotation":{"origin":[7.99531,11.64367,19.03189],"axis":"x","angle":22.5},
"faces":{
"down":{"uv":[0,0,1.4,0.3000002],"texture":"#3"},
"up":{"uv":[0,0,1.4,0.3000002],"texture":"#3"},
"west":{"uv":[0,0,0.3,0.1999998],"texture":"#3"},
"east":{"uv":[0,0,0.3,0.1999998],"texture":"#3"}
}
},
{
"from":[7.3653,11.4089,17.4567],
"to":[8.62529,11.5889,17.7267],
"rotation":{"origin":[7.99531,11.73367,18.13189],"axis":"x","angle":22.5},
"faces":{
"down":{"uv":[0,0,1.4,0.3000002],"texture":"#3"},
"up":{"uv":[0,0,1.4,0.3000002],"texture":"#3"},
"west":{"uv":[0,0,0.3,0.1999998],"texture":"#3"},
"east":{"uv":[0,0,0.3,0.1999998],"texture":"#3"}
}
},
{
"from":[7.3653,11.4989,16.5567],
"to":[8.62529,11.6789,16.8267],
"rotation":{"origin":[7.99531,11.82367,17.23189],"axis":"x","angle":22.5},
"faces":{
"down":{"uv":[0,0,1.4,0.3000002],"texture":"#3"},
"up":{"uv":[0,0,1.4,0.3000002],"texture":"#3"},
"west":{"uv":[0,0,0.3,0.1999998],"texture":"#3"},
"east":{"uv":[0,0,0.3,0.1999998],"texture":"#3"}
}
},
{
"from":[7.3653,11.5889,15.6567],
"to":[8.62529,11.7689,15.9267],
"rotation":{"origin":[7.99531,11.91367,16.33189],"axis":"x","angle":22.5},
"faces":{
"down":{"uv":[0,0,1.4,0.3000002],"texture":"#3"},
"up":{"uv":[0,0,1.4,0.3000002],"texture":"#3"},
"west":{"uv":[0,0,0.3,0.1999998],"texture":"#3"},
"east":{"uv":[0,0,0.3,0.1999998],"texture":"#3"}
}
},
{
"from":[7.3653,11.6789,14.7567],
"to":[8.62529,11.8589,15.0267],
"rotation":{"origin":[7.99531,12.00367,15.43189],"axis":"x","angle":22.5},
"faces":{
"down":{"uv":[0,0,1.4,0.3000002],"texture":"#3"},
"up":{"uv":[0,0,1.4,0.3000002],"texture":"#3"},
"west":{"uv":[0,0,0.3,0.1999998],"texture":"#3"},
"east":{"uv":[0,0,0.3,0.1999998],"texture":"#3"}
}
},
{
"from":[7.3653,11.7689,12.9567],
"to":[8.62529,11.9489,13.2267],
"rotation":{"origin":[7.99531,12.09367,13.63189],"axis":"x","angle":22.5},
"faces":{
"down":{"uv":[0,0,1.4,0.3000002],"texture":"#3"},
"up":{"uv":[0,0,1.4,0.3000002],"texture":"#3"},
"west":{"uv":[0,0,0.3,0.1999998],"texture":"#3"},
"east":{"uv":[0,0,0.3,0.1999998],"texture":"#3"}
}
},
{
"from":[7.3653,11.8589,11.1567],
"to":[8.62529,12.0389,11.4267],
"rotation":{"origin":[7.99531,12.18367,11.83189],"axis":"x","angle":22.5},
"faces":{
"down":{"uv":[0,0,1.4,0.3000002],"texture":"#3"},
"up":{"uv":[0,0,1.4,0.3000002],"texture":"#3"},
"west":{"uv":[0,0,0.3,0.1999998],"texture":"#3"},
"east":{"uv":[0,0,0.3,0.1999998],"texture":"#3"}
}
},
{
"from":[7.3656,11.9489,9.3564],
"to":[8.625599,12.1289,9.626399],
"rotation":{"origin":[7.99562,12.27367,10.03156],"axis":"x","angle":22.5},
"faces":{
"down":{"uv":[0,0,1.4,0.3000002],"texture":"#3"},
"up":{"uv":[0,0,1.4,0.3000002],"texture":"#3"},
"west":{"uv":[0,0,0.3,0.1999998],"texture":"#3"},
"east":{"uv":[0,0,0.3,0.1999998],"texture":"#3"}
}
},
{
"from":[7.3662,9.7,5.3],
"to":[8.6262,11.05,6.65],
"faces":{
"down":{"uv":[0,0,1.4,1.5],"texture":"#3"},
"up":{"uv":[0,0,1.4,1.5],"texture":"#3"},
"south":{"uv":[0,0,1.4,1.5],"texture":"#3"},
"west":{"uv":[0,0,1.5,1.5],"texture":"#3"},
"east":{"uv":[0,0,1.5,1.5],"texture":"#3"}
}
},
{
"from":[7.3668,9.285,5.6954],
"to":[8.6268,10.86,7.0454],
"rotation":{"origin":[7.99676,9.96005,6.37043],"axis":"x","angle":-22.5},
"faces":{
"north":{"uv":[0,0,1.4,1.75],"texture":"#3"},
"south":{"uv":[0,0,1.4,1.75],"texture":"#3"},
"west":{"uv":[0,0,1.5,1.75],"texture":"#3"},
"east":{"uv":[0,0,1.5,1.75],"texture":"#3"}
}
},
{
"from":[7.4562,10.6883,13.8527],
"to":[8.5362,11.5883,18.7127],
"faces":{
"up":{"uv":[0,0,1.2,5.4],"texture":"#3"},
"north":{"uv":[0,0,1.2,1],"texture":"#3"},
"south":{"uv":[0,0,1.2,1],"texture":"#3"},
"west":{"uv":[0,0,5.4,1],"texture":"#3"},
"east":{"uv":[0,0,5.4,1],"texture":"#3"}
}
},
{
"from":[7.4562,9.2865,13.7529],
"to":[8.5362,10.6365,14.1129],
"rotation":{"origin":[7.99531,10.41152,13.93288],"axis":"x","angle":22.5},
"faces":{
"north":{"uv":[0,0,1.2,1.5],"texture":"#3"},
"south":{"uv":[0,0,1.2,1.5],"texture":"#3"},
"west":{"uv":[0,0,0.4,1.5],"texture":"#3"},
"east":{"uv":[0,0,0.4,1.5],"texture":"#3"}
}
},
{
"from":[7.4562,9.4429,13.1505],
"to":[8.5362,10.3429,13.5105],
"rotation":{"origin":[7.99531,9.66795,13.33046],"axis":"x","angle":45},
"faces":{
"up":{"uv":[0,0,1.2,0.3999996],"texture":"#3"},
"north":{"uv":[0,0,1.2,1],"texture":"#3"},
"south":{"uv":[0,0,1.2,1],"texture":"#3"},
"west":{"uv":[0,0,0.4,1],"texture":"#3"},
"east":{"uv":[0,0,0.4,1],"texture":"#3"}
}
},
{
"from":[7.4562,10.33,13.8527],
"to":[8.5362,10.68827,21.8353],
"faces":{
"down":{"uv":[0,0,1.2,8.86955],"texture":"#3"},
"up":{"uv":[0,0,1.2,8.86955],"texture":"#3"},
"north":{"uv":[0,0,1.2,0.3980799],"texture":"#3"},
"south":{"uv":[0,0,1.2,0.3980799],"texture":"#3"},
"west":{"uv":[0,0,8.86955,0.3980799],"texture":"#3"},
"east":{"uv":[0,0,8.86955,0.3980799],"texture":"#3"}
}
},
{
"from":[7.4562,9.52,13.4],
"to":[8.5362,9.879999,23.3],
"faces":{
"up":{"uv":[0,0,1.2,11],"texture":"#3"},
"north":{"uv":[0,0,1.2,0.3999996],"texture":"#3"},
"south":{"uv":[0,0,1.2,0.3999996],"texture":"#3"},
"west":{"uv":[0,0,11,0.3999996],"texture":"#3"},
"east":{"uv":[0,0,11,0.3999996],"texture":"#3"}
}
},
{
"from":[7.4562,10.6883,18.7127],
"to":[8.5362,11.3183,20.3327],
"faces":{
"up":{"uv":[0,0,1.2,1.8],"texture":"#3"},
"south":{"uv":[0,0,1.2,0.6999998],"texture":"#3"},
"west":{"uv":[0,0,1.8,0.6999998],"texture":"#3"},
"east":{"uv":[0,0,1.8,0.6999998],"texture":"#3"}
}
},
{
"from":[7.4562,10.6883,20.3327],
"to":[8.5362,10.9583,21.0527],
"faces":{
"up":{"uv":[0,0,1.2,0.8000002],"texture":"#3"},
"south":{"uv":[0,0,1.2,0.3000002],"texture":"#3"},
"west":{"uv":[0,0,0.8,0.3000002],"texture":"#3"},
"east":{"uv":[0,0,0.8,0.3000002],"texture":"#3"}
}
},
{
"from":[7.4562,9.88,15.56],
"to":[8.5362,10.33,16.01],
"faces":{
"north":{"uv":[0,0,1.2,0.5],"texture":"#3"},
"south":{"uv":[0,0,1.2,0.5],"texture":"#3"},
"west":{"uv":[0,0,0.5,0.5],"texture":"#3"},
"east":{"uv":[0,0,0.5,0.5],"texture":"#3"}
}
},
{
"from":[7.4562,9.88,17.36],
"to":[8.5362,10.33,17.81],
"faces":{
"north":{"uv":[0,0,1.2,0.5],"texture":"#3"},
"south":{"uv":[0,0,1.2,0.5],"texture":"#3"},
"west":{"uv":[0,0,0.5,0.5],"texture":"#3"},
"east":{"uv":[0,0,0.5,0.5],"texture":"#3"}
}
},
{
"from":[7.4562,9.88,19.16],
"to":[8.5362,10.33,19.61],
"faces":{
"north":{"uv":[0,0,1.2,0.5],"texture":"#3"},
"south":{"uv":[0,0,1.2,0.5],"texture":"#3"},
"west":{"uv":[0,0,0.5,0.5],"texture":"#3"},
"east":{"uv":[0,0,0.5,0.5],"texture":"#3"}
}
},
{
"from":[7.4562,9.88,20.96],
"to":[8.5362,10.33,22.76],
"faces":{
"up":{"uv":[0,0,1.2,2],"texture":"#3"},
"north":{"uv":[0,0,1.2,0.5],"texture":"#3"},
"south":{"uv":[0,0,1.2,0.5],"texture":"#3"},
"west":{"uv":[0,0,2,0.5],"texture":"#3"},
"east":{"uv":[0,0,2,0.5],"texture":"#3"}
}
},
{
"from":[7.4562,11.5883,13.8527],
"to":[8.5362,11.8583,15.6527],
"faces":{
"up":{"uv":[0,0,1.2,2],"texture":"#3"},
"north":{"uv":[0,0,1.2,0.3000002],"texture":"#3"},
"west":{"uv":[0,0,2,0.3000002],"texture":"#3"},
"east":{"uv":[0,0,2,0.3000002],"texture":"#3"}
}
},
{
"from":[7.4562,9.88,13.76],
"to":[8.5362,10.33,14.21],
"faces":{
"up":{"uv":[0,0,1.2,0.5],"texture":"#3"},
"north":{"uv":[0,0,1.2,0.5],"texture":"#3"},
"south":{"uv":[0,0,1.2,0.5],"texture":"#3"},
"west":{"uv":[0,0,0.5,0.5],"texture":"#3"},
"east":{"uv":[0,0,0.5,0.5],"texture":"#3"}
}
},
{
"from":[7.4562,9.88,22.76],
"to":[8.5362,10.06,22.94],
"faces":{
"up":{"uv":[0,0,1.2,0.1999998],"texture":"#3"},
"south":{"uv":[0,0,1.2,0.1999998],"texture":"#3"},
"west":{"uv":[0,0,0.2,0.1999998],"texture":"#3"},
"east":{"uv":[0,0,0.2,0.1999998],"texture":"#3"}
}
},
{
"from":[7.2762,0.9769,1.6704],
"to":[8.7162,5.4769,3.9204],
"rotation":{"origin":[7.99625,3.22686,2.57045],"axis":"x","angle":22.5},
"faces":{
"down":{"uv":[0,0,1.6,2.5],"texture":"#3"},
"north":{"uv":[0,0,1.6,5],"texture":"#3"},
"south":{"uv":[0,0,1.6,5],"texture":"#3"},
"west":{"uv":[0,0,2.5,5],"texture":"#3"},
"east":{"uv":[0,0,2.5,5],"texture":"#3"}
}
},
{
"from":[7.2762,4.789,2.6],
"to":[8.7162,5.65004,4.67873],
"faces":{
"down":{"uv":[0,0,1.6,2.3097],"texture":"#3"},
"north":{"uv":[0,0,1.6,0.9567099],"texture":"#3"},
"south":{"uv":[0,0,1.6,0.9567099],"texture":"#3"},
"west":{"uv":[0,0,2.3097,0.9567099],"texture":"#3"},
"east":{"uv":[0,0,2.3097,0.9567099],"texture":"#3"}
}
},
{
"from":[7.1862,0.0769,1.5805],
"to":[8.806199,1.4269,4.0105],
"rotation":{"origin":[7.99625,3.22686,2.57045],"axis":"x","angle":22.5},
"faces":{
"down":{"uv":[0,0,1.8,2.7],"texture":"#2"},
"up":{"uv":[0,0,1.8,2.7],"texture":"#2"},
"north":{"uv":[0,0,1.8,1.5],"texture":"#2"},
"south":{"uv":[0,0,1.8,1.5],"texture":"#2"},
"west":{"uv":[0,0,2.7,1.5],"texture":"#2"},
"east":{"uv":[0,0,2.7,1.5],"texture":"#2"}
}
},
{
"from":[7.3662,4.4436,4.61],
"to":[8.6262,4.6236,5.509999],
"rotation":{"origin":[7.99625,4.533609,5.06003],"axis":"x","angle":22.5},
"faces":{
"down":{"uv":[0,0,1.4,1],"texture":"#3"},
"up":{"uv":[0,0,1.4,1],"texture":"#3"},
"north":{"uv":[0,0,1.4,0.1999998],"texture":"#3"},
"west":{"uv":[0,0,1,0.1999998],"texture":"#3"},
"east":{"uv":[0,0,1,0.1999998],"texture":"#3"}
}
},
{
"from":[7.3662,4.2782,5.4413],
"to":[8.6262,4.4582,7.18996],
"faces":{
"down":{"uv":[0,0,1.4,1.94296],"texture":"#3"},
"up":{"uv":[0,0,1.4,1.94296],"texture":"#3"},
"north":{"uv":[0,0,1.4,0.1999998],"texture":"#3"},
"west":{"uv":[0,0,1.94296,0.1999998],"texture":"#3"},
"east":{"uv":[0,0,1.94296,0.1999998],"texture":"#3"}
}
},
{
"from":[7.3662,5.2,5.57],
"to":[8.6262,6.1,5.75],
"rotation":{"origin":[7.99625,5.65,5.66],"axis":"x","angle":-22.5},
"faces":{
"down":{"uv":[0,0,1.4,0.1999998],"texture":"#2"},
"north":{"uv":[0,0,1.4,1],"texture":"#2"},
"south":{"uv":[0,0,1.4,1],"texture":"#2"},
"west":{"uv":[0,0,0.2,1],"texture":"#2"},
"east":{"uv":[0,0,0.2,1],"texture":"#2"}
}
},
{
"from":[7.3662,4.8134,5.7227],
"to":[8.6262,5.2634,5.902699],
"rotation":{"origin":[7.99625,5.26345,5.8127],"axis":"x","angle":-45},
"faces":{
"down":{"uv":[0,0,1.4,0.1999998],"texture":"#2"},
"up":{"uv":[0,0,1.4,0.1999998],"texture":"#2"},
"north":{"uv":[0,0,1.4,0.5],"texture":"#2"},
"south":{"uv":[0,0,1.4,0.5],"texture":"#2"},
"west":{"uv":[0,0,0.2,0.5],"texture":"#2"},
"east":{"uv":[0,0,0.2,0.5],"texture":"#2"}
}
},
{
"from":[7.2762,6.55,-4.78],
"to":[8.7162,9.7,0.8000007],
"faces":{
"down":{"uv":[0,0,1.6,6.2],"texture":"#3"},
"up":{"uv":[0,0,1.6,6.2],"texture":"#3"},
"north":{"uv":[0,0,1.6,3.5],"texture":"#3"},
"west":{"uv":[0,0,6.2,3.5],"texture":"#3"},
"east":{"uv":[0,0,6.2,3.5],"texture":"#3"}
}
},
{
"from":[7.2988,8.8903,-3.2704],
"to":[8.6938,10.2403,1.2296],
"rotation":{"origin":[7.99625,9.56534,-1.02042],"axis":"x","angle":-22.5},
"faces":{
"down":{"uv":[0,0,1.55,5],"texture":"#3"},
"up":{"uv":[0,0,1.55,5],"texture":"#3"},
"west":{"uv":[0,0,5,1.5],"texture":"#3"},
"east":{"uv":[0,0,5,1.5],"texture":"#3"}
}
},
{
"from":[7.2988,7.4978,-5.5951],
"to":[8.6938,10.40802,-4.38965],
"rotation":{"origin":[7.99625,9.0728,-2.8051],"axis":"x","angle":-22.5},
"faces":{
"north":{"uv":[0,0,1.55,3.23358],"texture":"#3"},
"west":{"uv":[0,0,1.33939,3.23358],"texture":"#3"},
"east":{"uv":[0,0,1.33939,3.23358],"texture":"#3"}
}
},
{
"from":[7.2762,9.2387,-5.8937],
"to":[8.7162,9.70001,-4.78001],
"faces":{
"down":{"uv":[0,0,1.6,1.23744],"texture":"#3"},
"up":{"uv":[0,0,1.6,1.23744],"texture":"#3"},
"north":{"uv":[0,0,1.6,0.5125599],"texture":"#3"},
"west":{"uv":[0,0,1.23744,0.5125599],"texture":"#3"},
"east":{"uv":[0,0,1.23744,0.5125599],"texture":"#3"}
}
},
{
"from":[7.4562,6.91,-9.8265],
"to":[8.5362,9.16,-3.69996],
"faces":{
"down":{"uv":[0,0,1.2,6.80727],"texture":"#3"},
"up":{"uv":[0,0,1.2,6.80727],"texture":"#3"},
"west":{"uv":[0,0,6.80727,2.5],"texture":"#3"},
"east":{"uv":[0,0,6.80727,2.5],"texture":"#3"}
}
},
{
"from":[7.4562,3.7386,-10.5398],
"to":[8.5362,7.5186,-9.1898],
"rotation":{"origin":[7.99625,5.178639,-10.31484],"axis":"x","angle":22.5},
"faces":{
"down":{"uv":[0,0,1.2,1.5],"texture":"#3"},
"north":{"uv":[0,0,1.2,4.2],"texture":"#3"},
"south":{"uv":[0,0,1.2,4.2],"texture":"#3"},
"west":{"uv":[0,0,1.5,4.2],"texture":"#3"},
"east":{"uv":[0,0,1.5,4.2],"texture":"#3"}
}
},
{
"from":[7.4562,3.4177,-10.7265],
"to":[8.5362,9.15996,-9.8265],
"faces":{
"south":{"uv":[0,0,1.2,6.38029],"texture":"#3"},
"west":{"uv":[0,0,1,6.38029],"texture":"#3"},
"east":{"uv":[0,0,1,6.38029],"texture":"#3"}
}
},
{
"from":[7.3662,8.817699,-10.7265],
"to":[8.6262,9.717699,-8.9265],
"faces":{
"down":{"uv":[0,0,1.4,2],"texture":"#2"},
"up":{"uv":[0,0,1.4,2],"texture":"#2"},
"south":{"uv":[0,0,1.4,1],"texture":"#2"},
"west":{"uv":[0,0,2,1],"texture":"#2"},
"east":{"uv":[0,0,2,1],"texture":"#2"}
}
},
{
"from":[7.3662,3.4177,-11.6265],
"to":[8.6262,9.7177,-10.7265],
"faces":{
"down":{"uv":[0,0,1.4,1],"texture":"#2"},
"up":{"uv":[0,0,1.4,1],"texture":"#2"},
"north":{"uv":[0,0,1.4,7],"texture":"#2"},
"south":{"uv":[0,0,1.4,7],"texture":"#2"},
"west":{"uv":[0,0,1,7],"texture":"#2"},
"east":{"uv":[0,0,1,7],"texture":"#2"}
}
},
{
"from":[7.3662,3.4177,-10.7265],
"to":[8.6262,4.317699,-9.8265],
"faces":{
"down":{"uv":[0,0,1.4,1],"texture":"#2"},
"up":{"uv":[0,0,1.4,1],"texture":"#2"},
"south":{"uv":[0,0,1.4,1],"texture":"#2"},
"west":{"uv":[0,0,1,1],"texture":"#2"},
"east":{"uv":[0,0,1,1],"texture":"#2"}
}
},
{
"from":[7.3888,4.1113,-10.8645],
"to":[8.6038,6.5413,-9.9645],
"rotation":{"origin":[7.99625,4.56127,-10.4145],"axis":"x","angle":-22.5},
"faces":{
"north":{"uv":[0,0,1.35,2.7],"texture":"#2"},
"south":{"uv":[0,0,1.35,2.7],"texture":"#2"},
"west":{"uv":[0,0,1,2.7],"texture":"#2"},
"east":{"uv":[0,0,1,2.7],"texture":"#2"}
}
},
{
"from":[7.0962,6.37,13.4],
"to":[8.8962,7.72,14.3],
"faces":{
"down":{"uv":[0,0,2,1],"texture":"#2"},
"north":{"uv":[0,0,2,1.5],"texture":"#2"},
"south":{"uv":[0,0,2,1.5],"texture":"#2"},
"west":{"uv":[0,0,1,1.5],"texture":"#2"},
"east":{"uv":[0,0,1,1.5],"texture":"#2"}
}
},
{
"from":[7.1196,6.4033,22.2698],
"to":[8.874599,8.066279,22.95863],
"rotation":{"origin":[7.90625,7.166299,22.50867],"axis":"x","angle":-22.5},
"faces":{
"north":{"uv":[0,0,1.95,1.84776],"texture":"#2"},
"south":{"uv":[0,0,1.95,1.84776],"texture":"#2"},
"west":{"uv":[0,0,0.76537,1.84776],"texture":"#2"},
"east":{"uv":[0,0,0.76537,1.84776],"texture":"#2"}
}
},
{
"from":[7.0962,6.37,12.7636],
"to":[8.8962,6.6336,13.4],
"faces":{
"down":{"uv":[0,0,2,0.7071104],"texture":"#2"},
"up":{"uv":[0,0,2,0.7071104],"texture":"#2"},
"north":{"uv":[0,0,2,0.2928896],"texture":"#2"},
"west":{"uv":[0,0,0.70711,0.2928896],"texture":"#2"},
"east":{"uv":[0,0,0.70711,0.2928896],"texture":"#2"}
}
},
{
"from":[7.0962,7.72,13.4],
"to":[8.8962,8.17,22.58],
"faces":{
"down":{"uv":[0,0,2,10.2],"texture":"#2"},
"up":{"uv":[0,0,2,10.2],"texture":"#2"},
"north":{"uv":[0,0,2,0.5],"texture":"#2"},
"south":{"uv":[0,0,2,0.5],"texture":"#2"},
"west":{"uv":[0,0,10.2,0.5],"texture":"#2"},
"east":{"uv":[0,0,10.2,0.5],"texture":"#2"}
}
},
{
"from":[7.0962,6.37,22.58],
"to":[8.8962,6.6336,23.2164],
"faces":{
"down":{"uv":[0,0,2,0.7071104],"texture":"#2"},
"up":{"uv":[0,0,2,0.7071104],"texture":"#2"},
"south":{"uv":[0,0,2,0.2928896],"texture":"#2"},
"west":{"uv":[0,0,0.70711,0.2928896],"texture":"#2"},
"east":{"uv":[0,0,0.70711,0.2928896],"texture":"#2"}
}
},
{
"from":[7.1188,6.4385,13.0556],
"to":[8.873799,8.10148,13.74444],
"rotation":{"origin":[7.90625,7.27,13.4],"axis":"x","angle":22.5},
"faces":{
"north":{"uv":[0,0,1.95,1.84776],"texture":"#2"},
"south":{"uv":[0,0,1.95,1.84776],"texture":"#2"},
"west":{"uv":[0,0,0.76537,1.84776],"texture":"#2"},
"east":{"uv":[0,0,0.76537,1.84776],"texture":"#2"}
}
},
{
"from":[7.0962,6.37,14.75],
"to":[8.8962,7.72,15.2],
"faces":{
"down":{"uv":[0,0,2,0.5],"texture":"#2"},
"north":{"uv":[0,0,2,1.5],"texture":"#2"},
"south":{"uv":[0,0,2,1.5],"texture":"#2"},
"west":{"uv":[0,0,0.5,1.5],"texture":"#2"},
"east":{"uv":[0,0,0.5,1.5],"texture":"#2"}
}
},
{
"from":[7.0962,6.37,15.65],
"to":[8.8962,7.72,16.1],
"faces":{
"down":{"uv":[0,0,2,0.5],"texture":"#2"},
"north":{"uv":[0,0,2,1.5],"texture":"#2"},
"south":{"uv":[0,0,2,1.5],"texture":"#2"},
"west":{"uv":[0,0,0.5,1.5],"texture":"#2"},
"east":{"uv":[0,0,0.5,1.5],"texture":"#2"}
}
},
{
"from":[7.0962,6.37,16.55],
"to":[8.8962,7.72,17],
"faces":{
"down":{"uv":[0,0,2,0.5],"texture":"#2"},
"north":{"uv":[0,0,2,1.5],"texture":"#2"},
"south":{"uv":[0,0,2,1.5],"texture":"#2"},
"west":{"uv":[0,0,0.5,1.5],"texture":"#2"},
"east":{"uv":[0,0,0.5,1.5],"texture":"#2"}
}
},
{
"from":[7.0962,6.37,17.45],
"to":[8.8962,7.72,17.9],
"faces":{
"down":{"uv":[0,0,2,0.5],"texture":"#2"},
"north":{"uv":[0,0,2,1.5],"texture":"#2"},
"south":{"uv":[0,0,2,1.5],"texture":"#2"},
"west":{"uv":[0,0,0.5,1.5],"texture":"#2"},
"east":{"uv":[0,0,0.5,1.5],"texture":"#2"}
}
},
{
"from":[7.0962,6.37,18.35],
"to":[8.8962,7.72,18.8],
"faces":{
"down":{"uv":[0,0,2,0.5],"texture":"#2"},
"north":{"uv":[0,0,2,1.5],"texture":"#2"},
"south":{"uv":[0,0,2,1.5],"texture":"#2"},
"west":{"uv":[0,0,0.5,1.5],"texture":"#2"},
"east":{"uv":[0,0,0.5,1.5],"texture":"#2"}
}
},
{
"from":[7.0962,6.37,19.25],
"to":[8.8962,7.72,19.7],
"faces":{
"down":{"uv":[0,0,2,0.5],"texture":"#2"},
"north":{"uv":[0,0,2,1.5],"texture":"#2"},
"south":{"uv":[0,0,2,1.5],"texture":"#2"},
"west":{"uv":[0,0,0.5,1.5],"texture":"#2"},
"east":{"uv":[0,0,0.5,1.5],"texture":"#2"}
}
},
{
"from":[7.0962,6.37,20.15],
"to":[8.8962,7.72,20.6],
"faces":{
"down":{"uv":[0,0,2,0.5],"texture":"#2"},
"north":{"uv":[0,0,2,1.5],"texture":"#2"},
"south":{"uv":[0,0,2,1.5],"texture":"#2"},
"west":{"uv":[0,0,0.5,1.5],"texture":"#2"},
"east":{"uv":[0,0,0.5,1.5],"texture":"#2"}
}
},
{
"from":[7.0962,6.37,21.05],
"to":[8.8962,7.72,21.5],
"faces":{
"down":{"uv":[0,0,2,0.5],"texture":"#2"},
"north":{"uv":[0,0,2,1.5],"texture":"#2"},
"south":{"uv":[0,0,2,1.5],"texture":"#2"},
"west":{"uv":[0,0,0.5,1.5],"texture":"#2"},
"east":{"uv":[0,0,0.5,1.5],"texture":"#2"}
}
},
{
"from":[7.0962,6.37,21.95],
"to":[8.8962,7.72,22.58],
"faces":{
"down":{"uv":[0,0,2,0.6999998],"texture":"#2"},
"north":{"uv":[0,0,2,1.5],"texture":"#2"},
"south":{"uv":[0,0,2,1.5],"texture":"#2"},
"west":{"uv":[0,0,0.7,1.5],"texture":"#2"},
"east":{"uv":[0,0,0.7,1.5],"texture":"#2"}
}
},
{
"from":[7.1862,6.46,14.3],
"to":[8.806199,7.72,21.95],
"faces":{
"down":{"uv":[0,0,1.8,8.5],"texture":"#6"},
"west":{"uv":[0,0,8.5,1.4],"texture":"#6"},
"east":{"uv":[0,0,8.5,1.4],"texture":"#6"}
}
},
{
"from":[7.0962,8.6682,22.5382],
"to":[8.8962,9.118199,22.7182],
"faces":{
"down":{"uv":[0,0,2,0.1999998],"texture":"#4"},
"up":{"uv":[0,0,2,0.1999998],"texture":"#4"},
"north":{"uv":[0,0,2,0.5],"texture":"#4"},
"south":{"uv":[0,0,2,0.5],"texture":"#4"},
"west":{"uv":[0,0,0.2,0.5],"texture":"#4"},
"east":{"uv":[0,0,0.2,0.5],"texture":"#4"}
}
},
{
"from":[7.0962,8.3477,22.4055],
"to":[8.8962,8.7977,22.5855],
"rotation":{"origin":[7.99625,8.57274,22.49546],"axis":"x","angle":45},
"faces":{
"north":{"uv":[0,0,2,0.5],"texture":"#4"},
"south":{"uv":[0,0,2,0.5],"texture":"#4"},
"west":{"uv":[0,0,0.2,0.5],"texture":"#4"},
"east":{"uv":[0,0,0.2,0.5],"texture":"#4"}
}
},
{
"from":[7.0962,9.1237,22.2705],
"to":[8.8962,9.303699,22.7205],
"rotation":{"origin":[7.99625,9.213659,22.49546],"axis":"x","angle":45},
"faces":{
"down":{"uv":[0,0,2,0.5],"texture":"#4"},
"up":{"uv":[0,0,2,0.5],"texture":"#4"},
"west":{"uv":[0,0,0.5,0.1999998],"texture":"#4"},
"east":{"uv":[0,0,0.5,0.1999998],"texture":"#4"}
}
},
{
"from":[7.0962,9.2564,21.5],
"to":[8.8962,9.436399,22.4],
"faces":{
"down":{"uv":[0,0,2,1],"texture":"#4"},
"up":{"uv":[0,0,2,1],"texture":"#4"},
"north":{"uv":[0,0,2,0.1999998],"texture":"#4"},
"south":{"uv":[0,0,2,0.1999998],"texture":"#4"},
"west":{"uv":[0,0,1,0.1999998],"texture":"#4"},
"east":{"uv":[0,0,1,0.1999998],"texture":"#4"}
}
},
{
"from":[7.0962,8.9887,21.3145],
"to":[8.8962,9.4387,21.4945],
"rotation":{"origin":[7.99625,9.213659,21.40454],"axis":"x","angle":45},
"faces":{
"north":{"uv":[0,0,2,0.5],"texture":"#4"},
"south":{"uv":[0,0,2,0.5],"texture":"#4"},
"west":{"uv":[0,0,0.2,0.5],"texture":"#4"},
"east":{"uv":[0,0,0.2,0.5],"texture":"#4"}
}
},
{
"from":[7.0962,8.482699,21.1795],
"to":[8.8962,8.6627,21.6295],
"rotation":{"origin":[7.99625,8.57274,21.40454],"axis":"x","angle":45},
"faces":{
"down":{"uv":[0,0,2,0.5],"texture":"#4"},
"up":{"uv":[0,0,2,0.5],"texture":"#4"},
"west":{"uv":[0,0,0.5,0.1999998],"texture":"#4"},
"east":{"uv":[0,0,0.5,0.1999998],"texture":"#4"}
}
},
{
"from":[7.0962,8.349999,21.5],
"to":[8.8962,8.53,22.4],
"faces":{
"down":{"uv":[0,0,2,1],"texture":"#4"},
"up":{"uv":[0,0,2,1],"texture":"#4"},
"north":{"uv":[0,0,2,0.1999998],"texture":"#4"},
"south":{"uv":[0,0,2,0.1999998],"texture":"#4"},
"west":{"uv":[0,0,1,0.1999998],"texture":"#4"},
"east":{"uv":[0,0,1,0.1999998],"texture":"#4"}
}
},
{
"from":[7.0962,8.6682,18.9382],
"to":[8.8962,9.118199,19.5618],
"faces":{
"down":{"uv":[0,0,2,0.6928902],"texture":"#4"},
"up":{"uv":[0,0,2,0.6928902],"texture":"#4"},
"north":{"uv":[0,0,2,0.5],"texture":"#4"},
"south":{"uv":[0,0,2,0.5],"texture":"#4"},
"west":{"uv":[0,0,0.69289,0.5],"texture":"#4"},
"east":{"uv":[0,0,0.69289,0.5],"texture":"#4"}
}
},
{
"from":[7.0962,8.3477,18.8055],
"to":[8.8962,8.7977,18.9855],
"rotation":{"origin":[7.99625,8.57274,18.89546],"axis":"x","angle":45},
"faces":{
"north":{"uv":[0,0,2,0.5],"texture":"#4"},
"south":{"uv":[0,0,2,0.5],"texture":"#4"},
"west":{"uv":[0,0,0.2,0.5],"texture":"#4"},
"east":{"uv":[0,0,0.2,0.5],"texture":"#4"}
}
},
{
"from":[7.0962,9.1237,18.6705],
"to":[8.8962,9.303699,19.1205],
"rotation":{"origin":[7.99625,9.213659,18.89546],"axis":"x","angle":45},
"faces":{
"down":{"uv":[0,0,2,0.5],"texture":"#4"},
"up":{"uv":[0,0,2,0.5],"texture":"#4"},
"west":{"uv":[0,0,0.5,0.1999998],"texture":"#4"},
"east":{"uv":[0,0,0.5,0.1999998],"texture":"#4"}
}
},
{
"from":[7.0962,9.2564,17.9],
"to":[8.8962,9.436399,18.8],
"faces":{
"down":{"uv":[0,0,2,1],"texture":"#4"},
"up":{"uv":[0,0,2,1],"texture":"#4"},
"north":{"uv":[0,0,2,0.1999998],"texture":"#4"},
"south":{"uv":[0,0,2,0.1999998],"texture":"#4"},
"west":{"uv":[0,0,1,0.1999998],"texture":"#4"},
"east":{"uv":[0,0,1,0.1999998],"texture":"#4"}
}
},
{
"from":[7.0962,8.9887,17.7145],
"to":[8.8962,9.4387,17.8945],
"rotation":{"origin":[7.99625,9.213659,17.80454],"axis":"x","angle":45},
"faces":{
"north":{"uv":[0,0,2,0.5],"texture":"#4"},
"south":{"uv":[0,0,2,0.5],"texture":"#4"},
"west":{"uv":[0,0,0.2,0.5],"texture":"#4"},
"east":{"uv":[0,0,0.2,0.5],"texture":"#4"}
}
},
{
"from":[7.0962,8.482699,17.5795],
"to":[8.8962,8.6627,18.0295],
"rotation":{"origin":[7.99625,8.57274,17.80454],"axis":"x","angle":45},
"faces":{
"down":{"uv":[0,0,2,0.5],"texture":"#4"},
"up":{"uv":[0,0,2,0.5],"texture":"#4"},
"west":{"uv":[0,0,0.5,0.1999998],"texture":"#4"},
"east":{"uv":[0,0,0.5,0.1999998],"texture":"#4"}
}
},
{
"from":[7.0962,8.349999,17.9],
"to":[8.8962,8.53,18.8],
"faces":{
"down":{"uv":[0,0,2,1],"texture":"#4"},
"up":{"uv":[0,0,2,1],"texture":"#4"},
"north":{"uv":[0,0,2,0.1999998],"texture":"#4"},
"south":{"uv":[0,0,2,0.1999998],"texture":"#4"},
"west":{"uv":[0,0,1,0.1999998],"texture":"#4"},
"east":{"uv":[0,0,1,0.1999998],"texture":"#4"}
}
},
{
"from":[7.1862,8.53,21.32],
"to":[8.806199,9.2564,22.58],
"faces":{
"down":{"uv":[0,0,1.8,1.4],"texture":"#5"},
"up":{"uv":[0,0,1.8,1.4],"texture":"#5"},
"north":{"uv":[0,0,1.8,0.8071098],"texture":"#5"},
"south":{"uv":[0,0,1.8,0.8071098],"texture":"#5"},
"west":{"uv":[0,0,1.4,0.8071098],"texture":"#5"},
"east":{"uv":[0,0,1.4,0.8071098],"texture":"#5"}
}
},
{
"from":[7.1862,8.53,19.52],
"to":[8.806199,9.2564,20.78],
"faces":{
"down":{"uv":[0,0,1.8,1.4],"texture":"#5"},
"up":{"uv":[0,0,1.8,1.4],"texture":"#5"},
"north":{"uv":[0,0,1.8,0.8071098],"texture":"#5"},
"south":{"uv":[0,0,1.8,0.8071098],"texture":"#5"},
"west":{"uv":[0,0,1.4,0.8071098],"texture":"#5"},
"east":{"uv":[0,0,1.4,0.8071098],"texture":"#5"}
}
},
{
"from":[7.1862,8.53,17.72],
"to":[8.806199,9.2564,18.98],
"faces":{
"down":{"uv":[0,0,1.8,1.4],"texture":"#5"},
"up":{"uv":[0,0,1.8,1.4],"texture":"#5"},
"north":{"uv":[0,0,1.8,0.8071098],"texture":"#5"},
"south":{"uv":[0,0,1.8,0.8071098],"texture":"#5"},
"west":{"uv":[0,0,1.4,0.8071098],"texture":"#5"},
"east":{"uv":[0,0,1.4,0.8071098],"texture":"#5"}
}
},
{
"from":[7.1862,8.53,15.92],
"to":[8.806199,9.2564,17.18],
"faces":{
"down":{"uv":[0,0,1.8,1.4],"texture":"#5"},
"up":{"uv":[0,0,1.8,1.4],"texture":"#5"},
"north":{"uv":[0,0,1.8,0.8071098],"texture":"#5"},
"south":{"uv":[0,0,1.8,0.8071098],"texture":"#5"},
"west":{"uv":[0,0,1.4,0.8071098],"texture":"#5"},
"east":{"uv":[0,0,1.4,0.8071098],"texture":"#5"}
}
},
{
"from":[7.0962,8.6682,17.1382],
"to":[8.8962,9.118199,17.7618],
"faces":{
"down":{"uv":[0,0,2,0.6928902],"texture":"#4"},
"up":{"uv":[0,0,2,0.6928902],"texture":"#4"},
"north":{"uv":[0,0,2,0.5],"texture":"#4"},
"south":{"uv":[0,0,2,0.5],"texture":"#4"},
"west":{"uv":[0,0,0.69289,0.5],"texture":"#4"},
"east":{"uv":[0,0,0.69289,0.5],"texture":"#4"}
}
},
{
"from":[7.0962,8.3477,17.0055],
"to":[8.8962,8.7977,17.1855],
"rotation":{"origin":[7.99625,8.57274,17.09546],"axis":"x","angle":45},
"faces":{
"north":{"uv":[0,0,2,0.5],"texture":"#4"},
"south":{"uv":[0,0,2,0.5],"texture":"#4"},
"west":{"uv":[0,0,0.2,0.5],"texture":"#4"},
"east":{"uv":[0,0,0.2,0.5],"texture":"#4"}
}
},
{
"from":[7.0962,9.1237,16.8705],
"to":[8.8962,9.303699,17.3205],
"rotation":{"origin":[7.99625,9.213659,17.09546],"axis":"x","angle":45},
"faces":{
"down":{"uv":[0,0,2,0.5],"texture":"#4"},
"up":{"uv":[0,0,2,0.5],"texture":"#4"},
"west":{"uv":[0,0,0.5,0.1999998],"texture":"#4"},
"east":{"uv":[0,0,0.5,0.1999998],"texture":"#4"}
}
},
{
"from":[7.0962,9.2564,16.1],
"to":[8.8962,9.436399,17],
"faces":{
"down":{"uv":[0,0,2,1],"texture":"#4"},
"up":{"uv":[0,0,2,1],"texture":"#4"},
"north":{"uv":[0,0,2,0.1999998],"texture":"#4"},
"south":{"uv":[0,0,2,0.1999998],"texture":"#4"},
"west":{"uv":[0,0,1,0.1999998],"texture":"#4"},
"east":{"uv":[0,0,1,0.1999998],"texture":"#4"}
}
},
{
"from":[7.0962,8.9887,15.9145],
"to":[8.8962,9.4387,16.0945],
"rotation":{"origin":[7.99625,9.213659,16.00454],"axis":"x","angle":45},
"faces":{
"north":{"uv":[0,0,2,0.5],"texture":"#4"},
"south":{"uv":[0,0,2,0.5],"texture":"#4"},
"west":{"uv":[0,0,0.2,0.5],"texture":"#4"},
"east":{"uv":[0,0,0.2,0.5],"texture":"#4"}
}
},
{
"from":[7.0962,8.6682,15.7818],
"to":[8.8962,9.118199,15.9618],
"faces":{
"down":{"uv":[0,0,2,0.1999998],"texture":"#4"},
"up":{"uv":[0,0,2,0.1999998],"texture":"#4"},
"north":{"uv":[0,0,2,0.5],"texture":"#4"},
"south":{"uv":[0,0,2,0.5],"texture":"#4"},
"west":{"uv":[0,0,0.2,0.5],"texture":"#4"},
"east":{"uv":[0,0,0.2,0.5],"texture":"#4"}
}
},
{
"from":[7.0962,8.482699,15.7795],
"to":[8.8962,8.6627,16.2295],
"rotation":{"origin":[7.99625,8.57274,16.00454],"axis":"x","angle":45},
"faces":{
"down":{"uv":[0,0,2,0.5],"texture":"#4"},
"up":{"uv":[0,0,2,0.5],"texture":"#4"},
"west":{"uv":[0,0,0.5,0.1999998],"texture":"#4"},
"east":{"uv":[0,0,0.5,0.1999998],"texture":"#4"}
}
},
{
"from":[7.0962,8.349999,16.1],
"to":[8.8962,8.53,17],
"faces":{
"down":{"uv":[0,0,2,1],"texture":"#4"},
"up":{"uv":[0,0,2,1],"texture":"#4"},
"north":{"uv":[0,0,2,0.1999998],"texture":"#4"},
"south":{"uv":[0,0,2,0.1999998],"texture":"#4"},
"west":{"uv":[0,0,1,0.1999998],"texture":"#4"},
"east":{"uv":[0,0,1,0.1999998],"texture":"#4"}
}
},
{
"from":[7.0962,8.6682,20.7382],
"to":[8.8962,9.118199,21.3618],
"faces":{
"down":{"uv":[0,0,2,0.6928902],"texture":"#4"},
"up":{"uv":[0,0,2,0.6928902],"texture":"#4"},
"north":{"uv":[0,0,2,0.5],"texture":"#4"},
"south":{"uv":[0,0,2,0.5],"texture":"#4"},
"west":{"uv":[0,0,0.69289,0.5],"texture":"#4"},
"east":{"uv":[0,0,0.69289,0.5],"texture":"#4"}
}
},
{
"from":[7.0962,8.3477,20.6055],
"to":[8.8962,8.7977,20.7855],
"rotation":{"origin":[7.99625,8.57274,20.69546],"axis":"x","angle":45},
"faces":{
"north":{"uv":[0,0,2,0.5],"texture":"#4"},
"south":{"uv":[0,0,2,0.5],"texture":"#4"},
"west":{"uv":[0,0,0.2,0.5],"texture":"#4"},
"east":{"uv":[0,0,0.2,0.5],"texture":"#4"}
}
},
{
"from":[7.0962,9.1237,20.4705],
"to":[8.8962,9.303699,20.9205],
"rotation":{"origin":[7.99625,9.213659,20.69546],"axis":"x","angle":45},
"faces":{
"down":{"uv":[0,0,2,0.5],"texture":"#4"},
"up":{"uv":[0,0,2,0.5],"texture":"#4"},
"west":{"uv":[0,0,0.5,0.1999998],"texture":"#4"},
"east":{"uv":[0,0,0.5,0.1999998],"texture":"#4"}
}
},
{
"from":[7.0962,9.2564,19.7],
"to":[8.8962,9.436399,20.6],
"faces":{
"down":{"uv":[0,0,2,1],"texture":"#4"},
"up":{"uv":[0,0,2,1],"texture":"#4"},
"north":{"uv":[0,0,2,0.1999998],"texture":"#4"},
"south":{"uv":[0,0,2,0.1999998],"texture":"#4"},
"west":{"uv":[0,0,1,0.1999998],"texture":"#4"},
"east":{"uv":[0,0,1,0.1999998],"texture":"#4"}
}
},
{
"from":[7.0962,8.9887,19.5145],
"to":[8.8962,9.4387,19.6945],
"rotation":{"origin":[7.99625,9.213659,19.60454],"axis":"x","angle":45},
"faces":{
"north":{"uv":[0,0,2,0.5],"texture":"#4"},
"south":{"uv":[0,0,2,0.5],"texture":"#4"},
"west":{"uv":[0,0,0.2,0.5],"texture":"#4"},
"east":{"uv":[0,0,0.2,0.5],"texture":"#4"}
}
},
{
"from":[7.0962,8.482699,19.3795],
"to":[8.8962,8.6627,19.8295],
"rotation":{"origin":[7.99625,8.57274,19.60454],"axis":"x","angle":45},
"faces":{
"down":{"uv":[0,0,2,0.5],"texture":"#4"},
"up":{"uv":[0,0,2,0.5],"texture":"#4"},
"west":{"uv":[0,0,0.5,0.1999998],"texture":"#4"},
"east":{"uv":[0,0,0.5,0.1999998],"texture":"#4"}
}
},
{
"from":[7.0962,8.349999,19.7],
"to":[8.8962,8.53,20.6],
"faces":{
"down":{"uv":[0,0,2,1],"texture":"#4"},
"up":{"uv":[0,0,2,1],"texture":"#4"},
"north":{"uv":[0,0,2,0.1999998],"texture":"#4"},
"south":{"uv":[0,0,2,0.1999998],"texture":"#4"},
"west":{"uv":[0,0,1,0.1999998],"texture":"#4"},
"east":{"uv":[0,0,1,0.1999998],"texture":"#4"}
}
},
{
"from":[7.4562,2.77,7.91],
"to":[8.5362,4.21,11.06],
"faces":{
"down":{"uv":[0,0,1.2,3.5],"texture":"#2"},
"north":{"uv":[0,0,1.2,1.6],"texture":"#2"},
"south":{"uv":[0,0,1.2,1.6],"texture":"#2"},
"west":{"uv":[0,0,3.5,1.6],"texture":"#2"},
"east":{"uv":[0,0,3.5,1.6],"texture":"#2"}
}
},
{
"from":[7.4788,-1.6125,8.065599],
"to":[8.5138,3.4275,11.2156],
"rotation":{"origin":[7.99625,2.70753,9.64064],"axis":"x","angle":-22.5},
"faces":{
"down":{"uv":[0,0,1.15,3.5],"texture":"#2"},
"north":{"uv":[0,0,1.15,5.6],"texture":"#2"},
"south":{"uv":[0,0,1.15,5.6],"texture":"#2"},
"west":{"uv":[0,0,3.5,5.6],"texture":"#2"},
"east":{"uv":[0,0,3.5,5.6],"texture":"#2"}
}
},
{
"from":[7.4562,3.31,7.37],
"to":[8.5362,4.21,7.595],
"faces":{
"down":{"uv":[0,0,1.2,0.25],"texture":"#2"},
"north":{"uv":[0,0,1.2,1],"texture":"#2"},
"south":{"uv":[0,0,1.2,1],"texture":"#2"},
"west":{"uv":[0,0,0.25,1],"texture":"#2"},
"east":{"uv":[0,0,0.25,1],"texture":"#2"}
}
},
{
"from":[7.0062,6.1,3.23],
"to":[8.9862,6.96912,3.59],
"faces":{
"down":{"uv":[0,0,2.2,0.3999996],"texture":"#2"},
"up":{"uv":[0,0,2.2,0.3999996],"texture":"#2"},
"north":{"uv":[0,0,2.2,0.9656897],"texture":"#2"},
"south":{"uv":[0,0,2.2,0.9656897],"texture":"#2"},
"west":{"uv":[0,0,0.4,0.9656897],"texture":"#2"},
"east":{"uv":[0,0,0.4,0.9656897],"texture":"#2"}
}
},
{
"from":[7.0062,6.0955,3.2191],
"to":[8.9862,6.96461,3.5791],
"rotation":{"origin":[7.99625,6.54548,3.39908],"axis":"x","angle":-45},
"faces":{
"up":{"uv":[0,0,2.2,0.3999996],"texture":"#2"},
"north":{"uv":[0,0,2.2,0.9656897],"texture":"#2"},
"south":{"uv":[0,0,2.2,0.9656897],"texture":"#2"},
"west":{"uv":[0,0,0.4,0.9656897],"texture":"#2"},
"east":{"uv":[0,0,0.4,0.9656897],"texture":"#2"}
}
},
{
"from":[7.0062,6.3546,2.9754],
"to":[8.9862,6.7146,3.84452],
"faces":{
"down":{"uv":[0,0,2.2,0.9656897],"texture":"#2"},
"up":{"uv":[0,0,2.2,0.9656897],"texture":"#2"},
"north":{"uv":[0,0,2.2,0.3999996],"texture":"#2"},
"south":{"uv":[0,0,2.2,0.3999996],"texture":"#2"},
"west":{"uv":[0,0,0.96569,0.3999996],"texture":"#2"},
"east":{"uv":[0,0,0.96569,0.3999996],"texture":"#2"}
}
},
{
"from":[7.0062,6.3436,2.98],
"to":[8.9862,6.7036,3.84912],
"rotation":{"origin":[7.99625,6.52364,3.39908],"axis":"x","angle":-45},
"faces":{
"down":{"uv":[0,0,2.2,0.9656897],"texture":"#2"},
"up":{"uv":[0,0,2.2,0.9656897],"texture":"#2"},
"north":{"uv":[0,0,2.2,0.3999996],"texture":"#2"},
"south":{"uv":[0,0,2.2,0.3999996],"texture":"#2"},
"west":{"uv":[0,0,0.96569,0.3999996],"texture":"#2"},
"east":{"uv":[0,0,0.96569,0.3999996],"texture":"#2"}
}
},
{
"from":[7.0062,5.6346,3.4846],
"to":[8.9862,6.3546,3.8446],
"faces":{
"down":{"uv":[0,0,2.2,0.3999996],"texture":"#2"},
"north":{"uv":[0,0,2.2,0.8000002],"texture":"#2"},
"south":{"uv":[0,0,2.2,0.8000002],"texture":"#2"},
"west":{"uv":[0,0,0.4,0.8000002],"texture":"#2"},
"east":{"uv":[0,0,0.4,0.8000002],"texture":"#2"}
}
},
{
"from":[7.0062,5.676,3.3331],
"to":[8.9862,6.396,3.6931],
"rotation":{"origin":[7.99625,6.036039,3.51309],"axis":"x","angle":-22.5},
"faces":{
"north":{"uv":[0,0,2.2,0.8000002],"texture":"#2"},
"south":{"uv":[0,0,2.2,0.8000002],"texture":"#2"},
"west":{"uv":[0,0,0.4,0.8000002],"texture":"#2"},
"east":{"uv":[0,0,0.4,0.8000002],"texture":"#2"}
}
},
{
"from":[7.7712,7.45,24.38],
"to":[8.221199,8.5364,25.73],
"faces":{
"down":{"uv":[0,0,0.5,1.5],"texture":"#2"},
"up":{"uv":[0,0,0.5,1.5],"texture":"#2"},
"south":{"uv":[0,0,0.5,1.20711],"texture":"#2"},
"west":{"uv":[0,0,1.5,1.20711],"texture":"#2"},
"east":{"uv":[0,0,1.5,1.20711],"texture":"#2"}
}
},
{
"from":[7.8769,7.4062,24.38],
"to":[8.3269,8.492599,25.73],
"rotation":{"origin":[8.10189,8.098839,24.23734],"axis":"z","angle":-45},
"faces":{
"down":{"uv":[0,0,0.5,1.5],"texture":"#2"},
"up":{"uv":[0,0,0.5,1.5],"texture":"#2"},
"south":{"uv":[0,0,0.5,1.20711],"texture":"#2"},
"west":{"uv":[0,0,1.5,1.20711],"texture":"#2"},
"east":{"uv":[0,0,1.5,1.20711],"texture":"#2"}
}
},
{
"from":[7.453,7.7682,24.38],
"to":[8.539399,8.2182,25.73],
"faces":{
"down":{"uv":[0,0,1.20711,1.5],"texture":"#2"},
"up":{"uv":[0,0,1.20711,1.5],"texture":"#2"},
"south":{"uv":[0,0,1.20711,0.5],"texture":"#2"},
"west":{"uv":[0,0,1.5,0.5],"texture":"#2"},
"east":{"uv":[0,0,1.5,0.5],"texture":"#2"}
}
},
{
"from":[7.5446,7.9892,24.38],
"to":[8.631001,8.439199,25.73],
"rotation":{"origin":[7.77525,8.214199,24.93685],"axis":"z","angle":-45},
"faces":{
"down":{"uv":[0,0,1.20711,1.5],"texture":"#2"},
"up":{"uv":[0,0,1.20711,1.5],"texture":"#2"},
"south":{"uv":[0,0,1.20711,0.5],"texture":"#2"},
"west":{"uv":[0,0,1.5,0.5],"texture":"#2"},
"east":{"uv":[0,0,1.5,0.5],"texture":"#2"}
}
},
{
"from":[7.7982,7.5625,25.73],
"to":[8.158199,8.43162,28.25],
"faces":{
"down":{"uv":[0,0,0.4,2.8],"texture":"#2"},
"up":{"uv":[0,0,0.4,2.8],"texture":"#2"},
"west":{"uv":[0,0,2.8,0.9656897],"texture":"#2"},
"east":{"uv":[0,0,2.8,0.9656897],"texture":"#2"}
}
},
{
"from":[7.8828,7.5275,25.73],
"to":[8.2428,8.39662,28.25],
"rotation":{"origin":[8.06277,8.08157,26.02987],"axis":"z","angle":-45},
"faces":{
"down":{"uv":[0,0,0.4,2.8],"texture":"#2"},
"up":{"uv":[0,0,0.4,2.8],"texture":"#2"},
"north":{"uv":[0,0,0.4,0.9656897],"texture":"#2"},
"south":{"uv":[0,0,0.4,0.9656897],"texture":"#2"},
"west":{"uv":[0,0,2.8,0.9656897],"texture":"#2"},
"east":{"uv":[0,0,2.8,0.9656897],"texture":"#2"}
}
},
{
"from":[7.5437,7.8171,25.73],
"to":[8.41282,8.177099,28.25],
"faces":{
"down":{"uv":[0,0,0.96569,2.8],"texture":"#2"},
"up":{"uv":[0,0,0.96569,2.8],"texture":"#2"},
"west":{"uv":[0,0,2.8,0.3999996],"texture":"#2"},
"east":{"uv":[0,0,2.8,0.3999996],"texture":"#2"}
}
},
{
"from":[7.6169,7.9939,25.73],
"to":[8.48601,8.3539,28.25],
"rotation":{"origin":[7.80145,8.17386,26.58948],"axis":"z","angle":-45},
"faces":{
"down":{"uv":[0,0,0.96569,2.8],"texture":"#2"},
"up":{"uv":[0,0,0.96569,2.8],"texture":"#2"},
"north":{"uv":[0,0,0.96569,0.3999996],"texture":"#2"},
"south":{"uv":[0,0,0.96569,0.3999996],"texture":"#2"},
"west":{"uv":[0,0,2.8,0.3999996],"texture":"#2"},
"east":{"uv":[0,0,2.8,0.3999996],"texture":"#2"}
}
},
{
"from":[7.7712,7.45,26.45],
"to":[8.221199,8.5364,26.9],
"faces":{
"down":{"uv":[0,0,0.5,0.5],"texture":"#2"},
"up":{"uv":[0,0,0.5,0.5],"texture":"#2"},
"north":{"uv":[0,0,0.5,1.20711],"texture":"#2"},
"south":{"uv":[0,0,0.5,1.20711],"texture":"#2"},
"west":{"uv":[0,0,0.5,1.20711],"texture":"#2"},
"east":{"uv":[0,0,0.5,1.20711],"texture":"#2"}
}
},
{
"from":[7.8769,7.4062,26.45],
"to":[8.3269,8.492599,26.9],
"rotation":{"origin":[8.10189,8.098839,26.93734],"axis":"z","angle":-45},
"faces":{
"down":{"uv":[0,0,0.5,0.5],"texture":"#2"},
"up":{"uv":[0,0,0.5,0.5],"texture":"#2"},
"north":{"uv":[0,0,0.5,1.20711],"texture":"#2"},
"south":{"uv":[0,0,0.5,1.20711],"texture":"#2"},
"west":{"uv":[0,0,0.5,1.20711],"texture":"#2"},
"east":{"uv":[0,0,0.5,1.20711],"texture":"#2"}
}
},
{
"from":[7.453,7.7682,26.45],
"to":[8.539399,8.2182,26.9],
"faces":{
"down":{"uv":[0,0,1.20711,0.5],"texture":"#2"},
"up":{"uv":[0,0,1.20711,0.5],"texture":"#2"},
"north":{"uv":[0,0,1.20711,0.5],"texture":"#2"},
"south":{"uv":[0,0,1.20711,0.5],"texture":"#2"},
"west":{"uv":[0,0,0.5,0.5],"texture":"#2"},
"east":{"uv":[0,0,0.5,0.5],"texture":"#2"}
}
},
{
"from":[7.5446,7.9892,26.45],
"to":[8.631001,8.439199,26.9],
"rotation":{"origin":[7.77525,8.214199,27.63685],"axis":"z","angle":-45},
"faces":{
"down":{"uv":[0,0,1.20711,0.5],"texture":"#2"},
"up":{"uv":[0,0,1.20711,0.5],"texture":"#2"},
"north":{"uv":[0,0,1.20711,0.5],"texture":"#2"},
"south":{"uv":[0,0,1.20711,0.5],"texture":"#2"},
"west":{"uv":[0,0,0.5,0.5],"texture":"#2"},
"east":{"uv":[0,0,0.5,0.5],"texture":"#2"}
}
},
{
"from":[7.7712,7.45,28.25],
"to":[8.221199,8.5364,28.7],
"faces":{
"down":{"uv":[0,0,0.5,0.5],"texture":"#2"},
"up":{"uv":[0,0,0.5,0.5],"texture":"#2"},
"north":{"uv":[0,0,0.5,1.20711],"texture":"#2"},
"south":{"uv":[0,0,0.5,1.20711],"texture":"#5"},
"west":{"uv":[0,0,0.5,1.20711],"texture":"#2"},
"east":{"uv":[0,0,0.5,1.20711],"texture":"#2"}
}
},
{
"from":[7.8769,7.4062,28.25],
"to":[8.3269,8.492599,28.7],
"rotation":{"origin":[8.10189,8.098839,28.73734],"axis":"z","angle":-45},
"faces":{
"down":{"uv":[0,0,0.5,0.5],"texture":"#2"},
"up":{"uv":[0,0,0.5,0.5],"texture":"#2"},
"north":{"uv":[0,0,0.5,1.20711],"texture":"#2"},
"south":{"uv":[0,0,0.5,1.20711],"texture":"#5"},
"west":{"uv":[0,0,0.5,1.20711],"texture":"#2"},
"east":{"uv":[0,0,0.5,1.20711],"texture":"#2"}
}
},
{
"from":[7.453,7.7682,28.25],
"to":[8.539399,8.2182,28.7],
"faces":{
"down":{"uv":[0,0,1.20711,0.5],"texture":"#2"},
"up":{"uv":[0,0,1.20711,0.5],"texture":"#2"},
"north":{"uv":[0,0,1.20711,0.5],"texture":"#2"},
"south":{"uv":[0,0,1.20711,0.5],"texture":"#5"},
"west":{"uv":[0,0,0.5,0.5],"texture":"#2"},
"east":{"uv":[0,0,0.5,0.5],"texture":"#2"}
}
},
{
"from":[7.5446,7.9892,28.25],
"to":[8.631001,8.439199,28.7],
"rotation":{"origin":[7.77525,8.214199,29.43685],"axis":"z","angle":-45},
"faces":{
"down":{"uv":[0,0,1.20711,0.5],"texture":"#2"},
"up":{"uv":[0,0,1.20711,0.5],"texture":"#2"},
"north":{"uv":[0,0,1.20711,0.5],"texture":"#2"},
"south":{"uv":[0,0,1.20711,0.5],"texture":"#5"},
"west":{"uv":[0,0,0.5,0.5],"texture":"#2"},
"east":{"uv":[0,0,0.5,0.5],"texture":"#2"}
}
},
{
"from":[7.5446,7.9892,28.7],
"to":[7.7246,8.439199,30.05],
"rotation":{"origin":[7.77525,8.214199,29.43685],"axis":"z","angle":-45},
"faces":{
"down":{"uv":[0,0,0.2,1.5],"texture":"#2"},
"up":{"uv":[0,0,0.2,1.5],"texture":"#2"},
"north":{"uv":[0,0,0.2,0.5],"texture":"#2"},
"south":{"uv":[0,0,0.2,0.5],"texture":"#5"},
"west":{"uv":[0,0,1.5,0.5],"texture":"#2"},
"east":{"uv":[0,0,1.5,0.5],"texture":"#2"}
}
},
{
"from":[8.1855,7.3483,28.7],
"to":[8.3655,7.7983,30.05],
"rotation":{"origin":[8.41617,7.573279,29.43685],"axis":"z","angle":-45},
"faces":{
"down":{"uv":[0,0,0.2,1.5],"texture":"#2"},
"up":{"uv":[0,0,0.2,1.5],"texture":"#2"},
"north":{"uv":[0,0,0.2,0.5],"texture":"#2"},
"south":{"uv":[0,0,0.2,0.5],"texture":"#5"},
"west":{"uv":[0,0,1.5,0.5],"texture":"#2"},
"east":{"uv":[0,0,1.5,0.5],"texture":"#2"}
}
},
{
"from":[7.5858,7.4477,28.7],
"to":[7.7658,7.8977,30.05],
"rotation":{"origin":[7.67579,7.67274,29.375],"axis":"z","angle":45},
"faces":{
"down":{"uv":[0,0,0.2,1.5],"texture":"#2"},
"up":{"uv":[0,0,0.2,1.5],"texture":"#2"},
"north":{"uv":[0,0,0.2,0.5],"texture":"#2"},
"south":{"uv":[0,0,0.2,0.5],"texture":"#5"},
"west":{"uv":[0,0,1.5,0.5],"texture":"#2"},
"east":{"uv":[0,0,1.5,0.5],"texture":"#2"}
}
},
{
"from":[8.2267,8.088699,28.7],
"to":[8.406699,8.538699,30.05],
"rotation":{"origin":[8.31671,8.31366,29.375],"axis":"z","angle":45},
"faces":{
"down":{"uv":[0,0,0.2,1.5],"texture":"#2"},
"up":{"uv":[0,0,0.2,1.5],"texture":"#2"},
"north":{"uv":[0,0,0.2,0.5],"texture":"#2"},
"south":{"uv":[0,0,0.2,0.5],"texture":"#5"},
"west":{"uv":[0,0,1.5,0.5],"texture":"#2"},
"east":{"uv":[0,0,1.5,0.5],"texture":"#2"}
}
},
{
"from":[7.7712,7.45,30.05],
"to":[8.221199,8.5364,30.5],
"faces":{
"down":{"uv":[0,0,0.5,0.5],"texture":"#2"},
"up":{"uv":[0,0,0.5,0.5],"texture":"#2"},
"north":{"uv":[0,0,0.5,1.20711],"texture":"#5"},
"south":{"uv":[0,0,0.5,1.20711],"texture":"#5"},
"west":{"uv":[0,0,0.5,1.20711],"texture":"#2"},
"east":{"uv":[0,0,0.5,1.20711],"texture":"#2"}
}
},
{
"from":[7.8769,7.4062,30.05],
"to":[8.3269,8.492599,30.5],
"rotation":{"origin":[8.10189,8.098839,30.53734],"axis":"z","angle":-45},
"faces":{
"down":{"uv":[0,0,0.5,0.5],"texture":"#2"},
"up":{"uv":[0,0,0.5,0.5],"texture":"#2"},
"north":{"uv":[0,0,0.5,1.20711],"texture":"#5"},
"south":{"uv":[0,0,0.5,1.20711],"texture":"#5"},
"west":{"uv":[0,0,0.5,1.20711],"texture":"#2"},
"east":{"uv":[0,0,0.5,1.20711],"texture":"#2"}
}
},
{
"from":[7.453,7.7682,30.05],
"to":[8.539399,8.2182,30.5],
"faces":{
"down":{"uv":[0,0,1.20711,0.5],"texture":"#2"},
"up":{"uv":[0,0,1.20711,0.5],"texture":"#2"},
"north":{"uv":[0,0,1.20711,0.5],"texture":"#5"},
"south":{"uv":[0,0,1.20711,0.5],"texture":"#5"},
"west":{"uv":[0,0,0.5,0.5],"texture":"#2"},
"east":{"uv":[0,0,0.5,0.5],"texture":"#2"}
}
},
{
"from":[7.5446,7.9892,30.05],
"to":[8.631001,8.439199,30.5],
"rotation":{"origin":[7.77525,8.214199,31.23685],"axis":"z","angle":-45},
"faces":{
"down":{"uv":[0,0,1.20711,0.5],"texture":"#2"},
"up":{"uv":[0,0,1.20711,0.5],"texture":"#2"},
"north":{"uv":[0,0,1.20711,0.5],"texture":"#5"},
"south":{"uv":[0,0,1.20711,0.5],"texture":"#5"},
"west":{"uv":[0,0,0.5,0.5],"texture":"#2"},
"east":{"uv":[0,0,0.5,0.5],"texture":"#2"}
}
},
{
"from":[7.7712,7.45,30.5],
"to":[8.221199,7.63,30.68],
"faces":{
"down":{"uv":[0,0,0.5,0.1999998],"texture":"#2"},
"up":{"uv":[0,0,0.5,0.1999998],"texture":"#2"},
"south":{"uv":[0,0,0.5,0.1999998],"texture":"#2"},
"west":{"uv":[0,0,0.2,0.1999998],"texture":"#2"},
"east":{"uv":[0,0,0.2,0.1999998],"texture":"#2"}
}
},
{
"from":[7.4508,7.5827,30.5],
"to":[7.9008,7.7627,30.68],
"rotation":{"origin":[7.67579,7.67274,30.59],"axis":"z","angle":-45},
"faces":{
"down":{"uv":[0,0,0.5,0.1999998],"texture":"#2"},
"up":{"uv":[0,0,0.5,0.1999998],"texture":"#2"},
"north":{"uv":[0,0,0.5,0.1999998],"texture":"#2"},
"south":{"uv":[0,0,0.5,0.1999998],"texture":"#2"}
}
},
{
"from":[8.0917,8.2237,30.5],
"to":[8.541699,8.4037,30.68],
"rotation":{"origin":[8.31671,8.31366,30.59],"axis":"z","angle":-45},
"faces":{
"down":{"uv":[0,0,0.5,0.1999998],"texture":"#2"},
"up":{"uv":[0,0,0.5,0.1999998],"texture":"#2"},
"north":{"uv":[0,0,0.5,0.1999998],"texture":"#2"},
"south":{"uv":[0,0,0.5,0.1999998],"texture":"#2"}
}
},
{
"from":[7.7712,8.3564,30.5],
"to":[8.221199,8.5364,30.68],
"faces":{
"down":{"uv":[0,0,0.5,0.1999998],"texture":"#2"},
"up":{"uv":[0,0,0.5,0.1999998],"texture":"#2"},
"south":{"uv":[0,0,0.5,0.1999998],"texture":"#2"},
"west":{"uv":[0,0,0.2,0.1999998],"texture":"#2"},
"east":{"uv":[0,0,0.2,0.1999998],"texture":"#2"}
}
},
{
"from":[7.6656,7.4062,30.5],
"to":[8.115601,7.5862,30.68],
"rotation":{"origin":[7.89061,8.098839,30.98734],"axis":"z","angle":45},
"faces":{
"down":{"uv":[0,0,0.5,0.1999998],"texture":"#2"},
"up":{"uv":[0,0,0.5,0.1999998],"texture":"#2"},
"north":{"uv":[0,0,0.5,0.1999998],"texture":"#2"},
"south":{"uv":[0,0,0.5,0.1999998],"texture":"#2"}
}
},
{
"from":[7.0247,8.0472,30.5],
"to":[7.474699,8.227201,30.68],
"rotation":{"origin":[7.24969,8.739759,30.98734],"axis":"z","angle":45},
"faces":{
"down":{"uv":[0,0,0.5,0.1999998],"texture":"#2"},
"up":{"uv":[0,0,0.5,0.1999998],"texture":"#2"},
"north":{"uv":[0,0,0.5,0.1999998],"texture":"#2"},
"south":{"uv":[0,0,0.5,0.1999998],"texture":"#2"}
}
},
{
"from":[7.453,7.7682,30.5],
"to":[7.632999,8.2182,30.68],
"faces":{
"down":{"uv":[0,0,0.2,0.1999998],"texture":"#2"},
"up":{"uv":[0,0,0.2,0.1999998],"texture":"#2"},
"south":{"uv":[0,0,0.2,0.5],"texture":"#2"},
"west":{"uv":[0,0,0.2,0.5],"texture":"#2"},
"east":{"uv":[0,0,0.2,0.5],"texture":"#2"}
}
},
{
"from":[8.3594,7.7682,30.5],
"to":[8.539399,8.2182,30.68],
"faces":{
"down":{"uv":[0,0,0.2,0.1999998],"texture":"#2"},
"up":{"uv":[0,0,0.2,0.1999998],"texture":"#2"},
"south":{"uv":[0,0,0.2,0.5],"texture":"#2"},
"west":{"uv":[0,0,0.2,0.5],"texture":"#2"},
"east":{"uv":[0,0,0.2,0.5],"texture":"#2"}
}
},
{
"from":[7.5462,11.05,1.43],
"to":[8.6262,11.725,5.93],
"faces":{
"down":{"uv":[0,0,1.2,5],"texture":"#3"},
"up":{"uv":[0,0,1.2,5],"texture":"#3"},
"north":{"uv":[0,0,1.2,0.75],"texture":"#3"},
"south":{"uv":[0,0,1.2,0.75],"texture":"#3"},
"west":{"uv":[0,0,5,0.75],"texture":"#3"},
"east":{"uv":[0,0,5,0.75],"texture":"#3"}
}
},
{
"from":[7.7262,11.725,1.43],
"to":[8.446199,12.625,5.93],
"faces":{
"up":{"uv":[0,0,0.8,5],"texture":"#3"},
"north":{"uv":[0,0,0.8,1],"texture":"#3"},
"south":{"uv":[0,0,0.8,1],"texture":"#3"},
"west":{"uv":[0,0,5,1],"texture":"#3"},
"east":{"uv":[0,0,5,1],"texture":"#3"}
}
},
{
"from":[7.5808,11.5514,1.43],
"to":[8.0308,11.8214,5.93],
"rotation":{"origin":[7.80579,11.68638,3.95],"axis":"z","angle":22.5},
"faces":{
"up":{"uv":[0,0,0.5,5],"texture":"#3"},
"north":{"uv":[0,0,0.5,0.3000002],"texture":"#3"},
"south":{"uv":[0,0,0.5,0.3000002],"texture":"#3"},
"east":{"uv":[0,0,5,0.3000002],"texture":"#3"}
}
},
{
"from":[8.1417,11.5514,1.43],
"to":[8.5917,11.8214,5.93],
"rotation":{"origin":[8.36671,11.68638,3.95],"axis":"z","angle":-22.5},
"faces":{
"up":{"uv":[0,0,0.5,5],"texture":"#3"},
"north":{"uv":[0,0,0.5,0.3000002],"texture":"#3"},
"south":{"uv":[0,0,0.5,0.3000002],"texture":"#3"},
"west":{"uv":[0,0,5,0.3000002],"texture":"#3"}
}
},
{
"from":[7.5939,12.4917,1.4313],
"to":[8.1338,13.79547,5.93052],
"rotation":{"origin":[7.86384,12.82918,3.68053],"axis":"z","angle":-45},
"faces":{
"down":{"uv":[0,0,0.59989,4.99914],"texture":"#3"},
"up":{"uv":[0,0,0.59989,4.99914],"texture":"#3"},
"north":{"uv":[0,0,0.59989,1.44864],"texture":"#3"},
"south":{"uv":[0,0,0.59989,1.44864],"texture":"#3"},
"west":{"uv":[0,0,4.99914,1.44864],"texture":"#3"},
"east":{"uv":[0,0,4.99914,1.44864],"texture":"#3"}
}
},
{
"from":[7.4339,12.7813,1.4313],
"to":[8.738029,13.32153,5.931069],
"faces":{
"down":{"uv":[0,0,1.44904,4.99975],"texture":"#3"},
"up":{"uv":[0,0,1.44904,4.99975],"texture":"#3"},
"north":{"uv":[0,0,1.44904,0.6002598],"texture":"#3"},
"south":{"uv":[0,0,1.44904,0.6002598],"texture":"#3"},
"west":{"uv":[0,0,4.99975,0.6002598],"texture":"#3"},
"east":{"uv":[0,0,4.99975,0.6002598],"texture":"#3"}
}
},
{
"from":[7.5256,13.0037,1.4313],
"to":[8.829981,13.54418,5.9313],
"rotation":{"origin":[7.86307,13.27372,3.68131],"axis":"z","angle":-45},
"faces":{
"down":{"uv":[0,0,1.44932,5],"texture":"#3"},
"up":{"uv":[0,0,1.44932,5],"texture":"#3"},
"north":{"uv":[0,0,1.44932,0.6005402],"texture":"#3"},
"south":{"uv":[0,0,1.44932,0.6005402],"texture":"#3"},
"west":{"uv":[0,0,5,0.6005402],"texture":"#3"},
"east":{"uv":[0,0,5,0.6005402],"texture":"#3"}
}
},
{
"from":[7.8153,12.4,1.4313],
"to":[8.35621,13.70328,5.92999],
"faces":{
"up":{"uv":[0,0,0.60102,4.99855],"texture":"#3"},
"north":{"uv":[0,0,0.60102,1.44809],"texture":"#3"},
"south":{"uv":[0,0,0.60102,1.44809],"texture":"#3"},
"west":{"uv":[0,0,4.99855,1.44809],"texture":"#3"},
"east":{"uv":[0,0,4.99855,1.44809],"texture":"#3"}
}
},
{
"from":[7.0989,11.8437,1.6994],
"to":[7.53082,12.88671,4.3994],
"rotation":{"origin":[7.31478,12.11367,4.54383],"axis":"z","angle":-45},
"faces":{
"down":{"uv":[0,0,0.47991,3],"texture":"#3"},
"up":{"uv":[0,0,0.47991,3],"texture":"#3"},
"north":{"uv":[0,0,0.47991,1.15891],"texture":"#3"},
"south":{"uv":[0,0,0.47991,1.15891],"texture":"#3"},
"west":{"uv":[0,0,3,1.15891],"texture":"#3"},
"east":{"uv":[0,0,3,1.15891],"texture":"#3"}
}
},
{
"from":[6.9708,12.0754,1.6994],
"to":[8.0141,12.50759,4.3994],
"faces":{
"down":{"uv":[0,0,1.15923,3],"texture":"#3"},
"up":{"uv":[0,0,1.15923,3],"texture":"#3"},
"north":{"uv":[0,0,1.15923,0.4801998],"texture":"#3"},
"south":{"uv":[0,0,1.15923,0.4801998],"texture":"#3"},
"west":{"uv":[0,0,3,0.4801998],"texture":"#3"}
}
},
{
"from":[7.0442,12.2533,1.6994],
"to":[8.08771,12.68569,4.3994],
"rotation":{"origin":[7.31416,12.4693,4.54445],"axis":"z","angle":-45},
"faces":{
"down":{"uv":[0,0,1.15945,3],"texture":"#3"},
"up":{"uv":[0,0,1.15945,3],"texture":"#3"},
"north":{"uv":[0,0,1.15945,0.4804296],"texture":"#3"},
"south":{"uv":[0,0,1.15945,0.4804296],"texture":"#3"},
"west":{"uv":[0,0,3,0.4804296],"texture":"#3"}
}
},
{
"from":[7.2766,11.77,1.7],
"to":[7.70933,12.81263,4.4],
"faces":{
"down":{"uv":[0,0,0.48081,3],"texture":"#3"},
"up":{"uv":[0,0,0.48081,3],"texture":"#3"},
"north":{"uv":[0,0,0.48081,1.15847],"texture":"#3"},
"south":{"uv":[0,0,0.48081,1.15847],"texture":"#3"},
"west":{"uv":[0,0,3,1.15847],"texture":"#3"},
"east":{"uv":[0,0,3,1.15847],"texture":"#3"}
}
},
{
"from":[8.2695,11.8445,1.6995],
"to":[8.70142,12.88752,4.3995],
"rotation":{"origin":[8.48538,12.11453,4.54395],"axis":"z","angle":-45},
"faces":{
"up":{"uv":[0,0,0.47991,3],"texture":"#3"},
"north":{"uv":[0,0,0.47991,1.15891],"texture":"#3"},
"south":{"uv":[0,0,0.47991,1.15891],"texture":"#3"},
"west":{"uv":[0,0,3,1.15891],"texture":"#3"},
"east":{"uv":[0,0,3,1.15891],"texture":"#3"}
}
},
{
"from":[8.141399,12.0762,1.6995],
"to":[9.184699,12.50838,4.3995],
"faces":{
"down":{"uv":[0,0,1.15923,3],"texture":"#3"},
"up":{"uv":[0,0,1.15923,3],"texture":"#3"},
"north":{"uv":[0,0,1.15923,0.4801998],"texture":"#3"},
"south":{"uv":[0,0,1.15923,0.4801998],"texture":"#3"},
"east":{"uv":[0,0,3,0.4801998],"texture":"#3"}
}
},
{
"from":[8.2148,12.2542,1.6995],
"to":[9.25831,12.68659,4.3995],
"rotation":{"origin":[8.48476,12.47016,4.54457],"axis":"z","angle":-45},
"faces":{
"down":{"uv":[0,0,1.15945,3],"texture":"#3"},
"up":{"uv":[0,0,1.15945,3],"texture":"#3"},
"north":{"uv":[0,0,1.15945,0.4804296],"texture":"#3"},
"south":{"uv":[0,0,1.15945,0.4804296],"texture":"#3"},
"west":{"uv":[0,0,3,0.4804296],"texture":"#3"},
"east":{"uv":[0,0,3,0.4804296],"texture":"#3"}
}
},
{
"from":[8.446199,11.77,1.7],
"to":[8.878929,12.81263,4.4],
"faces":{
"down":{"uv":[0,0,0.48081,3],"texture":"#3"},
"up":{"uv":[0,0,0.48081,3],"texture":"#3"},
"north":{"uv":[0,0,0.48081,1.15847],"texture":"#3"},
"south":{"uv":[0,0,0.48081,1.15847],"texture":"#3"},
"west":{"uv":[0,0,3,1.15847],"texture":"#3"},
"east":{"uv":[0,0,3,1.15847],"texture":"#3"}
}
},
{
"from":[7.6566,12.6533,0.98],
"to":[8.08852,13.69632,6.38],
"rotation":{"origin":[7.87248,12.92334,8.14427],"axis":"z","angle":-45},
"faces":{
"down":{"uv":[0,0,0.47991,6],"texture":"#2"},
"up":{"uv":[0,0,0.47991,6],"texture":"#2"},
"north":{"uv":[0,0,0.47991,1.15891],"texture":"#5"},
"south":{"uv":[0,0,0.47991,1.15891],"texture":"#5"},
"west":{"uv":[0,0,6,1.15891],"texture":"#2"},
"east":{"uv":[0,0,6,1.15891],"texture":"#2"}
}
},
{
"from":[7.5285,12.885,0.98],
"to":[8.5718,13.31718,6.38],
"faces":{
"down":{"uv":[0,0,1.15923,6],"texture":"#2"},
"up":{"uv":[0,0,1.15923,6],"texture":"#2"},
"north":{"uv":[0,0,1.15923,0.4801998],"texture":"#5"},
"south":{"uv":[0,0,1.15923,0.4801998],"texture":"#5"},
"west":{"uv":[0,0,6,0.4801998],"texture":"#2"},
"east":{"uv":[0,0,6,0.4801998],"texture":"#2"}
}
},
{
"from":[7.6019,13.063,0.98],
"to":[8.645409,13.49539,6.38],
"rotation":{"origin":[7.87186,13.27897,8.14489],"axis":"z","angle":-45},
"faces":{
"down":{"uv":[0,0,1.15945,6],"texture":"#2"},
"up":{"uv":[0,0,1.15945,6],"texture":"#2"},
"north":{"uv":[0,0,1.15945,0.4804296],"texture":"#5"},
"south":{"uv":[0,0,1.15945,0.4804296],"texture":"#5"},
"west":{"uv":[0,0,6,0.4804296],"texture":"#2"},
"east":{"uv":[0,0,6,0.4804296],"texture":"#2"}
}
},
{
"from":[7.8335,12.58,0.98],
"to":[8.26623,13.62263,6.38],
"faces":{
"down":{"uv":[0,0,0.48081,6],"texture":"#2"},
"up":{"uv":[0,0,0.48081,6],"texture":"#2"},
"north":{"uv":[0,0,0.48081,1.15847],"texture":"#5"},
"south":{"uv":[0,0,0.48081,1.15847],"texture":"#5"},
"west":{"uv":[0,0,6,1.15847],"texture":"#2"},
"east":{"uv":[0,0,6,1.15847],"texture":"#2"}
}
},
{
"from":[7.8335,12.58,6.38],
"to":[8.26623,12.76,6.559999],
"faces":{
"down":{"uv":[0,0,0.48081,0.1999998],"texture":"#2"},
"up":{"uv":[0,0,0.48081,0.1999998],"texture":"#2"},
"south":{"uv":[0,0,0.48081,0.1999998],"texture":"#2"},
"west":{"uv":[0,0,0.2,0.1999998],"texture":"#2"},
"east":{"uv":[0,0,0.2,0.1999998],"texture":"#2"}
}
},
{
"from":[7.5276,12.7061,6.3807],
"to":[7.96033,12.8861,6.560699],
"rotation":{"origin":[7.74398,12.79612,6.4707],"axis":"z","angle":-45},
"faces":{
"down":{"uv":[0,0,0.48081,0.1999998],"texture":"#2"},
"up":{"uv":[0,0,0.48081,0.1999998],"texture":"#2"},
"north":{"uv":[0,0,0.48081,0.1999998],"texture":"#2"},
"south":{"uv":[0,0,0.48081,0.1999998],"texture":"#2"}
}
},
{
"from":[7.5268,12.8852,6.3814],
"to":[7.7068,13.31793,6.561399],
"faces":{
"down":{"uv":[0,0,0.2,0.1999998],"texture":"#2"},
"up":{"uv":[0,0,0.2,0.1999998],"texture":"#2"},
"south":{"uv":[0,0,0.2,0.4808102],"texture":"#2"},
"west":{"uv":[0,0,0.2,0.4808102],"texture":"#2"},
"east":{"uv":[0,0,0.2,0.4808102],"texture":"#2"}
}
},
{
"from":[7.6529,13.1912,6.3818],
"to":[7.8329,13.62393,6.5618],
"rotation":{"origin":[7.74292,13.40755,6.47177],"axis":"z","angle":-45},
"faces":{
"north":{"uv":[0,0,0.2,0.4808102],"texture":"#2"},
"south":{"uv":[0,0,0.2,0.4808102],"texture":"#2"},
"west":{"uv":[0,0,0.2,0.4808102],"texture":"#2"},
"east":{"uv":[0,0,0.2,0.4808102],"texture":"#2"}
}
},
{
"from":[7.8308,13.4442,6.3833],
"to":[8.26353,13.6242,6.5633],
"faces":{
"down":{"uv":[0,0,0.48081,0.1999998],"texture":"#2"},
"up":{"uv":[0,0,0.48081,0.1999998],"texture":"#2"},
"south":{"uv":[0,0,0.48081,0.1999998],"texture":"#2"},
"west":{"uv":[0,0,0.2,0.1999998],"texture":"#2"},
"east":{"uv":[0,0,0.2,0.1999998],"texture":"#2"}
}
},
{
"from":[8.1362,13.3175,6.3836],
"to":[8.568939,13.4975,6.5636],
"rotation":{"origin":[8.35254,13.40754,6.47359],"axis":"z","angle":-45},
"faces":{
"down":{"uv":[0,0,0.48081,0.1999998],"texture":"#2"},
"up":{"uv":[0,0,0.48081,0.1999998],"texture":"#2"},
"north":{"uv":[0,0,0.48081,0.1999998],"texture":"#2"},
"south":{"uv":[0,0,0.48081,0.1999998],"texture":"#2"}
}
},
{
"from":[8.3892,12.887,6.3821],
"to":[8.569201,13.31973,6.562099],
"faces":{
"down":{"uv":[0,0,0.2,0.1999998],"texture":"#2"},
"up":{"uv":[0,0,0.2,0.1999998],"texture":"#2"},
"south":{"uv":[0,0,0.2,0.4808102],"texture":"#2"},
"west":{"uv":[0,0,0.2,0.4808102],"texture":"#2"},
"east":{"uv":[0,0,0.2,0.4808102],"texture":"#2"}
}
},
{
"from":[8.263599,12.5823,6.38],
"to":[8.443599,13.01503,6.559999],
"rotation":{"origin":[8.3536,12.79867,6.46996],"axis":"z","angle":-45},
"faces":{
"north":{"uv":[0,0,0.2,0.4808102],"texture":"#2"},
"south":{"uv":[0,0,0.2,0.4808102],"texture":"#2"},
"west":{"uv":[0,0,0.2,0.4808102],"texture":"#2"},
"east":{"uv":[0,0,0.2,0.4808102],"texture":"#2"}
}
},
{
"from":[7.827,12.5885,0.7967],
"to":[8.259729,12.7685,0.9767],
"faces":{
"down":{"uv":[0,0,0.48081,0.1999998],"texture":"#2"},
"up":{"uv":[0,0,0.48081,0.1999998],"texture":"#2"},
"north":{"uv":[0,0,0.48081,0.1999998],"texture":"#2"},
"west":{"uv":[0,0,0.2,0.1999998],"texture":"#2"},
"east":{"uv":[0,0,0.2,0.1999998],"texture":"#2"}
}
},
{
"from":[7.5211,12.7146,0.7974],
"to":[7.95383,12.8946,0.9774],
"rotation":{"origin":[7.73743,12.80459,0.8874302],"axis":"z","angle":-45},
"faces":{
"down":{"uv":[0,0,0.48081,0.1999998],"texture":"#2"},
"up":{"uv":[0,0,0.48081,0.1999998],"texture":"#2"},
"north":{"uv":[0,0,0.48081,0.1999998],"texture":"#2"},
"south":{"uv":[0,0,0.48081,0.1999998],"texture":"#2"}
}
},
{
"from":[7.5203,12.8937,0.7982],
"to":[7.7003,13.32643,0.9782],
"faces":{
"down":{"uv":[0,0,0.2,0.1999998],"texture":"#2"},
"up":{"uv":[0,0,0.2,0.1999998],"texture":"#2"},
"north":{"uv":[0,0,0.2,0.4808102],"texture":"#2"},
"west":{"uv":[0,0,0.2,0.4808102],"texture":"#2"},
"east":{"uv":[0,0,0.2,0.4808102],"texture":"#2"}
}
},
{
"from":[7.6464,13.1997,0.7985],
"to":[7.8264,13.63243,0.9785],
"rotation":{"origin":[7.73636,13.41603,0.8885002],"axis":"z","angle":-45},
"faces":{
"north":{"uv":[0,0,0.2,0.4808102],"texture":"#2"},
"south":{"uv":[0,0,0.2,0.4808102],"texture":"#2"},
"west":{"uv":[0,0,0.2,0.4808102],"texture":"#2"},
"east":{"uv":[0,0,0.2,0.4808102],"texture":"#2"}
}
},
{
"from":[7.8242,13.4526,0.8],
"to":[8.256929,13.6326,0.9799999],
"faces":{
"down":{"uv":[0,0,0.48081,0.1999998],"texture":"#2"},
"up":{"uv":[0,0,0.48081,0.1999998],"texture":"#2"},
"north":{"uv":[0,0,0.48081,0.1999998],"texture":"#2"},
"west":{"uv":[0,0,0.2,0.1999998],"texture":"#2"},
"east":{"uv":[0,0,0.2,0.1999998],"texture":"#2"}
}
},
{
"from":[8.1296,13.326,0.8003],
"to":[8.56233,13.506,0.9802999],
"rotation":{"origin":[8.34598,13.41601,0.8903198],"axis":"z","angle":-45},
"faces":{
"down":{"uv":[0,0,0.48081,0.1999998],"texture":"#2"},
"up":{"uv":[0,0,0.48081,0.1999998],"texture":"#2"},
"north":{"uv":[0,0,0.48081,0.1999998],"texture":"#2"},
"south":{"uv":[0,0,0.48081,0.1999998],"texture":"#2"}
}
},
{
"from":[8.3826,12.8954,0.7988],
"to":[8.5626,13.32813,0.9788],
"faces":{
"down":{"uv":[0,0,0.2,0.1999998],"texture":"#2"},
"up":{"uv":[0,0,0.2,0.1999998],"texture":"#2"},
"north":{"uv":[0,0,0.2,0.4808102],"texture":"#2"},
"west":{"uv":[0,0,0.2,0.4808102],"texture":"#2"},
"east":{"uv":[0,0,0.2,0.4808102],"texture":"#2"}
}
},
{
"from":[8.257,12.5908,0.7967],
"to":[8.437,13.02353,0.9767],
"rotation":{"origin":[8.34705,12.80715,0.8866901],"axis":"z","angle":-45},
"faces":{
"north":{"uv":[0,0,0.2,0.4808102],"texture":"#2"},
"south":{"uv":[0,0,0.2,0.4808102],"texture":"#2"},
"west":{"uv":[0,0,0.2,0.4808102],"texture":"#2"},
"east":{"uv":[0,0,0.2,0.4808102],"texture":"#2"}
}
},
{
"from":[7.9965,12.8502,3.3648],
"to":[8.169271,13.9302,3.78201],
"rotation":{"origin":[8.08229,13.49559,3.57367],"axis":"y","angle":45},
"faces":{
"up":{"uv":[0,0,0.19196,0.4635601],"texture":"#5"},
"north":{"uv":[0,0,0.19196,1.2],"texture":"#2"},
"south":{"uv":[0,0,0.19196,1.2],"texture":"#2"},
"west":{"uv":[0,0,0.46356,1.2],"texture":"#2"},
"east":{"uv":[0,0,0.46356,1.2],"texture":"#2"}
}
},
{
"from":[7.874,12.8502,3.4866],
"to":[8.29132,13.9302,3.65947],
"faces":{
"up":{"uv":[0,0,0.46369,0.1920795],"texture":"#5"},
"north":{"uv":[0,0,0.46369,1.2],"texture":"#2"},
"south":{"uv":[0,0,0.46369,1.2],"texture":"#2"},
"west":{"uv":[0,0,0.19208,1.2],"texture":"#2"},
"east":{"uv":[0,0,0.19208,1.2],"texture":"#2"}
}
},
{
"from":[7.8743,12.8502,3.487],
"to":[8.29171,13.9302,3.65995],
"rotation":{"origin":[8.08229,13.49559,3.57367],"axis":"y","angle":45},
"faces":{
"up":{"uv":[0,0,0.46378,0.1921701],"texture":"#5"},
"north":{"uv":[0,0,0.46378,1.2],"texture":"#2"},
"south":{"uv":[0,0,0.46378,1.2],"texture":"#2"},
"west":{"uv":[0,0,0.19217,1.2],"texture":"#2"},
"east":{"uv":[0,0,0.19217,1.2],"texture":"#2"}
}
},
{
"from":[7.9962,12.85,3.3649],
"to":[8.16929,13.93,3.78196],
"faces":{
"up":{"uv":[0,0,0.19233,0.4633904],"texture":"#5"},
"north":{"uv":[0,0,0.19233,1.2],"texture":"#2"},
"south":{"uv":[0,0,0.19233,1.2],"texture":"#2"},
"west":{"uv":[0,0,0.46339,1.2],"texture":"#2"},
"east":{"uv":[0,0,0.46339,1.2],"texture":"#2"}
}
}
],
"display":{
"thirdperson_righthand":{
"rotation":[40,180,0],
"translation":[0,3.5,1],
"scale":[0.55,0.55,0.55]
},
"thirdperson_lefthand":{
"rotation":[40,180,0],
"translation":[0,3.5,1],
"scale":[0.55,0.55,0.55]
},
"firstperson_righthand":{
"rotation":[0,180,0],
"translation":[-2.5,3.5,-2],
"scale":[0.6,0.6,0.6]
},
"firstperson_lefthand":{
"rotation":[0,180,0],
"translation":[-2.5,3.5,-2],
"scale":[0.6,0.6,0.6]
},
"gui":{
"rotation":[-15,-50,0],
"translation":[0.5,0,0],
"scale":[0.45,0.45,0.45]
},
"head":{
"rotation":[0,180,0],
"translation":[0,12,0],
"scale":[0.6,0.6,0.6]
},
"ground":{
"rotation":[0,0,-90],
"scale":[0.6,0.6,0.6]
},
"fixed":{
"rotation":[0,-90,0],
"translation":[0,0,-1]
}
}
}