{
"__comment":"Made by Arhippa, guncolony.com ©",
"textures":{
"1":"guns/normalguntexture",
"2":"guns/reddot"
},
"elements":[
{
"from":[5.7,12.45,11],
"to":[12.25,14.85,22.625],
"faces":{
"down":{"uv":[4,1,5,2],"texture":"#1"},
"up":{"uv":[4,1,5,2],"texture":"#1"},
"north":{"uv":[4,1,5,2],"texture":"#1"},
"south":{"uv":[4,1,5,2],"texture":"#1"},
"west":{"uv":[4,1,5,2],"texture":"#1"},
"east":{"uv":[4,1,5,2],"texture":"#1"}
}
},
{
"from":[8.308499,0.1769,11],
"to":[10.9585,3.5769,22.625],
"faces":{
"down":{"uv":[4,1,5,2],"texture":"#1"},
"up":{"uv":[4,1,5,2],"texture":"#1"},
"north":{"uv":[4,1,5,2],"texture":"#1"},
"south":{"uv":[4,1,5,2],"texture":"#1"},
"west":{"uv":[4,1,5,2],"texture":"#1"},
"east":{"uv":[4,1,5,2],"texture":"#1"}
}
},
{
"from":[1.5,6.815,11],
"to":[3.525,10.25,22.625],
"faces":{
"down":{"uv":[4,1,5,2],"texture":"#1"},
"up":{"uv":[4,1,5,2],"texture":"#1"},
"north":{"uv":[4,1,5,2],"texture":"#1"},
"south":{"uv":[4,1,5,2],"texture":"#1"},
"west":{"uv":[4,1,5,2],"texture":"#1"},
"east":{"uv":[4,1,5,2],"texture":"#1"}
}
},
{
"from":[9.375,14.1,14.375],
"to":[11.49784,17.735,19.5],
"rotation":{"origin":[10.43642,16.2675,16.9375],"axis":"y","angle":-22.5},
"faces":{
"down":{"uv":[5,3,6,4],"texture":"#1"},
"up":{"uv":[5,3,6,4],"texture":"#1"},
"north":{"uv":[5,3,6,4],"texture":"#1"},
"south":{"uv":[5,3,6,4],"texture":"#1"},
"west":{"uv":[5,3,6,4],"texture":"#1"},
"east":{"uv":[5,3,6,4],"texture":"#1"}
}
},
{
"from":[15.75,4.126,15.2753],
"to":[18.95,11.126,18.17479],
"rotation":{"origin":[17.35,7.62596,16.725],"axis":"x","angle":22.5},
"faces":{
"down":{"uv":[5,3,6,4],"texture":"#1"},
"up":{"uv":[5,3,6,4],"texture":"#1"},
"north":{"uv":[5,3,6,4],"texture":"#1"},
"south":{"uv":[5,3,6,4],"texture":"#1"},
"west":{"uv":[5,3,6,4],"texture":"#1"},
"east":{"uv":[5,3,6,4],"texture":"#1"}
}
},
{
"from":[4.75,-4.31,1.5],
"to":[11.25,-0.125,20.875],
"faces":{
"down":{"uv":[5,3,6,4],"texture":"#1"},
"up":{"uv":[5,3,6,4],"texture":"#1"},
"north":{"uv":[5,3,6,4],"texture":"#1"},
"south":{"uv":[5,3,6,4],"texture":"#1"},
"west":{"uv":[5,3,6,4],"texture":"#1"},
"east":{"uv":[5,3,6,4],"texture":"#1"}
}
},
{
"from":[4.75,-0.125,1.5],
"to":[11.25,3.81,10.375],
"faces":{
"down":{"uv":[5,3,6,4],"texture":"#1"},
"up":{"uv":[5,3,6,4],"texture":"#1"},
"north":{"uv":[5,3,6,4],"texture":"#1"},
"south":{"uv":[5,3,6,4],"texture":"#1"},
"west":{"uv":[5,3,6,4],"texture":"#1"},
"east":{"uv":[5,3,6,4],"texture":"#1"}
}
},
{
"from":[4.85,2,1.5],
"to":[7.15,8.309999,10.375],
"rotation":{"origin":[4.85,2,1.5],"axis":"z","angle":45},
"faces":{
"down":{"uv":[5,3,6,4],"texture":"#1"},
"up":{"uv":[5,3,6,4],"texture":"#1"},
"north":{"uv":[5,3,6,4],"texture":"#1"},
"south":{"uv":[5,3,6,4],"texture":"#1"},
"west":{"uv":[5,3,6,4],"texture":"#1"},
"east":{"uv":[5,3,6,4],"texture":"#1"}
}
},
{
"from":[4.85,7.94,1.5],
"to":[7.15,14.25,10.375],
"rotation":{"origin":[4.85,14.25,1.5],"axis":"z","angle":-45},
"faces":{
"down":{"uv":[5,3,6,4],"texture":"#1"},
"up":{"uv":[5,3,6,4],"texture":"#1"},
"north":{"uv":[5,3,6,4],"texture":"#1"},
"south":{"uv":[5,3,6,4],"texture":"#1"},
"west":{"uv":[5,3,6,4],"texture":"#1"},
"east":{"uv":[5,3,6,4],"texture":"#1"}
}
},
{
"from":[11.15,2,1.5],
"to":[17.46,4.3,10.375],
"rotation":{"origin":[11.15,2,1.5],"axis":"z","angle":45},
"faces":{
"down":{"uv":[5,3,6,4],"texture":"#1"},
"up":{"uv":[5,3,6,4],"texture":"#1"},
"north":{"uv":[5,3,6,4],"texture":"#1"},
"south":{"uv":[5,3,6,4],"texture":"#1"},
"west":{"uv":[5,3,6,4],"texture":"#1"},
"east":{"uv":[5,3,6,4],"texture":"#1"}
}
},
{
"from":[11.15,11.95,1.5],
"to":[17.46,14.25,10.375],
"rotation":{"origin":[11.15,14.25,1.5],"axis":"z","angle":-45},
"faces":{
"down":{"uv":[5,3,6,4],"texture":"#1"},
"up":{"uv":[5,3,6,4],"texture":"#1"},
"north":{"uv":[5,3,6,4],"texture":"#1"},
"south":{"uv":[5,3,6,4],"texture":"#1"},
"west":{"uv":[5,3,6,4],"texture":"#1"},
"east":{"uv":[5,3,6,4],"texture":"#1"}
}
},
{
"from":[4.85,12.5,1.5],
"to":[11.15,14.25,10.375],
"faces":{
"down":{"uv":[5,3,6,4],"texture":"#1"},
"up":{"uv":[5,3,6,4],"texture":"#1"},
"north":{"uv":[5,3,6,4],"texture":"#1"},
"south":{"uv":[5,3,6,4],"texture":"#1"},
"west":{"uv":[5,3,6,4],"texture":"#1"},
"east":{"uv":[5,3,6,4],"texture":"#1"}
}
},
{
"from":[13,6.465,1.5],
"to":[15.625,9.775,10.375],
"faces":{
"down":{"uv":[5,3,6,4],"texture":"#1"},
"up":{"uv":[5,3,6,4],"texture":"#1"},
"north":{"uv":[5,3,6,4],"texture":"#1"},
"south":{"uv":[5,3,6,4],"texture":"#1"},
"west":{"uv":[5,3,6,4],"texture":"#1"},
"east":{"uv":[5,3,6,4],"texture":"#1"}
}
},
{
"from":[10.25,12.25,11],
"to":[13.625,13.935,22.625],
"rotation":{"origin":[10.25,12.25,11],"axis":"z","angle":-45},
"faces":{
"down":{"uv":[4,1,5,2],"texture":"#1"},
"up":{"uv":[4,1,5,2],"texture":"#1"},
"north":{"uv":[4,1,5,2],"texture":"#1"},
"south":{"uv":[4,1,5,2],"texture":"#1"},
"west":{"uv":[4,1,5,2],"texture":"#1"},
"east":{"uv":[4,1,5,2],"texture":"#1"}
}
},
{
"from":[0.375,6.465,1.5],
"to":[3,9.775,10.375],
"faces":{
"down":{"uv":[5,3,6,4],"texture":"#1"},
"up":{"uv":[5,3,6,4],"texture":"#1"},
"north":{"uv":[5,3,6,4],"texture":"#1"},
"south":{"uv":[5,3,6,4],"texture":"#1"},
"west":{"uv":[5,3,6,4],"texture":"#1"},
"east":{"uv":[5,3,6,4],"texture":"#1"}
}
},
{
"from":[3.875,3.875,-8.5938],
"to":[12.125,12.125,-8.5928],
"faces":{
"south":{"uv":[4.5,4.5,11.5,11.5],"texture":"#2"}
}
},
{
"from":[7.8739,14.8,15.8761],
"to":[12.9989,17.735,17.99894],
"rotation":{"origin":[10.43642,16.2675,16.9375],"axis":"y","angle":22.5},
"faces":{
"down":{"uv":[5,3,6,4],"texture":"#1"},
"up":{"uv":[5,3,6,4],"texture":"#1"},
"north":{"uv":[5,3,6,4],"texture":"#1"},
"south":{"uv":[5,3,6,4],"texture":"#1"},
"west":{"uv":[5,3,6,4],"texture":"#1"},
"east":{"uv":[5,3,6,4],"texture":"#1"}
}
},
{
"from":[7.8739,14.1,15.8761],
"to":[12.9989,17.735,17.99894],
"rotation":{"origin":[10.43642,16.2675,16.9375],"axis":"y","angle":-22.5},
"faces":{
"down":{"uv":[5,3,6,4],"texture":"#1"},
"up":{"uv":[5,3,6,4],"texture":"#1"},
"north":{"uv":[5,3,6,4],"texture":"#1"},
"south":{"uv":[5,3,6,4],"texture":"#1"},
"west":{"uv":[5,3,6,4],"texture":"#1"},
"east":{"uv":[5,3,6,4],"texture":"#1"}
}
},
{
"from":[9.375,14.1,14.375],
"to":[11.49784,17.735,19.5],
"rotation":{"origin":[10.43642,16.2675,16.9375],"axis":"y","angle":22.5},
"faces":{
"down":{"uv":[5,3,6,4],"texture":"#1"},
"up":{"uv":[5,3,6,4],"texture":"#1"},
"north":{"uv":[5,3,6,4],"texture":"#1"},
"south":{"uv":[5,3,6,4],"texture":"#1"},
"west":{"uv":[5,3,6,4],"texture":"#1"},
"east":{"uv":[5,3,6,4],"texture":"#1"}
}
},
{
"from":[15.75,4.126,15.2753],
"to":[18.95,11.126,18.17479],
"rotation":{"origin":[17.35,7.62596,16.725],"axis":"x","angle":-22.5},
"faces":{
"down":{"uv":[5,3,6,4],"texture":"#1"},
"up":{"uv":[5,3,6,4],"texture":"#1"},
"north":{"uv":[5,3,6,4],"texture":"#1"},
"south":{"uv":[5,3,6,4],"texture":"#1"},
"west":{"uv":[5,3,6,4],"texture":"#1"},
"east":{"uv":[5,3,6,4],"texture":"#1"}
}
},
{
"from":[15.75,6.1762,13.225],
"to":[18.95,9.07569,20.225],
"rotation":{"origin":[17.35,7.62596,16.725],"axis":"x","angle":22.5},
"faces":{
"down":{"uv":[5,3,6,4],"texture":"#1"},
"up":{"uv":[5,3,6,4],"texture":"#1"},
"north":{"uv":[5,3,6,4],"texture":"#1"},
"south":{"uv":[5,3,6,4],"texture":"#1"},
"west":{"uv":[5,3,6,4],"texture":"#1"},
"east":{"uv":[5,3,6,4],"texture":"#1"}
}
},
{
"from":[15.75,6.1762,13.225],
"to":[18.95,9.07569,20.225],
"rotation":{"origin":[17.35,7.62596,16.725],"axis":"x","angle":-22.5},
"faces":{
"down":{"uv":[5,3,6,4],"texture":"#1"},
"up":{"uv":[5,3,6,4],"texture":"#1"},
"north":{"uv":[5,3,6,4],"texture":"#1"},
"south":{"uv":[5,3,6,4],"texture":"#1"},
"west":{"uv":[5,3,6,4],"texture":"#1"},
"east":{"uv":[5,3,6,4],"texture":"#1"}
}
},
{
"from":[10.7891,10.2227,-0.125],
"to":[11.6891,12.2118,26.25],
"rotation":{"origin":[11.23909,11.21723,13.0625],"axis":"z","angle":45},
"faces":{
"down":{"uv":[4,1,5,2],"texture":"#1","cullface":"west"},
"up":{"uv":[4,1,5,2],"texture":"#1","cullface":"west"},
"north":{"uv":[4,1,5,2],"texture":"#1"},
"south":{"uv":[4,1,5,2],"texture":"#1"},
"west":{"uv":[4,1,5,2],"texture":"#1"},
"east":{"uv":[4,1,5,2],"texture":"#1","cullface":"west"}
}
},
{
"from":[11.7754,8.7466,-0.125],
"to":[12.6754,10.7357,26.25],
"rotation":{"origin":[12.2254,9.74113,13.0625],"axis":"z","angle":22.5},
"faces":{
"down":{"uv":[4,1,5,2],"texture":"#1","cullface":"west"},
"up":{"uv":[4,1,5,2],"texture":"#1","cullface":"west"},
"north":{"uv":[4,1,5,2],"texture":"#1"},
"south":{"uv":[4,1,5,2],"texture":"#1"},
"west":{"uv":[4,1,5,2],"texture":"#1"},
"east":{"uv":[4,1,5,2],"texture":"#1"}
}
},
{
"from":[12.1217,7.0054,-0.125],
"to":[13.0217,8.994499,26.25],
"faces":{
"down":{"uv":[4,1,5,2],"texture":"#1","cullface":"west"},
"up":{"uv":[4,1,5,2],"texture":"#1","cullface":"west"},
"north":{"uv":[4,1,5,2],"texture":"#1"},
"south":{"uv":[4,1,5,2],"texture":"#1"},
"west":{"uv":[4,1,5,2],"texture":"#1"},
"east":{"uv":[4,1,5,2],"texture":"#1"}
}
},
{
"from":[8.7684,11.7535,-0.125],
"to":[10.7575,12.6535,26.25],
"rotation":{"origin":[9.76299,12.20354,13.0625],"axis":"z","angle":-22.5},
"faces":{
"down":{"uv":[4,1,5,2],"texture":"#1"},
"up":{"uv":[4,1,5,2],"texture":"#1"},
"north":{"uv":[4,1,5,2],"texture":"#1"},
"south":{"uv":[4,1,5,2],"texture":"#1"},
"west":{"uv":[4,1,5,2],"texture":"#1","cullface":"west"},
"east":{"uv":[4,1,5,2],"texture":"#1","cullface":"west"}
}
},
{
"from":[7.0272,12.0999,-0.125],
"to":[9.0163,12.9999,26.25],
"faces":{
"down":{"uv":[4,1,5,2],"texture":"#1"},
"up":{"uv":[4,1,5,2],"texture":"#1"},
"north":{"uv":[4,1,5,2],"texture":"#1"},
"south":{"uv":[4,1,5,2],"texture":"#1"},
"west":{"uv":[4,1,5,2],"texture":"#1","cullface":"west"},
"east":{"uv":[4,1,5,2],"texture":"#1","cullface":"west"}
}
},
{
"from":[5.2861,11.7535,-0.125],
"to":[7.2752,12.6535,26.25],
"rotation":{"origin":[6.28061,12.20354,13.0625],"axis":"z","angle":22.5},
"faces":{
"down":{"uv":[4,1,5,2],"texture":"#1"},
"up":{"uv":[4,1,5,2],"texture":"#1"},
"north":{"uv":[4,1,5,2],"texture":"#1"},
"south":{"uv":[4,1,5,2],"texture":"#1"},
"west":{"uv":[4,1,5,2],"texture":"#1","cullface":"west"},
"east":{"uv":[4,1,5,2],"texture":"#1","cullface":"west"}
}
},
{
"from":[3.81,10.7672,-0.125],
"to":[5.7991,11.6672,26.25],
"rotation":{"origin":[4.80451,11.21723,13.0625],"axis":"z","angle":45},
"faces":{
"down":{"uv":[4,1,5,2],"texture":"#1"},
"up":{"uv":[4,1,5,2],"texture":"#1"},
"north":{"uv":[4,1,5,2],"texture":"#1"},
"south":{"uv":[4,1,5,2],"texture":"#1"},
"west":{"uv":[4,1,5,2],"texture":"#1","cullface":"west"},
"east":{"uv":[4,1,5,2],"texture":"#1","cullface":"west"}
}
},
{
"from":[3.3682,8.7466,-0.125],
"to":[4.2682,10.7357,26.25],
"rotation":{"origin":[3.8182,9.74113,13.0625],"axis":"z","angle":-22.5},
"faces":{
"down":{"uv":[4,1,5,2],"texture":"#1","cullface":"west"},
"up":{"uv":[4,1,5,2],"texture":"#1","cullface":"west"},
"north":{"uv":[4,1,5,2],"texture":"#1"},
"south":{"uv":[4,1,5,2],"texture":"#1"},
"west":{"uv":[4,1,5,2],"texture":"#1"},
"east":{"uv":[4,1,5,2],"texture":"#1"}
}
},
{
"from":[3.0219,7.0054,-0.125],
"to":[3.9219,8.994499,26.25],
"faces":{
"down":{"uv":[4,1,5,2],"texture":"#1","cullface":"west"},
"up":{"uv":[4,1,5,2],"texture":"#1","cullface":"west"},
"north":{"uv":[4,1,5,2],"texture":"#1"},
"south":{"uv":[4,1,5,2],"texture":"#1"},
"west":{"uv":[4,1,5,2],"texture":"#1"},
"east":{"uv":[4,1,5,2],"texture":"#1"}
}
},
{
"from":[3.3682,5.2642,-0.125],
"to":[4.2682,7.2533,26.25],
"rotation":{"origin":[3.8182,6.25875,13.0625],"axis":"z","angle":22.5},
"faces":{
"down":{"uv":[4,1,5,2],"texture":"#1","cullface":"west"},
"up":{"uv":[4,1,5,2],"texture":"#1","cullface":"west"},
"north":{"uv":[4,1,5,2],"texture":"#1"},
"south":{"uv":[4,1,5,2],"texture":"#1"},
"west":{"uv":[4,1,5,2],"texture":"#1"},
"east":{"uv":[4,1,5,2],"texture":"#1"}
}
},
{
"from":[4.3545,3.7881,-0.125],
"to":[5.254499,5.7772,26.25],
"rotation":{"origin":[4.80451,4.78265,13.0625],"axis":"z","angle":45},
"faces":{
"down":{"uv":[4,1,5,2],"texture":"#1","cullface":"west"},
"up":{"uv":[4,1,5,2],"texture":"#1","cullface":"west"},
"north":{"uv":[4,1,5,2],"texture":"#1"},
"south":{"uv":[4,1,5,2],"texture":"#1"},
"west":{"uv":[4,1,5,2],"texture":"#1"},
"east":{"uv":[4,1,5,2],"texture":"#1"}
}
},
{
"from":[5.2861,3.3463,-0.125],
"to":[7.2752,4.2463,26.25],
"rotation":{"origin":[6.28061,3.79634,13.0625],"axis":"z","angle":-22.5},
"faces":{
"down":{"uv":[4,1,5,2],"texture":"#1"},
"up":{"uv":[4,1,5,2],"texture":"#1"},
"north":{"uv":[4,1,5,2],"texture":"#1"},
"south":{"uv":[4,1,5,2],"texture":"#1"},
"west":{"uv":[4,1,5,2],"texture":"#1","cullface":"west"},
"east":{"uv":[4,1,5,2],"texture":"#1","cullface":"west"}
}
},
{
"from":[7.0272,3,-0.125],
"to":[9.0163,3.9,26.25],
"faces":{
"down":{"uv":[4,1,5,2],"texture":"#1"},
"up":{"uv":[4,1,5,2],"texture":"#1"},
"north":{"uv":[4,1,5,2],"texture":"#1"},
"south":{"uv":[4,1,5,2],"texture":"#1"},
"west":{"uv":[4,1,5,2],"texture":"#1","cullface":"west"},
"east":{"uv":[4,1,5,2],"texture":"#1","cullface":"west"}
}
},
{
"from":[8.7684,3.3463,-0.125],
"to":[10.7575,4.2463,26.25],
"rotation":{"origin":[9.76299,3.79634,13.0625],"axis":"z","angle":22.5},
"faces":{
"down":{"uv":[4,1,5,2],"texture":"#1"},
"up":{"uv":[4,1,5,2],"texture":"#1"},
"north":{"uv":[4,1,5,2],"texture":"#1"},
"south":{"uv":[4,1,5,2],"texture":"#1"},
"west":{"uv":[4,1,5,2],"texture":"#1","cullface":"west"},
"east":{"uv":[4,1,5,2],"texture":"#1","cullface":"west"}
}
},
{
"from":[10.2445,4.3326,-0.125],
"to":[12.2336,5.2326,26.25],
"rotation":{"origin":[11.23909,4.78265,13.0625],"axis":"z","angle":45},
"faces":{
"down":{"uv":[4,1,5,2],"texture":"#1"},
"up":{"uv":[4,1,5,2],"texture":"#1"},
"north":{"uv":[4,1,5,2],"texture":"#1"},
"south":{"uv":[4,1,5,2],"texture":"#1"},
"west":{"uv":[4,1,5,2],"texture":"#1","cullface":"west"},
"east":{"uv":[4,1,5,2],"texture":"#1","cullface":"west"}
}
},
{
"from":[11.7754,5.2642,-0.125],
"to":[12.6754,7.2533,26.25],
"rotation":{"origin":[12.2254,6.25875,13.0625],"axis":"z","angle":-22.5},
"faces":{
"down":{"uv":[4,1,5,2],"texture":"#1","cullface":"west"},
"up":{"uv":[4,1,5,2],"texture":"#1","cullface":"west"},
"north":{"uv":[4,1,5,2],"texture":"#1"},
"south":{"uv":[4,1,5,2],"texture":"#1"},
"west":{"uv":[4,1,5,2],"texture":"#1"},
"east":{"uv":[4,1,5,2],"texture":"#1"}
}
},
{
"from":[11.2463,10.4299,-10.125],
"to":[12.1463,12.61794,0.25],
"rotation":{"origin":[11.6963,11.42444,-13.9375],"axis":"z","angle":45},
"faces":{
"north":{"uv":[4,1,5,2],"texture":"#1","cullface":"north"},
"south":{"uv":[4,1,5,2],"texture":"#1","cullface":"north"},
"east":{"uv":[4,1,5,2],"texture":"#1","cullface":"north"}
}
},
{
"from":[12.3087,8.77,-10.125],
"to":[13.2087,10.95804,0.25],
"rotation":{"origin":[12.75873,9.76454,-13.9375],"axis":"z","angle":22.5},
"faces":{
"north":{"uv":[4,1,5,2],"texture":"#1","cullface":"north"},
"south":{"uv":[4,1,5,2],"texture":"#1","cullface":"north"},
"east":{"uv":[4,1,5,2],"texture":"#1","cullface":"north"}
}
},
{
"from":[12.6551,6.8299,-10.125],
"to":[13.5551,9.01794,0.25],
"faces":{
"north":{"uv":[4,1,5,2],"texture":"#1","cullface":"north"},
"south":{"uv":[4,1,5,2],"texture":"#1","cullface":"north"},
"east":{"uv":[4,1,5,2],"texture":"#1","cullface":"north"}
}
},
{
"from":[8.901199,12.1776,-10.125],
"to":[11.08924,13.0776,0.25],
"rotation":{"origin":[9.89572,12.62755,-13.9375],"axis":"z","angle":-22.5},
"faces":{
"up":{"uv":[4,1,5,2],"texture":"#1","cullface":"north"},
"north":{"uv":[4,1,5,2],"texture":"#1","cullface":"north"},
"south":{"uv":[4,1,5,2],"texture":"#1","cullface":"north"}
}
},
{
"from":[6.961,12.5239,-10.125],
"to":[9.14904,13.4239,0.25],
"faces":{
"up":{"uv":[4,1,5,2],"texture":"#1","cullface":"west"},
"north":{"uv":[4,1,5,2],"texture":"#1","cullface":"west"},
"south":{"uv":[4,1,5,2],"texture":"#1","cullface":"west"}
}
},
{
"from":[5.0361,12.1014,-10.125],
"to":[7.22414,13.0014,0.25],
"rotation":{"origin":[6.03061,12.55141,-13.9375],"axis":"z","angle":22.5},
"faces":{
"up":{"uv":[4,1,5,2],"texture":"#1","cullface":"west"},
"north":{"uv":[4,1,5,2],"texture":"#1","cullface":"west"},
"south":{"uv":[4,1,5,2],"texture":"#1","cullface":"west"}
}
},
{
"from":[3.4193,10.9744,-10.125],
"to":[5.60734,11.8744,0.25],
"rotation":{"origin":[4.41383,11.42444,-13.9375],"axis":"z","angle":45},
"faces":{
"up":{"uv":[4,1,5,2],"texture":"#1","cullface":"west"},
"north":{"uv":[4,1,5,2],"texture":"#1","cullface":"west"},
"south":{"uv":[4,1,5,2],"texture":"#1","cullface":"west"}
}
},
{
"from":[2.9014,8.77,-10.125],
"to":[3.8014,10.95804,0.25],
"rotation":{"origin":[3.3514,9.76454,-13.9375],"axis":"z","angle":-22.5},
"faces":{
"north":{"uv":[4,1,5,2],"texture":"#1","cullface":"west"},
"south":{"uv":[4,1,5,2],"texture":"#1","cullface":"west"},
"west":{"uv":[4,1,5,2],"texture":"#1","cullface":"west"}
}
},
{
"from":[2.5551,6.8299,-10.125],
"to":[3.4551,9.01794,0.25],
"faces":{
"north":{"uv":[4,1,5,2],"texture":"#1","cullface":"west"},
"south":{"uv":[4,1,5,2],"texture":"#1","cullface":"west"},
"west":{"uv":[4,1,5,2],"texture":"#1","cullface":"west"}
}
},
{
"from":[2.9775,4.9049,-10.125],
"to":[3.8775,7.09294,0.25],
"rotation":{"origin":[3.42753,5.89943,-13.9375],"axis":"z","angle":22.5},
"faces":{
"north":{"uv":[4,1,5,2],"texture":"#1"},
"south":{"uv":[4,1,5,2],"texture":"#1"},
"west":{"uv":[4,1,5,2],"texture":"#1"}
}
},
{
"from":[4.1045,3.2881,-10.125],
"to":[5.004499,5.47614,0.25],
"rotation":{"origin":[4.55451,4.28265,-13.9375],"axis":"z","angle":45},
"faces":{
"north":{"uv":[4,1,5,2],"texture":"#1","cullface":"west"},
"south":{"uv":[4,1,5,2],"texture":"#1","cullface":"west"},
"west":{"uv":[4,1,5,2],"texture":"#1","cullface":"west"}
}
},
{
"from":[5.0361,2.8463,-10.125],
"to":[7.22414,3.7463,0.25],
"rotation":{"origin":[6.03061,3.29634,-13.9375],"axis":"z","angle":-22.5},
"faces":{
"down":{"uv":[4,1,5,2],"texture":"#1","cullface":"west"},
"north":{"uv":[4,1,5,2],"texture":"#1","cullface":"west"},
"south":{"uv":[4,1,5,2],"texture":"#1","cullface":"west"}
}
},
{
"from":[6.961,2.4239,-10.125],
"to":[9.14904,3.3239,0.25],
"faces":{
"down":{"uv":[4,1,5,2],"texture":"#1","cullface":"west"},
"north":{"uv":[4,1,5,2],"texture":"#1","cullface":"west"},
"south":{"uv":[4,1,5,2],"texture":"#1","cullface":"west"}
}
},
{
"from":[8.901199,2.7702,-10.125],
"to":[11.08924,3.6702,0.25],
"rotation":{"origin":[9.89572,3.22021,-13.9375],"axis":"z","angle":22.5},
"faces":{
"down":{"uv":[4,1,5,2],"texture":"#1","cullface":"north"},
"north":{"uv":[4,1,5,2],"texture":"#1","cullface":"north"},
"south":{"uv":[4,1,5,2],"texture":"#1","cullface":"north"}
}
},
{
"from":[10.5611,3.8326,-10.125],
"to":[12.74914,4.7326,0.25],
"rotation":{"origin":[11.55563,4.28265,-13.9375],"axis":"z","angle":45},
"faces":{
"down":{"uv":[4,1,5,2],"texture":"#1","cullface":"north"},
"north":{"uv":[4,1,5,2],"texture":"#1","cullface":"north"},
"south":{"uv":[4,1,5,2],"texture":"#1","cullface":"north"}
}
},
{
"from":[12.2326,4.9049,-10.125],
"to":[13.1326,7.09294,0.25],
"rotation":{"origin":[12.6826,5.89943,-13.9375],"axis":"z","angle":-22.5},
"faces":{
"north":{"uv":[4,1,5,2],"texture":"#1"},
"south":{"uv":[4,1,5,2],"texture":"#1"},
"east":{"uv":[4,1,5,2],"texture":"#1"}
}
},
{
"from":[10.677,0.6156,11],
"to":[13.927,4.3656,22.625],
"rotation":{"origin":[11.92699,1.11557,16.8125],"axis":"z","angle":22.5},
"faces":{
"down":{"uv":[4,1,5,2],"texture":"#1"},
"up":{"uv":[4,1,5,2],"texture":"#1"},
"north":{"uv":[4,1,5,2],"texture":"#1"},
"south":{"uv":[4,1,5,2],"texture":"#1"},
"west":{"uv":[4,1,5,2],"texture":"#1"},
"east":{"uv":[4,1,5,2],"texture":"#1"}
}
},
{
"from":[12.9554,2.9675,11],
"to":[15.7054,4.7175,22.625],
"rotation":{"origin":[15.20538,3.71746,16.8125],"axis":"z","angle":-22.5},
"faces":{
"down":{"uv":[4,1,5,2],"texture":"#1"},
"up":{"uv":[4,1,5,2],"texture":"#1"},
"north":{"uv":[4,1,5,2],"texture":"#1"},
"south":{"uv":[4,1,5,2],"texture":"#1"},
"west":{"uv":[4,1,5,2],"texture":"#1"},
"east":{"uv":[4,1,5,2],"texture":"#1"}
}
},
{
"from":[12.7768,2.7903,11],
"to":[14.7768,6.7903,22.625],
"rotation":{"origin":[15.02675,3.54032,16.8125],"axis":"z","angle":45},
"faces":{
"down":{"uv":[4,1,5,2],"texture":"#1"},
"up":{"uv":[4,1,5,2],"texture":"#1"},
"north":{"uv":[4,1,5,2],"texture":"#1"},
"south":{"uv":[4,1,5,2],"texture":"#1"},
"west":{"uv":[4,1,5,2],"texture":"#1"},
"east":{"uv":[4,1,5,2],"texture":"#1"}
}
},
{
"from":[4.823,0.8334,11],
"to":[8.638,3.5834,22.625],
"rotation":{"origin":[6.82304,1.33345,16.8125],"axis":"z","angle":-22.5},
"faces":{
"down":{"uv":[4,1,5,2],"texture":"#1"},
"up":{"uv":[4,1,5,2],"texture":"#1"},
"north":{"uv":[4,1,5,2],"texture":"#1"},
"south":{"uv":[4,1,5,2],"texture":"#1"},
"west":{"uv":[4,1,5,2],"texture":"#1"},
"east":{"uv":[4,1,5,2],"texture":"#1"}
}
},
{
"from":[2.4186,3.6966,11],
"to":[4.4186,7.1966,22.625],
"rotation":{"origin":[2.91865,4.69664,16.8125],"axis":"z","angle":22.5},
"faces":{
"down":{"uv":[4,1,5,2],"texture":"#1"},
"up":{"uv":[4,1,5,2],"texture":"#1"},
"north":{"uv":[4,1,5,2],"texture":"#1"},
"south":{"uv":[4,1,5,2],"texture":"#1"},
"west":{"uv":[4,1,5,2],"texture":"#1"},
"east":{"uv":[4,1,5,2],"texture":"#1"}
}
},
{
"from":[5.3446,2.2833,11],
"to":[7.3446,5.0333,22.625],
"rotation":{"origin":[5.8446,1.28332,16.8125],"axis":"z","angle":45},
"faces":{
"down":{"uv":[4,1,5,2],"texture":"#1"},
"up":{"uv":[4,1,5,2],"texture":"#1"},
"north":{"uv":[4,1,5,2],"texture":"#1"},
"south":{"uv":[4,1,5,2],"texture":"#1"},
"west":{"uv":[4,1,5,2],"texture":"#1"},
"east":{"uv":[4,1,5,2],"texture":"#1"}
}
},
{
"from":[4.0987,11.9296,11],
"to":[6.1287,14.4546,22.625],
"rotation":{"origin":[4.94117,13.69207,16.8125],"axis":"z","angle":22.5},
"faces":{
"down":{"uv":[4,1,5,2],"texture":"#1"},
"up":{"uv":[4,1,5,2],"texture":"#1"},
"north":{"uv":[4,1,5,2],"texture":"#1"},
"south":{"uv":[4,1,5,2],"texture":"#1"},
"west":{"uv":[4,1,5,2],"texture":"#1"},
"east":{"uv":[4,1,5,2],"texture":"#1"}
}
},
{
"from":[1.9557,9.856,11],
"to":[4.7307,12.541,22.625],
"rotation":{"origin":[2.71821,11.19851,16.8125],"axis":"z","angle":-22.5},
"faces":{
"down":{"uv":[4,1,5,2],"texture":"#1"},
"up":{"uv":[4,1,5,2],"texture":"#1"},
"north":{"uv":[4,1,5,2],"texture":"#1"},
"south":{"uv":[4,1,5,2],"texture":"#1"},
"west":{"uv":[4,1,5,2],"texture":"#1"},
"east":{"uv":[4,1,5,2],"texture":"#1"}
}
},
{
"from":[2.7346,12.2306,11],
"to":[5.4846,14.1306,22.625],
"rotation":{"origin":[3.23461,12.73062,16.8125],"axis":"z","angle":-45},
"faces":{
"down":{"uv":[4,1,5,2],"texture":"#1"},
"up":{"uv":[4,1,5,2],"texture":"#1"},
"north":{"uv":[4,1,5,2],"texture":"#1"},
"south":{"uv":[4,1,5,2],"texture":"#1"},
"west":{"uv":[4,1,5,2],"texture":"#1"},
"east":{"uv":[4,1,5,2],"texture":"#1"}
}
},
{
"from":[15.9475,12.1199,11],
"to":[17.0415,17.6199,22.625],
"faces":{
"down":{"uv":[4,1,5,2],"texture":"#1"},
"up":{"uv":[4,1,5,2],"texture":"#1"},
"north":{"uv":[4,1,5,2],"texture":"#1"},
"south":{"uv":[4,1,5,2],"texture":"#1"},
"west":{"uv":[4,1,5,2],"texture":"#1"},
"east":{"uv":[4,1,5,2],"texture":"#1"}
}
},
{
"from":[15.9475,12.1199,11],
"to":[17.04152,17.6199,22.625],
"rotation":{"origin":[16.49451,14.8699,16.8125],"axis":"z","angle":-22.5},
"faces":{
"down":{"uv":[4,1,5,2],"texture":"#1"},
"up":{"uv":[4,1,5,2],"texture":"#1"},
"north":{"uv":[4,1,5,2],"texture":"#1"},
"south":{"uv":[4,1,5,2],"texture":"#1"},
"west":{"uv":[4,1,5,2],"texture":"#1"},
"east":{"uv":[4,1,5,2],"texture":"#1"}
}
},
{
"from":[15.9475,12.1199,11],
"to":[17.04152,17.6199,22.625],
"rotation":{"origin":[16.49451,14.8699,16.8125],"axis":"z","angle":-45},
"faces":{
"down":{"uv":[4,1,5,2],"texture":"#1"},
"up":{"uv":[4,1,5,2],"texture":"#1"},
"north":{"uv":[4,1,5,2],"texture":"#1"},
"south":{"uv":[4,1,5,2],"texture":"#1"},
"west":{"uv":[4,1,5,2],"texture":"#1"},
"east":{"uv":[4,1,5,2],"texture":"#1"}
}
},
{
"from":[13.7445,14.3229,11],
"to":[19.2445,15.41692,22.625],
"rotation":{"origin":[16.49451,14.8699,16.8125],"axis":"z","angle":22.5},
"faces":{
"down":{"uv":[4,1,5,2],"texture":"#1"},
"up":{"uv":[4,1,5,2],"texture":"#1"},
"north":{"uv":[4,1,5,2],"texture":"#1"},
"south":{"uv":[4,1,5,2],"texture":"#1"},
"west":{"uv":[4,1,5,2],"texture":"#1"},
"east":{"uv":[4,1,5,2],"texture":"#1"}
}
},
{
"from":[13.7445,14.3229,11],
"to":[19.2445,15.41692,22.625],
"faces":{
"down":{"uv":[4,1,5,2],"texture":"#1"},
"up":{"uv":[4,1,5,2],"texture":"#1"},
"north":{"uv":[4,1,5,2],"texture":"#1"},
"south":{"uv":[4,1,5,2],"texture":"#1"},
"west":{"uv":[4,1,5,2],"texture":"#1"},
"east":{"uv":[4,1,5,2],"texture":"#1"}
}
},
{
"from":[13.7445,14.3229,11],
"to":[19.2445,15.41692,22.625],
"rotation":{"origin":[16.49451,14.8699,16.8125],"axis":"z","angle":-22.5},
"faces":{
"down":{"uv":[4,1,5,2],"texture":"#1"},
"up":{"uv":[4,1,5,2],"texture":"#1"},
"north":{"uv":[4,1,5,2],"texture":"#1"},
"south":{"uv":[4,1,5,2],"texture":"#1"},
"west":{"uv":[4,1,5,2],"texture":"#1"},
"east":{"uv":[4,1,5,2],"texture":"#1"}
}
},
{
"from":[13.7445,14.3229,11],
"to":[19.2445,15.41692,22.625],
"rotation":{"origin":[16.49451,14.8699,16.8125],"axis":"z","angle":-45},
"faces":{
"down":{"uv":[4,1,5,2],"texture":"#1"},
"up":{"uv":[4,1,5,2],"texture":"#1"},
"north":{"uv":[4,1,5,2],"texture":"#1"},
"south":{"uv":[4,1,5,2],"texture":"#1"},
"west":{"uv":[4,1,5,2],"texture":"#1"},
"east":{"uv":[4,1,5,2],"texture":"#1"}
}
},
{
"from":[15.9475,12.1199,11],
"to":[17.04152,17.6199,22.625],
"rotation":{"origin":[16.49451,14.8699,16.8125],"axis":"z","angle":22.5},
"faces":{
"down":{"uv":[4,1,5,2],"texture":"#1"},
"up":{"uv":[4,1,5,2],"texture":"#1"},
"north":{"uv":[4,1,5,2],"texture":"#1"},
"south":{"uv":[4,1,5,2],"texture":"#1"},
"west":{"uv":[4,1,5,2],"texture":"#1"},
"east":{"uv":[4,1,5,2],"texture":"#1"}
}
},
{
"from":[12.25,4.45,11],
"to":[16.05,14.85,22.625],
"faces":{
"down":{"uv":[4,1,5,2],"texture":"#1"},
"up":{"uv":[4,1,5,2],"texture":"#1"},
"north":{"uv":[4,1,5,2],"texture":"#1"},
"south":{"uv":[4,1,5,2],"texture":"#1"},
"west":{"uv":[4,1,5,2],"texture":"#1"},
"east":{"uv":[4,1,5,2],"texture":"#1"}
}
},
{
"from":[3.75,-5.31,1.5],
"to":[6.25,-1.125,20.875],
"faces":{
"down":{"uv":[5,3,6,4],"texture":"#1"},
"up":{"uv":[5,3,6,4],"texture":"#1"},
"north":{"uv":[5,3,6,4],"texture":"#1"},
"south":{"uv":[5,3,6,4],"texture":"#1"},
"west":{"uv":[5,3,6,4],"texture":"#1"},
"east":{"uv":[5,3,6,4],"texture":"#1"}
}
},
{
"from":[15.4005,12.3535,9.125],
"to":[17.47157,17.3535,24.5],
"rotation":{"origin":[16.43604,14.85347,16.8125],"axis":"z","angle":22.5},
"faces":{
"down":{"uv":[5,3,6,4],"texture":"#1"},
"up":{"uv":[5,3,6,4],"texture":"#1"},
"north":{"uv":[5,3,6,4],"texture":"#1"},
"south":{"uv":[5,3,6,4],"texture":"#1"},
"west":{"uv":[5,3,6,4],"texture":"#1"},
"east":{"uv":[5,3,6,4],"texture":"#1"}
}
},
{
"from":[15.4005,12.3535,9.125],
"to":[17.47157,17.3535,24.5],
"rotation":{"origin":[16.43604,14.85347,16.8125],"axis":"z","angle":-22.5},
"faces":{
"down":{"uv":[5,3,6,4],"texture":"#1"},
"up":{"uv":[5,3,6,4],"texture":"#1"},
"north":{"uv":[5,3,6,4],"texture":"#1"},
"south":{"uv":[5,3,6,4],"texture":"#1"},
"west":{"uv":[5,3,6,4],"texture":"#1"},
"east":{"uv":[5,3,6,4],"texture":"#1"}
}
},
{
"from":[13.936,13.8179,9.125],
"to":[18.93601,15.88897,24.5],
"rotation":{"origin":[16.43604,14.85347,16.8125],"axis":"z","angle":22.5},
"faces":{
"down":{"uv":[5,3,6,4],"texture":"#1"},
"up":{"uv":[5,3,6,4],"texture":"#1"},
"north":{"uv":[5,3,6,4],"texture":"#1"},
"south":{"uv":[5,3,6,4],"texture":"#1"},
"west":{"uv":[5,3,6,4],"texture":"#1"},
"east":{"uv":[5,3,6,4],"texture":"#1"}
}
},
{
"from":[13.936,13.8179,9.125],
"to":[18.93601,15.88897,24.5],
"rotation":{"origin":[16.43604,14.85347,16.8125],"axis":"z","angle":-22.5},
"faces":{
"down":{"uv":[5,3,6,4],"texture":"#1"},
"up":{"uv":[5,3,6,4],"texture":"#1"},
"north":{"uv":[5,3,6,4],"texture":"#1"},
"south":{"uv":[5,3,6,4],"texture":"#1"},
"west":{"uv":[5,3,6,4],"texture":"#1"},
"east":{"uv":[5,3,6,4],"texture":"#1"}
}
}
],
"display":{
"thirdperson_righthand":{
"translation":[0,2,2],
"scale":[0.15,0.15,0.15]
},
"thirdperson_lefthand":{
"translation":[0,2,2],
"scale":[0.15,0.15,0.15]
},
"firstperson_righthand":{
"translation":[-8.96,8.325,-60],
"scale":[4,4,1.25]
},
"firstperson_lefthand":{
"translation":[-8.96,8.325,-60],
"scale":[4,4,1.25]
},
"gui":{
"rotation":[-15,-40,0],
"translation":[0.5,0,0],
"scale":[0.4,0.4,0.4]
},
"head":{
"translation":[0,10,0],
"scale":[0.5,0.5,0.5]
},
"ground":{
"translation":[0,3,0],
"scale":[0.25,0.25,0.25]
},
"fixed":{
"rotation":[0,90,0],
"translation":[0,0,-1],
"scale":[0.25,0.25,0.25]
}
}
}