{
"__comment":"Made by Rijam, guncolony.com ©",
"textures":{
"defusal_kit":"guns/defusal_kit"
},
"elements":[
{
"from":[8.1875,0,6],
"to":[15.9375,6,9],
"faces":{
"down":{"uv":[0.001,0.001000404,5.124,2.124001],"texture":"#defusal_kit"},
"north":{"uv":[0.001,0.001000404,5.124,5.124001],"texture":"#defusal_kit"},
"south":{"uv":[0.001,0.001000404,5.124,5.124001],"texture":"#defusal_kit"},
"west":{"uv":[0.126,0.001000404,1.999,5.124001],"texture":"#defusal_kit"},
"east":{"uv":[0.126,0.001000404,1.999,5.124001],"texture":"#defusal_kit"}
}
},
{
"from":[-1.875,0,6],
"to":[5.875,6,9],
"faces":{
"down":{"uv":[0.001,0.001000404,5.124,2.124001],"texture":"#defusal_kit"},
"north":{"uv":[0.001,0.001000404,5.124,5.124001],"texture":"#defusal_kit"},
"south":{"uv":[0.001,0.001000404,5.124,5.124001],"texture":"#defusal_kit"},
"west":{"uv":[0.126,0.001000404,1.999,5.124001],"texture":"#defusal_kit"},
"east":{"uv":[0.126,0.001000404,1.999,5.124001],"texture":"#defusal_kit"}
}
},
{
"from":[8.11,2.905,8.775],
"to":[15.98,6.155,9.025],
"rotation":{"origin":[8.11,6.155,8.775],"axis":"x","angle":-22.5},
"faces":{
"down":{"uv":[5.376,5.250999,12.124,5.499001],"texture":"#defusal_kit"},
"north":{"uv":[5.376,2.125999,12.124,5.499001],"texture":"#defusal_kit"},
"south":{"uv":[5.376,2.125999,12.124,5.499001],"texture":"#defusal_kit"},
"west":{"uv":[5.501,2.125999,5.749,5.499001],"texture":"#defusal_kit","rotation":180},
"east":{"uv":[11.751,2.125999,11.999,5.499001],"texture":"#defusal_kit","rotation":180}
}
},
{
"from":[8.11,6,5.9738],
"to":[15.98,6.25,9.00505],
"faces":{
"down":{"uv":[5.376,9.126,12.124,12.374],"texture":"#defusal_kit"},
"up":{"uv":[5.376,9.126,12.124,12.374],"texture":"#defusal_kit"},
"north":{"uv":[5.376,12.126,12.124,12.374],"texture":"#defusal_kit"},
"south":{"uv":[5.376,9.126,12.124,9.374],"texture":"#defusal_kit"},
"west":{"uv":[5.376,9.126,5.749,12.374],"texture":"#defusal_kit","rotation":90},
"east":{"uv":[11.751,9.126,12.124,12.374],"texture":"#defusal_kit","rotation":90}
}
},
{
"from":[8.1875,0,9],
"to":[15.9375,3.75,10],
"faces":{
"down":{"uv":[0.001,4.375999,5.124,4.999001],"texture":"#defusal_kit"},
"up":{"uv":[0.001,4.375999,5.124,4.999001],"texture":"#defusal_kit"},
"south":{"uv":[0.001,2.125999,5.124,5.124001],"texture":"#defusal_kit"},
"west":{"uv":[0.626,2.000999,1.249,5.124001],"texture":"#defusal_kit"},
"east":{"uv":[0.626,2.000999,1.249,5.124001],"texture":"#defusal_kit"}
}
},
{
"from":[8.1875,3.75,9],
"to":[15.9375,4.75,9.53125],
"faces":{
"up":{"uv":[0.001,3.125999,5.124,3.499001],"texture":"#defusal_kit"},
"south":{"uv":[0.001,3.625999,5.124,3.999001],"texture":"#defusal_kit"},
"west":{"uv":[3.376,4.000999,3.874,4.999001],"texture":"#defusal_kit"},
"east":{"uv":[3.376,4.000999,3.874,4.999001],"texture":"#defusal_kit"}
}
},
{
"from":[8.1875,4.75,9],
"to":[15.9375,5.25,9.25],
"faces":{
"up":{"uv":[0.001,3.625999,5.124,3.874001],"texture":"#defusal_kit"},
"south":{"uv":[0.001,3.250999,5.124,3.624001],"texture":"#defusal_kit"},
"west":{"uv":[3.376,3.125999,3.624,3.624001],"texture":"#defusal_kit"},
"east":{"uv":[3.376,3.125999,3.624,3.624001],"texture":"#defusal_kit"}
}
},
{
"from":[8.1875,5.25,9],
"to":[15.9375,5.75,9.15625],
"faces":{
"up":{"uv":[0.126,2.250999,4.499,2.374001],"texture":"#defusal_kit"},
"south":{"uv":[0.126,2.000999,4.999,2.374001],"texture":"#defusal_kit"},
"west":{"uv":[2.501,2.875999,2.624,3.374001],"texture":"#defusal_kit"},
"east":{"uv":[2.501,2.875999,2.624,3.374001],"texture":"#defusal_kit"}
}
},
{
"from":[8.1875,4.75,9.25],
"to":[15.9375,5,9.375],
"faces":{
"up":{"uv":[0.001,3.625999,4.624,3.749001],"texture":"#defusal_kit"},
"south":{"uv":[0.001,2.000999,4.999,2.249001],"texture":"#defusal_kit"},
"west":{"uv":[1.751,2.875999,1.874,3.124001],"texture":"#defusal_kit"},
"east":{"uv":[1.751,2.875999,1.874,3.124001],"texture":"#defusal_kit"}
}
},
{
"from":[8.1875,3.7188,9.531199],
"to":[15.9375,4.3438,9.781199],
"faces":{
"up":{"uv":[0.126,2.250999,4.874,2.499001],"texture":"#defusal_kit"},
"north":{"uv":[0.001,3.000999,4.999,3.624001],"texture":"#defusal_kit"},
"south":{"uv":[0.001,3.000999,4.999,3.624001],"texture":"#defusal_kit"},
"west":{"uv":[1.001,1.001,1.249,1.624],"texture":"#defusal_kit"},
"east":{"uv":[1.001,1.001,1.249,1.624],"texture":"#defusal_kit"}
}
},
{
"from":[-1.9375,6,5.9688],
"to":[5.9325,6.25,9.00005],
"faces":{
"down":{"uv":[5.376,5.625999,12.124,8.999],"texture":"#defusal_kit"},
"up":{"uv":[5.376,5.625999,12.124,8.999],"texture":"#defusal_kit"},
"north":{"uv":[5.376,5.625999,12.124,5.874001],"texture":"#defusal_kit"},
"south":{"uv":[5.376,8.751,12.124,8.999],"texture":"#defusal_kit"},
"west":{"uv":[5.376,5.625999,5.749,8.999],"texture":"#defusal_kit","rotation":90},
"east":{"uv":[11.751,5.625999,12.124,8.999],"texture":"#defusal_kit","rotation":90}
}
},
{
"from":[-1.9375,2.9062,8.781199],
"to":[5.9325,6.1562,9.031199],
"rotation":{"origin":[-1.9375,6.15625,8.78125],"axis":"x","angle":-22.5},
"faces":{
"down":{"uv":[5.376,15.501,12.124,15.749],"texture":"#defusal_kit"},
"north":{"uv":[5.376,12.501,12.124,15.749],"texture":"#defusal_kit"},
"south":{"uv":[5.376,12.501,12.124,15.749],"texture":"#defusal_kit"},
"west":{"uv":[5.501,12.501,5.749,15.749],"texture":"#defusal_kit","rotation":180},
"east":{"uv":[11.751,12.501,11.999,15.749],"texture":"#defusal_kit","rotation":180}
}
},
{
"from":[-1.875,0,9],
"to":[5.875,3.75,10],
"faces":{
"down":{"uv":[0.001,4.375999,5.124,4.999001],"texture":"#defusal_kit"},
"up":{"uv":[0.001,4.375999,5.124,4.999001],"texture":"#defusal_kit"},
"south":{"uv":[0.001,2.125999,5.124,5.124001],"texture":"#defusal_kit"},
"west":{"uv":[0.626,2.000999,1.249,5.124001],"texture":"#defusal_kit"},
"east":{"uv":[0.626,2.000999,1.249,5.124001],"texture":"#defusal_kit"}
}
},
{
"from":[-1.875,3.75,9.5],
"to":[5.875,4.375,9.75],
"faces":{
"up":{"uv":[0.001,2.875999,4.874,3.249001],"texture":"#defusal_kit"},
"south":{"uv":[0.001,3.250999,4.999,3.624001],"texture":"#defusal_kit"},
"west":{"uv":[2.751,2.875999,2.999,3.499001],"texture":"#defusal_kit"},
"east":{"uv":[2.751,2.875999,2.999,3.499001],"texture":"#defusal_kit"}
}
},
{
"from":[-1.875,3.75,9],
"to":[5.875,4.75,9.53125],
"faces":{
"up":{"uv":[0.001,3.125999,4.999,3.499001],"texture":"#defusal_kit"},
"south":{"uv":[0.001,2.250999,4.874,2.999001],"texture":"#defusal_kit"},
"west":{"uv":[2.251,2.125999,2.749,3.124001],"texture":"#defusal_kit"},
"east":{"uv":[2.251,2.125999,2.749,3.124001],"texture":"#defusal_kit"}
}
},
{
"from":[-1.875,4.75,9],
"to":[5.875,5.25,9.25],
"faces":{
"up":{"uv":[0.251,2.500999,4.874,2.749001],"texture":"#defusal_kit"},
"south":{"uv":[0.001,3.125999,4.999,3.499001],"texture":"#defusal_kit"},
"west":{"uv":[1.876,3.250999,2.124,3.749001],"texture":"#defusal_kit"},
"east":{"uv":[1.876,3.250999,2.124,3.749001],"texture":"#defusal_kit"}
}
},
{
"from":[-1.875,5.25,9],
"to":[5.875,5.75,9.15625],
"faces":{
"up":{"uv":[0.126,2.875999,4.874,2.999001],"texture":"#defusal_kit"},
"south":{"uv":[0.001,2.250999,4.874,2.624001],"texture":"#defusal_kit"},
"west":{"uv":[2.376,2.125999,2.499,2.624001],"texture":"#defusal_kit"},
"east":{"uv":[2.376,2.125999,2.499,2.624001],"texture":"#defusal_kit"}
}
},
{
"from":[-1.875,4.75,9.25],
"to":[5.875,5,9.375],
"faces":{
"up":{"uv":[0.126,2.375999,4.874,2.499001],"texture":"#defusal_kit"},
"south":{"uv":[0.126,1.376,4.749,1.624],"texture":"#defusal_kit"},
"west":{"uv":[3.251,3.000999,3.374,3.249001],"texture":"#defusal_kit"},
"east":{"uv":[3.251,3.000999,3.374,3.249001],"texture":"#defusal_kit"}
}
},
{
"from":[8,5.625,9.25],
"to":[13.25,5.875,9.5],
"rotation":{"origin":[8,5.875,9.25],"axis":"x","angle":-45},
"faces":{
"down":{"uv":[15.251,1.376,15.874,1.624],"texture":"#defusal_kit"},
"up":{"uv":[15.251,1.376,15.874,1.624],"texture":"#defusal_kit"},
"north":{"uv":[15.251,1.376,15.874,1.624],"texture":"#defusal_kit"},
"south":{"uv":[15.251,1.376,15.874,1.624],"texture":"#defusal_kit"},
"west":{"uv":[15.376,1.126,15.624,1.374],"texture":"#defusal_kit"}
}
},
{
"from":[13.25,5.5,9.25],
"to":[13.5,6.25,9.75],
"faces":{
"down":{"uv":[15.376,0.2510004,15.624,0.7489996],"texture":"#defusal_kit"},
"up":{"uv":[15.376,0.2510004,15.624,0.7489996],"texture":"#defusal_kit"},
"north":{"uv":[15.376,0.001000404,15.624,0.7489996],"texture":"#defusal_kit"},
"south":{"uv":[15.376,0.001000404,15.624,0.7489996],"texture":"#defusal_kit"},
"west":{"uv":[15.376,0.1260004,15.874,0.6239996],"texture":"#defusal_kit"},
"east":{"uv":[15.376,0.1260004,15.874,0.6239996],"texture":"#defusal_kit"}
}
},
{
"from":[14.25,5.5,9.25],
"to":[16,6.25,9.75],
"faces":{
"down":{"uv":[15.376,0.2510004,15.624,0.7489996],"texture":"#defusal_kit"},
"up":{"uv":[15.376,0.2510004,15.624,0.7489996],"texture":"#defusal_kit"},
"north":{"uv":[15.376,0.001000404,15.624,0.7489996],"texture":"#defusal_kit"},
"south":{"uv":[15.376,0.001000404,15.624,0.7489996],"texture":"#defusal_kit"},
"west":{"uv":[15.376,0.1260004,15.874,0.6239996],"texture":"#defusal_kit"},
"east":{"uv":[15.376,0.1260004,15.874,0.6239996],"texture":"#defusal_kit"}
}
},
{
"from":[13.25,5.625,9.125],
"to":[13.5,6.125,9.875],
"faces":{
"down":{"uv":[15.376,0.2510004,15.624,0.7489996],"texture":"#defusal_kit"},
"up":{"uv":[15.376,0.2510004,15.624,0.7489996],"texture":"#defusal_kit"},
"north":{"uv":[15.376,0.001000404,15.624,0.7489996],"texture":"#defusal_kit"},
"south":{"uv":[15.376,0.001000404,15.624,0.7489996],"texture":"#defusal_kit"},
"west":{"uv":[15.376,0.1260004,15.874,0.6239996],"texture":"#defusal_kit"},
"east":{"uv":[15.376,0.1260004,15.874,0.6239996],"texture":"#defusal_kit"}
}
},
{
"from":[14.25,5.625,9.125],
"to":[16,6.125,9.875],
"faces":{
"down":{"uv":[15.376,0.2510004,15.624,0.7489996],"texture":"#defusal_kit"},
"up":{"uv":[15.376,0.2510004,15.624,0.7489996],"texture":"#defusal_kit"},
"north":{"uv":[15.376,0.001000404,15.624,0.7489996],"texture":"#defusal_kit"},
"south":{"uv":[15.376,0.001000404,15.624,0.7489996],"texture":"#defusal_kit"},
"west":{"uv":[15.376,0.1260004,15.874,0.6239996],"texture":"#defusal_kit"},
"east":{"uv":[15.376,0.1260004,15.874,0.6239996],"texture":"#defusal_kit"}
}
},
{
"from":[13.5,5.625,9.25],
"to":[14.25,6.125,9.75],
"faces":{
"down":{"uv":[15.376,0.2510004,15.624,0.7489996],"texture":"#defusal_kit"},
"up":{"uv":[15.376,0.2510004,15.624,0.7489996],"texture":"#defusal_kit"},
"north":{"uv":[15.376,0.001000404,15.624,0.7489996],"texture":"#defusal_kit"},
"south":{"uv":[15.376,0.001000404,15.624,0.7489996],"texture":"#defusal_kit"}
}
},
{
"from":[10.25,3.5,9.875],
"to":[11.625,3.75,10.375],
"faces":{
"down":{"uv":[10.251,0.6239996,12.124,0.001000404],"texture":"#defusal_kit"},
"up":{"uv":[10.251,0.001000404,12.124,0.6239996],"texture":"#defusal_kit"},
"south":{"uv":[10.251,0.7510004,10.624,1.124],"texture":"#defusal_kit"},
"west":{"uv":[10.251,0.6239996,10.499,0.001000404],"texture":"#defusal_kit","rotation":90},
"east":{"uv":[10.251,0.001000404,10.499,0.6239996],"texture":"#defusal_kit","rotation":90}
}
},
{
"from":[10.25,5.25,9.625],
"to":[11.625,5.5,10.125],
"faces":{
"down":{"uv":[10.251,0.6239996,12.124,0.001000404],"texture":"#defusal_kit"},
"up":{"uv":[10.251,0.001000404,12.124,0.6239996],"texture":"#defusal_kit"},
"north":{"uv":[10.751,0.7510004,11.124,1.124],"texture":"#defusal_kit"},
"south":{"uv":[10.251,0.7510004,10.624,1.124],"texture":"#defusal_kit"},
"west":{"uv":[10.251,0.6239996,10.499,0.001000404],"texture":"#defusal_kit","rotation":90},
"east":{"uv":[10.251,0.001000404,10.499,0.6239996],"texture":"#defusal_kit","rotation":90}
}
},
{
"from":[9.625,5.25,9.625],
"to":[10.25005,5.5,10.125],
"rotation":{"origin":[10.25,5.5,9.625],"axis":"z","angle":22.5},
"faces":{
"down":{"uv":[10.251,0.6239996,12.124,0.001000404],"texture":"#defusal_kit"},
"up":{"uv":[10.251,0.001000404,12.124,0.6239996],"texture":"#defusal_kit"},
"north":{"uv":[10.751,0.7510004,11.124,1.124],"texture":"#defusal_kit"},
"south":{"uv":[10.251,0.7510004,10.624,1.124],"texture":"#defusal_kit"},
"west":{"uv":[10.251,0.6239996,10.499,0.001000404],"texture":"#defusal_kit","rotation":90},
"east":{"uv":[10.251,0.001000404,10.499,0.6239996],"texture":"#defusal_kit","rotation":90}
}
},
{
"from":[11.5957,5.25,9.625],
"to":[12.9707,5.5,10.125],
"rotation":{"origin":[11.5957,5.5,9.625],"axis":"z","angle":-22.5},
"faces":{
"down":{"uv":[10.251,0.6239996,12.124,0.001000404],"texture":"#defusal_kit"},
"up":{"uv":[10.251,0.001000404,12.124,0.6239996],"texture":"#defusal_kit"},
"north":{"uv":[10.751,0.7510004,11.124,1.124],"texture":"#defusal_kit"},
"south":{"uv":[10.251,0.7510004,10.624,1.124],"texture":"#defusal_kit"}
}
},
{
"from":[9.7712,3.72,9.875],
"to":[10.39625,3.97,10.375],
"rotation":{"origin":[9.77125,3.97,9.875],"axis":"z","angle":-22.5},
"faces":{
"down":{"uv":[10.251,0.6239996,12.124,0.001000404],"texture":"#defusal_kit"},
"up":{"uv":[10.251,0.001000404,12.124,0.6239996],"texture":"#defusal_kit"},
"north":{"uv":[10.751,0.7510004,11.124,1.124],"texture":"#defusal_kit"},
"south":{"uv":[10.251,0.7510004,10.624,1.124],"texture":"#defusal_kit"},
"west":{"uv":[10.251,0.6239996,10.499,0.001000404],"texture":"#defusal_kit","rotation":90}
}
},
{
"from":[11.5313,3.4812,9.875],
"to":[12.9063,3.7312,10.375],
"rotation":{"origin":[11.5313,3.73125,9.875],"axis":"z","angle":22.5},
"faces":{
"down":{"uv":[10.251,0.6239996,12.124,0.001000404],"texture":"#defusal_kit"},
"up":{"uv":[10.251,0.001000404,12.124,0.6239996],"texture":"#defusal_kit"},
"north":{"uv":[10.751,0.7510004,11.124,1.124],"texture":"#defusal_kit"},
"south":{"uv":[10.251,0.7510004,10.624,1.124],"texture":"#defusal_kit"}
}
},
{
"from":[13.875,4,9.875],
"to":[14.5,4.125,10.375],
"faces":{
"down":{"uv":[11.251,0.7510004,11.624,1.124],"texture":"#defusal_kit"},
"up":{"uv":[11.251,0.7510004,11.624,1.124],"texture":"#defusal_kit"},
"north":{"uv":[11.251,0.7510004,11.624,1.124],"texture":"#defusal_kit"},
"south":{"uv":[11.251,0.7510004,11.624,1.124],"texture":"#defusal_kit"},
"west":{"uv":[11.251,0.7510004,11.624,1.124],"texture":"#defusal_kit"},
"east":{"uv":[11.251,0.7510004,11.624,1.124],"texture":"#defusal_kit"}
}
},
{
"from":[12.75,4.625,9.625],
"to":[13.75,5,10.125],
"faces":{
"down":{"uv":[11.251,0.7510004,11.624,1.124],"texture":"#defusal_kit"},
"up":{"uv":[11.251,0.7510004,11.624,1.124],"texture":"#defusal_kit"},
"north":{"uv":[11.251,0.7510004,11.624,1.124],"texture":"#defusal_kit"},
"south":{"uv":[11.251,0.7510004,11.624,1.124],"texture":"#defusal_kit"},
"west":{"uv":[11.251,0.7510004,11.624,1.124],"texture":"#defusal_kit"},
"east":{"uv":[11.251,0.7510004,11.624,1.124],"texture":"#defusal_kit"}
}
},
{
"from":[13.875,4.875,9.625],
"to":[14.5,5,10.125],
"faces":{
"down":{"uv":[11.251,0.7510004,11.624,1.124],"texture":"#defusal_kit"},
"up":{"uv":[11.251,0.7510004,11.624,1.124],"texture":"#defusal_kit"},
"north":{"uv":[11.251,0.7510004,11.624,1.124],"texture":"#defusal_kit"},
"south":{"uv":[11.251,0.7510004,11.624,1.124],"texture":"#defusal_kit"},
"west":{"uv":[11.251,0.7510004,11.624,1.124],"texture":"#defusal_kit"},
"east":{"uv":[11.251,0.7510004,11.624,1.124],"texture":"#defusal_kit"}
}
},
{
"from":[14.4853,4.875,9.625],
"to":[14.7353,5,10.125],
"rotation":{"origin":[14.4853,5,9.625],"axis":"z","angle":-22.5},
"faces":{
"down":{"uv":[11.251,0.7510004,11.624,1.124],"texture":"#defusal_kit"},
"up":{"uv":[11.251,0.7510004,11.624,1.124],"texture":"#defusal_kit"},
"north":{"uv":[11.251,0.7510004,11.624,1.124],"texture":"#defusal_kit"},
"south":{"uv":[11.251,0.7510004,11.624,1.124],"texture":"#defusal_kit"},
"east":{"uv":[11.251,0.7510004,11.624,1.124],"texture":"#defusal_kit"}
}
},
{
"from":[14.4525,3.9925,9.875],
"to":[14.7025,4.117499,10.375],
"rotation":{"origin":[14.4525,4.1175,9.875],"axis":"z","angle":22.5},
"faces":{
"down":{"uv":[11.251,0.7510004,11.624,1.124],"texture":"#defusal_kit"},
"up":{"uv":[11.251,0.7510004,11.624,1.124],"texture":"#defusal_kit"},
"north":{"uv":[11.251,0.7510004,11.624,1.124],"texture":"#defusal_kit"},
"south":{"uv":[11.251,0.7510004,11.624,1.124],"texture":"#defusal_kit"},
"east":{"uv":[11.251,0.7510004,11.624,1.124],"texture":"#defusal_kit"}
}
},
{
"from":[13.7625,4.0563,9.875],
"to":[13.9375,4.1813,10.375],
"rotation":{"origin":[13.7625,4.18125,9.875],"axis":"z","angle":-22.5},
"faces":{
"down":{"uv":[11.251,0.7510004,11.624,1.124],"texture":"#defusal_kit"},
"up":{"uv":[11.251,0.7510004,11.624,1.124],"texture":"#defusal_kit"},
"north":{"uv":[11.251,0.7510004,11.624,1.124],"texture":"#defusal_kit"},
"south":{"uv":[11.251,0.7510004,11.624,1.124],"texture":"#defusal_kit"}
}
},
{
"from":[13.735,4.8175,9.625],
"to":[13.885,4.9425,10.125],
"rotation":{"origin":[13.735,4.9425,9.625],"axis":"z","angle":22.5},
"faces":{
"down":{"uv":[11.251,0.7510004,11.624,1.124],"texture":"#defusal_kit"},
"up":{"uv":[11.251,0.7510004,11.624,1.124],"texture":"#defusal_kit"},
"north":{"uv":[11.251,0.7510004,11.624,1.124],"texture":"#defusal_kit"},
"south":{"uv":[11.251,0.7510004,11.624,1.124],"texture":"#defusal_kit"},
"west":{"uv":[11.251,0.7510004,11.624,1.124],"texture":"#defusal_kit"}
}
},
{
"from":[13.75,4.5625,9.625],
"to":[13.875,4.9375,10.125],
"faces":{
"down":{"uv":[11.251,0.7510004,11.624,1.124],"texture":"#defusal_kit"},
"up":{"uv":[11.251,0.7510004,11.624,1.124],"texture":"#defusal_kit"},
"north":{"uv":[11.251,0.7510004,11.624,1.124],"texture":"#defusal_kit"},
"south":{"uv":[11.251,0.7510004,11.624,1.124],"texture":"#defusal_kit"},
"west":{"uv":[11.251,0.7510004,11.624,1.124],"texture":"#defusal_kit"},
"east":{"uv":[11.251,0.7510004,11.624,1.124],"texture":"#defusal_kit"}
}
},
{
"from":[13.875,4.375,9.75],
"to":[13.9375,4.625,10.25],
"faces":{
"down":{"uv":[11.251,0.7510004,11.624,1.124],"texture":"#defusal_kit"},
"up":{"uv":[11.251,0.7510004,11.624,1.124],"texture":"#defusal_kit"},
"north":{"uv":[11.251,0.7510004,11.624,1.124],"texture":"#defusal_kit"},
"south":{"uv":[11.251,0.7510004,11.624,1.124],"texture":"#defusal_kit"},
"east":{"uv":[11.251,0.7510004,11.624,1.124],"texture":"#defusal_kit"}
}
},
{
"from":[12.75,4.375,9.75],
"to":[13.75,4.625,10.25],
"faces":{
"down":{"uv":[11.251,0.7510004,11.624,1.124],"texture":"#defusal_kit"},
"up":{"uv":[11.251,0.7510004,11.624,1.124],"texture":"#defusal_kit"},
"north":{"uv":[11.251,0.7510004,11.624,1.124],"texture":"#defusal_kit"},
"south":{"uv":[11.251,0.7510004,11.624,1.124],"texture":"#defusal_kit"},
"west":{"uv":[11.251,0.7510004,11.624,1.124],"texture":"#defusal_kit"}
}
},
{
"from":[12.75,4,9.875],
"to":[13.75,4.375,10.375],
"faces":{
"down":{"uv":[11.251,0.7510004,11.624,1.124],"texture":"#defusal_kit"},
"up":{"uv":[11.251,0.7510004,11.624,1.124],"texture":"#defusal_kit"},
"north":{"uv":[11.251,0.7510004,11.624,1.124],"texture":"#defusal_kit"},
"south":{"uv":[11.251,0.7510004,11.624,1.124],"texture":"#defusal_kit"},
"west":{"uv":[11.251,0.7510004,11.624,1.124],"texture":"#defusal_kit"},
"east":{"uv":[11.251,0.7510004,11.624,1.124],"texture":"#defusal_kit"}
}
},
{
"from":[13.75,4.375,9.75],
"to":[13.875,4.625,10.25],
"faces":{
"down":{"uv":[11.251,0.7510004,11.624,1.124],"texture":"#defusal_kit"},
"up":{"uv":[11.251,0.7510004,11.624,1.124],"texture":"#defusal_kit"},
"north":{"uv":[11.251,0.7510004,11.624,1.124],"texture":"#defusal_kit"},
"south":{"uv":[11.251,0.7510004,11.624,1.124],"texture":"#defusal_kit"}
}
},
{
"from":[13.75,4.125,9.875],
"to":[13.875,4.375,10.375],
"faces":{
"up":{"uv":[11.251,0.7510004,11.624,1.124],"texture":"#defusal_kit"},
"north":{"uv":[11.251,0.7510004,11.624,1.124],"texture":"#defusal_kit"},
"south":{"uv":[11.251,0.7510004,11.624,1.124],"texture":"#defusal_kit"},
"east":{"uv":[11.251,0.7510004,11.624,1.124],"texture":"#defusal_kit"}
}
},
{
"from":[12.75,4.375,10.25],
"to":[13.9063,4.5,10.3125],
"faces":{
"down":{"uv":[11.251,0.7510004,11.624,1.124],"texture":"#defusal_kit"},
"up":{"uv":[11.251,0.7510004,11.624,1.124],"texture":"#defusal_kit"},
"north":{"uv":[11.251,0.7510004,11.624,1.124],"texture":"#defusal_kit"},
"south":{"uv":[11.251,0.7510004,11.624,1.124],"texture":"#defusal_kit"},
"west":{"uv":[11.251,0.7510004,11.624,1.124],"texture":"#defusal_kit"},
"east":{"uv":[11.251,0.7510004,11.624,1.124],"texture":"#defusal_kit"}
}
},
{
"from":[12.75,4.625,10.125],
"to":[13.875,4.75,10.1875],
"faces":{
"down":{"uv":[11.251,0.7510004,11.624,1.124],"texture":"#defusal_kit"},
"up":{"uv":[11.251,0.7510004,11.624,1.124],"texture":"#defusal_kit"},
"north":{"uv":[11.251,0.7510004,11.624,1.124],"texture":"#defusal_kit"},
"south":{"uv":[11.251,0.7510004,11.624,1.124],"texture":"#defusal_kit"},
"west":{"uv":[11.251,0.7510004,11.624,1.124],"texture":"#defusal_kit"},
"east":{"uv":[11.251,0.7510004,11.624,1.124],"texture":"#defusal_kit"}
}
},
{
"from":[12.75,4.25,9.8125],
"to":[13.875,4.375,9.875],
"faces":{
"down":{"uv":[11.251,0.7510004,11.624,1.124],"texture":"#defusal_kit"},
"up":{"uv":[11.251,0.7510004,11.624,1.124],"texture":"#defusal_kit"},
"north":{"uv":[11.251,0.7510004,11.624,1.124],"texture":"#defusal_kit"},
"south":{"uv":[11.251,0.7510004,11.624,1.124],"texture":"#defusal_kit"},
"west":{"uv":[11.251,0.7510004,11.624,1.124],"texture":"#defusal_kit"},
"east":{"uv":[11.251,0.7510004,11.624,1.124],"texture":"#defusal_kit"}
}
},
{
"from":[12.75,4.4375,9.6875],
"to":[13.9063,4.5625,9.75],
"faces":{
"down":{"uv":[11.251,0.7510004,11.624,1.124],"texture":"#defusal_kit"},
"up":{"uv":[11.251,0.7510004,11.624,1.124],"texture":"#defusal_kit"},
"north":{"uv":[11.251,0.7510004,11.624,1.124],"texture":"#defusal_kit"},
"south":{"uv":[11.251,0.7510004,11.624,1.124],"texture":"#defusal_kit"},
"west":{"uv":[11.251,0.7510004,11.624,1.124],"texture":"#defusal_kit"},
"east":{"uv":[11.251,0.7510004,11.624,1.124],"texture":"#defusal_kit"}
}
},
{
"from":[3,3.75,9.125],
"to":[4,5.75,9.25],
"rotation":{"origin":[3,5.75,9.125],"axis":"x","angle":-22.5},
"faces":{
"up":{"uv":[7.001,0.001000404,7.874,0.1239996],"texture":"#defusal_kit"},
"north":{"uv":[7.001,0.001000404,7.874,0.8739996],"texture":"#defusal_kit"},
"south":{"uv":[7.001,0.001000404,7.874,0.8739996],"texture":"#defusal_kit"},
"west":{"uv":[7.001,0.001000404,7.124,0.8739996],"texture":"#defusal_kit"},
"east":{"uv":[7.751,0.001000404,7.874,0.8739996],"texture":"#defusal_kit"}
}
},
{
"from":[0,3.7188,9.125],
"to":[1,5.7188,9.25],
"rotation":{"origin":[0,5.71875,9.125],"axis":"x","angle":-22.5},
"faces":{
"down":{"uv":[7.001,0.7510004,7.874,0.8739996],"texture":"#defusal_kit"},
"up":{"uv":[7.001,0.001000404,7.874,0.1239996],"texture":"#defusal_kit"},
"north":{"uv":[7.001,0.001000404,7.874,0.8739996],"texture":"#defusal_kit"},
"south":{"uv":[7.001,0.001000404,7.874,0.8739996],"texture":"#defusal_kit"},
"west":{"uv":[7.001,0.001000404,7.124,0.8739996],"texture":"#defusal_kit"},
"east":{"uv":[7.751,0.001000404,7.874,0.8739996],"texture":"#defusal_kit"}
}
},
{
"from":[3,2.5312,10.0313],
"to":[4,3.6562,10.2813],
"faces":{
"down":{"uv":[5.501,0.2510004,6.499,0.4989996],"texture":"#defusal_kit"},
"up":{"uv":[5.501,0.2510004,6.499,0.4989996],"texture":"#defusal_kit"},
"north":{"uv":[5.376,0.3760004,6.374,1.499],"texture":"#defusal_kit"},
"south":{"uv":[5.376,0.3760004,6.374,1.499],"texture":"#defusal_kit"},
"west":{"uv":[6.251,0.5010004,6.499,1.624],"texture":"#defusal_kit"},
"east":{"uv":[6.251,0.5010004,6.499,1.624],"texture":"#defusal_kit"}
}
},
{
"from":[3,3.5312,9.906199],
"to":[4,3.9062,10.15625],
"rotation":{"origin":[3,3.90625,9.90625],"axis":"x","angle":-22.5},
"faces":{
"up":{"uv":[5.376,0.8760004,6.374,1.124],"texture":"#defusal_kit"},
"north":{"uv":[5.626,0.6260004,6.624,0.9989996],"texture":"#defusal_kit"},
"south":{"uv":[5.626,0.6260004,6.624,0.9989996],"texture":"#defusal_kit"},
"west":{"uv":[5.876,1.001,6.124,1.374],"texture":"#defusal_kit"},
"east":{"uv":[5.876,1.001,6.124,1.374],"texture":"#defusal_kit"}
}
},
{
"from":[11.375,6,8.906199],
"to":[12.375,6.25,9.156199],
"rotation":{"origin":[11.375,6.25,8.90625],"axis":"x","angle":-22.5},
"faces":{
"down":{"uv":[15.126,2.375999,15.999,2.624001],"texture":"#defusal_kit"},
"up":{"uv":[15.126,2.375999,15.999,2.624001],"texture":"#defusal_kit"},
"west":{"uv":[15.251,2.375999,15.499,2.624001],"texture":"#defusal_kit"},
"east":{"uv":[15.251,2.375999,15.499,2.624001],"texture":"#defusal_kit"}
}
},
{
"from":[-1.875,0,10],
"to":[5.875,3.375,10.125],
"faces":{
"down":{"uv":[0.126,3.749001,4.749,3.750999],"texture":"#defusal_kit"},
"up":{"uv":[0.126,3.749001,4.749,3.750999],"texture":"#defusal_kit"},
"south":{"uv":[0.001,1.876,5.124,5.124001],"texture":"#defusal_kit"},
"west":{"uv":[1.876,1.126,1.999,4.499001],"texture":"#defusal_kit"},
"east":{"uv":[1.876,1.126,1.999,4.499001],"texture":"#defusal_kit"}
}
},
{
"from":[8.1875,0,10],
"to":[15.9375,3.375,10.125],
"faces":{
"down":{"uv":[0.126,3.749001,4.749,3.750999],"texture":"#defusal_kit"},
"up":{"uv":[0.126,3.749001,4.749,3.750999],"texture":"#defusal_kit"},
"south":{"uv":[0.001,1.876,5.124,5.124001],"texture":"#defusal_kit"},
"west":{"uv":[1.876,1.126,1.999,4.499001],"texture":"#defusal_kit"},
"east":{"uv":[1.876,1.126,1.999,4.499001],"texture":"#defusal_kit"}
}
},
{
"from":[3,0.2812,9.906199],
"to":[4,2.5312,10.15625],
"faces":{
"down":{"uv":[7.001,0.7510004,7.874,0.8739996],"texture":"#defusal_kit"},
"up":{"uv":[7.001,0.001000404,7.874,0.1239996],"texture":"#defusal_kit"},
"south":{"uv":[7.001,0.001000404,7.874,0.8739996],"texture":"#defusal_kit"},
"west":{"uv":[7.001,0.001000404,7.124,0.8739996],"texture":"#defusal_kit"},
"east":{"uv":[7.751,0.001000404,7.874,0.8739996],"texture":"#defusal_kit"}
}
},
{
"from":[0,3.5312,9.906199],
"to":[1,3.9062,10.15625],
"rotation":{"origin":[0,3.90625,9.90625],"axis":"x","angle":-22.5},
"faces":{
"up":{"uv":[5.376,0.8760004,6.374,1.124],"texture":"#defusal_kit"},
"north":{"uv":[5.626,0.6260004,6.624,0.9989996],"texture":"#defusal_kit"},
"south":{"uv":[5.626,0.6260004,6.624,0.9989996],"texture":"#defusal_kit"},
"west":{"uv":[5.876,1.001,6.124,1.374],"texture":"#defusal_kit"},
"east":{"uv":[5.876,1.001,6.124,1.374],"texture":"#defusal_kit"}
}
},
{
"from":[0,2.5312,10.0313],
"to":[1,3.6562,10.2813],
"faces":{
"down":{"uv":[5.501,0.2510004,6.499,0.4989996],"texture":"#defusal_kit"},
"up":{"uv":[5.501,0.2510004,6.499,0.4989996],"texture":"#defusal_kit"},
"north":{"uv":[5.376,0.3760004,6.374,1.499],"texture":"#defusal_kit"},
"south":{"uv":[5.376,0.3760004,6.374,1.499],"texture":"#defusal_kit"},
"west":{"uv":[6.251,0.5010004,6.499,1.624],"texture":"#defusal_kit"},
"east":{"uv":[6.251,0.5010004,6.499,1.624],"texture":"#defusal_kit"}
}
},
{
"from":[0,0.2812,9.906199],
"to":[1,2.5312,10.15625],
"faces":{
"down":{"uv":[7.001,0.7510004,7.874,0.8739996],"texture":"#defusal_kit"},
"up":{"uv":[7.001,0.001000404,7.874,0.1239996],"texture":"#defusal_kit"},
"south":{"uv":[7.001,0.001000404,7.874,0.8739996],"texture":"#defusal_kit"},
"west":{"uv":[7.001,0.001000404,7.124,0.8739996],"texture":"#defusal_kit"},
"east":{"uv":[7.751,0.001000404,7.874,0.8739996],"texture":"#defusal_kit"}
}
},
{
"from":[10,3.7647,9.125],
"to":[11,5.7647,9.25],
"rotation":{"origin":[10,5.76466,9.125],"axis":"x","angle":-22.5},
"faces":{
"down":{"uv":[7.001,0.7510004,7.874,0.8739996],"texture":"#defusal_kit"},
"up":{"uv":[7.001,0.001000404,7.874,0.1239996],"texture":"#defusal_kit"},
"north":{"uv":[7.001,0.001000404,7.874,0.8739996],"texture":"#defusal_kit"},
"south":{"uv":[7.001,0.001000404,7.874,0.8739996],"texture":"#defusal_kit"},
"west":{"uv":[7.001,0.001000404,7.124,0.8739996],"texture":"#defusal_kit"},
"east":{"uv":[7.751,0.001000404,7.874,0.8739996],"texture":"#defusal_kit"}
}
},
{
"from":[12.9688,3.7647,9.125],
"to":[13.9688,5.7647,9.25],
"rotation":{"origin":[12.9688,5.76466,9.125],"axis":"x","angle":-22.5},
"faces":{
"down":{"uv":[7.001,0.7510004,7.874,0.8739996],"texture":"#defusal_kit"},
"up":{"uv":[7.001,0.001000404,7.874,0.1239996],"texture":"#defusal_kit"},
"north":{"uv":[7.001,0.001000404,7.874,0.8739996],"texture":"#defusal_kit"},
"south":{"uv":[7.001,0.001000404,7.874,0.8739996],"texture":"#defusal_kit"},
"west":{"uv":[7.001,0.001000404,7.124,0.8739996],"texture":"#defusal_kit"},
"east":{"uv":[7.751,0.001000404,7.874,0.8739996],"texture":"#defusal_kit"}
}
},
{
"from":[10,3.5625,9.906199],
"to":[11,3.9375,10.15625],
"rotation":{"origin":[10,3.9375,9.90625],"axis":"x","angle":-22.5},
"faces":{
"down":{"uv":[5.376,0.8760004,6.374,1.124],"texture":"#defusal_kit"},
"up":{"uv":[5.376,0.8760004,6.374,1.124],"texture":"#defusal_kit"},
"north":{"uv":[5.626,0.6260004,6.624,0.9989996],"texture":"#defusal_kit"},
"south":{"uv":[5.626,0.6260004,6.624,0.9989996],"texture":"#defusal_kit"},
"west":{"uv":[5.876,1.001,6.124,1.374],"texture":"#defusal_kit"},
"east":{"uv":[5.876,1.001,6.124,1.374],"texture":"#defusal_kit"}
}
},
{
"from":[13,3.5625,9.906199],
"to":[14,3.9375,10.15625],
"rotation":{"origin":[13,3.9375,9.90625],"axis":"x","angle":-22.5},
"faces":{
"up":{"uv":[5.376,0.8760004,6.374,1.124],"texture":"#defusal_kit"},
"north":{"uv":[5.626,0.6260004,6.624,0.9989996],"texture":"#defusal_kit"},
"south":{"uv":[5.626,0.6260004,6.624,0.9989996],"texture":"#defusal_kit"},
"west":{"uv":[5.876,1.001,6.124,1.374],"texture":"#defusal_kit"},
"east":{"uv":[5.876,1.001,6.124,1.374],"texture":"#defusal_kit"}
}
},
{
"from":[10,2.5312,10.0313],
"to":[11,3.6562,10.2813],
"faces":{
"down":{"uv":[5.501,0.2510004,6.499,0.4989996],"texture":"#defusal_kit"},
"up":{"uv":[5.501,0.2510004,6.499,0.4989996],"texture":"#defusal_kit"},
"north":{"uv":[5.376,0.3760004,6.374,1.499],"texture":"#defusal_kit"},
"south":{"uv":[5.376,0.3760004,6.374,1.499],"texture":"#defusal_kit"},
"west":{"uv":[6.251,0.5010004,6.499,1.624],"texture":"#defusal_kit"},
"east":{"uv":[6.251,0.5010004,6.499,1.624],"texture":"#defusal_kit"}
}
},
{
"from":[13,2.5625,10.0313],
"to":[14,3.6875,10.2813],
"faces":{
"down":{"uv":[5.501,0.2510004,6.499,0.4989996],"texture":"#defusal_kit"},
"up":{"uv":[5.501,0.2510004,6.499,0.4989996],"texture":"#defusal_kit"},
"north":{"uv":[5.376,0.3760004,6.374,1.499],"texture":"#defusal_kit"},
"south":{"uv":[5.376,0.3760004,6.374,1.499],"texture":"#defusal_kit"},
"west":{"uv":[6.251,0.5010004,6.499,1.624],"texture":"#defusal_kit"},
"east":{"uv":[6.251,0.5010004,6.499,1.624],"texture":"#defusal_kit"}
}
},
{
"from":[10,0.2812,9.906199],
"to":[11,2.5312,10.15625],
"faces":{
"down":{"uv":[7.001,0.7510004,7.874,0.8739996],"texture":"#defusal_kit"},
"up":{"uv":[7.001,0.001000404,7.874,0.1239996],"texture":"#defusal_kit"},
"south":{"uv":[7.001,0.001000404,7.874,0.8739996],"texture":"#defusal_kit"},
"west":{"uv":[7.001,0.001000404,7.124,0.8739996],"texture":"#defusal_kit"},
"east":{"uv":[7.751,0.001000404,7.874,0.8739996],"texture":"#defusal_kit"}
}
},
{
"from":[13,0.3125,9.906199],
"to":[14,2.5625,10.15625],
"faces":{
"down":{"uv":[7.001,0.7510004,7.874,0.8739996],"texture":"#defusal_kit"},
"up":{"uv":[7.001,0.001000404,7.874,0.1239996],"texture":"#defusal_kit"},
"south":{"uv":[7.001,0.001000404,7.874,0.8739996],"texture":"#defusal_kit"},
"west":{"uv":[7.001,0.001000404,7.124,0.8739996],"texture":"#defusal_kit"},
"east":{"uv":[7.751,0.001000404,7.874,0.8739996],"texture":"#defusal_kit"}
}
},
{
"from":[11.375,6.0938,9.135],
"to":[12.375,6.3438,9.51],
"faces":{
"down":{"uv":[15.999,2.624001,15.126,2.375999],"texture":"#defusal_kit"},
"up":{"uv":[15.999,2.624001,15.126,2.375999],"texture":"#defusal_kit"},
"north":{"uv":[15.999,2.624001,15.126,2.375999],"texture":"#defusal_kit"},
"south":{"uv":[15.999,2.624001,15.126,2.375999],"texture":"#defusal_kit"},
"west":{"uv":[15.251,2.375999,15.499,2.624001],"texture":"#defusal_kit"},
"east":{"uv":[15.251,2.375999,15.499,2.624001],"texture":"#defusal_kit"}
}
},
{
"from":[11.375,6.0937,9.51],
"to":[12.375,6.3437,9.76],
"rotation":{"origin":[11.375,6.34375,9.51],"axis":"x","angle":45},
"faces":{
"down":{"uv":[15.126,2.375999,15.999,2.624001],"texture":"#defusal_kit"},
"up":{"uv":[15.126,2.375999,15.999,2.624001],"texture":"#defusal_kit"},
"south":{"uv":[15.126,2.375999,15.999,2.624001],"texture":"#defusal_kit"},
"west":{"uv":[15.251,2.375999,15.499,2.624001],"texture":"#defusal_kit"},
"east":{"uv":[15.251,2.375999,15.499,2.624001],"texture":"#defusal_kit"}
}
},
{
"from":[11.375,5.4463,9.455],
"to":[12.375,6.0713,9.705],
"rotation":{"origin":[11.375,6.07125,9.455],"axis":"x","angle":-22.5},
"faces":{
"down":{"uv":[15.999,2.624001,15.126,2.375999],"texture":"#defusal_kit"},
"up":{"uv":[15.999,2.624001,15.126,2.375999],"texture":"#defusal_kit"},
"north":{"uv":[15.999,2.624001,15.126,2.375999],"texture":"#defusal_kit"},
"south":{"uv":[15.999,2.624001,15.126,2.375999],"texture":"#defusal_kit"},
"west":{"uv":[15.251,2.375999,15.499,2.624001],"texture":"#defusal_kit"},
"east":{"uv":[15.251,2.375999,15.499,2.624001],"texture":"#defusal_kit"}
}
},
{
"from":[11.375,5.25,9.6875],
"to":[12.375,5.5,9.9375],
"rotation":{"origin":[11.375,5.5,9.6875],"axis":"x","angle":-45},
"faces":{
"up":{"uv":[15.126,2.375999,15.999,2.624001],"texture":"#defusal_kit"},
"north":{"uv":[15.126,2.375999,15.999,2.624001],"texture":"#defusal_kit"},
"south":{"uv":[15.126,2.375999,15.999,2.624001],"texture":"#defusal_kit"},
"west":{"uv":[15.251,2.375999,15.499,2.624001],"texture":"#defusal_kit"},
"east":{"uv":[15.251,2.375999,15.499,2.624001],"texture":"#defusal_kit"}
}
},
{
"from":[11.375,5.3225,9.865],
"to":[12.375,5.5725,10.115],
"faces":{
"down":{"uv":[15.999,2.624001,15.126,2.375999],"texture":"#defusal_kit"},
"up":{"uv":[15.999,2.624001,15.126,2.375999],"texture":"#defusal_kit"},
"north":{"uv":[15.999,2.624001,15.126,2.375999],"texture":"#defusal_kit"},
"south":{"uv":[15.999,2.624001,15.126,2.375999],"texture":"#defusal_kit"},
"west":{"uv":[15.251,2.375999,15.499,2.624001],"texture":"#defusal_kit"},
"east":{"uv":[15.251,2.375999,15.499,2.624001],"texture":"#defusal_kit"}
}
},
{
"from":[11.375,5.3225,10.12],
"to":[12.375,5.5725,10.37],
"rotation":{"origin":[11.375,5.5725,10.12],"axis":"x","angle":45},
"faces":{
"down":{"uv":[15.126,2.375999,15.999,2.624001],"texture":"#defusal_kit"},
"up":{"uv":[15.126,2.375999,15.999,2.624001],"texture":"#defusal_kit"},
"south":{"uv":[15.126,2.375999,15.999,2.624001],"texture":"#defusal_kit"},
"west":{"uv":[15.251,2.375999,15.499,2.624001],"texture":"#defusal_kit"},
"east":{"uv":[15.251,2.375999,15.499,2.624001],"texture":"#defusal_kit"}
}
},
{
"from":[11.375,5.0525,10.065],
"to":[12.375,5.3025,10.315],
"rotation":{"origin":[11.375,5.3025,10.065],"axis":"x","angle":-22.5},
"faces":{
"up":{"uv":[15.999,2.624001,15.126,2.375999],"texture":"#defusal_kit"},
"north":{"uv":[15.999,2.624001,15.126,2.375999],"texture":"#defusal_kit"},
"south":{"uv":[15.999,2.624001,15.126,2.375999],"texture":"#defusal_kit"},
"west":{"uv":[15.251,2.375999,15.499,2.624001],"texture":"#defusal_kit"},
"east":{"uv":[15.251,2.375999,15.499,2.624001],"texture":"#defusal_kit"}
}
},
{
"from":[11.375,4.9212,10.1412],
"to":[12.375,5.1712,10.3912],
"faces":{
"down":{"uv":[15.126,2.375999,15.999,2.624001],"texture":"#defusal_kit"},
"up":{"uv":[15.126,2.375999,15.999,2.624001],"texture":"#defusal_kit"},
"north":{"uv":[15.126,2.375999,15.999,2.624001],"texture":"#defusal_kit"},
"south":{"uv":[15.126,2.375999,15.999,2.624001],"texture":"#defusal_kit"},
"west":{"uv":[15.251,2.375999,15.499,2.624001],"texture":"#defusal_kit"},
"east":{"uv":[15.251,2.375999,15.499,2.624001],"texture":"#defusal_kit"}
}
},
{
"from":[11.375,4.7712,10.1612],
"to":[12.375,5.0212,10.4112],
"rotation":{"origin":[11.375,5.02125,10.1612],"axis":"x","angle":22.5},
"faces":{
"down":{"uv":[15.999,2.624001,15.126,2.375999],"texture":"#defusal_kit"},
"north":{"uv":[15.999,2.624001,15.126,2.375999],"texture":"#defusal_kit"},
"south":{"uv":[15.999,2.624001,15.126,2.375999],"texture":"#defusal_kit"},
"west":{"uv":[15.251,2.375999,15.499,2.624001],"texture":"#defusal_kit"},
"east":{"uv":[15.251,2.375999,15.499,2.624001],"texture":"#defusal_kit"}
}
},
{
"from":[11.375,4.25,10.125],
"to":[12.375,4.875,10.375],
"rotation":{"origin":[11.375,4.875,10.125],"axis":"x","angle":45},
"faces":{
"down":{"uv":[15.126,2.375999,15.999,2.624001],"texture":"#defusal_kit"},
"north":{"uv":[15.126,2.375999,15.999,2.624001],"texture":"#defusal_kit"},
"south":{"uv":[15.126,2.375999,15.999,2.624001],"texture":"#defusal_kit"},
"west":{"uv":[15.251,2.375999,15.499,2.624001],"texture":"#defusal_kit"},
"east":{"uv":[15.251,2.375999,15.499,2.624001],"texture":"#defusal_kit"}
}
},
{
"from":[11.375,3.875,9.625],
"to":[12.375,4.5,9.875],
"rotation":{"origin":[11.375,4.5,9.625],"axis":"x","angle":-22.5},
"faces":{
"down":{"uv":[15.999,2.624001,15.126,2.375999],"texture":"#defusal_kit"},
"up":{"uv":[15.999,2.624001,15.126,2.375999],"texture":"#defusal_kit"},
"north":{"uv":[15.999,2.624001,15.126,2.375999],"texture":"#defusal_kit"},
"south":{"uv":[15.999,2.624001,15.126,2.375999],"texture":"#defusal_kit"},
"west":{"uv":[15.251,2.375999,15.499,2.624001],"texture":"#defusal_kit"},
"east":{"uv":[15.251,2.375999,15.499,2.624001],"texture":"#defusal_kit"}
}
}
],
"display":{
"thirdperson_righthand":{
"translation":[-3,5,2],
"scale":[0.75,0.75,0.75]
},
"thirdperson_lefthand":{
"translation":[-4.5,5,2],
"scale":[0.75,0.75,0.75]
},
"firstperson_righthand":{
"rotation":[0,-10,0],
"translation":[-2,5,0]
},
"firstperson_lefthand":{
"rotation":[0,-10,0],
"translation":[-2,5,0]
},
"gui":{
"rotation":[20,-40,0],
"translation":[0.75,3,0],
"scale":[0.9,0.9,0.9]
},
"head":{
"rotation":[0,180,0],
"translation":[-0.5,12,0],
"scale":[0.6,0.6,0.6]
},
"ground":{
"rotation":[-90,0,0],
"translation":[1,0,-4],
"scale":[0.75,0.75,0.75]
},
"fixed":{
"rotation":[0,180,0],
"translation":[-1,4,-2]
}
}
}