{
"__comment":"Made by Gun Colony ©",
"textures":{
"0":"guns/greencover",
"1":"itmes/tabletscreen_shop",
"3":"guns/normalguntexture",
"4":"guns/fde",
"5":"blocks/hardened_clay_stained_blue"
},
"elements":[
{
"from":[3.25,1.125,5],
"to":[12.5,1.6875,11.25],
"faces":{
"up":{"uv":[0,0,16,10.5],"texture":"#1"}
}
},
{
"from":[2,0.75,3.75],
"to":[13.75,1.25,12.5],
"faces":{
"down":{"uv":[9,9,10,10],"texture":"#0"},
"up":{"uv":[9,9,10,10],"texture":"#0"},
"north":{"uv":[9,9,10,10],"texture":"#0"},
"south":{"uv":[9,9,10,10],"texture":"#0"},
"west":{"uv":[9,9,10,10],"texture":"#0"},
"east":{"uv":[9,9,10,10],"texture":"#0"}
}
},
{
"from":[2.875,0.75,4.625],
"to":[3.25,1.75,11.625],
"faces":{
"up":{"uv":[9,9,10,10],"texture":"#0"},
"west":{"uv":[9,9,10,10],"texture":"#0"},
"east":{"uv":[9,9,10,10],"texture":"#0"}
}
},
{
"from":[3.25,0.75,11.25],
"to":[12.5,1.75,11.625],
"faces":{
"up":{"uv":[9,9,10,10],"texture":"#0","rotation":270},
"north":{"uv":[9,9,10,10],"texture":"#0","rotation":270},
"south":{"uv":[9,9,10,10],"texture":"#0","rotation":270}
}
},
{
"from":[12.5,0.75,4.625],
"to":[12.875,1.75,11.625],
"faces":{
"up":{"uv":[9,9,10,10],"texture":"#0"},
"west":{"uv":[9,9,10,10],"texture":"#0"},
"east":{"uv":[9,9,10,10],"texture":"#0"}
}
},
{
"from":[3.25,0.75,4.625],
"to":[12.5,1.75,5],
"faces":{
"up":{"uv":[9,9,10,10],"texture":"#0","rotation":270},
"north":{"uv":[9,9,10,10],"texture":"#0","rotation":270},
"south":{"uv":[9,9,10,10],"texture":"#0","rotation":270}
}
},
{
"from":[5.25,0.75,11.625],
"to":[10.5,1.75,12.125],
"faces":{
"up":{"uv":[9,9,10,10],"texture":"#0","rotation":270},
"south":{"uv":[9,9,10,10],"texture":"#0","rotation":270}
}
},
{
"from":[6.1555,0.75,8.8966],
"to":[6.93675,1.75,9.30285],
"rotation":{"origin":[2.68674,1.25,8.67785],"axis":"y","angle":-45},
"faces":{
"up":{"uv":[9,9,10,10],"texture":"#0","rotation":270},
"north":{"uv":[9,9,10,10],"texture":"#0","rotation":270},
"south":{"uv":[9,9,10,10],"texture":"#0","rotation":270}
}
},
{
"from":[11.074,0.75,14.3546],
"to":[11.85525,1.75,14.76085],
"rotation":{"origin":[7.60528,1.25,14.13583],"axis":"y","angle":45},
"faces":{
"up":{"uv":[9,9,10,10],"texture":"#0","rotation":270},
"north":{"uv":[9,9,10,10],"texture":"#0","rotation":270},
"south":{"uv":[9,9,10,10],"texture":"#0","rotation":270}
}
},
{
"from":[3.25,1,11.625],
"to":[4,1.75,12.5],
"faces":{
"up":{"uv":[9,9,10,10],"texture":"#0","rotation":270},
"south":{"uv":[9,9,10,10],"texture":"#0","rotation":270},
"east":{"uv":[9,9,10,10],"texture":"#0","rotation":270}
}
},
{
"from":[11.75,1,11.625],
"to":[12.5,1.75,12.5],
"faces":{
"up":{"uv":[9,9,10,10],"texture":"#0","rotation":270},
"south":{"uv":[9,9,10,10],"texture":"#0","rotation":270},
"west":{"uv":[9,9,10,10],"texture":"#0","rotation":270}
}
},
{
"from":[11.75,1,3.75],
"to":[12.5,1.75,4.625],
"faces":{
"up":{"uv":[9,9,10,10],"texture":"#0","rotation":270},
"north":{"uv":[9,9,10,10],"texture":"#0","rotation":270},
"west":{"uv":[9,9,10,10],"texture":"#0","rotation":270}
}
},
{
"from":[3.25,1,3.75],
"to":[4,1.75,4.625],
"faces":{
"up":{"uv":[9,9,10,10],"texture":"#0","rotation":270},
"north":{"uv":[9,9,10,10],"texture":"#0","rotation":270},
"east":{"uv":[9,9,10,10],"texture":"#0","rotation":270}
}
},
{
"from":[2,1,5],
"to":[2.875,1.75,5.75],
"faces":{
"up":{"uv":[9,9,10,10],"texture":"#0"},
"south":{"uv":[9,9,10,10],"texture":"#0"},
"west":{"uv":[9,9,10,10],"texture":"#0"}
}
},
{
"from":[2,1,10.5],
"to":[2.875,1.75,11.25],
"faces":{
"up":{"uv":[9,9,10,10],"texture":"#0"},
"north":{"uv":[9,9,10,10],"texture":"#0"},
"west":{"uv":[9,9,10,10],"texture":"#0"}
}
},
{
"from":[12.875,1,10.5],
"to":[13.75,1.75,11.25],
"faces":{
"up":{"uv":[9,9,10,10],"texture":"#0"},
"north":{"uv":[9,9,10,10],"texture":"#0"},
"east":{"uv":[9,9,10,10],"texture":"#0"}
}
},
{
"from":[12.875,1,5],
"to":[13.75,1.75,5.75],
"faces":{
"up":{"uv":[9,9,10,10],"texture":"#0"},
"south":{"uv":[9,9,10,10],"texture":"#0"},
"east":{"uv":[9,9,10,10],"texture":"#0"}
}
},
{
"from":[12.0854,3.5626,8.5],
"to":[12.5854,4.09385,8.75],
"rotation":{"origin":[15.96036,3.81261,2.5],"axis":"z","angle":45},
"faces":{
"north":{"uv":[9,9,10,10],"texture":"#0"},
"south":{"uv":[9,9,10,10],"texture":"#0"},
"east":{"uv":[9,9,10,10],"texture":"#0"}
}
},
{
"from":[12.875,1.25,8.5],
"to":[13.375,1.625,8.75],
"faces":{
"up":{"uv":[9,9,10,10],"texture":"#0"},
"north":{"uv":[9,9,10,10],"texture":"#0"},
"south":{"uv":[9,9,10,10],"texture":"#0"}
}
},
{
"from":[12.0854,3.5626,9.5],
"to":[12.5854,4.09385,9.75],
"rotation":{"origin":[15.96036,3.81261,3.5],"axis":"z","angle":45},
"faces":{
"north":{"uv":[9,9,10,10],"texture":"#0"},
"south":{"uv":[9,9,10,10],"texture":"#0"},
"east":{"uv":[9,9,10,10],"texture":"#0"}
}
},
{
"from":[12.875,1.25,9.5],
"to":[13.375,1.625,9.75],
"faces":{
"up":{"uv":[9,9,10,10],"texture":"#0"},
"north":{"uv":[9,9,10,10],"texture":"#0"},
"south":{"uv":[9,9,10,10],"texture":"#0"}
}
},
{
"from":[12.0854,3.5626,7.5],
"to":[12.5854,4.09385,7.75],
"rotation":{"origin":[15.96036,3.81261,1.5],"axis":"z","angle":45},
"faces":{
"north":{"uv":[9,9,10,10],"texture":"#0"},
"south":{"uv":[9,9,10,10],"texture":"#0"},
"east":{"uv":[9,9,10,10],"texture":"#0"}
}
},
{
"from":[12.875,1.25,7.5],
"to":[13.375,1.625,7.75],
"faces":{
"up":{"uv":[9,9,10,10],"texture":"#0"},
"north":{"uv":[9,9,10,10],"texture":"#0"},
"south":{"uv":[9,9,10,10],"texture":"#0"}
}
},
{
"from":[12.0854,3.5626,6.5],
"to":[12.5854,4.09385,6.75],
"rotation":{"origin":[15.96036,3.81261,0.5],"axis":"z","angle":45},
"faces":{
"north":{"uv":[9,9,10,10],"texture":"#0"},
"south":{"uv":[9,9,10,10],"texture":"#0"},
"east":{"uv":[9,9,10,10],"texture":"#0"}
}
},
{
"from":[12.875,1.25,6.5],
"to":[13.375,1.625,6.75],
"faces":{
"up":{"uv":[9,9,10,10],"texture":"#0"},
"north":{"uv":[9,9,10,10],"texture":"#0"},
"south":{"uv":[9,9,10,10],"texture":"#0"}
}
},
{
"from":[3.1646,3.5626,8.5],
"to":[3.6646,4.09385,8.75],
"rotation":{"origin":[-0.2103601,3.81261,2.5],"axis":"z","angle":-45},
"faces":{
"north":{"uv":[9,9,10,10],"texture":"#0"},
"south":{"uv":[9,9,10,10],"texture":"#0"},
"west":{"uv":[9,9,10,10],"texture":"#0"}
}
},
{
"from":[2.375,1.25,8.5],
"to":[2.875,1.625,8.75],
"faces":{
"up":{"uv":[9,9,10,10],"texture":"#0"},
"north":{"uv":[9,9,10,10],"texture":"#0"},
"south":{"uv":[9,9,10,10],"texture":"#0"}
}
},
{
"from":[3.1646,3.5626,9.5],
"to":[3.6646,4.09385,9.75],
"rotation":{"origin":[-0.2103601,3.81261,3.5],"axis":"z","angle":-45},
"faces":{
"north":{"uv":[9,9,10,10],"texture":"#0"},
"south":{"uv":[9,9,10,10],"texture":"#0"},
"west":{"uv":[9,9,10,10],"texture":"#0"}
}
},
{
"from":[2.375,1.25,9.5],
"to":[2.875,1.625,9.75],
"faces":{
"up":{"uv":[9,9,10,10],"texture":"#0"},
"north":{"uv":[9,9,10,10],"texture":"#0"},
"south":{"uv":[9,9,10,10],"texture":"#0"}
}
},
{
"from":[3.1646,3.5626,7.5],
"to":[3.6646,4.09385,7.75],
"rotation":{"origin":[-0.2103601,3.81261,1.5],"axis":"z","angle":-45},
"faces":{
"north":{"uv":[9,9,10,10],"texture":"#0"},
"south":{"uv":[9,9,10,10],"texture":"#0"},
"west":{"uv":[9,9,10,10],"texture":"#0"}
}
},
{
"from":[2.375,1.25,7.5],
"to":[2.875,1.625,7.75],
"faces":{
"up":{"uv":[9,9,10,10],"texture":"#0"},
"north":{"uv":[9,9,10,10],"texture":"#0"},
"south":{"uv":[9,9,10,10],"texture":"#0"}
}
},
{
"from":[3.1646,3.5626,6.5],
"to":[3.6646,4.09385,6.75],
"rotation":{"origin":[-0.2103601,3.81261,0.5],"axis":"z","angle":-45},
"faces":{
"north":{"uv":[9,9,10,10],"texture":"#0"},
"south":{"uv":[9,9,10,10],"texture":"#0"},
"west":{"uv":[9,9,10,10],"texture":"#0"}
}
},
{
"from":[2.375,1.25,6.5],
"to":[2.875,1.625,6.75],
"faces":{
"up":{"uv":[9,9,10,10],"texture":"#0"},
"north":{"uv":[9,9,10,10],"texture":"#0"},
"south":{"uv":[9,9,10,10],"texture":"#0"}
}
},
{
"from":[6.75,3.5626,4.9146],
"to":[7,4.09385,5.4146],
"rotation":{"origin":[13,3.81261,1.53964],"axis":"x","angle":45},
"faces":{
"north":{"uv":[9,9,10,10],"texture":"#0","rotation":90},
"west":{"uv":[9,9,10,10],"texture":"#0","rotation":90},
"east":{"uv":[9,9,10,10],"texture":"#0","rotation":90}
}
},
{
"from":[6.75,1.25,4.125],
"to":[7,1.625,4.625],
"faces":{
"up":{"uv":[9,9,10,10],"texture":"#0","rotation":90},
"west":{"uv":[9,9,10,10],"texture":"#0","rotation":90},
"east":{"uv":[9,9,10,10],"texture":"#0","rotation":90}
}
},
{
"from":[8.75,3.5626,4.9146],
"to":[9,4.09385,5.4146],
"rotation":{"origin":[15,3.81261,1.53964],"axis":"x","angle":45},
"faces":{
"north":{"uv":[9,9,10,10],"texture":"#0","rotation":90},
"west":{"uv":[9,9,10,10],"texture":"#0","rotation":90},
"east":{"uv":[9,9,10,10],"texture":"#0","rotation":90}
}
},
{
"from":[8.75,1.25,4.125],
"to":[9,1.625,4.625],
"faces":{
"up":{"uv":[9,9,10,10],"texture":"#0","rotation":90},
"west":{"uv":[9,9,10,10],"texture":"#0","rotation":90},
"east":{"uv":[9,9,10,10],"texture":"#0","rotation":90}
}
},
{
"from":[7.75,3.5626,4.9146],
"to":[8,4.09385,5.4146],
"rotation":{"origin":[14,3.81261,1.53964],"axis":"x","angle":45},
"faces":{
"north":{"uv":[9,9,10,10],"texture":"#0","rotation":90},
"west":{"uv":[9,9,10,10],"texture":"#0","rotation":90},
"east":{"uv":[9,9,10,10],"texture":"#0","rotation":90}
}
},
{
"from":[7.75,1.25,4.125],
"to":[8,1.625,4.625],
"faces":{
"up":{"uv":[9,9,10,10],"texture":"#0","rotation":90},
"west":{"uv":[9,9,10,10],"texture":"#0","rotation":90},
"east":{"uv":[9,9,10,10],"texture":"#0","rotation":90}
}
},
{
"from":[9.75,3.5626,4.9146],
"to":[10,4.09385,5.4146],
"rotation":{"origin":[16,3.81261,1.53964],"axis":"x","angle":45},
"faces":{
"north":{"uv":[9,9,10,10],"texture":"#0","rotation":90},
"west":{"uv":[9,9,10,10],"texture":"#0","rotation":90},
"east":{"uv":[9,9,10,10],"texture":"#0","rotation":90}
}
},
{
"from":[9.75,1.25,4.125],
"to":[10,1.625,4.625],
"faces":{
"up":{"uv":[9,9,10,10],"texture":"#0","rotation":90},
"west":{"uv":[9,9,10,10],"texture":"#0","rotation":90},
"east":{"uv":[9,9,10,10],"texture":"#0","rotation":90}
}
},
{
"from":[10.75,3.5626,4.9146],
"to":[11,4.09385,5.4146],
"rotation":{"origin":[17,3.81261,1.53964],"axis":"x","angle":45},
"faces":{
"north":{"uv":[9,9,10,10],"texture":"#0","rotation":90},
"west":{"uv":[9,9,10,10],"texture":"#0","rotation":90},
"east":{"uv":[9,9,10,10],"texture":"#0","rotation":90}
}
},
{
"from":[10.75,1.25,4.125],
"to":[11,1.625,4.625],
"faces":{
"up":{"uv":[9,9,10,10],"texture":"#0","rotation":90},
"west":{"uv":[9,9,10,10],"texture":"#0","rotation":90},
"east":{"uv":[9,9,10,10],"texture":"#0","rotation":90}
}
},
{
"from":[10.75,1.25,11.625],
"to":[11,1.625,12.125],
"faces":{
"up":{"uv":[9,9,10,10],"texture":"#0","rotation":90},
"west":{"uv":[9,9,10,10],"texture":"#0","rotation":90},
"east":{"uv":[9,9,10,10],"texture":"#0","rotation":90}
}
},
{
"from":[10.75,3.5626,10.8354],
"to":[11,4.09385,11.3354],
"rotation":{"origin":[17,3.81261,14.71036],"axis":"x","angle":-45},
"faces":{
"south":{"uv":[9,9,10,10],"texture":"#0","rotation":90},
"west":{"uv":[9,9,10,10],"texture":"#0","rotation":90},
"east":{"uv":[9,9,10,10],"texture":"#0","rotation":90}
}
},
{
"from":[4.75,1.25,11.625],
"to":[5,1.625,12.125],
"faces":{
"up":{"uv":[9,9,10,10],"texture":"#0","rotation":90},
"west":{"uv":[9,9,10,10],"texture":"#0","rotation":90},
"east":{"uv":[9,9,10,10],"texture":"#0","rotation":90}
}
},
{
"from":[4.75,3.5626,10.8354],
"to":[5,4.09385,11.3354],
"rotation":{"origin":[11,3.81261,14.71036],"axis":"x","angle":-45},
"faces":{
"south":{"uv":[9,9,10,10],"texture":"#0","rotation":90},
"west":{"uv":[9,9,10,10],"texture":"#0","rotation":90},
"east":{"uv":[9,9,10,10],"texture":"#0","rotation":90}
}
},
{
"from":[9.75,3.5626,10.8354],
"to":[10,4.09385,11.3354],
"rotation":{"origin":[16,3.81261,14.71036],"axis":"x","angle":-45},
"faces":{
"south":{"uv":[9,9,10,10],"texture":"#0","rotation":90},
"west":{"uv":[9,9,10,10],"texture":"#0","rotation":90},
"east":{"uv":[9,9,10,10],"texture":"#0","rotation":90}
}
},
{
"from":[8.75,3.5626,10.8354],
"to":[9,4.09385,11.3354],
"rotation":{"origin":[15,3.81261,14.71036],"axis":"x","angle":-45},
"faces":{
"south":{"uv":[9,9,10,10],"texture":"#0","rotation":90},
"west":{"uv":[9,9,10,10],"texture":"#0","rotation":90},
"east":{"uv":[9,9,10,10],"texture":"#0","rotation":90}
}
},
{
"from":[7.75,3.5626,10.8354],
"to":[8,4.09385,11.3354],
"rotation":{"origin":[14,3.81261,14.71036],"axis":"x","angle":-45},
"faces":{
"south":{"uv":[9,9,10,10],"texture":"#0","rotation":90},
"west":{"uv":[9,9,10,10],"texture":"#0","rotation":90},
"east":{"uv":[9,9,10,10],"texture":"#0","rotation":90}
}
},
{
"from":[6.75,3.5626,10.8354],
"to":[7,4.09385,11.3354],
"rotation":{"origin":[13,3.81261,14.71036],"axis":"x","angle":-45},
"faces":{
"south":{"uv":[9,9,10,10],"texture":"#0","rotation":90},
"west":{"uv":[9,9,10,10],"texture":"#0","rotation":90},
"east":{"uv":[9,9,10,10],"texture":"#0","rotation":90}
}
},
{
"from":[5.75,3.5626,10.8354],
"to":[6,4.09385,11.3354],
"rotation":{"origin":[12,3.81261,14.71036],"axis":"x","angle":-45},
"faces":{
"south":{"uv":[9,9,10,10],"texture":"#0","rotation":90},
"west":{"uv":[9,9,10,10],"texture":"#0","rotation":90},
"east":{"uv":[9,9,10,10],"texture":"#0","rotation":90}
}
},
{
"from":[5.75,0.6562,3.75],
"to":[6,0.74995,12.5],
"faces":{
"down":{"uv":[9,9,10,10],"texture":"#0","rotation":90},
"north":{"uv":[9,9,10,10],"texture":"#0","rotation":90},
"south":{"uv":[9,9,10,10],"texture":"#0","rotation":90},
"west":{"uv":[9,9,10,10],"texture":"#0","rotation":90},
"east":{"uv":[9,9,10,10],"texture":"#0","rotation":90}
}
},
{
"from":[11.75,0.6562,3.75],
"to":[12,0.74995,12.5],
"faces":{
"down":{"uv":[9,9,10,10],"texture":"#0","rotation":90},
"north":{"uv":[9,9,10,10],"texture":"#0","rotation":90},
"south":{"uv":[9,9,10,10],"texture":"#0","rotation":90},
"west":{"uv":[9,9,10,10],"texture":"#0","rotation":90},
"east":{"uv":[9,9,10,10],"texture":"#0","rotation":90}
}
},
{
"from":[9.75,0.6562,3.75],
"to":[10,0.74995,12.5],
"faces":{
"down":{"uv":[9,9,10,10],"texture":"#0","rotation":90},
"north":{"uv":[9,9,10,10],"texture":"#0","rotation":90},
"south":{"uv":[9,9,10,10],"texture":"#0","rotation":90},
"west":{"uv":[9,9,10,10],"texture":"#0","rotation":90},
"east":{"uv":[9,9,10,10],"texture":"#0","rotation":90}
}
},
{
"from":[3.75,0.6562,3.75],
"to":[4,0.74995,12.5],
"faces":{
"down":{"uv":[9,9,10,10],"texture":"#0","rotation":90},
"north":{"uv":[9,9,10,10],"texture":"#0","rotation":90},
"south":{"uv":[9,9,10,10],"texture":"#0","rotation":90},
"west":{"uv":[9,9,10,10],"texture":"#0","rotation":90},
"east":{"uv":[9,9,10,10],"texture":"#0","rotation":90}
}
},
{
"from":[2,0.6562,3.75],
"to":[2.25,0.74995,12.5],
"faces":{
"down":{"uv":[9,9,10,10],"texture":"#0","rotation":90},
"north":{"uv":[9,9,10,10],"texture":"#0","rotation":90},
"south":{"uv":[9,9,10,10],"texture":"#0","rotation":90},
"west":{"uv":[9,9,10,10],"texture":"#0","rotation":90},
"east":{"uv":[9,9,10,10],"texture":"#0","rotation":90}
}
},
{
"from":[13.5,0.6562,3.75],
"to":[13.75,0.74995,12.5],
"faces":{
"down":{"uv":[9,9,10,10],"texture":"#0","rotation":90},
"north":{"uv":[9,9,10,10],"texture":"#0","rotation":90},
"south":{"uv":[9,9,10,10],"texture":"#0","rotation":90},
"west":{"uv":[9,9,10,10],"texture":"#0","rotation":90},
"east":{"uv":[9,9,10,10],"texture":"#0","rotation":90}
}
},
{
"from":[6,0.5938,6.75],
"to":[9.75,0.7188,9.5],
"faces":{
"down":{"uv":[9,9,10,10],"texture":"#0"},
"north":{"uv":[9,9,10,10],"texture":"#0","rotation":90},
"south":{"uv":[9,9,10,10],"texture":"#0","rotation":90},
"west":{"uv":[9,9,10,10],"texture":"#0","rotation":90},
"east":{"uv":[9,9,10,10],"texture":"#0","rotation":90}
}
},
{
"from":[2,0.6562,6.5],
"to":[13.75,0.74995,6.75],
"faces":{
"down":{"uv":[9,9,10,10],"texture":"#0"},
"north":{"uv":[9,9,10,10],"texture":"#0","rotation":90},
"south":{"uv":[9,9,10,10],"texture":"#0","rotation":90}
}
},
{
"from":[2,0.6562,9.5],
"to":[13.75,0.74995,9.75],
"faces":{
"down":{"uv":[9,9,10,10],"texture":"#0"},
"north":{"uv":[9,9,10,10],"texture":"#0","rotation":90},
"south":{"uv":[9,9,10,10],"texture":"#0","rotation":90}
}
},
{
"from":[6.2431,1.0069,3.75],
"to":[6.4931,1.5069,4.625],
"faces":{
"north":{"uv":[9,9,10,10],"texture":"#0","rotation":270},
"west":{"uv":[9,9,10,10],"texture":"#0","rotation":270},
"east":{"uv":[9,9,10,10],"texture":"#0","rotation":270}
}
},
{
"from":[4.75,1.375,3.75],
"to":[6.25,1.75,4.625],
"faces":{
"down":{"uv":[9,9,10,10],"texture":"#0","rotation":90},
"up":{"uv":[9,9,10,10],"texture":"#0","rotation":90},
"north":{"uv":[9,9,10,10],"texture":"#0","rotation":90}
}
},
{
"from":[4.5069,1.0069,3.75],
"to":[4.7569,1.5069,4.625],
"faces":{
"north":{"uv":[9,9,10,10],"texture":"#0","rotation":270},
"west":{"uv":[9,9,10,10],"texture":"#0","rotation":270},
"east":{"uv":[9,9,10,10],"texture":"#0","rotation":270}
}
},
{
"from":[5.9268,1.2197,3.75],
"to":[6.27055,1.4697,4.625],
"rotation":{"origin":[6.42678,1.21967,3.625],"axis":"z","angle":-45},
"faces":{
"down":{"uv":[9,9,10,10],"texture":"#0","rotation":270},
"up":{"uv":[9,9,10,10],"texture":"#0","rotation":270},
"north":{"uv":[9,9,10,10],"texture":"#0","rotation":270}
}
},
{
"from":[4.7295,1.2509,3.75],
"to":[5.07325,1.46965,4.625],
"rotation":{"origin":[4.57322,1.21967,3.625],"axis":"z","angle":45},
"faces":{
"down":{"uv":[9,9,10,10],"texture":"#0","rotation":270},
"up":{"uv":[9,9,10,10],"texture":"#0","rotation":270},
"north":{"uv":[9,9,10,10],"texture":"#0","rotation":270}
}
},
{
"from":[12,0.625,11.625],
"to":[13.625,1.875,12.75],
"faces":{
"down":{"uv":[9,11,10,12],"texture":"#3","rotation":90},
"up":{"uv":[9,11,10,12],"texture":"#3","rotation":90},
"north":{"uv":[9,11,10,12],"texture":"#3","rotation":90},
"south":{"uv":[9,11,10,12],"texture":"#3","rotation":90},
"west":{"uv":[9,11,10,12],"texture":"#3","rotation":90},
"east":{"uv":[9,11,10,12],"texture":"#3","rotation":90}
}
},
{
"from":[13.7004,0.625,12.0041],
"to":[14.23165,1.875,12.53535],
"rotation":{"origin":[13.66919,1.25,11.91031],"axis":"y","angle":-45},
"faces":{
"down":{"uv":[9,11,10,12],"texture":"#3","rotation":90},
"up":{"uv":[9,11,10,12],"texture":"#3","rotation":90},
"east":{"uv":[9,11,10,12],"texture":"#3","rotation":90}
}
},
{
"from":[12.875,0.625,10.75],
"to":[14,1.875,12.375],
"faces":{
"down":{"uv":[9,11,10,12],"texture":"#3"},
"up":{"uv":[9,11,10,12],"texture":"#3"},
"north":{"uv":[9,11,10,12],"texture":"#3"},
"south":{"uv":[9,11,10,12],"texture":"#3"},
"west":{"uv":[9,11,10,12],"texture":"#3"},
"east":{"uv":[9,11,10,12],"texture":"#3"}
}
},
{
"from":[12.875,0.625,3.875],
"to":[14,1.875,5.5],
"faces":{
"down":{"uv":[9,11,10,12],"texture":"#3"},
"up":{"uv":[9,11,10,12],"texture":"#3"},
"north":{"uv":[9,11,10,12],"texture":"#3"},
"south":{"uv":[9,11,10,12],"texture":"#3"},
"west":{"uv":[9,11,10,12],"texture":"#3"},
"east":{"uv":[9,11,10,12],"texture":"#3"}
}
},
{
"from":[12,0.625,3.5],
"to":[13.625,1.875,4.625],
"faces":{
"down":{"uv":[9,11,10,12],"texture":"#3","rotation":90},
"up":{"uv":[9,11,10,12],"texture":"#3","rotation":90},
"north":{"uv":[9,11,10,12],"texture":"#3","rotation":90},
"south":{"uv":[9,11,10,12],"texture":"#3","rotation":90},
"west":{"uv":[9,11,10,12],"texture":"#3","rotation":90},
"east":{"uv":[9,11,10,12],"texture":"#3","rotation":90}
}
},
{
"from":[13.7004,0.625,3.7147],
"to":[14.23165,1.875,4.24595],
"rotation":{"origin":[13.66919,1.25,4.33969],"axis":"y","angle":45},
"faces":{
"down":{"uv":[9,11,10,12],"texture":"#3","rotation":90},
"up":{"uv":[9,11,10,12],"texture":"#3","rotation":90},
"east":{"uv":[9,11,10,12],"texture":"#3","rotation":90}
}
},
{
"from":[2.125,0.625,11.625],
"to":[3.75,1.875,12.75],
"faces":{
"down":{"uv":[9,11,10,12],"texture":"#3","rotation":90},
"up":{"uv":[9,11,10,12],"texture":"#3","rotation":90},
"north":{"uv":[9,11,10,12],"texture":"#3","rotation":90},
"south":{"uv":[9,11,10,12],"texture":"#3","rotation":90},
"west":{"uv":[9,11,10,12],"texture":"#3","rotation":90},
"east":{"uv":[9,11,10,12],"texture":"#3","rotation":90}
}
},
{
"from":[1.5183,0.625,12.0041],
"to":[2.04955,1.875,12.53535],
"rotation":{"origin":[2.08081,1.25,11.91031],"axis":"y","angle":45},
"faces":{
"down":{"uv":[9,11,10,12],"texture":"#3","rotation":90},
"up":{"uv":[9,11,10,12],"texture":"#3","rotation":90},
"west":{"uv":[9,11,10,12],"texture":"#3","rotation":90}
}
},
{
"from":[1.75,0.625,10.75],
"to":[2.875,1.875,12.375],
"faces":{
"down":{"uv":[9,11,10,12],"texture":"#3"},
"up":{"uv":[9,11,10,12],"texture":"#3"},
"north":{"uv":[9,11,10,12],"texture":"#3"},
"south":{"uv":[9,11,10,12],"texture":"#3"},
"west":{"uv":[9,11,10,12],"texture":"#3"},
"east":{"uv":[9,11,10,12],"texture":"#3"}
}
},
{
"from":[1.75,0.625,3.875],
"to":[2.875,1.875,5.5],
"faces":{
"down":{"uv":[9,11,10,12],"texture":"#3"},
"up":{"uv":[9,11,10,12],"texture":"#3"},
"north":{"uv":[9,11,10,12],"texture":"#3"},
"south":{"uv":[9,11,10,12],"texture":"#3"},
"west":{"uv":[9,11,10,12],"texture":"#3"},
"east":{"uv":[9,11,10,12],"texture":"#3"}
}
},
{
"from":[2.125,0.625,3.5],
"to":[3.75,1.875,4.625],
"faces":{
"down":{"uv":[9,11,10,12],"texture":"#3","rotation":90},
"up":{"uv":[9,11,10,12],"texture":"#3","rotation":90},
"north":{"uv":[9,11,10,12],"texture":"#3","rotation":90},
"south":{"uv":[9,11,10,12],"texture":"#3","rotation":90},
"west":{"uv":[9,11,10,12],"texture":"#3","rotation":90},
"east":{"uv":[9,11,10,12],"texture":"#3","rotation":90}
}
},
{
"from":[1.5183,0.625,3.7147],
"to":[2.04955,1.875,4.24595],
"rotation":{"origin":[2.08081,1.25,4.33969],"axis":"y","angle":-45},
"faces":{
"down":{"uv":[9,11,10,12],"texture":"#3","rotation":90},
"up":{"uv":[9,11,10,12],"texture":"#3","rotation":90},
"west":{"uv":[9,11,10,12],"texture":"#3","rotation":90}
}
},
{
"from":[6.875,0.875,11.5],
"to":[7.375,1.8125,12],
"faces":{
"up":{"uv":[11,5,12,6],"texture":"#3","rotation":270},
"north":{"uv":[11,5,12,6],"texture":"#3","rotation":270},
"south":{"uv":[11,5,12,6],"texture":"#3","rotation":270},
"west":{"uv":[11,5,12,6],"texture":"#3","rotation":270},
"east":{"uv":[11,5,12,6],"texture":"#3","rotation":270}
}
},
{
"from":[7.5,0.875,11.5],
"to":[8,1.8125,12],
"faces":{
"up":{"uv":[11,5,12,6],"texture":"#3","rotation":270},
"north":{"uv":[11,5,12,6],"texture":"#3","rotation":270},
"south":{"uv":[11,5,12,6],"texture":"#3","rotation":270},
"west":{"uv":[11,5,12,6],"texture":"#3","rotation":270},
"east":{"uv":[11,5,12,6],"texture":"#3","rotation":270}
}
},
{
"from":[8.125,0.875,11.5],
"to":[8.625,1.8125,12],
"faces":{
"up":{"uv":[11,5,12,6],"texture":"#3","rotation":270},
"north":{"uv":[11,5,12,6],"texture":"#3","rotation":270},
"south":{"uv":[11,5,12,6],"texture":"#3","rotation":270},
"west":{"uv":[11,5,12,6],"texture":"#3","rotation":270},
"east":{"uv":[11,5,12,6],"texture":"#3","rotation":270}
}
},
{
"from":[8.75,0.875,11.625],
"to":[9.375,1.8125,11.875],
"faces":{
"up":{"uv":[11,5,12,6],"texture":"#3","rotation":270},
"north":{"uv":[11,5,12,6],"texture":"#3","rotation":270},
"south":{"uv":[11,5,12,6],"texture":"#3","rotation":270},
"west":{"uv":[11,5,12,6],"texture":"#3","rotation":270},
"east":{"uv":[11,5,12,6],"texture":"#3","rotation":270}
}
},
{
"from":[9.5,0.875,11.625],
"to":[10.125,1.8125,11.875],
"faces":{
"up":{"uv":[11,5,12,6],"texture":"#3","rotation":270},
"north":{"uv":[11,5,12,6],"texture":"#3","rotation":270},
"south":{"uv":[11,5,12,6],"texture":"#3","rotation":270},
"west":{"uv":[11,5,12,6],"texture":"#3","rotation":270},
"east":{"uv":[11,5,12,6],"texture":"#3","rotation":270}
}
},
{
"from":[6.125,0.875,11.625],
"to":[6.375,1.8125,11.875],
"faces":{
"up":{"uv":[11,5,12,6],"texture":"#3","rotation":270},
"north":{"uv":[11,5,12,6],"texture":"#3","rotation":270},
"south":{"uv":[11,5,12,6],"texture":"#3","rotation":270},
"west":{"uv":[11,5,12,6],"texture":"#3","rotation":270},
"east":{"uv":[11,5,12,6],"texture":"#3","rotation":270}
}
},
{
"from":[5.625,0.875,11.625],
"to":[5.875,1.8125,11.875],
"faces":{
"up":{"uv":[11,5,12,6],"texture":"#3","rotation":270},
"north":{"uv":[11,5,12,6],"texture":"#3","rotation":270},
"south":{"uv":[11,5,12,6],"texture":"#3","rotation":270},
"west":{"uv":[11,5,12,6],"texture":"#3","rotation":270},
"east":{"uv":[11,5,12,6],"texture":"#3","rotation":270}
}
},
{
"from":[4.7812,1.125,3.25],
"to":[6.2187,1.375,3.6],
"faces":{
"down":{"uv":[1,8,2,9],"texture":"#5"},
"up":{"uv":[1,8,2,9],"texture":"#5"},
"south":{"uv":[1,8,2,9],"texture":"#5"},
"east":{"uv":[1,8,2,9],"texture":"#5"}
}
},
{
"from":[4.7812,1.125,3.25],
"to":[4.8437,1.375,5.125],
"faces":{
"down":{"uv":[1,8,2,9],"texture":"#5"},
"up":{"uv":[1,8,2,9],"texture":"#5"},
"west":{"uv":[1,8,2,9],"texture":"#5"},
"east":{"uv":[1,8,2,9],"texture":"#5"}
}
},
{
"from":[5.1562,1.125,3.25],
"to":[5.2187,1.375,5.125],
"faces":{
"down":{"uv":[1,8,2,9],"texture":"#5"},
"up":{"uv":[1,8,2,9],"texture":"#5"},
"west":{"uv":[1,8,2,9],"texture":"#5"},
"east":{"uv":[1,8,2,9],"texture":"#5"}
}
},
{
"from":[5.5312,1.125,3.25],
"to":[5.5937,1.375,5.125],
"faces":{
"down":{"uv":[1,8,2,9],"texture":"#5"},
"up":{"uv":[1,8,2,9],"texture":"#5"},
"west":{"uv":[1,8,2,9],"texture":"#5"},
"east":{"uv":[1,8,2,9],"texture":"#5"}
}
},
{
"from":[5.9062,1.125,3.25],
"to":[5.9687,1.375,5.125],
"faces":{
"down":{"uv":[1,8,2,9],"texture":"#5"},
"up":{"uv":[1,8,2,9],"texture":"#5"},
"west":{"uv":[1,8,2,9],"texture":"#5"},
"east":{"uv":[1,8,2,9],"texture":"#5"}
}
},
{
"from":[4.75,1.0938,3.125],
"to":[6.25,1.4063,3.25],
"faces":{
"down":{"uv":[1,8,2,9],"texture":"#5"},
"up":{"uv":[1,8,2,9],"texture":"#5"},
"north":{"uv":[1,8,2,9],"texture":"#5"},
"south":{"uv":[1,8,2,9],"texture":"#5"},
"west":{"uv":[1,8,2,9],"texture":"#5"},
"east":{"uv":[1,8,2,9],"texture":"#5"}
}
},
{
"from":[4.8125,1.1562,3.25],
"to":[6.1875,1.2812,5.375],
"faces":{
"down":{"uv":[10.5,0,6,7.5],"texture":"#4","rotation":90},
"up":{"uv":[10.5,0,6,7.5],"texture":"#4","rotation":90},
"west":{"uv":[10.5,0,6,7.5],"texture":"#4","rotation":90},
"east":{"uv":[10.5,0,6,7.5],"texture":"#4","rotation":90}
}
}
],
"display":{
"thirdperson_righthand":{
"rotation":[102,0,0],
"translation":[0,0.75,4.25],
"scale":[0.5,0.5,0.5]
},
"thirdperson_lefthand":{
"rotation":[102,0,0],
"translation":[0,0.75,4.25],
"scale":[0.5,0.5,0.5]
},
"firstperson_righthand":{
"rotation":[90,0,10],
"translation":[-3,3,5],
"scale":[0.6,0.6,0.6]
},
"firstperson_lefthand":{
"rotation":[90,0,10],
"translation":[-3,3,5],
"scale":[0.6,0.6,0.6]
},
"gui":{
"rotation":[90,0,0],
"scale":[1.08,1.08,1.08]
},
"head":{
"translation":[0,15,0]
},
"ground":{
"translation":[0,4,0],
"scale":[0.5,0.5,0.5]
},
"fixed":{
"rotation":[-90,180,0],
"translation":[0,0,-8]
}
}
}