{
"elements":[
{
"from":[13,8,7.25],
"to":[22,10,8.75],
"faces":{
"down":{"uv":[10.99,8.74,2.01,7.26],"texture":"#brightguntexture"},
"up":{"uv":[5.01,7.26,13.99,8.74],"texture":"#brightguntexture"},
"north":{"uv":[2.01,6.01,10.99,7.99],"texture":"#brightguntexture"},
"south":{"uv":[5.01,6.01,13.99,7.99],"texture":"#brightguntexture"},
"west":{"uv":[7.26,6.01,8.74,7.99],"texture":"#brightguntexture"},
"east":{"uv":[7.26,6.01,8.74,7.99],"texture":"#brightguntexture"}
}
},
{
"from":[11,8,7.5],
"to":[13,10,8.75],
"faces":{
"down":{"uv":[12.99,8.74,11.01,7.51],"texture":"#brightguntexture"},
"up":{"uv":[3.01,7.51,4.99,8.74],"texture":"#brightguntexture"},
"north":{"uv":[11.01,6.01,12.99,7.99],"texture":"#brightguntexture"},
"south":{"uv":[3.01,6.01,4.99,7.99],"texture":"#brightguntexture"},
"west":{"uv":[7.51,6.01,8.74,7.99],"texture":"#brightguntexture"}
}
},
{
"from":[-5,8,7.5],
"to":[11,10.5,8.5],
"faces":{
"down":{"uv":[0.01,7.51,15.99,8.49],"texture":"#lightguntexture"},
"up":{"uv":[0.01,7.51,15.99,8.49],"texture":"#lightguntexture"},
"north":{"uv":[0.01,5.51,15.99,7.99],"texture":"#lightguntexture"},
"south":{"uv":[0.01,5.51,15.99,7.99],"texture":"#lightguntexture"},
"west":{"uv":[7.51,5.51,8.49,7.99],"texture":"#lightguntexture"},
"east":{"uv":[7.51,5.51,8.49,7.99],"texture":"#lightguntexture"}
}
},
{
"from":[-5,8.75,6.75],
"to":[11,9.75,9.25],
"faces":{
"down":{"uv":[0.01,6.76,15.99,9.24],"texture":"#lightguntexture"},
"up":{"uv":[0.01,6.76,15.99,9.24],"texture":"#lightguntexture"},
"north":{"uv":[0.01,6.26,15.99,7.24],"texture":"#lightguntexture"},
"south":{"uv":[0.01,6.26,15.99,7.24],"texture":"#lightguntexture"},
"west":{"uv":[6.76,6.26,9.24,7.24],"texture":"#lightguntexture"},
"east":{"uv":[6.76,6.26,9.24,7.24],"texture":"#lightguntexture"}
}
},
{
"from":[-5,9.4393,7.5],
"to":[11,10.49996,8.25],
"rotation":{"origin":[-5,10.5,7.5],"axis":"x","angle":45},
"faces":{
"down":{"uv":[0.01,7.51,15.99,8.24],"texture":"#lightguntexture"},
"up":{"uv":[0.01,7.51,15.99,8.24],"texture":"#lightguntexture"},
"north":{"uv":[0.01,5.51,15.99,6.49],"texture":"#lightguntexture"},
"south":{"uv":[0.01,5.51,15.99,6.49],"texture":"#lightguntexture"},
"west":{"uv":[7.51,5.51,8.24,6.49],"texture":"#lightguntexture"},
"east":{"uv":[7.51,5.51,8.24,6.49],"texture":"#lightguntexture"}
}
},
{
"from":[-5,8.219299,8.719999],
"to":[11,9.279959,9.469999],
"rotation":{"origin":[-5,9.28,8.72],"axis":"x","angle":45},
"faces":{
"down":{"uv":[0.01,8.6975,15.99,9.4275],"texture":"#lightguntexture"},
"up":{"uv":[0.01,8.6975,15.99,9.4275],"texture":"#lightguntexture"},
"north":{"uv":[0.01,7.26,15.99,8.24],"texture":"#lightguntexture"},
"south":{"uv":[0.01,7.26,15.99,8.24],"texture":"#lightguntexture"},
"west":{"uv":[8.6975,6.6975,9.4275,7.6775],"texture":"#lightguntexture"},
"east":{"uv":[8.6975,6.6975,9.4275,7.6775],"texture":"#lightguntexture"}
}
},
{
"from":[-5,8.9093,7.9675],
"to":[11,9.96996,8.717499],
"rotation":{"origin":[-5,9.97,7.9675],"axis":"x","angle":-45},
"faces":{
"down":{"uv":[0.01,7.9475,15.99,8.615],"texture":"#lightguntexture"},
"up":{"uv":[0.01,7.9475,15.99,8.615],"texture":"#lightguntexture"},
"north":{"uv":[0.01,6.01,15.99,6.99],"texture":"#lightguntexture"},
"south":{"uv":[0.01,6.01,15.99,6.99],"texture":"#lightguntexture"},
"west":{"uv":[7.9475,6.01,8.615,6.99],"texture":"#lightguntexture"}
}
},
{
"from":[-5,7.6893,6.7475],
"to":[11,8.74996,7.4975],
"rotation":{"origin":[-5,8.75,6.7475],"axis":"x","angle":-45},
"faces":{
"down":{"uv":[0.01,6.6975,15.99,7.4275],"texture":"#lightguntexture"},
"up":{"uv":[0.01,6.6975,15.99,7.4275],"texture":"#lightguntexture"},
"north":{"uv":[0.01,7.26,15.99,8.24],"texture":"#lightguntexture"},
"south":{"uv":[0.01,7.26,15.99,8.24],"texture":"#lightguntexture"},
"west":{"uv":[6.6975,7.26,7.4275,8.24],"texture":"#lightguntexture"},
"east":{"uv":[6.6975,7.26,7.4275,8.24],"texture":"#lightguntexture"}
}
},
{
"from":[-9.5,8.25,7.625],
"to":[-5,10.125,8.375],
"faces":{
"down":{"uv":[15.49,8.365,11.01,7.635],"texture":"#lightguntexture"},
"up":{"uv":[0.51,7.635,4.99,8.365],"texture":"#lightguntexture"},
"north":{"uv":[11.01,5.885,15.49,7.74],"texture":"#lightguntexture"},
"south":{"uv":[0.51,5.885,4.99,7.74],"texture":"#lightguntexture"},
"west":{"uv":[7.635,5.885,8.365,7.74],"texture":"#lightguntexture"}
}
},
{
"from":[-9.5,8.8125,7.0625],
"to":[-5,9.5625,8.9375],
"faces":{
"down":{"uv":[15.49,8.9275,11.01,7.0725],"texture":"#lightguntexture"},
"up":{"uv":[0.51,7.0725,4.99,8.9275],"texture":"#lightguntexture"},
"north":{"uv":[11.01,6.4475,15.49,7.1775],"texture":"#lightguntexture"},
"south":{"uv":[0.51,6.4475,4.99,7.1775],"texture":"#lightguntexture"},
"west":{"uv":[7.0725,6.4475,8.9275,7.1775],"texture":"#lightguntexture"}
}
},
{
"from":[-9.5,9.3295,7.625],
"to":[-5,10.125,8.1875],
"rotation":{"origin":[-9.5,10.125,7.625],"axis":"x","angle":45},
"faces":{
"down":{"uv":[0.51,7.635,4.99,8.1775],"texture":"#lightguntexture"},
"up":{"uv":[0.51,7.635,4.99,8.1775],"texture":"#lightguntexture"},
"north":{"uv":[0.51,5.885,4.99,6.615],"texture":"#lightguntexture"},
"south":{"uv":[0.51,5.885,4.99,6.615],"texture":"#lightguntexture"},
"west":{"uv":[7.635,5.885,8.1775,6.615],"texture":"#lightguntexture"}
}
},
{
"from":[-9.5,8.4145,8.54],
"to":[-5,9.209991,9.1025],
"rotation":{"origin":[-9.5,9.21,8.54],"axis":"x","angle":45},
"faces":{
"down":{"uv":[0.51,8.51,4.99,9.0525],"texture":"#lightguntexture"},
"up":{"uv":[0.51,8.51,4.99,9.0525],"texture":"#lightguntexture"},
"north":{"uv":[0.51,7.01,4.99,7.74],"texture":"#lightguntexture"},
"south":{"uv":[0.51,7.01,4.99,7.74],"texture":"#lightguntexture"},
"west":{"uv":[8.51,6.76,9.0525,7.49],"texture":"#lightguntexture"},
"east":{"uv":[8.51,6.76,9.0525,7.49],"texture":"#lightguntexture"}
}
},
{
"from":[-9.5,8.932,7.9756],
"to":[-5,9.7275,8.538099],
"rotation":{"origin":[-9.5,9.7275,7.97563],"axis":"x","angle":-45},
"faces":{
"down":{"uv":[0.51,7.9475,4.99,8.49],"texture":"#lightguntexture"},
"up":{"uv":[0.51,7.9475,4.99,8.49],"texture":"#lightguntexture"},
"north":{"uv":[0.51,6.26,4.99,6.99],"texture":"#lightguntexture"},
"south":{"uv":[0.51,6.26,4.99,6.99],"texture":"#lightguntexture"},
"west":{"uv":[7.9475,6.26,8.49,6.99],"texture":"#lightguntexture"}
}
},
{
"from":[-9.5,8.017,7.0606],
"to":[-5,8.8125,7.6231],
"rotation":{"origin":[-9.5,8.8125,7.06062],"axis":"x","angle":-45},
"faces":{
"down":{"uv":[0.51,7.01,4.99,7.5525],"texture":"#lightguntexture"},
"up":{"uv":[0.51,7.01,4.99,7.5525],"texture":"#lightguntexture"},
"north":{"uv":[0.51,7.1975,4.99,7.9275],"texture":"#lightguntexture"},
"south":{"uv":[0.51,7.1975,4.99,7.9275],"texture":"#lightguntexture"},
"west":{"uv":[7.01,7.1975,7.5525,7.9275],"texture":"#lightguntexture"},
"east":{"uv":[7.01,7.1975,7.5525,7.9275],"texture":"#lightguntexture"}
}
},
{
"from":[15.75,7.75,7.5],
"to":[21,8,8.5],
"faces":{
"down":{"uv":[8.24,8.49,3.01,7.51],"texture":"#lightguntexture"},
"north":{"uv":[3.01,8.01,8.24,8.24],"texture":"#lightguntexture"},
"south":{"uv":[7.76,8.01,12.99,8.24],"texture":"#lightguntexture"},
"east":{"uv":[7.51,8.01,8.49,8.24],"texture":"#lightguntexture"}
}
},
{
"from":[18.25,3.5,7.25],
"to":[19.75,7.25,8.75],
"rotation":{"origin":[18.25,7.25,7.25],"axis":"z","angle":22.5},
"faces":{
"down":{"uv":[0.26,7.26,1.74,8.74],"texture":"#darkwood"},
"up":{"uv":[0.26,7.26,1.74,8.74],"texture":"#darkwood"},
"north":{"uv":[0.26,8.76,1.74,12.49],"texture":"#darkwood"},
"south":{"uv":[0.26,8.76,1.74,12.49],"texture":"#darkwood"},
"west":{"uv":[7.26,8.76,8.74,12.49],"texture":"#darkwood"},
"east":{"uv":[7.26,8.76,8.74,12.49],"texture":"#darkwood"}
}
},
{
"from":[18.125,3.375,7.5],
"to":[19.8125,7.375,8.5],
"rotation":{"origin":[18.125,7.375,7.5],"axis":"z","angle":22.5},
"faces":{
"down":{"uv":[5.865,8.49,4.1975,7.51],"texture":"#lightguntexture"},
"up":{"uv":[10.135,7.51,11.8025,8.49],"texture":"#lightguntexture"},
"north":{"uv":[4.1975,8.635,5.865,12.615],"texture":"#lightguntexture"},
"south":{"uv":[10.135,8.635,11.8025,12.615],"texture":"#lightguntexture"},
"west":{"uv":[7.51,8.635,8.49,12.615],"texture":"#lightguntexture"},
"east":{"uv":[7.51,8.635,8.49,12.615],"texture":"#lightguntexture"}
}
},
{
"from":[18,6.75,7.5],
"to":[19,7.75,8.5],
"faces":{
"down":{"uv":[5.99,8.49,5.01,7.51],"texture":"#lightguntexture"},
"north":{"uv":[5.01,8.26,5.99,9.24],"texture":"#lightguntexture"},
"south":{"uv":[10.01,8.26,10.99,9.24],"texture":"#lightguntexture"},
"west":{"uv":[7.51,8.26,8.49,9.24],"texture":"#lightguntexture"},
"east":{"uv":[7.51,8.26,8.49,9.24],"texture":"#lightguntexture"}
}
},
{
"from":[16.5,6.75,7.5],
"to":[16.75,7.75,8.5],
"faces":{
"down":{"uv":[7.49,8.49,7.26,7.51],"texture":"#lightguntexture"},
"north":{"uv":[7.26,8.26,7.49,9.24],"texture":"#lightguntexture"},
"south":{"uv":[8.51,8.26,8.74,9.24],"texture":"#lightguntexture"},
"west":{"uv":[7.51,8.26,8.49,9.24],"texture":"#lightguntexture"},
"east":{"uv":[7.51,8.26,8.49,9.24],"texture":"#lightguntexture"}
}
},
{
"from":[16.75,6.5,7.5],
"to":[18.75,6.75,8.5],
"faces":{
"down":{"uv":[7.24,8.49,5.26,7.51],"texture":"#lightguntexture"},
"up":{"uv":[8.76,7.51,10.74,8.49],"texture":"#lightguntexture"},
"north":{"uv":[5.26,9.26,7.24,9.49],"texture":"#lightguntexture"},
"south":{"uv":[8.76,9.26,10.74,9.49],"texture":"#lightguntexture"},
"west":{"uv":[7.51,9.26,8.49,9.49],"texture":"#lightguntexture"},
"east":{"uv":[7.51,9.26,8.49,9.49],"texture":"#lightguntexture"}
}
},
{
"from":[17.5,7.25,7.75],
"to":[17.75,7.75,8.25],
"faces":{
"down":{"uv":[6.49,8.24,6.26,7.76],"texture":"#lightguntexture"},
"north":{"uv":[6.26,8.26,6.49,8.74],"texture":"#lightguntexture"},
"south":{"uv":[9.51,8.26,9.74,8.74],"texture":"#lightguntexture"},
"west":{"uv":[7.76,8.26,8.24,8.74],"texture":"#lightguntexture"},
"east":{"uv":[7.76,8.26,8.24,8.74],"texture":"#lightguntexture"}
}
},
{
"from":[17.375,7,7.75],
"to":[17.625,7.25,8.25],
"faces":{
"down":{"uv":[6.615,8.24,6.385,7.76],"texture":"#lightguntexture"},
"up":{"uv":[9.385,7.76,9.615,8.24],"texture":"#lightguntexture"},
"north":{"uv":[6.385,8.76,6.615,8.99],"texture":"#lightguntexture"},
"south":{"uv":[9.385,8.76,9.615,8.99],"texture":"#lightguntexture"},
"west":{"uv":[7.76,8.76,8.24,8.99],"texture":"#lightguntexture"},
"east":{"uv":[7.76,8.76,8.24,8.99],"texture":"#lightguntexture"}
}
},
{
"from":[13.5,6.5,7.25],
"to":[15.75,8,8.75],
"faces":{
"down":{"uv":[10.49,8.74,8.26,7.26],"texture":"#lightguntexture"},
"north":{"uv":[8.26,8.01,10.49,9.49],"texture":"#lightguntexture"},
"south":{"uv":[5.51,8.01,7.74,9.49],"texture":"#lightguntexture"},
"west":{"uv":[7.26,8.01,8.74,9.49],"texture":"#lightguntexture"},
"east":{"uv":[7.26,8.01,8.74,9.49],"texture":"#lightguntexture"}
}
},
{
"from":[13.75,6.25,7.25],
"to":[15.5,6.5,8.75],
"faces":{
"down":{"uv":[10.24,8.74,8.51,7.26],"texture":"#lightguntexture"},
"north":{"uv":[8.51,9.51,10.24,9.74],"texture":"#lightguntexture"},
"south":{"uv":[5.76,9.51,7.49,9.74],"texture":"#lightguntexture"},
"west":{"uv":[7.26,9.51,8.74,9.74],"texture":"#lightguntexture"},
"east":{"uv":[7.26,9.51,8.74,9.74],"texture":"#lightguntexture"}
}
},
{
"from":[14.375,6,7.25],
"to":[14.875,6.25,8.75],
"faces":{
"down":{"uv":[9.615,8.74,9.135,7.26],"texture":"#lightguntexture"},
"north":{"uv":[9.135,9.76,9.615,9.99],"texture":"#lightguntexture"},
"south":{"uv":[6.385,9.76,6.865,9.99],"texture":"#lightguntexture"},
"west":{"uv":[7.26,9.76,8.74,9.99],"texture":"#lightguntexture"},
"east":{"uv":[7.26,9.76,8.74,9.99],"texture":"#lightguntexture"}
}
},
{
"from":[16,7.25,7.5],
"to":[16.5,7.75,8.5],
"faces":{
"down":{"uv":[7.99,8.49,7.51,7.51],"texture":"#lightguntexture"},
"north":{"uv":[7.51,8.26,7.99,8.74],"texture":"#lightguntexture"},
"south":{"uv":[8.01,8.26,8.49,8.74],"texture":"#lightguntexture"},
"west":{"uv":[7.51,8.26,8.49,8.74],"texture":"#lightguntexture"}
}
},
{
"from":[13,7.75,7.25],
"to":[13.5,8,8.75],
"faces":{
"down":{"uv":[10.99,8.74,10.51,7.26],"texture":"#lightguntexture"},
"north":{"uv":[10.51,8.01,10.99,8.24],"texture":"#lightguntexture"},
"south":{"uv":[5.01,8.01,5.49,8.24],"texture":"#lightguntexture"},
"west":{"uv":[7.26,8.01,8.74,8.24],"texture":"#lightguntexture"}
}
},
{
"from":[11,9.75,7.25],
"to":[13,10,7.5],
"faces":{
"down":{"uv":[12.99,7.49,11.01,7.26],"texture":"#brightguntexture"},
"up":{"uv":[3.01,7.26,4.99,7.49],"texture":"#brightguntexture"},
"north":{"uv":[11.01,6.01,12.99,6.24],"texture":"#brightguntexture"},
"west":{"uv":[7.26,6.01,7.49,6.24],"texture":"#brightguntexture"}
}
},
{
"from":[11,8,7.25],
"to":[13,8.25,7.5],
"faces":{
"down":{"uv":[12.99,7.49,11.01,7.26],"texture":"#brightguntexture"},
"up":{"uv":[3.01,7.26,4.99,7.49],"texture":"#brightguntexture"},
"north":{"uv":[11.01,7.76,12.99,7.99],"texture":"#brightguntexture"}
}
},
{
"from":[14.75,8.5,6.5],
"to":[15.25,9,7.25],
"faces":{
"down":{"uv":[9.24,7.24,8.76,6.51],"texture":"#brightguntexture"},
"up":{"uv":[6.76,6.51,7.24,7.24],"texture":"#brightguntexture"},
"north":{"uv":[8.76,7.01,9.24,7.49],"texture":"#brightguntexture"},
"west":{"uv":[6.51,7.01,7.24,7.49],"texture":"#brightguntexture"},
"east":{"uv":[8.76,7.01,9.49,7.49],"texture":"#brightguntexture"}
}
},
{
"from":[15.5,9.9375,6.75],
"to":[22,10.1875,9.5],
"faces":{
"down":{"uv":[8.49,9.49,2.01,6.76],"texture":"#brightguntexture"},
"up":{"uv":[7.51,6.76,13.99,9.49],"texture":"#brightguntexture"},
"north":{"uv":[2.01,5.8225,8.49,6.0525],"texture":"#brightguntexture"},
"south":{"uv":[7.51,5.8225,13.99,6.0525],"texture":"#brightguntexture"},
"west":{"uv":[6.76,5.8225,9.49,6.0525],"texture":"#brightguntexture"},
"east":{"uv":[6.51,5.8225,9.24,6.0525],"texture":"#brightguntexture"}
}
},
{
"from":[21,9.9375,6.25],
"to":[22,10.1875,6.75],
"faces":{
"down":{"uv":[2.99,6.74,2.01,6.26],"texture":"#brightguntexture"},
"up":{"uv":[13.01,6.26,13.99,6.74],"texture":"#brightguntexture"},
"north":{"uv":[2.01,5.8225,2.99,6.0525],"texture":"#brightguntexture"},
"west":{"uv":[6.26,5.8225,6.74,6.0525],"texture":"#brightguntexture"},
"east":{"uv":[9.26,5.8225,9.74,6.0525],"texture":"#brightguntexture"}
}
},
{
"from":[20,9.9375,6.5],
"to":[21,10.1875,6.75],
"faces":{
"down":{"uv":[3.99,6.74,3.01,6.51],"texture":"#brightguntexture"},
"up":{"uv":[12.01,6.51,12.99,6.74],"texture":"#brightguntexture"},
"north":{"uv":[3.01,5.8225,3.99,6.0525],"texture":"#brightguntexture"},
"west":{"uv":[6.51,5.8225,6.74,6.0525],"texture":"#brightguntexture"}
}
},
{
"from":[22,8,7.375],
"to":[31,10,8.625],
"rotation":{"origin":[22,10,7.375],"axis":"z","angle":-22.5},
"faces":{
"down":{"uv":[11.99,8.615,3.01,7.385],"texture":"#darkwood"},
"up":{"uv":[4.01,7.385,12.99,8.615],"texture":"#darkwood"},
"north":{"uv":[3.01,6.01,11.99,7.99],"texture":"#darkwood"},
"south":{"uv":[4.01,6.01,12.99,7.99],"texture":"#darkwood"},
"east":{"uv":[7.385,6.01,8.615,7.99],"texture":"#darkwood"}
}
},
{
"from":[25,8,7.375],
"to":[27,8.75,8.625],
"faces":{
"down":{"uv":[8.74,8.615,7.01,7.385],"texture":"#darkwood"},
"up":{"uv":[7.26,7.385,8.99,8.615],"texture":"#darkwood"},
"north":{"uv":[7.01,7.26,8.74,7.99],"texture":"#darkwood"},
"south":{"uv":[7.26,7.26,8.99,7.99],"texture":"#darkwood"},
"west":{"uv":[7.385,7.26,8.615,7.99],"texture":"#darkwood"},
"east":{"uv":[7.385,7.26,8.615,7.99],"texture":"#darkwood"}
}
},
{
"from":[27,7.75,7.375],
"to":[28.75,8.5,8.625],
"faces":{
"down":{"uv":[6.99,8.615,5.26,7.385],"texture":"#darkwood"},
"up":{"uv":[9.01,7.385,10.74,8.615],"texture":"#darkwood"},
"north":{"uv":[5.26,7.51,6.99,8.24],"texture":"#darkwood"},
"south":{"uv":[9.01,7.51,10.74,8.24],"texture":"#darkwood"},
"west":{"uv":[7.385,7.51,8.615,8.24],"texture":"#darkwood"},
"east":{"uv":[7.385,7.51,8.615,8.24],"texture":"#darkwood"}
}
},
{
"from":[28.75,7.5,7.375],
"to":[30.5,8.25,8.625],
"faces":{
"down":{"uv":[5.24,8.615,3.51,7.385],"texture":"#darkwood"},
"up":{"uv":[10.76,7.385,12.49,8.615],"texture":"#darkwood"},
"north":{"uv":[3.51,7.76,5.24,8.49],"texture":"#darkwood"},
"south":{"uv":[10.76,7.76,12.49,8.49],"texture":"#darkwood"},
"west":{"uv":[7.385,7.76,8.615,8.49],"texture":"#darkwood"},
"east":{"uv":[7.385,7.76,8.615,8.49],"texture":"#darkwood"}
}
},
{
"from":[28.75,6.5,7.375],
"to":[30.375,7.5,8.625],
"faces":{
"down":{"uv":[5.24,8.615,3.635,7.385],"texture":"#darkwood"},
"north":{"uv":[3.635,8.51,5.24,9.49],"texture":"#darkwood"},
"south":{"uv":[10.76,8.51,12.365,9.49],"texture":"#darkwood"},
"west":{"uv":[7.385,8.51,8.615,9.49],"texture":"#darkwood"},
"east":{"uv":[7.385,8.51,8.615,9.49],"texture":"#darkwood"}
}
},
{
"from":[27.4375,7.1875,7.375],
"to":[28.75,7.75,8.625],
"faces":{
"down":{"uv":[6.49,8.615,5.26,7.385],"texture":"#darkwood"},
"north":{"uv":[5.26,8.26,6.49,8.8025],"texture":"#darkwood"},
"south":{"uv":[9.51,8.26,10.74,8.8025],"texture":"#darkwood"},
"west":{"uv":[7.385,8.26,8.615,8.8025],"texture":"#darkwood"},
"east":{"uv":[7.385,8.26,8.615,8.8025],"texture":"#darkwood"}
}
},
{
"from":[26.75,7.75,7.375],
"to":[27,8,8.625],
"faces":{
"down":{"uv":[7.24,8.365,7.01,7.385],"texture":"#darkwood"},
"north":{"uv":[7.01,8.01,7.24,8.24],"texture":"#darkwood"},
"south":{"uv":[8.76,8.01,8.99,8.24],"texture":"#darkwood"},
"west":{"uv":[7.385,8.01,8.365,8.24],"texture":"#darkwood"}
}
},
{
"from":[16.25,10.1875,7.625],
"to":[22,10.4375,8.375],
"faces":{
"up":{"uv":[8.26,7.635,13.99,8.365],"texture":"#brightguntexture"},
"north":{"uv":[2.01,5.5725,7.74,5.8025],"texture":"#brightguntexture"},
"south":{"uv":[8.26,5.5725,13.99,5.8025],"texture":"#brightguntexture"},
"west":{"uv":[7.635,5.5725,8.365,5.8025],"texture":"#brightguntexture"},
"east":{"uv":[7.635,5.5725,8.365,5.8025],"texture":"#brightguntexture"}
}
},
{
"from":[21.75,10.4375,7.625],
"to":[22,13.4375,7.875],
"faces":{
"up":{"uv":[13.76,7.635,13.99,7.865],"texture":"#brightguntexture"},
"north":{"uv":[2.01,2.5725,2.24,5.5525],"texture":"#brightguntexture"},
"south":{"uv":[13.76,2.5725,13.99,5.5525],"texture":"#brightguntexture"},
"west":{"uv":[7.635,2.5725,7.865,5.5525],"texture":"#brightguntexture"},
"east":{"uv":[8.135,2.5725,8.365,5.5525],"texture":"#brightguntexture"}
}
},
{
"from":[21.75,10.4375,8.125],
"to":[22,13.4375,8.375],
"faces":{
"up":{"uv":[13.76,8.135,13.99,8.365],"texture":"#brightguntexture"},
"north":{"uv":[2.01,2.5725,2.24,5.5525],"texture":"#brightguntexture"},
"south":{"uv":[13.76,2.5725,13.99,5.5525],"texture":"#brightguntexture"},
"west":{"uv":[8.135,2.5725,8.365,5.5525],"texture":"#brightguntexture"},
"east":{"uv":[7.635,2.5725,7.865,5.5525],"texture":"#brightguntexture"}
}
},
{
"from":[21.75,13.1875,7.875],
"to":[22,13.4375,8.125],
"faces":{
"down":{"uv":[2.24,8.115,2.01,7.885],"texture":"#brightguntexture"},
"up":{"uv":[13.76,7.885,13.99,8.115],"texture":"#brightguntexture"},
"west":{"uv":[7.885,2.5725,8.115,2.8025],"texture":"#brightguntexture"},
"east":{"uv":[7.885,2.5725,8.115,2.8025],"texture":"#brightguntexture"}
}
},
{
"from":[21.75,10.9375,7.875],
"to":[22,11.1875,8.125],
"faces":{
"down":{"uv":[2.24,8.115,2.01,7.885],"texture":"#brightguntexture"},
"up":{"uv":[13.76,7.885,13.99,8.115],"texture":"#brightguntexture"},
"west":{"uv":[7.885,4.8225,8.115,5.0525],"texture":"#brightguntexture"},
"east":{"uv":[7.885,4.8225,8.115,5.0525],"texture":"#brightguntexture"}
}
},
{
"from":[21.75,13.4375,7.75],
"to":[22,13.6875,8],
"faces":{
"down":{"uv":[2.24,7.99,2.01,7.76],"texture":"#brightguntexture"},
"up":{"uv":[13.76,7.76,13.99,7.99],"texture":"#brightguntexture"},
"north":{"uv":[2.01,2.3225,2.24,2.5525],"texture":"#brightguntexture"},
"south":{"uv":[13.76,2.3225,13.99,2.5525],"texture":"#brightguntexture"},
"west":{"uv":[7.76,2.3225,7.99,2.5525],"texture":"#brightguntexture"},
"east":{"uv":[8.01,2.3225,8.24,2.5525],"texture":"#brightguntexture"}
}
},
{
"from":[18,10.4375,8.125],
"to":[18.25,10.6875,8.375],
"faces":{
"up":{"uv":[10.01,8.135,10.24,8.365],"texture":"#brightguntexture"},
"north":{"uv":[5.76,5.3225,5.99,5.5525],"texture":"#brightguntexture"},
"south":{"uv":[10.01,5.3225,10.24,5.5525],"texture":"#brightguntexture"},
"west":{"uv":[8.135,5.3225,8.365,5.5525],"texture":"#brightguntexture"},
"east":{"uv":[7.635,5.3225,7.865,5.5525],"texture":"#brightguntexture"}
}
},
{
"from":[18,10.4375,7.5625],
"to":[18.25,10.6875,7.8125],
"faces":{
"down":{"uv":[5.99,7.8025,5.76,7.5725],"texture":"#brightguntexture"},
"up":{"uv":[10.01,7.5725,10.24,7.8025],"texture":"#brightguntexture"},
"north":{"uv":[5.76,5.3225,5.99,5.5525],"texture":"#brightguntexture"},
"south":{"uv":[10.01,5.3225,10.24,5.5525],"texture":"#brightguntexture"},
"west":{"uv":[7.5725,5.3225,7.8025,5.5525],"texture":"#brightguntexture"},
"east":{"uv":[8.1975,5.3225,8.4275,5.5525],"texture":"#brightguntexture"}
}
},
{
"from":[-4.75,10.5,8.25],
"to":[-4.5,11,8.5],
"faces":{
"up":{"uv":[-0.01,8.26,0.01,8.49],"texture":"#brightguntexture"},
"north":{"uv":[15.99,5.01,16.01,5.49],"texture":"#brightguntexture"},
"south":{"uv":[-0.01,5.01,0.01,5.49],"texture":"#brightguntexture"},
"west":{"uv":[8.26,5.01,8.49,5.49],"texture":"#brightguntexture"},
"east":{"uv":[7.51,5.01,7.74,5.49],"texture":"#brightguntexture"}
}
},
{
"from":[-4.75,10.5,7.5],
"to":[-4.5,11,7.75],
"faces":{
"up":{"uv":[-0.01,7.51,0.01,7.74],"texture":"#brightguntexture"},
"north":{"uv":[15.99,5.01,16.01,5.49],"texture":"#brightguntexture"},
"south":{"uv":[-0.01,5.01,0.01,5.49],"texture":"#brightguntexture"},
"west":{"uv":[7.51,5.01,7.74,5.49],"texture":"#brightguntexture"},
"east":{"uv":[8.26,5.01,8.49,5.49],"texture":"#brightguntexture"}
}
},
{
"from":[-4.75,10.5,7.9725],
"to":[-4.5,10.75,8.035],
"faces":{
"up":{"uv":[-0.01,7.9825,0.01,8.025],"texture":"#brightguntexture"},
"north":{"uv":[15.99,5.26,16.01,5.49],"texture":"#brightguntexture"},
"south":{"uv":[-0.01,5.26,0.01,5.49],"texture":"#brightguntexture"},
"west":{"uv":[7.9825,5.26,8.025,5.49],"texture":"#brightguntexture"},
"east":{"uv":[7.975,5.26,8.0175,5.49],"texture":"#brightguntexture"}
}
},
{
"from":[-3,7.25,7.5],
"to":[-2,8,8.5],
"faces":{
"down":{"uv":[7.01,7.51,7.99,8.49],"texture":"#lightguntexture"},
"north":{"uv":[7.01,8.01,7.99,8.74],"texture":"#lightguntexture"},
"south":{"uv":[7.01,8.01,7.99,8.74],"texture":"#lightguntexture"},
"west":{"uv":[7.51,8.01,8.49,8.74],"texture":"#lightguntexture"},
"east":{"uv":[7.51,8.01,8.49,8.74],"texture":"#lightguntexture"}
}
},
{
"from":[-2,7.25,7.25],
"to":[7,7.75,7.75],
"faces":{
"down":{"uv":[15.99,7.74,12.01,7.26],"texture":"#lightguntexture"},
"up":{"uv":[0.01,7.26,3.99,7.74],"texture":"#lightguntexture"},
"north":{"uv":[12.01,8.26,15.99,8.74],"texture":"#lightguntexture"},
"south":{"uv":[0.01,8.26,3.99,8.74],"texture":"#lightguntexture"},
"west":{"uv":[7.26,8.26,7.74,8.74],"texture":"#lightguntexture"},
"east":{"uv":[8.26,8.26,8.74,8.74],"texture":"#lightguntexture"}
}
},
{
"from":[-2,7.25,8.25],
"to":[7,7.75,8.75],
"faces":{
"down":{"uv":[15.99,8.74,12.01,8.26],"texture":"#lightguntexture"},
"up":{"uv":[0.01,8.26,3.99,8.74],"texture":"#lightguntexture"},
"north":{"uv":[12.01,8.26,15.99,8.74],"texture":"#lightguntexture"},
"south":{"uv":[0.01,8.26,3.99,8.74],"texture":"#lightguntexture"},
"west":{"uv":[8.26,8.26,8.74,8.74],"texture":"#lightguntexture"},
"east":{"uv":[7.26,8.26,7.74,8.74],"texture":"#lightguntexture"}
}
},
{
"from":[7,7.25,7.25],
"to":[8,7.75,7.5],
"faces":{
"down":{"uv":[11.99,7.49,11.01,7.26],"texture":"#lightguntexture"},
"up":{"uv":[4.01,7.26,4.99,7.49],"texture":"#lightguntexture"},
"north":{"uv":[11.01,8.26,11.99,8.74],"texture":"#lightguntexture"},
"south":{"uv":[4.01,8.26,4.99,8.74],"texture":"#lightguntexture"},
"east":{"uv":[8.51,8.26,8.74,8.74],"texture":"#lightguntexture"}
}
},
{
"from":[7,7.375,7.5],
"to":[7.75,7.625,7.75],
"faces":{
"down":{"uv":[11.99,7.74,11.26,7.51],"texture":"#lightguntexture"},
"up":{"uv":[4.01,7.51,4.74,7.74],"texture":"#lightguntexture"},
"south":{"uv":[4.01,8.385,4.74,8.615],"texture":"#lightguntexture"},
"east":{"uv":[8.26,8.385,8.49,8.615],"texture":"#lightguntexture"}
}
},
{
"from":[7,7.375,8.25],
"to":[7.75,7.625,8.5],
"faces":{
"down":{"uv":[11.99,8.49,11.26,8.26],"texture":"#lightguntexture"},
"up":{"uv":[4.01,8.26,4.74,8.49],"texture":"#lightguntexture"},
"north":{"uv":[11.26,8.385,11.99,8.615],"texture":"#lightguntexture"},
"east":{"uv":[7.51,8.385,7.74,8.615],"texture":"#lightguntexture"}
}
},
{
"from":[7,7.25,8.5],
"to":[8,7.75,8.75],
"faces":{
"down":{"uv":[11.99,8.74,11.01,8.51],"texture":"#lightguntexture"},
"up":{"uv":[4.01,8.51,4.99,8.74],"texture":"#lightguntexture"},
"north":{"uv":[11.01,8.26,11.99,8.74],"texture":"#lightguntexture"},
"south":{"uv":[4.01,8.26,4.99,8.74],"texture":"#lightguntexture"},
"east":{"uv":[7.26,8.26,7.49,8.74],"texture":"#lightguntexture"}
}
},
{
"from":[13.1829,9.925,5.0972],
"to":[14.63602,10.8,10.9097],
"faces":{
"down":{"uv":[10.26,8.26,10.74,8.74],"texture":"#lightguntexture"},
"up":{"uv":[10.26,8.26,10.74,8.74],"texture":"#lightguntexture"},
"north":{"uv":[10.26,8.26,10.74,8.74],"texture":"#lightguntexture"},
"south":{"uv":[10.26,8.26,10.74,8.74],"texture":"#lightguntexture"}
}
},
{
"from":[11.0032,9.925,7.2769],
"to":[16.8157,10.8,8.730024],
"faces":{
"down":{"uv":[10.26,8.26,10.74,8.74],"texture":"#lightguntexture"},
"up":{"uv":[10.26,8.26,10.74,8.74],"texture":"#lightguntexture"},
"west":{"uv":[10.26,8.26,10.74,8.74],"texture":"#lightguntexture"},
"east":{"uv":[10.26,8.26,10.74,8.74],"texture":"#lightguntexture"}
}
},
{
"from":[12.1167,9.925,5.0986],
"to":[13.18232,10.8,6.06735],
"rotation":{"origin":[13.18289,9.925,5.097188],"axis":"y","angle":22.5},
"faces":{
"down":{"uv":[10.26,8.26,10.74,8.74],"texture":"#lightguntexture"},
"up":{"uv":[10.26,8.26,10.74,8.74],"texture":"#lightguntexture"},
"north":{"uv":[10.26,8.26,10.74,8.74],"texture":"#lightguntexture"}
}
},
{
"from":[11.0047,9.925,6.2119],
"to":[11.97345,10.8,7.277525],
"rotation":{"origin":[11.0032,9.925,7.276875],"axis":"y","angle":-22.5},
"faces":{
"down":{"uv":[10.26,8.26,10.74,8.74],"texture":"#lightguntexture"},
"up":{"uv":[10.26,8.26,10.74,8.74],"texture":"#lightguntexture"},
"west":{"uv":[10.26,8.26,10.74,8.74],"texture":"#lightguntexture"}
}
},
{
"from":[11.4106,9.925,6.2949],
"to":[12.52466,10.8,7.26365],
"rotation":{"origin":[11.41129,9.925,6.293594],"axis":"y","angle":45},
"faces":{
"down":{"uv":[10.26,8.26,10.74,8.74],"texture":"#lightguntexture"},
"up":{"uv":[10.26,8.26,10.74,8.74],"texture":"#lightguntexture"},
"north":{"uv":[10.26,8.26,10.74,8.74],"texture":"#lightguntexture"}
}
},
{
"from":[15.6198,9.925,5.503],
"to":[16.73386,10.8,6.47175],
"rotation":{"origin":[15.62051,9.925,5.501641],"axis":"y","angle":-45},
"faces":{
"down":{"uv":[10.26,8.26,10.74,8.74],"texture":"#lightguntexture"},
"up":{"uv":[10.26,8.26,10.74,8.74],"texture":"#lightguntexture"},
"north":{"uv":[10.26,8.26,10.74,8.74],"texture":"#lightguntexture"}
}
},
{
"from":[14.6354,9.925,5.0986],
"to":[15.70103,10.8,6.06735],
"rotation":{"origin":[14.63601,9.925,5.097188],"axis":"y","angle":-22.5},
"faces":{
"down":{"uv":[10.26,8.26,10.74,8.74],"texture":"#lightguntexture"},
"up":{"uv":[10.26,8.26,10.74,8.74],"texture":"#lightguntexture"},
"north":{"uv":[10.26,8.26,10.74,8.74],"texture":"#lightguntexture"}
}
},
{
"from":[15.8455,9.925,6.2106],
"to":[16.81425,10.8,7.276225],
"rotation":{"origin":[16.8157,9.925,7.276875],"axis":"y","angle":22.5},
"faces":{
"down":{"uv":[10.26,8.26,10.74,8.74],"texture":"#lightguntexture"},
"up":{"uv":[10.26,8.26,10.74,8.74],"texture":"#lightguntexture"},
"east":{"uv":[10.26,8.26,10.74,8.74],"texture":"#lightguntexture"}
}
},
{
"from":[14.6366,9.925,9.9395],
"to":[15.70222,10.8,10.90825],
"rotation":{"origin":[14.63601,9.925,10.90969],"axis":"y","angle":22.5},
"faces":{
"down":{"uv":[10.26,8.26,10.74,8.74],"texture":"#lightguntexture"},
"up":{"uv":[10.26,8.26,10.74,8.74],"texture":"#lightguntexture"},
"south":{"uv":[10.26,8.26,10.74,8.74],"texture":"#lightguntexture"}
}
},
{
"from":[15.8455,9.925,8.7294],
"to":[16.81425,10.8,9.795025],
"rotation":{"origin":[16.8157,9.925,8.73],"axis":"y","angle":-22.5},
"faces":{
"down":{"uv":[10.26,8.26,10.74,8.74],"texture":"#lightguntexture"},
"up":{"uv":[10.26,8.26,10.74,8.74],"texture":"#lightguntexture"},
"east":{"uv":[10.26,8.26,10.74,8.74],"texture":"#lightguntexture"}
}
},
{
"from":[15.4375,9.925,9.7126],
"to":[16.40625,10.8,10.82666],
"rotation":{"origin":[16.40762,9.925,9.71328],"axis":"y","angle":-45},
"faces":{
"down":{"uv":[10.26,8.26,10.74,8.74],"texture":"#lightguntexture"},
"up":{"uv":[10.26,8.26,10.74,8.74],"texture":"#lightguntexture"},
"east":{"uv":[10.26,8.26,10.74,8.74],"texture":"#lightguntexture"}
}
},
{
"from":[12.1961,9.925,9.3882],
"to":[13.16485,10.8,10.50226],
"rotation":{"origin":[12.19476,9.925,10.5016],"axis":"y","angle":45},
"faces":{
"down":{"uv":[10.26,8.26,10.74,8.74],"texture":"#lightguntexture"},
"up":{"uv":[10.26,8.26,10.74,8.74],"texture":"#lightguntexture"},
"west":{"uv":[10.26,8.26,10.74,8.74],"texture":"#lightguntexture"}
}
},
{
"from":[12.1179,9.925,9.9395],
"to":[13.18353,10.8,10.90825],
"rotation":{"origin":[13.18289,9.925,10.90969],"axis":"y","angle":-22.5},
"faces":{
"down":{"uv":[10.26,8.26,10.74,8.74],"texture":"#lightguntexture"},
"up":{"uv":[10.26,8.26,10.74,8.74],"texture":"#lightguntexture"},
"south":{"uv":[10.26,8.26,10.74,8.74],"texture":"#lightguntexture"}
}
},
{
"from":[11.0047,9.925,8.730599],
"to":[11.97345,10.8,9.796225],
"rotation":{"origin":[11.0032,9.925,8.73],"axis":"y","angle":22.5},
"faces":{
"down":{"uv":[10.26,8.26,10.74,8.74],"texture":"#lightguntexture"},
"up":{"uv":[10.26,8.26,10.74,8.74],"texture":"#lightguntexture"},
"west":{"uv":[10.26,8.26,10.74,8.74],"texture":"#lightguntexture"}
}
},
{
"from":[14.636,9.925,8.73],
"to":[15.78639,10.8,9.88039],
"faces":{
"down":{"uv":[10.26,8.26,10.74,8.74],"texture":"#lightguntexture"},
"up":{"uv":[10.26,8.26,10.74,8.74],"texture":"#lightguntexture"}
}
},
{
"from":[12.0325,9.925,6.1265],
"to":[13.18289,10.8,7.27689],
"faces":{
"down":{"uv":[10.26,8.26,10.74,8.74],"texture":"#lightguntexture"},
"up":{"uv":[10.26,8.26,10.74,8.74],"texture":"#lightguntexture"}
}
},
{
"from":[14.636,9.925,6.1265],
"to":[15.78639,10.8,7.27689],
"faces":{
"down":{"uv":[10.26,8.26,10.74,8.74],"texture":"#lightguntexture"},
"up":{"uv":[10.26,8.26,10.74,8.74],"texture":"#lightguntexture"}
}
},
{
"from":[12.0325,9.925,8.73],
"to":[13.18289,10.8,9.88039],
"faces":{
"down":{"uv":[10.26,8.26,10.74,8.74],"texture":"#lightguntexture"},
"up":{"uv":[10.26,8.26,10.74,8.74],"texture":"#lightguntexture"}
}
}
],
"display":{
"thirdperson_righthand":{
"rotation":[-170,-90,130],
"translation":[0,7,0],
"scale":[0.7,0.7,0.7]
},
"thirdperson_lefthand":{
"rotation":[-170,90,-130],
"translation":[0,7,0],
"scale":[0.7,0.7,0.7]
},
"firstperson_righthand":{
"rotation":[0,-90,0],
"translation":[-2.5,4.25,-4],
"scale":[0.8,0.8,0.8]
},
"firstperson_lefthand":{
"rotation":[0,90,0],
"translation":[-2.5,4.25,-4],
"scale":[0.8,0.8,0.8]
},
"gui":{
"rotation":[-15,40,0],
"translation":[-0.9,0,0],
"scale":[0.5,0.5,0.5]
},
"head":{
"rotation":[0,-90,0],
"translation":[0,12,0],
"scale":[0.6,0.6,0.6]
},
"ground":{
"rotation":[90,0,0],
"translation":[1,0,0],
"scale":[0.6,0.6,0.6]
},
"fixed":{
"translation":[0,0,-1]
}
}
}