{
"elements":[
{
"from":[10,9.375,7],
"to":[20,10,9],
"faces":{
"down":{"uv":[6,9,0,7],"texture":"#0"},
"up":{"uv":[10,7,16,9],"texture":"#0"},
"north":{"uv":[0,6,6,6.625],"texture":"#0"},
"south":{"uv":[10,6,16,6.625],"texture":"#0"},
"west":{"uv":[7,6,9,6.625],"texture":"#0"},
"east":{"uv":[7,6,9,6.625],"texture":"#0"}
}
},
{
"from":[-2,7.25,7.5],
"to":[10,10.25,8.5],
"faces":{
"down":{"uv":[16,8.5,6,7.5],"texture":"#0"},
"up":{"uv":[0,7.5,10,8.5],"texture":"#0"},
"north":{"uv":[6,5.75,16,8.75],"texture":"#0"},
"south":{"uv":[0,5.75,10,8.75],"texture":"#0"},
"west":{"uv":[7.5,5.75,8.5,8.75],"texture":"#0"},
"east":{"uv":[7.5,5.75,8.5,8.75],"texture":"#0"}
}
},
{
"from":[-2,8.25,6.5],
"to":[10,9.25,9.5],
"faces":{
"down":{"uv":[16,9.5,6,6.5],"texture":"#0"},
"up":{"uv":[0,6.5,10,9.5],"texture":"#0"},
"north":{"uv":[6,6.75,16,7.75],"texture":"#0"},
"south":{"uv":[0,6.75,10,7.75],"texture":"#0"},
"west":{"uv":[6.5,6.75,9.5,7.75],"texture":"#0"},
"east":{"uv":[6.5,6.75,9.5,7.75],"texture":"#0"}
}
},
{
"from":[-2,8.306,7.97],
"to":[10,9.7185,8.72],
"rotation":{"origin":[-2,9.7185,7.97],"axis":"x","angle":-45},
"faces":{
"down":{"uv":[16,8.375,6,7.5],"texture":"#0"},
"up":{"uv":[0,7.5,10,8.375],"texture":"#0"},
"north":{"uv":[6,5.75,16,7.25],"texture":"#0"},
"south":{"uv":[0,5.75,10,7.25],"texture":"#0"},
"west":{"uv":[7.5,5.75,8.375,7.25],"texture":"#0"},
"east":{"uv":[7.625,5.75,8.5,7.25],"texture":"#0"}
}
},
{
"from":[-2,8.8375,7.5],
"to":[10,10.25,8.25],
"rotation":{"origin":[-2,10.25,7.5],"axis":"x","angle":45},
"faces":{
"down":{"uv":[16,8.375,6,7.5],"texture":"#0"},
"up":{"uv":[0,7.5,10,8.375],"texture":"#0"},
"north":{"uv":[6,5.75,16,7.25],"texture":"#0"},
"south":{"uv":[0,5.75,10,7.25],"texture":"#0"},
"west":{"uv":[7.5,5.75,8.375,7.25],"texture":"#0"},
"east":{"uv":[7.625,5.75,8.5,7.25],"texture":"#0"}
}
},
{
"from":[-2,6.836,6.5],
"to":[10,8.2485,7.25],
"rotation":{"origin":[-2,8.2485,6.5],"axis":"x","angle":-45},
"faces":{
"down":{"uv":[16,8.375,6,7.5],"texture":"#0"},
"up":{"uv":[0,7.5,10,8.375],"texture":"#0"},
"north":{"uv":[6,5.75,16,7.25],"texture":"#0"},
"south":{"uv":[0,5.75,10,7.25],"texture":"#0"},
"west":{"uv":[7.5,5.75,8.375,7.25],"texture":"#0"},
"east":{"uv":[7.625,5.75,8.5,7.25],"texture":"#0"}
}
},
{
"from":[-2,7.3675,8.97],
"to":[10,8.78,9.72],
"rotation":{"origin":[-2,8.78,8.97],"axis":"x","angle":45},
"faces":{
"down":{"uv":[16,8.375,6,7.5],"texture":"#0"},
"up":{"uv":[0,7.5,10,8.375],"texture":"#0"},
"north":{"uv":[6,5.75,16,7.25],"texture":"#0"},
"south":{"uv":[0,5.75,10,7.25],"texture":"#0"},
"west":{"uv":[7.5,5.75,8.375,7.25],"texture":"#0"},
"east":{"uv":[7.625,5.75,8.5,7.25],"texture":"#0"}
}
},
{
"from":[10,6.5,7],
"to":[20,8.5,9],
"faces":{
"down":{"uv":[6,9,0,7],"texture":"#0"},
"up":{"uv":[10,7,16,9],"texture":"#0"},
"north":{"uv":[0,7.5,6,9.5],"texture":"#0"},
"south":{"uv":[10,7.5,16,9.5],"texture":"#0"},
"west":{"uv":[7,7.5,9,9.5],"texture":"#0"},
"east":{"uv":[7,7.5,9,9.5],"texture":"#0"}
}
},
{
"from":[10,8.5,7],
"to":[11.5,9.375,9],
"faces":{
"down":{"uv":[6,9,4.5,7],"texture":"#0"},
"up":{"uv":[10,7,11.5,9],"texture":"#0"},
"north":{"uv":[4.5,6.625,6,7.5],"texture":"#0"},
"south":{"uv":[10,6.625,11.5,7.5],"texture":"#0"},
"west":{"uv":[7,6.625,9,7.5],"texture":"#0"},
"east":{"uv":[7,6.625,9,7.5],"texture":"#0"}
}
},
{
"from":[13.5,8.5,7],
"to":[20,9.375,9],
"faces":{
"down":{"uv":[2.5,9,0,7],"texture":"#0"},
"up":{"uv":[13.5,7,16,9],"texture":"#0"},
"north":{"uv":[0,6.625,2.5,7.5],"texture":"#0"},
"south":{"uv":[13.5,6.625,16,7.5],"texture":"#0"},
"west":{"uv":[7,6.625,9,7.5],"texture":"#0"},
"east":{"uv":[7,6.625,9,7.5],"texture":"#0"}
}
},
{
"from":[-2.5,7.375,7.5],
"to":[-2,8.375,8.5],
"faces":{
"down":{"uv":[16,8.5,16,7.5],"texture":"#0"},
"up":{"uv":[0,7.5,0,8.5],"texture":"#0"},
"north":{"uv":[16,7.625,16,8.625],"texture":"#0"},
"south":{"uv":[0,7.625,0,8.625],"texture":"#0"},
"west":{"uv":[7.5,7.625,8.5,8.625],"texture":"#0"},
"east":{"uv":[7.5,7.625,8.5,8.625],"texture":"#0"}
}
},
{
"from":[-4,7.5625,7.6875],
"to":[-2.4375,8.1875,8.3125],
"faces":{
"down":{"uv":[16,8.3125,16,7.6875],"texture":"#0"},
"up":{"uv":[0,7.6875,0,8.3125],"texture":"#0"},
"north":{"uv":[16,7.8125,16,8.4375],"texture":"#0"},
"south":{"uv":[0,7.8125,0,8.4375],"texture":"#0"},
"west":{"uv":[7.6875,7.8125,8.3125,8.4375],"texture":"#0"},
"east":{"uv":[7.6875,7.8125,8.3125,8.4375],"texture":"#0"}
}
},
{
"from":[11.25,8.25,9],
"to":[13.75,8.5,9.25],
"faces":{
"down":{"uv":[4.75,9.25,2.25,9],"texture":"#0"},
"up":{"uv":[11.25,9,13.75,9.25],"texture":"#0"},
"north":{"uv":[2.25,7.5,4.75,7.75],"texture":"#0"},
"south":{"uv":[11.25,7.5,13.75,7.75],"texture":"#0"},
"west":{"uv":[9,7.5,9.25,7.75],"texture":"#0"},
"east":{"uv":[6.75,7.5,7,7.75],"texture":"#0"}
}
},
{
"from":[11.25,8.5,9],
"to":[11.5,9.125,9.25],
"faces":{
"down":{"uv":[4.75,9.25,4.5,9],"texture":"#0"},
"up":{"uv":[11.25,9,11.5,9.25],"texture":"#0"},
"north":{"uv":[4.5,6.875,4.75,7.5],"texture":"#0"},
"south":{"uv":[11.25,6.875,11.5,7.5],"texture":"#0"},
"west":{"uv":[9,6.875,9.25,7.5],"texture":"#0"},
"east":{"uv":[6.75,6.875,7,7.5],"texture":"#0"}
}
},
{
"from":[13.5,8.5,9],
"to":[13.75,9.125,9.25],
"faces":{
"down":{"uv":[2.5,9.25,2.25,9],"texture":"#0"},
"up":{"uv":[13.5,9,13.75,9.25],"texture":"#0"},
"north":{"uv":[2.25,6.875,2.5,7.5],"texture":"#0"},
"south":{"uv":[13.5,6.875,13.75,7.5],"texture":"#0"},
"west":{"uv":[9,6.875,9.25,7.5],"texture":"#0"},
"east":{"uv":[6.75,6.875,7,7.5],"texture":"#0"}
}
},
{
"from":[11.5,9.125,9],
"to":[12.25,9.375,9.25],
"faces":{
"down":{"uv":[4.5,9.25,3.75,9],"texture":"#0"},
"up":{"uv":[11.5,9,12.25,9.25],"texture":"#0"},
"north":{"uv":[3.75,6.625,4.5,6.875],"texture":"#0"},
"south":{"uv":[11.5,6.625,12.25,6.875],"texture":"#0"},
"west":{"uv":[9,6.625,9.25,6.875],"texture":"#0"},
"east":{"uv":[6.75,6.625,7,6.875],"texture":"#0"}
}
},
{
"from":[12.75,9.125,9],
"to":[13.5,9.375,9.25],
"faces":{
"down":{"uv":[3.25,9.25,2.5,9],"texture":"#0"},
"up":{"uv":[12.75,9,13.5,9.25],"texture":"#0"},
"north":{"uv":[2.5,6.625,3.25,6.875],"texture":"#0"},
"south":{"uv":[12.75,6.625,13.5,6.875],"texture":"#0"},
"west":{"uv":[9,6.625,9.25,6.875],"texture":"#0"},
"east":{"uv":[6.75,6.625,7,6.875],"texture":"#0"}
}
},
{
"from":[12.25,9.375,9],
"to":[12.75,9.625,9.25],
"faces":{
"down":{"uv":[3.75,9.25,3.25,9],"texture":"#0"},
"up":{"uv":[12.25,9,12.75,9.25],"texture":"#0"},
"north":{"uv":[3.25,6.375,3.75,6.625],"texture":"#0"},
"south":{"uv":[12.25,6.375,12.75,6.625],"texture":"#0"},
"west":{"uv":[9,6.375,9.25,6.625],"texture":"#0"},
"east":{"uv":[6.75,6.375,7,6.625],"texture":"#0"}
}
},
{
"from":[11.25,8.25,6.75],
"to":[13.75,8.5,7],
"faces":{
"down":{"uv":[4.75,7,2.25,6.75],"texture":"#0"},
"up":{"uv":[11.25,6.75,13.75,7],"texture":"#0"},
"north":{"uv":[2.25,7.5,4.75,7.75],"texture":"#0"},
"south":{"uv":[11.25,7.5,13.75,7.75],"texture":"#0"},
"west":{"uv":[6.75,7.5,7,7.75],"texture":"#0"},
"east":{"uv":[9,7.5,9.25,7.75],"texture":"#0"}
}
},
{
"from":[11.25,8.5,6.75],
"to":[11.5,9.125,7],
"faces":{
"down":{"uv":[4.75,7,4.5,6.75],"texture":"#0"},
"up":{"uv":[11.25,6.75,11.5,7],"texture":"#0"},
"north":{"uv":[4.5,6.875,4.75,7.5],"texture":"#0"},
"south":{"uv":[11.25,6.875,11.5,7.5],"texture":"#0"},
"west":{"uv":[6.75,6.875,7,7.5],"texture":"#0"},
"east":{"uv":[9,6.875,9.25,7.5],"texture":"#0"}
}
},
{
"from":[13.5,8.5,6.75],
"to":[13.75,9.125,7],
"faces":{
"down":{"uv":[2.5,7,2.25,6.75],"texture":"#0"},
"up":{"uv":[13.5,6.75,13.75,7],"texture":"#0"},
"north":{"uv":[2.25,6.875,2.5,7.5],"texture":"#0"},
"south":{"uv":[13.5,6.875,13.75,7.5],"texture":"#0"},
"west":{"uv":[6.75,6.875,7,7.5],"texture":"#0"},
"east":{"uv":[9,6.875,9.25,7.5],"texture":"#0"}
}
},
{
"from":[11.5,9.125,6.75],
"to":[12.25,9.375,7],
"faces":{
"down":{"uv":[4.5,7,3.75,6.75],"texture":"#0"},
"up":{"uv":[11.5,6.75,12.25,7],"texture":"#0"},
"north":{"uv":[3.75,6.625,4.5,6.875],"texture":"#0"},
"south":{"uv":[11.5,6.625,12.25,6.875],"texture":"#0"},
"west":{"uv":[6.75,6.625,7,6.875],"texture":"#0"},
"east":{"uv":[9,6.625,9.25,6.875],"texture":"#0"}
}
},
{
"from":[12.75,9.125,6.75],
"to":[13.5,9.375,7],
"faces":{
"down":{"uv":[3.25,7,2.5,6.75],"texture":"#0"},
"up":{"uv":[12.75,6.75,13.5,7],"texture":"#0"},
"north":{"uv":[2.5,6.625,3.25,6.875],"texture":"#0"},
"south":{"uv":[12.75,6.625,13.5,6.875],"texture":"#0"},
"west":{"uv":[6.75,6.625,7,6.875],"texture":"#0"},
"east":{"uv":[9,6.625,9.25,6.875],"texture":"#0"}
}
},
{
"from":[12.25,9.375,6.75],
"to":[12.75,9.625,7],
"faces":{
"down":{"uv":[3.75,7,3.25,6.75],"texture":"#0"},
"up":{"uv":[12.25,6.75,12.75,7],"texture":"#0"},
"north":{"uv":[3.25,6.375,3.75,6.625],"texture":"#0"},
"south":{"uv":[12.25,6.375,12.75,6.625],"texture":"#0"},
"west":{"uv":[6.75,6.375,7,6.625],"texture":"#0"},
"east":{"uv":[9,6.375,9.25,6.625],"texture":"#0"}
}
},
{
"from":[20.5,6.5,6.375],
"to":[21.125,9.25,7],
"faces":{
"down":{"uv":[0,7,0,6.375],"texture":"#0"},
"up":{"uv":[16,6.375,16,7],"texture":"#0"},
"north":{"uv":[0,6.75,0,9.5],"texture":"#0"},
"south":{"uv":[16,6.75,16,9.5],"texture":"#0"},
"west":{"uv":[6.375,6.75,7,9.5],"texture":"#0"},
"east":{"uv":[9,6.75,9.625,9.5],"texture":"#0"}
}
},
{
"from":[20.5,6.5,9],
"to":[21.125,9.25,9.625],
"faces":{
"down":{"uv":[0,9.625,0,9],"texture":"#0"},
"up":{"uv":[16,9,16,9.625],"texture":"#0"},
"north":{"uv":[0,6.75,0,9.5],"texture":"#0"},
"south":{"uv":[16,6.75,16,9.5],"texture":"#0"},
"west":{"uv":[9,6.75,9.625,9.5],"texture":"#0"},
"east":{"uv":[6.375,6.75,7,9.5],"texture":"#0"}
}
},
{
"from":[19.75,8.75,7.5],
"to":[21,9.25,7.875],
"rotation":{"origin":[19.75,8.75,7.5],"axis":"y","angle":45},
"faces":{
"down":{"uv":[0,7.75,0,7.125],"texture":"#0"},
"up":{"uv":[16,7.125,16,7.75],"texture":"#0"},
"north":{"uv":[0,6.75,0,7.25],"texture":"#0"},
"south":{"uv":[16,6.75,16,7.25],"texture":"#0"},
"west":{"uv":[7.125,6.75,7.75,7.25],"texture":"#0"},
"east":{"uv":[8.25,6.75,8.875,7.25],"texture":"#0"}
}
},
{
"from":[19.75,6.5,7.5],
"to":[21,7,7.875],
"rotation":{"origin":[19.75,6.5,7.5],"axis":"y","angle":45},
"faces":{
"down":{"uv":[0,7.75,0,7.125],"texture":"#0"},
"up":{"uv":[16,7.125,16,7.75],"texture":"#0"},
"north":{"uv":[0,6.75,0,7.25],"texture":"#0"},
"south":{"uv":[16,6.75,16,7.25],"texture":"#0"},
"west":{"uv":[7.125,6.75,7.75,7.25],"texture":"#0"},
"east":{"uv":[8.25,6.75,8.875,7.25],"texture":"#0"}
}
},
{
"from":[20,8.75,8.25],
"to":[21.25,9.25,8.625],
"rotation":{"origin":[20,8.75,8.25],"axis":"y","angle":-45},
"faces":{
"down":{"uv":[0,7.75,0,7.125],"texture":"#0"},
"up":{"uv":[16,7.125,16,7.75],"texture":"#0"},
"north":{"uv":[0,6.75,0,7.25],"texture":"#0"},
"south":{"uv":[16,6.75,16,7.25],"texture":"#0"},
"west":{"uv":[7.125,6.75,7.75,7.25],"texture":"#0"},
"east":{"uv":[8.25,6.75,8.875,7.25],"texture":"#0"}
}
},
{
"from":[20,6.5,8.25],
"to":[21.25,7,8.625],
"rotation":{"origin":[20,6.5,8.25],"axis":"y","angle":-45},
"faces":{
"down":{"uv":[0,7.75,0,7.125],"texture":"#0"},
"up":{"uv":[16,7.125,16,7.75],"texture":"#0"},
"north":{"uv":[0,6.75,0,7.25],"texture":"#0"},
"south":{"uv":[16,6.75,16,7.25],"texture":"#0"},
"west":{"uv":[7.125,6.75,7.75,7.25],"texture":"#0"},
"east":{"uv":[8.25,6.75,8.875,7.25],"texture":"#0"}
}
},
{
"from":[9.5,3,7.25],
"to":[11,4.5,8.75],
"faces":{
"down":{"uv":[6.5,8.75,5,7.25],"texture":"#0"},
"up":{"uv":[9.5,7.25,11,8.75],"texture":"#0"},
"north":{"uv":[5,11.5,6.5,13],"texture":"#0"},
"south":{"uv":[9.5,11.5,11,13],"texture":"#0"},
"west":{"uv":[7.25,11.5,8.75,13],"texture":"#0"},
"east":{"uv":[7.25,11.5,8.75,13],"texture":"#0"}
}
},
{
"from":[10.0625,2.875,7.25],
"to":[28.3125,4.375,8.75],
"rotation":{"origin":[10.0625,4.375,7.25],"axis":"z","angle":-22.5},
"faces":{
"down":{"uv":[5.9375,8.75,0,7.25],"texture":"#0"},
"up":{"uv":[10.0625,7.25,16,8.75],"texture":"#0"},
"north":{"uv":[0,11.625,5.9375,13.125],"texture":"#0"},
"south":{"uv":[10.0625,11.625,16,13.125],"texture":"#0"},
"west":{"uv":[7.25,11.625,8.75,13.125],"texture":"#0"},
"east":{"uv":[7.25,11.625,8.75,13.125],"texture":"#0"}
}
},
{
"from":[9.25,4.5,7],
"to":[11.25,6.25,9],
"faces":{
"down":{"uv":[6.75,9,4.75,7],"texture":"#0"},
"up":{"uv":[9.25,7,11.25,9],"texture":"#0"},
"north":{"uv":[4.75,9.75,6.75,11.5],"texture":"#0"},
"south":{"uv":[9.25,9.75,11.25,11.5],"texture":"#0"},
"west":{"uv":[7,9.75,9,11.5],"texture":"#0"},
"east":{"uv":[7,9.75,9,11.5],"texture":"#0"}
}
},
{
"from":[10.125,5.375,9],
"to":[10.875,7.25,9.25],
"faces":{
"down":{"uv":[5.875,9.25,5.125,9],"texture":"#0"},
"up":{"uv":[10.125,9,10.875,9.25],"texture":"#0"},
"north":{"uv":[5.125,8.75,5.875,10.625],"texture":"#0"},
"south":{"uv":[10.125,8.75,10.875,10.625],"texture":"#0"},
"west":{"uv":[9,8.75,9.25,10.625],"texture":"#0"},
"east":{"uv":[6.75,8.75,7,10.625],"texture":"#0"}
}
},
{
"from":[10.125,5.375,6.75],
"to":[10.875,7.25,7],
"faces":{
"down":{"uv":[5.875,7,5.125,6.75],"texture":"#0"},
"up":{"uv":[10.125,6.75,10.875,7],"texture":"#0"},
"north":{"uv":[5.125,8.75,5.875,10.625],"texture":"#0"},
"south":{"uv":[10.125,8.75,10.875,10.625],"texture":"#0"},
"west":{"uv":[6.75,8.75,7,10.625],"texture":"#0"},
"east":{"uv":[9,8.75,9.25,10.625],"texture":"#0"}
}
},
{
"from":[9.5625,5.375,9],
"to":[10.125,5.875,9.25],
"faces":{
"down":{"uv":[6.4375,9.25,5.875,9],"texture":"#0"},
"up":{"uv":[9.5625,9,10.125,9.25],"texture":"#0"},
"north":{"uv":[5.875,10.125,6.4375,10.625],"texture":"#0"},
"south":{"uv":[9.5625,10.125,10.125,10.625],"texture":"#0"},
"west":{"uv":[9,10.125,9.25,10.625],"texture":"#0"},
"east":{"uv":[6.75,10.125,7,10.625],"texture":"#0"}
}
},
{
"from":[10.125,5.75,9],
"to":[10.75,7.25,9.25],
"rotation":{"origin":[10.125,7.25,9],"axis":"z","angle":-22.5},
"faces":{
"down":{"uv":[5.875,9.25,5.125,9],"texture":"#0"},
"up":{"uv":[10.125,9,10.875,9.25],"texture":"#0"},
"north":{"uv":[5.125,8.75,5.875,10.625],"texture":"#0"},
"south":{"uv":[10.125,8.75,10.875,10.625],"texture":"#0"},
"west":{"uv":[9,8.75,9.25,10.625],"texture":"#0"},
"east":{"uv":[6.75,8.75,7,10.625],"texture":"#0"}
}
},
{
"from":[9.5625,5.375,6.75],
"to":[10.125,5.875,7],
"faces":{
"down":{"uv":[6.4375,7,5.875,6.75],"texture":"#0"},
"up":{"uv":[9.5625,6.75,10.125,7],"texture":"#0"},
"north":{"uv":[5.875,10.125,6.4375,10.625],"texture":"#0"},
"south":{"uv":[9.5625,10.125,10.125,10.625],"texture":"#0"},
"west":{"uv":[6.75,10.125,7,10.625],"texture":"#0"},
"east":{"uv":[9,10.125,9.25,10.625],"texture":"#0"}
}
},
{
"from":[10.125,5.75,6.75],
"to":[10.75,7.25,7],
"rotation":{"origin":[10.125,7.25,6.75],"axis":"z","angle":-22.5},
"faces":{
"down":{"uv":[5.875,9.25,5.125,9],"texture":"#0"},
"up":{"uv":[10.125,9,10.875,9.25],"texture":"#0"},
"north":{"uv":[5.125,8.75,5.875,10.625],"texture":"#0"},
"south":{"uv":[10.125,8.75,10.875,10.625],"texture":"#0"},
"west":{"uv":[9,8.75,9.25,10.625],"texture":"#0"},
"east":{"uv":[6.75,8.75,7,10.625],"texture":"#0"}
}
},
{
"from":[9.875,-4.375,6.5],
"to":[10.625,3.875,7.25],
"rotation":{"origin":[9.875,3.875,6.5],"axis":"z","angle":-22.5},
"faces":{
"down":{"uv":[6.125,7.5,5.375,6.75],"texture":"#0"},
"up":{"uv":[9.875,6.75,10.625,7.5],"texture":"#0"},
"north":{"uv":[5.375,12.125,6.125,16],"texture":"#0"},
"south":{"uv":[9.875,12.125,10.625,16],"texture":"#0"},
"west":{"uv":[6.75,12.125,7.5,16],"texture":"#0"},
"east":{"uv":[8.5,12.125,9.25,16],"texture":"#0"}
}
},
{
"from":[9.875,-4.375,8.75],
"to":[10.625,3.875,9.5],
"rotation":{"origin":[9.875,3.875,8.75],"axis":"z","angle":-22.5},
"faces":{
"down":{"uv":[6.125,7.5,5.375,6.75],"texture":"#0"},
"up":{"uv":[9.875,6.75,10.625,7.5],"texture":"#0"},
"north":{"uv":[5.375,12.125,6.125,16],"texture":"#0"},
"south":{"uv":[9.875,12.125,10.625,16],"texture":"#0"},
"west":{"uv":[6.75,12.125,7.5,16],"texture":"#0"},
"east":{"uv":[8.5,12.125,9.25,16],"texture":"#0"}
}
},
{
"from":[6.375,-4.125,8.625],
"to":[7.5,-3.75,9.625],
"faces":{
"down":{"uv":[6.125,7.5,5.375,6.75],"texture":"#0"},
"up":{"uv":[9.875,6.75,10.625,7.5],"texture":"#0"},
"north":{"uv":[5.375,12.125,6.125,16],"texture":"#0"},
"south":{"uv":[9.875,12.125,10.625,16],"texture":"#0"},
"west":{"uv":[6.75,12.125,7.5,16],"texture":"#0"},
"east":{"uv":[8.5,12.125,9.25,16],"texture":"#0"}
}
},
{
"from":[6.375,-4.125,6.375],
"to":[7.5,-3.75,7.375],
"faces":{
"down":{"uv":[6.125,7.5,5.375,6.75],"texture":"#0"},
"up":{"uv":[9.875,6.75,10.625,7.5],"texture":"#0"},
"north":{"uv":[5.375,12.125,6.125,16],"texture":"#0"},
"south":{"uv":[9.875,12.125,10.625,16],"texture":"#0"},
"west":{"uv":[6.75,12.125,7.5,16],"texture":"#0"},
"east":{"uv":[8.5,12.125,9.25,16],"texture":"#0"}
}
},
{
"from":[25.5,-4.125,7.125],
"to":[28.5,-3.75,8.875],
"faces":{
"down":{"uv":[6.125,7.5,5.375,6.75],"texture":"#0"},
"up":{"uv":[9.875,6.75,10.625,7.5],"texture":"#0"},
"north":{"uv":[5.375,12.125,6.125,16],"texture":"#0"},
"south":{"uv":[9.875,12.125,10.625,16],"texture":"#0"},
"west":{"uv":[6.75,12.125,7.5,16],"texture":"#0"},
"east":{"uv":[8.5,12.125,9.25,16],"texture":"#0"}
}
},
{
"from":[26.4375,-3.75,7.25],
"to":[26.9375,-2.625,8.75],
"faces":{
"down":{"uv":[4,8.75,2.5,7.25],"texture":"#0"},
"up":{"uv":[12,7.25,13.5,8.75],"texture":"#0"},
"north":{"uv":[2.5,10.5,4,16],"texture":"#0"},
"south":{"uv":[12,10.5,13.5,16],"texture":"#0"},
"west":{"uv":[7.25,10.5,8.75,16],"texture":"#0"},
"east":{"uv":[7.25,10.5,8.75,16],"texture":"#0"}
}
},
{
"from":[26.875,-3.75,7.25],
"to":[27.125,-3,8.75],
"faces":{
"down":{"uv":[4,8.75,2.5,7.25],"texture":"#0"},
"up":{"uv":[12,7.25,13.5,8.75],"texture":"#0"},
"north":{"uv":[2.5,10.5,4,16],"texture":"#0"},
"south":{"uv":[12,10.5,13.5,16],"texture":"#0"},
"west":{"uv":[7.25,10.5,8.75,16],"texture":"#0"},
"east":{"uv":[7.25,10.5,8.75,16],"texture":"#0"}
}
},
{
"from":[27.125,-3.75,7.25],
"to":[27.375,-3.5,8.75],
"faces":{
"down":{"uv":[4,8.75,2.5,7.25],"texture":"#0"},
"up":{"uv":[12,7.25,13.5,8.75],"texture":"#0"},
"north":{"uv":[2.5,10.5,4,16],"texture":"#0"},
"south":{"uv":[12,10.5,13.5,16],"texture":"#0"},
"west":{"uv":[7.25,10.5,8.75,16],"texture":"#0"},
"east":{"uv":[7.25,10.5,8.75,16],"texture":"#0"}
}
},
{
"from":[25.625,-1.75,6.875],
"to":[28.25,-1.375,9.125],
"faces":{
"down":{"uv":[6.125,7.5,5.375,6.75],"texture":"#0"},
"up":{"uv":[9.875,6.75,10.625,7.5],"texture":"#0"},
"north":{"uv":[5.375,12.125,6.125,16],"texture":"#0"},
"south":{"uv":[9.875,12.125,10.625,16],"texture":"#0"},
"west":{"uv":[6.75,12.125,7.5,16],"texture":"#0"},
"east":{"uv":[8.5,12.125,9.25,16],"texture":"#0"}
}
},
{
"from":[24.75,-1.75,7],
"to":[25.625,-1.375,9],
"faces":{
"down":{"uv":[6.125,7.5,5.375,6.75],"texture":"#0"},
"up":{"uv":[9.875,6.75,10.625,7.5],"texture":"#0"},
"north":{"uv":[5.375,12.125,6.125,16],"texture":"#0"},
"south":{"uv":[9.875,12.125,10.625,16],"texture":"#0"},
"west":{"uv":[6.75,12.125,7.5,16],"texture":"#0"},
"east":{"uv":[8.5,12.125,9.25,16],"texture":"#0"}
}
},
{
"from":[23.875,-1.75,7.125],
"to":[24.75,-1.375,8.875],
"faces":{
"down":{"uv":[6.125,7.5,5.375,6.75],"texture":"#0"},
"up":{"uv":[9.875,6.75,10.625,7.5],"texture":"#0"},
"north":{"uv":[5.375,12.125,6.125,16],"texture":"#0"},
"south":{"uv":[9.875,12.125,10.625,16],"texture":"#0"},
"west":{"uv":[6.75,12.125,7.5,16],"texture":"#0"},
"east":{"uv":[8.5,12.125,9.25,16],"texture":"#0"}
}
},
{
"from":[26,-2.625,7.25],
"to":[26.875,-1.75,8.75],
"faces":{
"down":{"uv":[4,8.75,2.5,7.25],"texture":"#0"},
"up":{"uv":[12,7.25,13.5,8.75],"texture":"#0"},
"north":{"uv":[2.5,10.5,4,16],"texture":"#0"},
"south":{"uv":[12,10.5,13.5,16],"texture":"#0"},
"west":{"uv":[7.25,10.5,8.75,16],"texture":"#0"},
"east":{"uv":[7.25,10.5,8.75,16],"texture":"#0"}
}
},
{
"from":[11.25,5,7.75],
"to":[16.875,6.25,8.25],
"rotation":{"origin":[11.25,6.25,7.75],"axis":"z","angle":-45},
"faces":{
"down":{"uv":[5,8.25,1,7.75],"texture":"#0"},
"up":{"uv":[11,7.75,15,8.25],"texture":"#0"},
"north":{"uv":[1,9.75,5,10.375],"texture":"#0"},
"south":{"uv":[11,9.75,15,10.375],"texture":"#0"},
"west":{"uv":[7.75,9.75,8.25,10.375],"texture":"#0"},
"east":{"uv":[7.75,9.75,8.25,10.375],"texture":"#0"}
}
},
{
"from":[13.875,1.875,8.75],
"to":[15.375,3.375,9],
"faces":{
"down":{"uv":[5.875,9.25,5.125,9],"texture":"#0"},
"up":{"uv":[10.125,9,10.875,9.25],"texture":"#0"},
"north":{"uv":[5.125,8.75,5.875,10.625],"texture":"#0"},
"south":{"uv":[10.125,8.75,10.875,10.625],"texture":"#0"},
"west":{"uv":[9,8.75,9.25,10.625],"texture":"#0"},
"east":{"uv":[6.75,8.75,7,10.625],"texture":"#0"}
}
},
{
"from":[13.875,1.875,7],
"to":[15.375,3.375,7.25],
"faces":{
"down":{"uv":[5.875,9.25,5.125,9],"texture":"#0"},
"up":{"uv":[10.125,9,10.875,9.25],"texture":"#0"},
"north":{"uv":[5.125,8.75,5.875,10.625],"texture":"#0"},
"south":{"uv":[10.125,8.75,10.875,10.625],"texture":"#0"},
"west":{"uv":[9,8.75,9.25,10.625],"texture":"#0"},
"east":{"uv":[6.75,8.75,7,10.625],"texture":"#0"}
}
},
{
"from":[14.25,2.375,7.25],
"to":[14.875,3,8.75],
"faces":{
"down":{"uv":[5,8.25,1,7.75],"texture":"#0"},
"up":{"uv":[11,7.75,15,8.25],"texture":"#0"},
"north":{"uv":[1,9.75,5,10.375],"texture":"#0"},
"south":{"uv":[11,9.75,15,10.375],"texture":"#0"},
"west":{"uv":[7.75,9.75,8.25,10.375],"texture":"#0"},
"east":{"uv":[7.75,9.75,8.25,10.375],"texture":"#0"}
}
},
{
"from":[17.375,3.75,7.75],
"to":[17.875,6.75,8.25],
"rotation":{"origin":[17.375,6.75,7.75],"axis":"z","angle":-22.5},
"faces":{
"down":{"uv":[5,8.25,1,7.75],"texture":"#0"},
"up":{"uv":[11,7.75,15,8.25],"texture":"#0"},
"north":{"uv":[1,9.75,5,10.375],"texture":"#0"},
"south":{"uv":[11,9.75,15,10.375],"texture":"#0"},
"west":{"uv":[7.75,9.75,8.25,10.375],"texture":"#0"},
"east":{"uv":[7.75,9.75,8.25,10.375],"texture":"#0"}
}
},
{
"from":[16.125,2.9375,7.625],
"to":[16.875,4.0625,8.375],
"rotation":{"origin":[16.125,4.0625,7.625],"axis":"z","angle":-22.5},
"faces":{
"down":{"uv":[5,8.25,1,7.75],"texture":"#0"},
"up":{"uv":[11,7.75,15,8.25],"texture":"#0"},
"north":{"uv":[1,9.75,5,10.375],"texture":"#0"},
"south":{"uv":[11,9.75,15,10.375],"texture":"#0"},
"west":{"uv":[7.75,9.75,8.25,10.375],"texture":"#0"},
"east":{"uv":[7.75,9.75,8.25,10.375],"texture":"#0"}
}
},
{
"from":[17.375,10,7],
"to":[18,10.375,7.75],
"faces":{
"down":{"uv":[6,9,0,7],"texture":"#0"},
"up":{"uv":[10,7,16,9],"texture":"#0"},
"north":{"uv":[0,6,6,6.625],"texture":"#0"},
"south":{"uv":[10,6,16,6.625],"texture":"#0"},
"west":{"uv":[7,6,9,6.625],"texture":"#0"},
"east":{"uv":[7,6,9,6.625],"texture":"#0"}
}
},
{
"from":[17.375,10,8.25],
"to":[18,10.375,9],
"faces":{
"down":{"uv":[6,9,0,7],"texture":"#0"},
"up":{"uv":[10,7,16,9],"texture":"#0"},
"north":{"uv":[0,6,6,6.625],"texture":"#0"},
"south":{"uv":[10,6,16,6.625],"texture":"#0"},
"west":{"uv":[7,6,9,6.625],"texture":"#0"},
"east":{"uv":[7,6,9,6.625],"texture":"#0"}
}
},
{
"from":[15,10,7.5],
"to":[17.375,10.25,7.75],
"faces":{
"down":{"uv":[6,9,0,7],"texture":"#0"},
"up":{"uv":[10,7,16,9],"texture":"#0"},
"north":{"uv":[0,6,6,6.625],"texture":"#0"},
"south":{"uv":[10,6,16,6.625],"texture":"#0"},
"west":{"uv":[7,6,9,6.625],"texture":"#0"},
"east":{"uv":[7,6,9,6.625],"texture":"#0"}
}
},
{
"from":[15,10,8.25],
"to":[17.375,10.25,8.5],
"faces":{
"down":{"uv":[6,9,0,7],"texture":"#0"},
"up":{"uv":[10,7,16,9],"texture":"#0"},
"north":{"uv":[0,6,6,6.625],"texture":"#0"},
"south":{"uv":[10,6,16,6.625],"texture":"#0"},
"west":{"uv":[7,6,9,6.625],"texture":"#0"},
"east":{"uv":[7,6,9,6.625],"texture":"#0"}
}
},
{
"from":[11.5,8.5625,9.25],
"to":[13.5,9.0625,9.75],
"faces":{
"down":{"uv":[4.5,9.75,2.5,9.25],"texture":"#2"},
"up":{"uv":[11.5,9.25,13.5,9.75],"texture":"#2"},
"north":{"uv":[2.5,6.9375,4.5,7.4375],"texture":"#2"},
"south":{"uv":[11.5,6.9375,13.5,7.4375],"texture":"#2"},
"west":{"uv":[9.25,6.9375,9.75,7.4375],"texture":"#2"},
"east":{"uv":[6.25,6.9375,6.75,7.4375],"texture":"#2"}
}
},
{
"from":[12.0625,8.5,9.1875],
"to":[12.9375,9.125,9.8125],
"faces":{
"down":{"uv":[3.9375,9.8125,3.0625,9.1875],"texture":"#0"},
"up":{"uv":[12.0625,9.1875,12.9375,9.8125],"texture":"#0"},
"north":{"uv":[3.0625,6.875,3.9375,7.5],"texture":"#0"},
"south":{"uv":[12.0625,6.875,12.9375,7.5],"texture":"#0"},
"west":{"uv":[9.1875,6.875,9.8125,7.5],"texture":"#0"},
"east":{"uv":[6.1875,6.875,6.8125,7.5],"texture":"#0"}
}
},
{
"from":[11.5,8.5625,7.5],
"to":[13.5,9.0625,8],
"faces":{
"down":{"uv":[4.5,8,2.5,7.5],"texture":"#2"},
"up":{"uv":[11.5,7.5,13.5,8],"texture":"#2"},
"north":{"uv":[2.5,6.9375,4.5,7.4375],"texture":"#2"},
"south":{"uv":[11.5,6.9375,13.5,7.4375],"texture":"#2"},
"west":{"uv":[7.5,6.9375,8,7.4375],"texture":"#2"},
"east":{"uv":[8,6.9375,8.5,7.4375],"texture":"#2"}
}
},
{
"from":[12.0625,8.5,7.4375],
"to":[12.9375,9.125,8.0625],
"faces":{
"down":{"uv":[3.9375,8.0625,3.0625,7.4375],"texture":"#0"},
"up":{"uv":[12.0625,7.4375,12.9375,8.0625],"texture":"#0"},
"north":{"uv":[3.0625,6.875,3.9375,7.5],"texture":"#0"},
"south":{"uv":[12.0625,6.875,12.9375,7.5],"texture":"#0"},
"west":{"uv":[7.4375,6.875,8.0625,7.5],"texture":"#0"},
"east":{"uv":[7.9375,6.875,8.5625,7.5],"texture":"#0"}
}
},
{
"from":[11.5,8.5625,8.5],
"to":[13.5,9.0625,9],
"faces":{
"down":{"uv":[4.5,9,2.5,8.5],"texture":"#2"},
"up":{"uv":[11.5,8.5,13.5,9],"texture":"#2"},
"north":{"uv":[2.5,6.9375,4.5,7.4375],"texture":"#2"},
"south":{"uv":[11.5,6.9375,13.5,7.4375],"texture":"#2"},
"west":{"uv":[8.5,6.9375,9,7.4375],"texture":"#2"},
"east":{"uv":[7,6.9375,7.5,7.4375],"texture":"#2"}
}
},
{
"from":[12.0625,8.5,8.4375],
"to":[12.9375,9.125,9.0625],
"faces":{
"down":{"uv":[3.9375,9.0625,3.0625,8.4375],"texture":"#0"},
"up":{"uv":[12.0625,8.4375,12.9375,9.0625],"texture":"#0"},
"north":{"uv":[3.0625,6.875,3.9375,7.5],"texture":"#0"},
"south":{"uv":[12.0625,6.875,12.9375,7.5],"texture":"#0"},
"west":{"uv":[8.4375,6.875,9.0625,7.5],"texture":"#0"},
"east":{"uv":[6.9375,6.875,7.5625,7.5],"texture":"#0"}
}
},
{
"from":[11.5,7.8125,9.75],
"to":[13.5,8.3125,10.25],
"faces":{
"down":{"uv":[4.5,10.25,2.5,9.75],"texture":"#2"},
"up":{"uv":[11.5,9.75,13.5,10.25],"texture":"#2"},
"north":{"uv":[2.5,7.6875,4.5,8.1875],"texture":"#2"},
"south":{"uv":[11.5,7.6875,13.5,8.1875],"texture":"#2"},
"west":{"uv":[9.75,7.6875,10.25,8.1875],"texture":"#2"},
"east":{"uv":[5.75,7.6875,6.25,8.1875],"texture":"#2"}
}
},
{
"from":[12.0625,7.75,9.6875],
"to":[12.9375,8.375,10.3125],
"faces":{
"down":{"uv":[3.9375,10.3125,3.0625,9.6875],"texture":"#0"},
"up":{"uv":[12.0625,9.6875,12.9375,10.3125],"texture":"#0"},
"north":{"uv":[3.0625,7.625,3.9375,8.25],"texture":"#0"},
"south":{"uv":[12.0625,7.625,12.9375,8.25],"texture":"#0"},
"west":{"uv":[9.6875,7.625,10.3125,8.25],"texture":"#0"},
"east":{"uv":[5.6875,7.625,6.3125,8.25],"texture":"#0"}
}
},
{
"from":[11.5,7.0625,9.75],
"to":[13.5,7.5625,10.25],
"faces":{
"down":{"uv":[4.5,10.25,2.5,9.75],"texture":"#2"},
"up":{"uv":[11.5,9.75,13.5,10.25],"texture":"#2"},
"north":{"uv":[2.5,8.4375,4.5,8.9375],"texture":"#2"},
"south":{"uv":[11.5,8.4375,13.5,8.9375],"texture":"#2"},
"west":{"uv":[9.75,8.4375,10.25,8.9375],"texture":"#2"},
"east":{"uv":[5.75,8.4375,6.25,8.9375],"texture":"#2"}
}
},
{
"from":[12.0625,7,9.6875],
"to":[12.9375,7.625,10.3125],
"faces":{
"down":{"uv":[3.9375,10.3125,3.0625,9.6875],"texture":"#0"},
"up":{"uv":[12.0625,9.6875,12.9375,10.3125],"texture":"#0"},
"north":{"uv":[3.0625,8.375,3.9375,9],"texture":"#0"},
"south":{"uv":[12.0625,8.375,12.9375,9],"texture":"#0"},
"west":{"uv":[9.6875,8.375,10.3125,9],"texture":"#0"},
"east":{"uv":[5.6875,8.375,6.3125,9],"texture":"#0"}
}
},
{
"from":[11.5,6.3125,9.75],
"to":[13.5,6.8125,10.25],
"faces":{
"down":{"uv":[4.5,10.25,2.5,9.75],"texture":"#2"},
"up":{"uv":[11.5,9.75,13.5,10.25],"texture":"#2"},
"north":{"uv":[2.5,9.1875,4.5,9.6875],"texture":"#2"},
"south":{"uv":[11.5,9.1875,13.5,9.6875],"texture":"#2"},
"west":{"uv":[9.75,9.1875,10.25,9.6875],"texture":"#2"},
"east":{"uv":[5.75,9.1875,6.25,9.6875],"texture":"#2"}
}
},
{
"from":[12.0625,6.25,9.6875],
"to":[12.9375,6.875,10.3125],
"faces":{
"down":{"uv":[3.9375,10.3125,3.0625,9.6875],"texture":"#0"},
"up":{"uv":[12.0625,9.6875,12.9375,10.3125],"texture":"#0"},
"north":{"uv":[3.0625,9.125,3.9375,9.75],"texture":"#0"},
"south":{"uv":[12.0625,9.125,12.9375,9.75],"texture":"#0"},
"west":{"uv":[9.6875,9.125,10.3125,9.75],"texture":"#0"},
"east":{"uv":[5.6875,9.125,6.3125,9.75],"texture":"#0"}
}
},
{
"from":[11.5,5.5625,9.75],
"to":[13.5,6.0625,10.25],
"faces":{
"down":{"uv":[4.5,10.25,2.5,9.75],"texture":"#2"},
"up":{"uv":[11.5,9.75,13.5,10.25],"texture":"#2"},
"north":{"uv":[2.5,9.9375,4.5,10.4375],"texture":"#2"},
"south":{"uv":[11.5,9.9375,13.5,10.4375],"texture":"#2"},
"west":{"uv":[9.75,9.9375,10.25,10.4375],"texture":"#2"},
"east":{"uv":[5.75,9.9375,6.25,10.4375],"texture":"#2"}
}
},
{
"from":[12.0625,5.5,9.6875],
"to":[12.9375,6.125,10.3125],
"faces":{
"down":{"uv":[3.9375,10.3125,3.0625,9.6875],"texture":"#0"},
"up":{"uv":[12.0625,9.6875,12.9375,10.3125],"texture":"#0"},
"north":{"uv":[3.0625,9.875,3.9375,10.5],"texture":"#0"},
"south":{"uv":[12.0625,9.875,12.9375,10.5],"texture":"#0"},
"west":{"uv":[9.6875,9.875,10.3125,10.5],"texture":"#0"},
"east":{"uv":[5.6875,9.875,6.3125,10.5],"texture":"#0"}
}
},
{
"from":[11.5,4.8125,9.75],
"to":[13.5,5.3125,10.25],
"faces":{
"down":{"uv":[4.5,10.25,2.5,9.75],"texture":"#2"},
"up":{"uv":[11.5,9.75,13.5,10.25],"texture":"#2"},
"north":{"uv":[2.5,10.6875,4.5,11.1875],"texture":"#2"},
"south":{"uv":[11.5,10.6875,13.5,11.1875],"texture":"#2"},
"west":{"uv":[9.75,10.6875,10.25,11.1875],"texture":"#2"},
"east":{"uv":[5.75,10.6875,6.25,11.1875],"texture":"#2"}
}
},
{
"from":[12.0625,4.75,9.6875],
"to":[12.9375,5.375,10.3125],
"faces":{
"down":{"uv":[3.9375,10.3125,3.0625,9.6875],"texture":"#0"},
"up":{"uv":[12.0625,9.6875,12.9375,10.3125],"texture":"#0"},
"north":{"uv":[3.0625,10.625,3.9375,11.25],"texture":"#0"},
"south":{"uv":[12.0625,10.625,12.9375,11.25],"texture":"#0"},
"west":{"uv":[9.6875,10.625,10.3125,11.25],"texture":"#0"},
"east":{"uv":[5.6875,10.625,6.3125,11.25],"texture":"#0"}
}
},
{
"from":[11.5,4.0625,9.75],
"to":[13.5,4.5625,10.25],
"faces":{
"down":{"uv":[4.5,10.25,2.5,9.75],"texture":"#2"},
"up":{"uv":[11.5,9.75,13.5,10.25],"texture":"#2"},
"north":{"uv":[2.5,11.4375,4.5,11.9375],"texture":"#2"},
"south":{"uv":[11.5,11.4375,13.5,11.9375],"texture":"#2"},
"west":{"uv":[9.75,11.4375,10.25,11.9375],"texture":"#2"},
"east":{"uv":[5.75,11.4375,6.25,11.9375],"texture":"#2"}
}
},
{
"from":[12.0625,4,9.6875],
"to":[12.9375,4.625,10.3125],
"faces":{
"down":{"uv":[3.9375,10.3125,3.0625,9.6875],"texture":"#0"},
"up":{"uv":[12.0625,9.6875,12.9375,10.3125],"texture":"#0"},
"north":{"uv":[3.0625,11.375,3.9375,12],"texture":"#0"},
"south":{"uv":[12.0625,11.375,12.9375,12],"texture":"#0"},
"west":{"uv":[9.6875,11.375,10.3125,12],"texture":"#0"},
"east":{"uv":[5.6875,11.375,6.3125,12],"texture":"#0"}
}
},
{
"from":[11.5,3.3125,9.75],
"to":[13.5,3.8125,10.25],
"faces":{
"down":{"uv":[4.5,10.25,2.5,9.75],"texture":"#2"},
"up":{"uv":[11.5,9.75,13.5,10.25],"texture":"#2"},
"north":{"uv":[2.5,12.1875,4.5,12.6875],"texture":"#2"},
"south":{"uv":[11.5,12.1875,13.5,12.6875],"texture":"#2"},
"west":{"uv":[9.75,12.1875,10.25,12.6875],"texture":"#2"},
"east":{"uv":[5.75,12.1875,6.25,12.6875],"texture":"#2"}
}
},
{
"from":[12.0625,3.25,9.6875],
"to":[12.9375,3.875,10.3125],
"faces":{
"down":{"uv":[3.9375,10.3125,3.0625,9.6875],"texture":"#0"},
"up":{"uv":[12.0625,9.6875,12.9375,10.3125],"texture":"#0"},
"north":{"uv":[3.0625,12.125,3.9375,12.75],"texture":"#0"},
"south":{"uv":[12.0625,12.125,12.9375,12.75],"texture":"#0"},
"west":{"uv":[9.6875,12.125,10.3125,12.75],"texture":"#0"},
"east":{"uv":[5.6875,12.125,6.3125,12.75],"texture":"#0"}
}
},
{
"from":[11.5,2.5625,9.75],
"to":[13.5,3.0625,10.25],
"faces":{
"down":{"uv":[4.5,10.25,2.5,9.75],"texture":"#2"},
"up":{"uv":[11.5,9.75,13.5,10.25],"texture":"#2"},
"north":{"uv":[2.5,12.9375,4.5,13.4375],"texture":"#2"},
"south":{"uv":[11.5,12.9375,13.5,13.4375],"texture":"#2"},
"west":{"uv":[9.75,12.9375,10.25,13.4375],"texture":"#2"},
"east":{"uv":[5.75,12.9375,6.25,13.4375],"texture":"#2"}
}
},
{
"from":[12.0625,2.5,9.6875],
"to":[12.9375,3.125,10.3125],
"faces":{
"down":{"uv":[3.9375,10.3125,3.0625,9.6875],"texture":"#0"},
"up":{"uv":[12.0625,9.6875,12.9375,10.3125],"texture":"#0"},
"north":{"uv":[3.0625,12.875,3.9375,13.5],"texture":"#0"},
"south":{"uv":[12.0625,12.875,12.9375,13.5],"texture":"#0"},
"west":{"uv":[9.6875,12.875,10.3125,13.5],"texture":"#0"},
"east":{"uv":[5.6875,12.875,6.3125,13.5],"texture":"#0"}
}
},
{
"from":[11.5,1.8125,9.75],
"to":[13.5,2.3125,10.25],
"faces":{
"down":{"uv":[4.5,10.25,2.5,9.75],"texture":"#2"},
"up":{"uv":[11.5,9.75,13.5,10.25],"texture":"#2"},
"north":{"uv":[2.5,13.6875,4.5,14.1875],"texture":"#2"},
"south":{"uv":[11.5,13.6875,13.5,14.1875],"texture":"#2"},
"west":{"uv":[9.75,13.6875,10.25,14.1875],"texture":"#2"},
"east":{"uv":[5.75,13.6875,6.25,14.1875],"texture":"#2"}
}
},
{
"from":[12.0625,1.75,9.6875],
"to":[12.9375,2.375,10.3125],
"faces":{
"down":{"uv":[3.9375,10.3125,3.0625,9.6875],"texture":"#0"},
"up":{"uv":[12.0625,9.6875,12.9375,10.3125],"texture":"#0"},
"north":{"uv":[3.0625,13.625,3.9375,14.25],"texture":"#0"},
"south":{"uv":[12.0625,13.625,12.9375,14.25],"texture":"#0"},
"west":{"uv":[9.6875,13.625,10.3125,14.25],"texture":"#0"},
"east":{"uv":[5.6875,13.625,6.3125,14.25],"texture":"#0"}
}
},
{
"from":[11.5,0.3125,9.75],
"to":[13.5,0.8125,10.25],
"faces":{
"down":{"uv":[4.5,10.25,2.5,9.75],"texture":"#2"},
"up":{"uv":[11.5,9.75,13.5,10.25],"texture":"#2"},
"north":{"uv":[2.5,15.1875,4.5,15.6875],"texture":"#2"},
"south":{"uv":[11.5,15.1875,13.5,15.6875],"texture":"#2"},
"west":{"uv":[9.75,15.1875,10.25,15.6875],"texture":"#2"},
"east":{"uv":[5.75,15.1875,6.25,15.6875],"texture":"#2"}
}
},
{
"from":[12.0625,0.25,9.6875],
"to":[12.9375,0.875,10.3125],
"faces":{
"down":{"uv":[3.9375,10.3125,3.0625,9.6875],"texture":"#0"},
"up":{"uv":[12.0625,9.6875,12.9375,10.3125],"texture":"#0"},
"north":{"uv":[3.0625,15.125,3.9375,15.75],"texture":"#0"},
"south":{"uv":[12.0625,15.125,12.9375,15.75],"texture":"#0"},
"west":{"uv":[9.6875,15.125,10.3125,15.75],"texture":"#0"},
"east":{"uv":[5.6875,15.125,6.3125,15.75],"texture":"#0"}
}
},
{
"from":[11.5,1.0625,9.75],
"to":[13.5,1.5625,10.25],
"faces":{
"down":{"uv":[4.5,10.25,2.5,9.75],"texture":"#2"},
"up":{"uv":[11.5,9.75,13.5,10.25],"texture":"#2"},
"north":{"uv":[2.5,14.4375,4.5,14.9375],"texture":"#2"},
"south":{"uv":[11.5,14.4375,13.5,14.9375],"texture":"#2"},
"west":{"uv":[9.75,14.4375,10.25,14.9375],"texture":"#2"},
"east":{"uv":[5.75,14.4375,6.25,14.9375],"texture":"#2"}
}
},
{
"from":[12.0625,1,9.6875],
"to":[12.9375,1.625,10.3125],
"faces":{
"down":{"uv":[3.9375,10.3125,3.0625,9.6875],"texture":"#0"},
"up":{"uv":[12.0625,9.6875,12.9375,10.3125],"texture":"#0"},
"north":{"uv":[3.0625,14.375,3.9375,15],"texture":"#0"},
"south":{"uv":[12.0625,14.375,12.9375,15],"texture":"#0"},
"west":{"uv":[9.6875,14.375,10.3125,15],"texture":"#0"},
"east":{"uv":[5.6875,14.375,6.3125,15],"texture":"#0"}
}
},
{
"from":[11.5,-0.4375,9.75],
"to":[13.5,0.0625,10.25],
"faces":{
"down":{"uv":[4.5,10.25,2.5,9.75],"texture":"#2"},
"up":{"uv":[11.5,9.75,13.5,10.25],"texture":"#2"},
"north":{"uv":[2.5,15.9375,4.5,16],"texture":"#2"},
"south":{"uv":[11.5,15.9375,13.5,16],"texture":"#2"},
"west":{"uv":[9.75,15.9375,10.25,16],"texture":"#2"},
"east":{"uv":[5.75,15.9375,6.25,16],"texture":"#2"}
}
},
{
"from":[12.0625,-0.5,9.6875],
"to":[12.9375,0.125,10.3125],
"faces":{
"down":{"uv":[3.9375,10.3125,3.0625,9.6875],"texture":"#0"},
"up":{"uv":[12.0625,9.6875,12.9375,10.3125],"texture":"#0"},
"north":{"uv":[3.0625,15.875,3.9375,16],"texture":"#0"},
"south":{"uv":[12.0625,15.875,12.9375,16],"texture":"#0"},
"west":{"uv":[9.6875,15.875,10.3125,16],"texture":"#0"},
"east":{"uv":[5.6875,15.875,6.3125,16],"texture":"#0"}
}
},
{
"from":[11.5,-1.1875,9.75],
"to":[13.5,-0.6875,10.25],
"faces":{
"down":{"uv":[4.5,10.25,2.5,9.75],"texture":"#2"},
"up":{"uv":[11.5,9.75,13.5,10.25],"texture":"#2"},
"north":{"uv":[2.5,16,4.5,16],"texture":"#2"},
"south":{"uv":[11.5,16,13.5,16],"texture":"#2"},
"west":{"uv":[9.75,16,10.25,16],"texture":"#2"},
"east":{"uv":[5.75,16,6.25,16],"texture":"#2"}
}
},
{
"from":[12.0625,-1.25,9.6875],
"to":[12.9375,-0.625,10.3125],
"faces":{
"down":{"uv":[3.9375,10.3125,3.0625,9.6875],"texture":"#0"},
"up":{"uv":[12.0625,9.6875,12.9375,10.3125],"texture":"#0"},
"north":{"uv":[3.0625,16,3.9375,16],"texture":"#0"},
"south":{"uv":[12.0625,16,12.9375,16],"texture":"#0"},
"west":{"uv":[9.6875,16,10.3125,16],"texture":"#0"},
"east":{"uv":[5.6875,16,6.3125,16],"texture":"#0"}
}
},
{
"from":[11.5,-1.9375,9.75],
"to":[13.5,-1.4375,10.25],
"faces":{
"down":{"uv":[4.5,10.25,2.5,9.75],"texture":"#2"},
"up":{"uv":[11.5,9.75,13.5,10.25],"texture":"#2"},
"north":{"uv":[2.5,16,4.5,16],"texture":"#2"},
"south":{"uv":[11.5,16,13.5,16],"texture":"#2"},
"west":{"uv":[9.75,16,10.25,16],"texture":"#2"},
"east":{"uv":[5.75,16,6.25,16],"texture":"#2"}
}
},
{
"from":[12.0625,-2,9.6875],
"to":[12.9375,-1.375,10.3125],
"faces":{
"down":{"uv":[3.9375,10.3125,3.0625,9.6875],"texture":"#0"},
"up":{"uv":[12.0625,9.6875,12.9375,10.3125],"texture":"#0"},
"north":{"uv":[3.0625,16,3.9375,16],"texture":"#0"},
"south":{"uv":[12.0625,16,12.9375,16],"texture":"#0"},
"west":{"uv":[9.6875,16,10.3125,16],"texture":"#0"},
"east":{"uv":[5.6875,16,6.3125,16],"texture":"#0"}
}
},
{
"from":[11.5,-2.6875,9.75],
"to":[13.5,-2.1875,10.25],
"faces":{
"down":{"uv":[4.5,10.25,2.5,9.75],"texture":"#2"},
"up":{"uv":[11.5,9.75,13.5,10.25],"texture":"#2"},
"north":{"uv":[2.5,16,4.5,16],"texture":"#2"},
"south":{"uv":[11.5,16,13.5,16],"texture":"#2"},
"west":{"uv":[9.75,16,10.25,16],"texture":"#2"},
"east":{"uv":[5.75,16,6.25,16],"texture":"#2"}
}
},
{
"from":[12.0625,-2.75,9.6875],
"to":[12.9375,-2.125,10.3125],
"faces":{
"down":{"uv":[3.9375,10.3125,3.0625,9.6875],"texture":"#0"},
"up":{"uv":[12.0625,9.6875,12.9375,10.3125],"texture":"#0"},
"north":{"uv":[3.0625,16,3.9375,16],"texture":"#0"},
"south":{"uv":[12.0625,16,12.9375,16],"texture":"#0"},
"west":{"uv":[9.6875,16,10.3125,16],"texture":"#0"},
"east":{"uv":[5.6875,16,6.3125,16],"texture":"#0"}
}
},
{
"from":[11.5,-3.4375,9.75],
"to":[13.5,-2.9375,10.25],
"faces":{
"down":{"uv":[4.5,10.25,2.5,9.75],"texture":"#2"},
"up":{"uv":[11.5,9.75,13.5,10.25],"texture":"#2"},
"north":{"uv":[2.5,16,4.5,16],"texture":"#2"},
"south":{"uv":[11.5,16,13.5,16],"texture":"#2"},
"west":{"uv":[9.75,16,10.25,16],"texture":"#2"},
"east":{"uv":[5.75,16,6.25,16],"texture":"#2"}
}
},
{
"from":[12.0625,-3.5,9.6875],
"to":[12.9375,-2.875,10.3125],
"faces":{
"down":{"uv":[3.9375,10.3125,3.0625,9.6875],"texture":"#0"},
"up":{"uv":[12.0625,9.6875,12.9375,10.3125],"texture":"#0"},
"north":{"uv":[3.0625,16,3.9375,16],"texture":"#0"},
"south":{"uv":[12.0625,16,12.9375,16],"texture":"#0"},
"west":{"uv":[9.6875,16,10.3125,16],"texture":"#0"},
"east":{"uv":[5.6875,16,6.3125,16],"texture":"#0"}
}
},
{
"from":[12.125,-2.875,9.8125],
"to":[12.875,8.875,10.1875],
"faces":{
"down":{"uv":[3.875,10.1875,3.125,9.8125],"texture":"#0"},
"up":{"uv":[12.125,9.8125,12.875,10.1875],"texture":"#0"},
"north":{"uv":[3.125,7.125,3.875,16],"texture":"#0"},
"south":{"uv":[12.125,7.125,12.875,16],"texture":"#0"},
"west":{"uv":[9.8125,7.125,10.1875,16],"texture":"#0"},
"east":{"uv":[5.8125,7.125,6.1875,16],"texture":"#0"}
}
}
],
"display":{
"thirdperson_righthand":{
"rotation":[-180,-90,130],
"translation":[0,10,0],
"scale":[1,1,1]
},
"thirdperson_lefthand":{
"rotation":[-180,90,-130],
"translation":[0,10,0],
"scale":[1,1,1]
},
"head":{
"rotation":[0,-90,0],
"translation":[0,15,0],
"scale":[0.6,0.6,0.6]
},
"ground":{
"rotation":[0,0,0],
"translation":[0,7,0],
"scale":[0.8,0.8,0.8]
},
"firstperson_righthand":{
"rotation":[0,-90,0],
"translation":[-2.5,4.25,-5],
"scale":[0.8,0.8,0.8]
},
"firstperson_lefthand":{
"rotation":[0,90,0],
"translation":[-2.5,4.25,-5],
"scale":[0.8,0.8,0.8]
},
"gui":{
"rotation":[-15,40,0],
"translation":[-2,2,0],
"scale":[0.6,0.6,0.6]
}
}
}