{
"__comment":"Model generated by Hky guncolony.com©",
"textures":{
"0":"guns/normalguntexture",
"1":"guns/brightguntexture",
"2":"guns/lightguntexture",
"3":"guns/darkguntexture"
},
"elements":[
{
"from":[-12,7.8,7.5],
"to":[5,8.8,8.5],
"faces":{
"down":{"uv":[4,14,6,15.4],"texture":"#0"},
"up":{"uv":[12,7,14,8.3999996185302734],"texture":"#0"},
"north":{"uv":[4,5,6,6.4000000953674316],"texture":"#0"},
"south":{"uv":[8,11,10,12.399999618530273],"texture":"#0"},
"west":{"uv":[9,6,10.399999618530273,7.4000000953674316],"texture":"#0"},
"east":{"uv":[3,3,4.4000000953674316,4.4000000953674316],"texture":"#0"}
}
},
{
"from":[2,6.9,6.9],
"to":[10,8.4,9.1],
"faces":{
"down":{"uv":[0,12,7,14.8],"texture":"#1"},
"up":{"uv":[5,13,12,15.800000190734863],"texture":"#1"},
"north":{"uv":[9,7,16,9.8000001907348633],"texture":"#1"},
"south":{"uv":[5,7,12,9.8000001907348633],"texture":"#1"},
"west":{"uv":[3,6,5.8000001907348633,8.8000001907348633],"texture":"#1"},
"east":{"uv":[6,6,8.8000001907348633,8.8000001907348633],"texture":"#1"}
}
},
{
"from":[10,6.7,6.7],
"to":[18,9.3,9.3],
"faces":{
"down":{"uv":[7,5,15,7.6],"texture":"#1"},
"up":{"uv":[2,10,10,12.600000381469727],"texture":"#1"},
"north":{"uv":[8,4,16,7.5],"texture":"#1"},
"south":{"uv":[7,4,15,7.5],"texture":"#1"},
"west":{"uv":[6,3,8.6000003814697266,6.5],"texture":"#1"},
"east":{"uv":[4,5,6.5999999046325684,8.5],"texture":"#1"}
}
},
{
"from":[15.1,4.6,7],
"to":[17.7,8.6,9],
"faces":{
"down":{"uv":[0,8,2.6,10],"texture":"#2"},
"up":{"uv":[4,8,6.5999999046325684,10],"texture":"#2"},
"north":{"uv":[5,6,7.5999999046325684,9],"texture":"#2"},
"south":{"uv":[4,8,6.5999999046325684,11],"texture":"#2"},
"west":{"uv":[0,8,8,10],"texture":"#2"},
"east":{"uv":[0,9,2,12],"texture":"#2"}
}
},
{
"from":[10.0625,2.4125,7.3125],
"to":[11.7625,6.8125,8.7125],
"rotation":{"origin":[10.0625,6.8125,7.3125],"axis":"z","angle":22.5},
"faces":{
"down":{"uv":[8,9,10,11],"texture":"#1"},
"up":{"uv":[7,9,9,11],"texture":"#1"},
"north":{"uv":[9,11,11,15],"texture":"#1"},
"south":{"uv":[8,7,5,11],"texture":"#1"},
"west":{"uv":[8,7,10,11],"texture":"#1"},
"east":{"uv":[10,10,12,14],"texture":"#1"}
}
},
{
"from":[7.3125,2.625,7.6],
"to":[7.7125,7.625,8.4],
"rotation":{"origin":[7.3125,7.625,7.6],"axis":"z","angle":22.5},
"faces":{
"down":{"uv":[0,0,0.2,0.6],"texture":"#1"},
"up":{"uv":[0,0,0.19999998807907104,0.59999996423721313],"texture":"#1"},
"north":{"uv":[0,0,0.19999998807907104,2],"texture":"#1"},
"south":{"uv":[0,0,0.19999998807907104,2],"texture":"#1"},
"west":{"uv":[0,0,0.59999996423721313,2],"texture":"#1"},
"east":{"uv":[0,0,0.59999996423721313,2],"texture":"#1"}
}
},
{
"from":[9.2,3,7.6],
"to":[12.1,3.4,8.4],
"faces":{
"down":{"uv":[0,0,1.9,0.6],"texture":"#1"},
"up":{"uv":[0,0,1.9000000953674316,0.59999996423721313],"texture":"#1"},
"north":{"uv":[0,0,1.9000000953674316,0.19999997317790985],"texture":"#1"},
"south":{"uv":[0,0,1.9000000953674316,0.19999997317790985],"texture":"#1"},
"west":{"uv":[0,0,0.59999996423721313,0.19999997317790985],"texture":"#1"},
"east":{"uv":[0,0,0.59999996423721313,0.19999997317790985],"texture":"#1"}
}
},
{
"from":[18,7.2,7],
"to":[24,9.2,9],
"faces":{
"down":{"uv":[6,5,12,7],"texture":"#1"},
"up":{"uv":[5,8,11,10],"texture":"#1"},
"north":{"uv":[6,7,12,9],"texture":"#1"},
"south":{"uv":[2,3,8,5],"texture":"#1"},
"west":{"uv":[2,6,4,8],"texture":"#1"},
"east":{"uv":[4,5,6,7],"texture":"#1"}
}
},
{
"from":[21.6,4.1,7.1],
"to":[24,8.1,8.9],
"faces":{
"down":{"uv":[4,11,6,13],"texture":"#1"},
"up":{"uv":[6,2,8,4],"texture":"#1"},
"north":{"uv":[7,3,9,6],"texture":"#1"},
"south":{"uv":[3,7,5,10],"texture":"#1"},
"west":{"uv":[7,8,9,11],"texture":"#1"},
"east":{"uv":[9,11,11,14],"texture":"#1"}
}
},
{
"from":[17,6.4,7.125],
"to":[23.6,9,8.925],
"rotation":{"origin":[17,9,7.125],"axis":"z","angle":-22.5},
"faces":{
"down":{"uv":[5,5,14.5,7],"texture":"#1"},
"up":{"uv":[4,6,11.5,8],"texture":"#1"},
"north":{"uv":[7,8,14.5,10.300000190734863],"texture":"#1"},
"south":{"uv":[6,10,13.5,12.300000190734863],"texture":"#1"},
"west":{"uv":[7,5,10,7.3000001907348633],"texture":"#1"},
"east":{"uv":[14,13,16,15.300000190734863],"texture":"#1"}
}
},
{
"from":[2,7.7,7.2],
"to":[10,9.2,8.8],
"faces":{
"down":{"uv":[0,12,7,14.8],"texture":"#0"},
"up":{"uv":[5,13,12,15.800000190734863],"texture":"#0"},
"north":{"uv":[9,7,16,9.8000001907348633],"texture":"#0"},
"south":{"uv":[5,7,12,9.8000001907348633],"texture":"#0"},
"west":{"uv":[3,6,5.8000001907348633,8.8000001907348633],"texture":"#0"},
"east":{"uv":[6,6,8.8000001907348633,8.8000001907348633],"texture":"#0"}
}
},
{
"from":[15.3125,2.625,7],
"to":[17.9125,5.625,9],
"rotation":{"origin":[15.3125,5.625,7],"axis":"z","angle":-22.5},
"faces":{
"down":{"uv":[0,8,2.6,10],"texture":"#2"},
"up":{"uv":[4,8,6.5999999046325684,10],"texture":"#2"},
"north":{"uv":[5,6,7.5999999046325684,9],"texture":"#2"},
"south":{"uv":[4,8,6.5999999046325684,11],"texture":"#2"},
"west":{"uv":[0,8,8,10],"texture":"#2"},
"east":{"uv":[0,9,2,12],"texture":"#2"}
}
},
{
"from":[9.7,5.7,7.7],
"to":[10.7,7.7,8.3],
"faces":{
"down":{"uv":[7,10,8,10.6],"texture":"#1"},
"up":{"uv":[8,7,9,7.5999999046325684],"texture":"#1"},
"north":{"uv":[5,3,6,5],"texture":"#1"},
"south":{"uv":[8,11,9,13],"texture":"#1"},
"west":{"uv":[8,6,9,7],"texture":"#1"},
"east":{"uv":[6,5,6.5999999046325684,7],"texture":"#1"}
}
},
{
"from":[11,8,7.75],
"to":[11.4,11,8.35],
"rotation":{"origin":[11,11,7.75],"axis":"z","angle":-45},
"faces":{
"down":{"uv":[5,8,5.4,8.6],"texture":"#1"},
"up":{"uv":[3,4,3.4000000953674316,4.5999999046325684],"texture":"#1"},
"north":{"uv":[9,2,9.3999996185302734,5],"texture":"#1"},
"south":{"uv":[3,4,3.4000000953674316,7],"texture":"#1"},
"west":{"uv":[5,11,5.5999999046325684,14],"texture":"#1"},
"east":{"uv":[5,11,5.5999999046325684,14],"texture":"#1"}
}
},
{
"from":[4.5,7.8125,7.75],
"to":[4.9,10.8125,8.35],
"rotation":{"origin":[4.5,10.8125,7.75],"axis":"z","angle":-45},
"faces":{
"down":{"uv":[5,8,5.4,8.6],"texture":"#1"},
"up":{"uv":[3,4,3.4000000953674316,4.5999999046325684],"texture":"#1"},
"north":{"uv":[9,2,9.3999996185302734,5],"texture":"#1"},
"south":{"uv":[3,4,3.4000000953674316,7],"texture":"#1"},
"west":{"uv":[5,11,5.5999999046325684,14],"texture":"#1"},
"east":{"uv":[5,11,5.5999999046325684,14],"texture":"#1"}
}
},
{
"from":[4,10.4,7.3],
"to":[11,11.8,8.7],
"faces":{
"down":{"uv":[3,5,10,6.4],"texture":"#1"},
"up":{"uv":[2,4,9,5.4000000953674316],"texture":"#1"},
"north":{"uv":[4,4,11,5.4000000953674316],"texture":"#1"},
"south":{"uv":[3,4,10,5.4000000953674316],"texture":"#1"},
"west":{"uv":[4,1,5.4000000953674316,2.4000000953674316],"texture":"#3"},
"east":{"uv":[5,4,6.4000000953674316,5.4000000953674316],"texture":"#1"}
}
},
{
"from":[10.4,10.3,7.2],
"to":[14.4,11.9,8.8],
"faces":{
"down":{"uv":[2,9,6,10.6],"texture":"#1"},
"up":{"uv":[4,11,8,12.600000381469727],"texture":"#1"},
"north":{"uv":[6,10,10,11.600000381469727],"texture":"#1"},
"south":{"uv":[5,10,9,11.600000381469727],"texture":"#1"},
"west":{"uv":[4,11,5.5999999046325684,12.600000381469727],"texture":"#1"},
"east":{"uv":[4,9,5.5999999046325684,10.600000381469727],"texture":"#3"}
}
},
{
"from":[8.2,10.3,7.2],
"to":[8.6,11.9,8.8],
"faces":{
"down":{"uv":[8,11,8.4,12.6],"texture":"#1"},
"up":{"uv":[7,8,7.4000000953674316,9.6000003814697266],"texture":"#1"},
"north":{"uv":[9,4,9.3999996185302734,5.5999999046325684],"texture":"#1"},
"south":{"uv":[4,9,4.4000000953674316,10.600000381469727],"texture":"#1"},
"west":{"uv":[6,10,7.5999999046325684,11.600000381469727],"texture":"#1"},
"east":{"uv":[10,12,11.600000381469727,13.600000381469727],"texture":"#1"}
}
},
{
"from":[1.5,2.5,7.1],
"to":[3.3,7,8.9],
"faces":{
"down":{"uv":[5,3,6.8,4.8],"texture":"#1"},
"up":{"uv":[6,5,7.8000001907348633,6.8000001907348633],"texture":"#1"},
"north":{"uv":[5,3,6.8000001907348633,7.5],"texture":"#1"},
"south":{"uv":[8,9,9.8000001907348633,13.5],"texture":"#1"},
"west":{"uv":[4,6,5.8000001907348633,10.5],"texture":"#1"},
"east":{"uv":[6,8,7.8000001907348633,12.5],"texture":"#1"}
}
},
{
"from":[3,8.1875,9.625],
"to":[3.5,9.6875,10.125],
"rotation":{"origin":[3,9.6875,9.625],"axis":"x","angle":45},
"faces":{
"down":{"uv":[13,9.5,12.5,9],"texture":"#1"},
"up":{"uv":[3,9,3.5,9.5],"texture":"#1"},
"north":{"uv":[12.5,6.5,13,8],"texture":"#1"},
"south":{"uv":[3,6.5,3.5,8],"texture":"#1"},
"west":{"uv":[9,6.5,9.5,8],"texture":"#1"},
"east":{"uv":[6.5,6.5,7,8],"texture":"#1"}
}
}
],
"display":{
"thirdperson_righthand":{
"rotation":[60,-90,0],
"translation":[0,7,4],
"scale":[0.6,0.6,0.6]
},
"thirdperson_lefthand":{
"rotation":[60,90,0],
"translation":[0,7,4],
"scale":[0.6,0.6,0.6]
},
"head":{
"rotation":[0,-90,0],
"translation":[0,10,0],
"scale":[0.6,0.6,0.6]
},
"ground":{
"rotation":[90,0,0],
"translation":[0,0,0],
"scale":[0.6,0.6,0.6]
},
"fixed":{
"rotation":[0,0,0],
"translation":[0,0,0],
"scale":[1,1,1]
},
"firstperson_righthand":{
"rotation":[0,-90,0],
"translation":[0,3,-8],
"scale":[1,1,1]
},
"firstperson_lefthand":{
"rotation":[0,90,0],
"translation":[-6.975,5,-4],
"scale":[1,1,1]
},
"gui":{
"rotation":[-20,40,0],
"translation":[0,0,0],
"scale":[0.5,0.5,0.5]
}
}
}