{
"__comment":"Model generated by Hky guncolony.com©",
"textures":{
"0":"guns/normalguntexture",
"1":"guns/greencover",
"2":"guns/brightguntexture"
},
"elements":[
{
"from":[-13,8.2,7.5],
"to":[10,9.2,8.5],
"faces":{
"down":{"uv":[4,14,6,15.4],"texture":"#0"},
"up":{"uv":[12,7,14,8.3999996185302734],"texture":"#0"},
"north":{"uv":[4,5,6,6.4000000953674316],"texture":"#0"},
"south":{"uv":[8,11,10,12.399999618530273],"texture":"#0"},
"west":{"uv":[9,6,10.399999618530273,7.4000000953674316],"texture":"#0"},
"east":{"uv":[3,3,4.4000000953674316,4.4000000953674316],"texture":"#0"}
}
},
{
"from":[0.4,6.9,7],
"to":[10,8.7,9],
"faces":{
"down":{"uv":[0,12,7,14.8],"texture":"#1"},
"up":{"uv":[5,13,12,15.800000190734863],"texture":"#1"},
"north":{"uv":[9,7,16,9.8000001907348633],"texture":"#1"},
"south":{"uv":[5,7,12,9.8000001907348633],"texture":"#1"},
"west":{"uv":[3,6,5.8000001907348633,8.8000001907348633],"texture":"#1"},
"east":{"uv":[6,6,8.8000001907348633,8.8000001907348633],"texture":"#1"}
}
},
{
"from":[9.5,7.6875,7.125],
"to":[17.5,8.6875,8.925],
"faces":{
"down":{"uv":[7,5,15,7.6],"texture":"#1"},
"up":{"uv":[2,10,10,12.600000381469727],"texture":"#1"},
"north":{"uv":[8,4,16,7.5],"texture":"#1"},
"south":{"uv":[7,4,15,7.5],"texture":"#1"},
"west":{"uv":[6,3,8.6000003814697266,6.5],"texture":"#1"},
"east":{"uv":[4,5,6.5999999046325684,8.5],"texture":"#1"}
}
},
{
"from":[11.0625,9.375,8.3125],
"to":[11.5625,11.375,8.5125],
"faces":{
"down":{"uv":[10,11,10.6,11.2],"texture":"#0"},
"up":{"uv":[2,2,2.5999999046325684,2.2000000476837158],"texture":"#0"},
"north":{"uv":[8,1,8.6000003814697266,2],"texture":"#0"},
"south":{"uv":[4,4,4.5999999046325684,5],"texture":"#0"},
"west":{"uv":[3,10,3.2000000476837158,11],"texture":"#0"},
"east":{"uv":[6,4,6.1999998092651367,5],"texture":"#0"}
}
},
{
"from":[11.0625,9.375,7.4375],
"to":[11.5625,11.375,7.6375],
"faces":{
"down":{"uv":[13,11,13.6,11.2],"texture":"#0"},
"up":{"uv":[1,0,1.5999999046325684,0.19999998807907104],"texture":"#0"},
"north":{"uv":[0,5,0.59999996423721313,6],"texture":"#0"},
"south":{"uv":[3,10,3.5999999046325684,11],"texture":"#0"},
"west":{"uv":[8,0,8.1999998092651367,1],"texture":"#0"},
"east":{"uv":[3,14,3.2000000476837158,15],"texture":"#0"}
}
},
{
"from":[11.1,5.3,7.2],
"to":[14.1,7.3,8.8],
"faces":{
"down":{"uv":[0,8,2.6,10],"texture":"#0"},
"up":{"uv":[4,8,6.5999999046325684,10],"texture":"#0"},
"north":{"uv":[5,6,7.5999999046325684,9],"texture":"#0"},
"south":{"uv":[4,8,6.5999999046325684,11],"texture":"#0"},
"west":{"uv":[6,8,9,11],"texture":"#0"},
"east":{"uv":[4,8,6,11],"texture":"#0"}
}
},
{
"from":[13.9375,6.25,7.6875],
"to":[14.1375,8.25,8.2875],
"rotation":{"origin":[13.9375,8.25,7.6875],"axis":"z","angle":22.5},
"faces":{
"down":{"uv":[0,0,0.2,0.6],"texture":"#0"},
"up":{"uv":[0,0,0.19999998807907104,0.59999996423721313],"texture":"#0"},
"north":{"uv":[0,0,0.19999998807907104,2],"texture":"#0"},
"south":{"uv":[0,0,0.19999998807907104,2],"texture":"#0"},
"west":{"uv":[0,0,0.59999996423721313,2],"texture":"#0"},
"east":{"uv":[0,0,0.59999996423721313,2],"texture":"#0"}
}
},
{
"from":[14.7,6.4,7.7],
"to":[16.6,6.6,8.3],
"faces":{
"down":{"uv":[0,0,1.9,0.6],"texture":"#0"},
"up":{"uv":[0,0,1.9000000953674316,0.59999996423721313],"texture":"#0"},
"north":{"uv":[0,0,1.9000000953674316,0.19999997317790985],"texture":"#0"},
"south":{"uv":[0,0,1.9000000953674316,0.19999997317790985],"texture":"#0"},
"west":{"uv":[0,0,0.59999996423721313,0.19999997317790985],"texture":"#0"},
"east":{"uv":[0,0,0.59999996423721313,0.19999997317790985],"texture":"#0"}
}
},
{
"from":[19.22,4.5075,7.2],
"to":[21.22,5.9075,8.8],
"rotation":{"origin":[19.22,5.9075,7.2],"axis":"z","angle":45},
"faces":{
"down":{"uv":[6,5,12,7],"texture":"#1"},
"up":{"uv":[5,8,11,10],"texture":"#1"},
"north":{"uv":[6,7,12,9],"texture":"#1"},
"south":{"uv":[2,3,8,5],"texture":"#1"},
"west":{"uv":[2,6,4,8],"texture":"#1"},
"east":{"uv":[4,5,6,7],"texture":"#1"}
}
},
{
"from":[19.6,5.8,7.2],
"to":[24,8.6,8.8],
"faces":{
"down":{"uv":[4,11,11,13],"texture":"#1"},
"up":{"uv":[6,2,13,4],"texture":"#1"},
"north":{"uv":[7,3,13,6],"texture":"#1"},
"south":{"uv":[3,7,9,10],"texture":"#1"},
"west":{"uv":[7,8,9,11],"texture":"#1"},
"east":{"uv":[9,11,11,14],"texture":"#1"}
}
},
{
"from":[16.02,4.67,7.2],
"to":[18.02,7.67,8.8],
"rotation":{"origin":[16.02,7.67,7.2],"axis":"z","angle":22.5},
"faces":{
"down":{"uv":[5,5,9.5,7],"texture":"#1"},
"up":{"uv":[4,6,8.5,8],"texture":"#1"},
"north":{"uv":[7,8,11.5,10.300000190734863],"texture":"#1"},
"south":{"uv":[6,10,10.5,12.300000190734863],"texture":"#1"},
"west":{"uv":[7,5,9,7.3000001907348633],"texture":"#1"},
"east":{"uv":[14,13,16,15.300000190734863],"texture":"#1"}
}
},
{
"from":[17.2,4.9,7.2],
"to":[20.2,6.5,8.8],
"faces":{
"down":{"uv":[6,5,12,7],"texture":"#1"},
"up":{"uv":[5,8,11,10],"texture":"#1"},
"north":{"uv":[6,7,12,9],"texture":"#1"},
"south":{"uv":[2,3,8,5],"texture":"#1"},
"west":{"uv":[2,6,4,8],"texture":"#1"},
"east":{"uv":[4,5,6,7],"texture":"#1"}
}
},
{
"from":[10.5,9,7.3125],
"to":[15,9.5,8.7125],
"faces":{
"down":{"uv":[2,0,3,2],"texture":"#0"},
"up":{"uv":[1,4,2,6],"texture":"#0"},
"north":{"uv":[5,5,7,5.8000001907348633],"texture":"#0"},
"south":{"uv":[1,5,2,5.8000001907348633],"texture":"#0"},
"west":{"uv":[0,10,2,10.800000190734863],"texture":"#0"},
"east":{"uv":[1,4,3,4.8000001907348633],"texture":"#0"}
}
},
{
"from":[13.5,9.375,8.3125],
"to":[14,11.375,8.5125],
"faces":{
"down":{"uv":[10,11,10.6,11.2],"texture":"#0"},
"up":{"uv":[2,2,2.5999999046325684,2.2000000476837158],"texture":"#0"},
"north":{"uv":[8,1,8.6000003814697266,2],"texture":"#0"},
"south":{"uv":[4,4,4.5999999046325684,5],"texture":"#0"},
"west":{"uv":[3,10,3.2000000476837158,11],"texture":"#0"},
"east":{"uv":[6,4,6.1999998092651367,5],"texture":"#0"}
}
},
{
"from":[13.5,9.375,7.4375],
"to":[14,11.375,7.6375],
"faces":{
"down":{"uv":[13,11,13.6,11.2],"texture":"#0"},
"up":{"uv":[1,0,1.5999999046325684,0.19999998807907104],"texture":"#0"},
"north":{"uv":[0,5,0.59999996423721313,6],"texture":"#0"},
"south":{"uv":[3,10,3.5999999046325684,11],"texture":"#0"},
"west":{"uv":[8,0,8.1999998092651367,1],"texture":"#0"},
"east":{"uv":[3,14,3.2000000476837158,15],"texture":"#0"}
}
},
{
"from":[6.6,9.9,7.1],
"to":[11,11.7,8.9],
"faces":{
"down":{"uv":[7,5,15,7.6],"texture":"#2"},
"up":{"uv":[2,10,10,12.600000381469727],"texture":"#2"},
"north":{"uv":[8,4,16,7.5],"texture":"#2"},
"south":{"uv":[7,4,15,7.5],"texture":"#2"},
"west":{"uv":[6,3,8.6000003814697266,6.5],"texture":"#0"},
"east":{"uv":[4,5,6.5999999046325684,8.5],"texture":"#2"}
}
},
{
"from":[14,10,7.2],
"to":[17.9,11.6,8.8],
"faces":{
"down":{"uv":[7,5,15,7.6],"texture":"#2"},
"up":{"uv":[2,10,10,12.600000381469727],"texture":"#2"},
"north":{"uv":[8,4,16,7.5],"texture":"#2"},
"south":{"uv":[7,4,10,8.5],"texture":"#2"},
"west":{"uv":[6,3,8.6000003814697266,6.5],"texture":"#2"},
"east":{"uv":[4,5,6.5999999046325684,8.5],"texture":"#0"}
}
},
{
"from":[11,10.3,7.5],
"to":[14.3,11.3,8.5],
"faces":{
"down":{"uv":[7,5,15,7.6],"texture":"#2"},
"up":{"uv":[2,10,10,12.600000381469727],"texture":"#2"},
"north":{"uv":[8,4,16,7.5],"texture":"#2"},
"south":{"uv":[7,4,15,7.5],"texture":"#2"},
"west":{"uv":[6,3,8.6000003814697266,6.5],"texture":"#2"},
"east":{"uv":[4,5,6.5999999046325684,8.5],"texture":"#2"}
}
},
{
"from":[16.5,7.4,7.1],
"to":[22.2,8.7,8.9],
"faces":{
"down":{"uv":[7,5,9,7.6],"texture":"#1"},
"up":{"uv":[2,10,5,12.600000381469727],"texture":"#1"},
"north":{"uv":[8,10,10,13.5],"texture":"#1"},
"south":{"uv":[7,4,9,7.5],"texture":"#1"},
"west":{"uv":[6,3,8.6000003814697266,6.5],"texture":"#1"},
"east":{"uv":[4,5,6.5999999046325684,8.5],"texture":"#1"}
}
},
{
"from":[-13.3,8.1,7.4],
"to":[-11.7,9.3,8.6],
"faces":{
"down":{"uv":[4,14,6,15.4],"texture":"#0"},
"up":{"uv":[12,7,14,8.3999996185302734],"texture":"#0"},
"north":{"uv":[4,5,6,6.4000000953674316],"texture":"#0"},
"south":{"uv":[8,11,10,12.399999618530273],"texture":"#0"},
"west":{"uv":[9,6,10.399999618530273,7.4000000953674316],"texture":"#0"},
"east":{"uv":[3,3,4.4000000953674316,4.4000000953674316],"texture":"#0"}
}
},
{
"from":[9.7,6.4,6.9],
"to":[14.3,8.4,9.1],
"faces":{
"down":{"uv":[7,5,15,7.6],"texture":"#1"},
"up":{"uv":[2,10,10,12.600000381469727],"texture":"#1"},
"north":{"uv":[8,4,16,7.5],"texture":"#1"},
"south":{"uv":[7,4,15,7.5],"texture":"#1"},
"west":{"uv":[6,3,8.6000003814697266,6.5],"texture":"#1"},
"east":{"uv":[4,5,6.5999999046325684,8.5],"texture":"#1"}
}
},
{
"from":[24,5.4,7.2],
"to":[24.7,8.6,8.8],
"faces":{
"down":{"uv":[4,11,6,13],"texture":"#0"},
"up":{"uv":[6,2,8,4],"texture":"#0"},
"north":{"uv":[7,3,9,6],"texture":"#0"},
"south":{"uv":[3,7,5,10],"texture":"#0"},
"west":{"uv":[7,8,9,11],"texture":"#0"},
"east":{"uv":[9,11,11,14],"texture":"#0"}
}
},
{
"from":[10,8.3125,7.25],
"to":[16,9.3125,8.75],
"faces":{
"down":{"uv":[4,14,6,15.4],"texture":"#0"},
"up":{"uv":[12,7,14,8.3999996185302734],"texture":"#0"},
"north":{"uv":[4,5,6,6.4000000953674316],"texture":"#0"},
"south":{"uv":[8,11,10,12.399999618530273],"texture":"#0"},
"west":{"uv":[9,6,10.399999618530273,7.4000000953674316],"texture":"#0"},
"east":{"uv":[3,3,4.4000000953674316,4.4000000953674316],"texture":"#0"}
}
},
{
"from":[16,8.25,7.3125],
"to":[17,9.25,8.6875],
"faces":{
"down":{"uv":[4,14,6,15.4],"texture":"#0"},
"up":{"uv":[12,7,14,8.3999996185302734],"texture":"#0"},
"north":{"uv":[4,5,6,6.4000000953674316],"texture":"#0"},
"south":{"uv":[8,11,10,12.399999618530273],"texture":"#0"},
"west":{"uv":[9,6,10.399999618530273,7.4000000953674316],"texture":"#0"},
"east":{"uv":[3,3,4.4000000953674316,4.4000000953674316],"texture":"#0"}
}
},
{
"from":[15.25,9.0625,8.75],
"to":[15.85,9.3125,9.5],
"rotation":{"origin":[15.25,9.3125,8.75],"axis":"x","angle":22.5},
"faces":{
"down":{"uv":[13,11,13.6,11.2],"texture":"#2"},
"up":{"uv":[1,0,1.5999999046325684,0.19999998807907104],"texture":"#2"},
"north":{"uv":[0,5,0.59999996423721313,6],"texture":"#2"},
"south":{"uv":[3,10,3.5999999046325684,11],"texture":"#2"},
"west":{"uv":[8,0,8.1999998092651367,1],"texture":"#2"},
"east":{"uv":[3,14,3.2000000476837158,15],"texture":"#2"}
}
},
{
"from":[15.25,8.775,9.4375],
"to":[15.85,9.025,10.1875],
"rotation":{"origin":[15.25,9.025,9.4375],"axis":"x","angle":45},
"faces":{
"down":{"uv":[13,11,13.6,11.2],"texture":"#2"},
"up":{"uv":[1,0,1.5999999046325684,0.19999998807907104],"texture":"#2"},
"north":{"uv":[0,5,0.59999996423721313,6],"texture":"#2"},
"south":{"uv":[3,10,3.5999999046325684,11],"texture":"#2"},
"west":{"uv":[8,0,8.1999998092651367,1],"texture":"#2"},
"east":{"uv":[3,14,3.2000000476837158,15],"texture":"#2"}
}
},
{
"from":[15.25,8.25,9.5],
"to":[15.85,8.75,10],
"faces":{
"down":{"uv":[13,11,13.6,11.2],"texture":"#2"},
"up":{"uv":[1,0,1.5999999046325684,0.19999998807907104],"texture":"#2"},
"north":{"uv":[0,5,0.59999996423721313,6],"texture":"#2"},
"south":{"uv":[3,10,3.5999999046325684,11],"texture":"#2"},
"west":{"uv":[8,0,8.1999998092651367,1],"texture":"#2"},
"east":{"uv":[3,14,3.2000000476837158,15],"texture":"#2"}
}
},
{
"from":[0.25,6.4375,7.0625],
"to":[5.75,6.9375,7.5625],
"faces":{
"down":{"uv":[15.75,7.5625,10.25,7.0625],"texture":"#0"},
"up":{"uv":[0.25,7.0625,5.75,7.5625],"texture":"#0"},
"north":{"uv":[10.25,9.0625,15.75,9.5625],"texture":"#0"},
"south":{"uv":[0.25,9.0625,5.75,9.5625],"texture":"#0"},
"west":{"uv":[7.0625,9.0625,7.5625,9.5625],"texture":"#0"},
"east":{"uv":[8.4375,9.0625,8.9375,9.5625],"texture":"#0"}
}
},
{
"from":[0.25,6.4375,8.4375],
"to":[5.75,6.9375,8.9375],
"faces":{
"down":{"uv":[15.75,8.9375,10.25,8.4375],"texture":"#0"},
"up":{"uv":[0.25,8.4375,5.75,8.9375],"texture":"#0"},
"north":{"uv":[10.25,9.0625,15.75,9.5625],"texture":"#0"},
"south":{"uv":[0.25,9.0625,5.75,9.5625],"texture":"#0"},
"west":{"uv":[8.4375,9.0625,8.9375,9.5625],"texture":"#0"},
"east":{"uv":[7.0625,9.0625,7.5625,9.5625],"texture":"#0"}
}
},
{
"from":[12.1875,10.5,8.1875],
"to":[12.6875,11,8.6875],
"faces":{
"down":{"uv":[3.8125,8.6875,3.3125,8.1875],"texture":"#0"},
"up":{"uv":[12.1875,8.1875,12.6875,8.6875],"texture":"#0"},
"north":{"uv":[3.3125,5,3.8125,5.5],"texture":"#0"},
"south":{"uv":[12.1875,5,12.6875,5.5],"texture":"#0"},
"west":{"uv":[8.1875,5,8.6875,5.5],"texture":"#0"},
"east":{"uv":[7.3125,5,7.8125,5.5],"texture":"#0"}
}
},
{
"from":[12.1875,11,7.6875],
"to":[12.6875,11.5,8.1875],
"faces":{
"down":{"uv":[3.8125,8.1875,3.3125,7.6875],"texture":"#0"},
"up":{"uv":[12.1875,7.6875,12.6875,8.1875],"texture":"#0"},
"north":{"uv":[3.3125,4.5,3.8125,5],"texture":"#0"},
"south":{"uv":[12.1875,4.5,12.6875,5],"texture":"#0"},
"west":{"uv":[7.6875,4.5,8.1875,5],"texture":"#0"},
"east":{"uv":[7.8125,4.5,8.3125,5],"texture":"#0"}
}
},
{
"from":[11.0625,11.125,7.625],
"to":[11.5625,11.375,8.3125],
"faces":{
"down":{"uv":[10,11,10.6,11.2],"texture":"#0"},
"up":{"uv":[2,2,2.5999999046325684,2.2000000476837158],"texture":"#0"},
"north":{"uv":[8,1,8.6000003814697266,2],"texture":"#0"},
"south":{"uv":[4,4,4.5999999046325684,5],"texture":"#0"},
"west":{"uv":[3,10,3.2000000476837158,11],"texture":"#0"},
"east":{"uv":[6,4,6.1999998092651367,5],"texture":"#0"}
}
},
{
"from":[13.5,11.125,7.625],
"to":[14,11.375,8.3125],
"faces":{
"down":{"uv":[10,11,10.6,11.2],"texture":"#0"},
"up":{"uv":[2,2,2.5999999046325684,2.2000000476837158],"texture":"#0"},
"north":{"uv":[8,1,8.6000003814697266,2],"texture":"#0"},
"south":{"uv":[4,4,4.5999999046325684,5],"texture":"#0"},
"west":{"uv":[3,10,3.2000000476837158,11],"texture":"#0"},
"east":{"uv":[6,4,6.1999998092651367,5],"texture":"#0"}
}
}
],
"display":{
"thirdperson_righthand":{
"rotation":[45,-90,0],
"translation":[0,5,-2],
"scale":[0.8,0.8,0.8]
},
"thirdperson_lefthand":{
"rotation":[45,90,0],
"translation":[0,5,-2],
"scale":[0.8,0.8,0.8]
},
"head":{
"rotation":[0,-90,0],
"translation":[0,12,0],
"scale":[0.6,0.6,0.6]
},
"ground":{
"rotation":[90,0,0],
"translation":[0,0,0],
"scale":[0.6,0.6,0.6]
},
"fixed":{
"rotation":[0,0,0],
"translation":[0,0,0],
"scale":[1,1,1]
},
"firstperson_righthand":{
"rotation":[0,-90,0],
"translation":[0,3,-8],
"scale":[1,1,1]
},
"firstperson_lefthand":{
"rotation":[0,90,0],
"translation":[0,3,-8],
"scale":[1,1,1]
},
"gui":{
"rotation":[-20,40,0],
"translation":[0.6,0,0],
"scale":[0.5,0.5,0.5]
}
}
}