{
"__comment":"Made by Hky guncolony.com ©",
"textures":{
"0":"guns/normalguntexture",
"1":"guns/brightguntexture",
"2":"guns/lightguntexture",
"3":"guns/ironcover"
},
"elements":[
{
"from":[-6,8.1,7.6],
"to":[1,8.9,8.4],
"faces":{
"down":{"uv":[4,14,6,15.4],"texture":"#0"},
"up":{"uv":[12,7,14,8.3999996185302734],"texture":"#0"},
"north":{"uv":[4,5,6,6.4000000953674316],"texture":"#0"},
"south":{"uv":[8,11,10,12.399999618530273],"texture":"#0"},
"west":{"uv":[9,6,10.399999618530273,7.4000000953674316],"texture":"#0"},
"east":{"uv":[3,3,4.4000000953674316,4.4000000953674316],"texture":"#0"}
}
},
{
"from":[0,6.9,7.2],
"to":[9,8.7,8.8],
"faces":{
"down":{"uv":[0,12,7,14.8],"texture":"#1"},
"up":{"uv":[5,13,12,15.800000190734863],"texture":"#1"},
"north":{"uv":[9,7,16,9.8000001907348633],"texture":"#1"},
"south":{"uv":[5,7,12,9.8000001907348633],"texture":"#1"},
"west":{"uv":[3,6,5.8000001907348633,8.8000001907348633],"texture":"#1"},
"east":{"uv":[6,6,8.8000001907348633,8.8000001907348633],"texture":"#1"}
}
},
{
"from":[9,6.7,7.2],
"to":[17,8.7,8.8],
"faces":{
"down":{"uv":[7,5,15,7.6],"texture":"#1"},
"up":{"uv":[2,10,10,12.600000381469727],"texture":"#1"},
"north":{"uv":[8,4,16,7.5],"texture":"#1"},
"south":{"uv":[7,4,15,7.5],"texture":"#1"},
"west":{"uv":[6,3,8.6000003814697266,6.5],"texture":"#1"},
"east":{"uv":[4,5,6.5999999046325684,8.5],"texture":"#1"}
}
},
{
"from":[5.375,9.25,8.25],
"to":[5.975,10.75,8.45],
"faces":{
"down":{"uv":[10,11,10.6,11.2],"texture":"#1"},
"up":{"uv":[2,2,2.5999999046325684,2.2000000476837158],"texture":"#1"},
"north":{"uv":[8,1,8.6000003814697266,2],"texture":"#1"},
"south":{"uv":[4,4,4.5999999046325684,5],"texture":"#1"},
"west":{"uv":[3,10,3.2000000476837158,11],"texture":"#1"},
"east":{"uv":[6,4,6.1999998092651367,5],"texture":"#1"}
}
},
{
"from":[5.375,9.25,7.5625],
"to":[5.975,10.75,7.7625],
"faces":{
"down":{"uv":[13,11,13.6,11.2],"texture":"#1"},
"up":{"uv":[1,0,1.5999999046325684,0.19999998807907104],"texture":"#1"},
"north":{"uv":[0,5,0.59999996423721313,6],"texture":"#1"},
"south":{"uv":[3,10,3.5999999046325684,11],"texture":"#1"},
"west":{"uv":[8,0,8.1999998092651367,1],"texture":"#1"},
"east":{"uv":[3,14,3.2000000476837158,15],"texture":"#1"}
}
},
{
"from":[10.875,6.375,7.205],
"to":[14.875,6.75,8.805],
"faces":{
"down":{"uv":[10.875,7.25,14.875,8.8125],"texture":"#1"},
"up":{"uv":[10.875,7.25,14.875,8.8125],"texture":"#1"},
"north":{"uv":[10.875,9.25,14.875,9.625],"texture":"#1"},
"south":{"uv":[10.875,9.25,14.875,9.625],"texture":"#1"},
"west":{"uv":[7.25,9.25,8.8125,9.625],"texture":"#1"},
"east":{"uv":[7.25,9.25,8.8125,9.625],"texture":"#1"}
}
},
{
"from":[17.5425,5.4275,7.75],
"to":[17.7425,7.4275,8.35],
"rotation":{"origin":[17.5425,7.4275,7.75],"axis":"z","angle":-22.5},
"faces":{
"down":{"uv":[0,0,0.2,0.6],"texture":"#1"},
"up":{"uv":[0,0,0.19999998807907104,0.59999996423721313],"texture":"#1"},
"north":{"uv":[0,0,0.19999998807907104,2],"texture":"#1"},
"south":{"uv":[0,0,0.19999998807907104,2],"texture":"#1"},
"west":{"uv":[0,0,0.59999996423721313,2],"texture":"#1"},
"east":{"uv":[0,0,0.59999996423721313,2],"texture":"#1"}
}
},
{
"from":[15.5625,5.5,7.75],
"to":[16.9625,5.7,8.35],
"faces":{
"down":{"uv":[0,0,1.9,0.6],"texture":"#1"},
"up":{"uv":[0,0,1.9000000953674316,0.59999996423721313],"texture":"#1"},
"north":{"uv":[0,0,1.9000000953674316,0.19999997317790985],"texture":"#1"},
"south":{"uv":[0,0,1.9000000953674316,0.19999997317790985],"texture":"#1"},
"west":{"uv":[0,0,0.59999996423721313,0.19999997317790985],"texture":"#1"},
"east":{"uv":[0,0,0.59999996423721313,0.19999997317790985],"texture":"#1"}
}
},
{
"from":[23.375,4.3125,7.255],
"to":[24.125,6.3125,8.845],
"rotation":{"origin":[23.375,6.3125,7.255],"axis":"z","angle":22.5},
"faces":{
"down":{"uv":[6,5,12,7],"texture":"#1"},
"up":{"uv":[5,8,11,10],"texture":"#1"},
"north":{"uv":[6,7,12,9],"texture":"#1"},
"south":{"uv":[2,3,8,5],"texture":"#1"},
"west":{"uv":[2,6,4,8],"texture":"#1"},
"east":{"uv":[4,5,6,7],"texture":"#1"}
}
},
{
"from":[20.125,5.4375,7.25],
"to":[24.125,7.9375,8.85],
"faces":{
"down":{"uv":[5,10,7,12],"texture":"#1"},
"up":{"uv":[6,4,8,6],"texture":"#1"},
"north":{"uv":[5,8,7,11],"texture":"#1"},
"south":{"uv":[7,2,9,5],"texture":"#1"},
"west":{"uv":[9,7,11,10],"texture":"#1"},
"east":{"uv":[12,5,14,8],"texture":"#1"}
}
},
{
"from":[17,6.925,7.3125],
"to":[20.9,8.625,8.7125],
"rotation":{"origin":[17,8.625,7.3125],"axis":"z","angle":-45},
"faces":{
"down":{"uv":[5,5,9.5,7],"texture":"#1"},
"up":{"uv":[4,6,8.5,8],"texture":"#1"},
"north":{"uv":[7,8,11.5,10.300000190734863],"texture":"#1"},
"south":{"uv":[6,10,10.5,12.300000190734863],"texture":"#1"},
"west":{"uv":[7,5,9,7.3000001907348633],"texture":"#1"},
"east":{"uv":[14,13,16,15.300000190734863],"texture":"#1"}
}
},
{
"from":[17.625,4.4875,7.25],
"to":[20.375,6.8875,8.85],
"rotation":{"origin":[17.625,6.8875,7.25],"axis":"z","angle":22.5},
"faces":{
"down":{"uv":[6,5,12,7],"texture":"#1"},
"up":{"uv":[5,8,11,10],"texture":"#1"},
"north":{"uv":[6,7,12,9],"texture":"#1"},
"south":{"uv":[2,3,8,5],"texture":"#1"},
"west":{"uv":[2,6,4,8],"texture":"#1"},
"east":{"uv":[4,5,6,7],"texture":"#1"}
}
},
{
"from":[9.0625,9.25,8.25],
"to":[9.6625,10.75,8.45],
"faces":{
"down":{"uv":[10,11,10.6,11.2],"texture":"#1"},
"up":{"uv":[2,2,2.5999999046325684,2.2000000476837158],"texture":"#1"},
"north":{"uv":[8,1,8.6000003814697266,2],"texture":"#1"},
"south":{"uv":[4,4,4.5999999046325684,5],"texture":"#1"},
"west":{"uv":[3,10,3.2000000476837158,11],"texture":"#1"},
"east":{"uv":[6,4,6.1999998092651367,5],"texture":"#1"}
}
},
{
"from":[9.0625,9.25,7.5625],
"to":[9.6625,10.75,7.7625],
"faces":{
"down":{"uv":[13,11,13.6,11.2],"texture":"#1"},
"up":{"uv":[1,0,1.5999999046325684,0.19999998807907104],"texture":"#1"},
"north":{"uv":[0,5,0.59999996423721313,6],"texture":"#1"},
"south":{"uv":[3,10,3.5999999046325684,11],"texture":"#1"},
"west":{"uv":[8,0,8.1999998092651367,1],"texture":"#1"},
"east":{"uv":[3,14,3.2000000476837158,15],"texture":"#1"}
}
},
{
"from":[2.5625,9.625,7.1875],
"to":[4.6875,11.125,8.7875],
"faces":{
"down":{"uv":[2.5625,7.1875,4.6875,8.75],"texture":"#2"},
"up":{"uv":[2.5625,7.1875,4.6875,8.75],"texture":"#2"},
"north":{"uv":[2.5625,4.875,4.6875,6.375],"texture":"#2"},
"south":{"uv":[2.5625,4.875,4.6875,6.375],"texture":"#2"},
"west":{"uv":[5.125,3.25,6.6875,4.75],"texture":"#0"},
"east":{"uv":[7.1875,4.875,8.75,6.375],"texture":"#2"}
}
},
{
"from":[10.625,9.625,7.3125],
"to":[13.125,11,8.7125],
"faces":{
"down":{"uv":[10.625,7.3125,13.125,8.6875],"texture":"#2"},
"up":{"uv":[10.625,7.3125,13.125,8.6875],"texture":"#2"},
"north":{"uv":[10.625,5,13.125,6.375],"texture":"#2"},
"south":{"uv":[10.625,5,13.125,6.375],"texture":"#2"},
"west":{"uv":[7.3125,5,8.6875,6.375],"texture":"#2"},
"east":{"uv":[5.25,3.375,6.625,4.75],"texture":"#0"}
}
},
{
"from":[5.375,9.9375,7.625],
"to":[9.625,10.6875,8.375],
"faces":{
"down":{"uv":[5.375,7.625,9.625,8.375],"texture":"#2"},
"up":{"uv":[5.375,7.625,9.625,8.375],"texture":"#2"},
"north":{"uv":[5.375,5.5,9.875,6.375],"texture":"#2"},
"south":{"uv":[5.375,5.5,9.875,6.375],"texture":"#2"},
"west":{"uv":[7.625,5.3125,8.375,6.0625],"texture":"#2"},
"east":{"uv":[7.625,5.3125,8.375,6.0625],"texture":"#0"}
}
},
{
"from":[0.5,8.25,7.5],
"to":[13,9.25,8.5],
"faces":{
"down":{"uv":[4,14,6,15.4],"texture":"#0"},
"up":{"uv":[12,7,14,8.3999996185302734],"texture":"#0"},
"north":{"uv":[4,5,6,6.4000000953674316],"texture":"#0"},
"south":{"uv":[8,11,10,12.399999618530273],"texture":"#0"},
"west":{"uv":[9,6,10.399999618530273,7.4000000953674316],"texture":"#0"},
"east":{"uv":[3,3,4.4000000953674316,4.4000000953674316],"texture":"#0"}
}
},
{
"from":[14.8,5.35,7.75],
"to":[15,7.35,8.35],
"rotation":{"origin":[14.8,7.35,7.75],"axis":"z","angle":22.5},
"faces":{
"down":{"uv":[0,0,0.2,0.6],"texture":"#1"},
"up":{"uv":[0,0,0.19999998807907104,0.59999996423721313],"texture":"#1"},
"north":{"uv":[0,0,0.19999998807907104,2],"texture":"#1"},
"south":{"uv":[0,0,0.19999998807907104,2],"texture":"#1"},
"west":{"uv":[0,0,0.59999996423721313,2],"texture":"#1"},
"east":{"uv":[0,0,0.59999996423721313,2],"texture":"#1"}
}
},
{
"from":[15,8.3,7.5],
"to":[16.7,9.1,8.5],
"faces":{
"down":{"uv":[4,14,6,15.4],"texture":"#0"},
"up":{"uv":[12,7,14,8.3999996185302734],"texture":"#0"},
"north":{"uv":[4,5,6,6.4000000953674316],"texture":"#0"},
"south":{"uv":[8,11,10,12.399999618530273],"texture":"#0"},
"west":{"uv":[9,6,10.399999618530273,7.4000000953674316],"texture":"#0"},
"east":{"uv":[3,3,4.4000000953674316,4.4000000953674316],"texture":"#0"}
}
},
{
"from":[13,8.3,7.5625],
"to":[15,9,8.5],
"faces":{
"down":{"uv":[4,14,6,15.4],"texture":"#3"},
"up":{"uv":[12,7,14,8.3999996185302734],"texture":"#3"},
"north":{"uv":[4,5,6,6.4000000953674316],"texture":"#3"},
"south":{"uv":[8,11,10,12.399999618530273],"texture":"#0"},
"west":{"uv":[9,6,10.399999618530273,7.4000000953674316],"texture":"#3"},
"east":{"uv":[3,3,4.4000000953674316,4.4000000953674316],"texture":"#3"}
}
},
{
"from":[24.125,5.4375,7.25],
"to":[25.25,7.9375,8.85],
"faces":{
"down":{"uv":[5,10,7,12],"texture":"#0"},
"up":{"uv":[6,4,8,6],"texture":"#0"},
"north":{"uv":[5,8,7,11],"texture":"#0"},
"south":{"uv":[7,2,9,5],"texture":"#0"},
"west":{"uv":[9,7,11,10],"texture":"#0"},
"east":{"uv":[12,5,14,8],"texture":"#0"}
}
},
{
"from":[24.125,4.4375,7.25],
"to":[25.25,5.4375,8.85],
"faces":{
"down":{"uv":[5,10,7,12],"texture":"#0"},
"up":{"uv":[6,4,8,6],"texture":"#0"},
"north":{"uv":[5,8,7,11],"texture":"#0"},
"south":{"uv":[7,2,9,5],"texture":"#0"},
"west":{"uv":[9,7,11,10],"texture":"#0"},
"east":{"uv":[12,5,14,8],"texture":"#0"}
}
},
{
"from":[9.0625,10.625,7.5625],
"to":[9.6875,10.75,8.4375],
"faces":{
"down":{"uv":[10,11,10.6,11.2],"texture":"#1"},
"up":{"uv":[2,2,2.5999999046325684,2.2000000476837158],"texture":"#1"},
"north":{"uv":[8,1,8.6000003814697266,2],"texture":"#1"},
"south":{"uv":[4,4,4.5999999046325684,5],"texture":"#1"},
"west":{"uv":[3,10,3.2000000476837158,11],"texture":"#1"},
"east":{"uv":[6,4,6.1999998092651367,5],"texture":"#1"}
}
},
{
"from":[5.29,10.625,7.5625],
"to":[5.9775,10.75,8.4375],
"faces":{
"down":{"uv":[10,11,10.6,11.2],"texture":"#1"},
"up":{"uv":[2,2,2.5999999046325684,2.2000000476837158],"texture":"#1"},
"north":{"uv":[8,1,8.6000003814697266,2],"texture":"#1"},
"south":{"uv":[4,4,4.5999999046325684,5],"texture":"#1"},
"west":{"uv":[3,10,3.2000000476837158,11],"texture":"#1"},
"east":{"uv":[6,4,6.1999998092651367,5],"texture":"#1"}
}
},
{
"from":[4.6875,9.75,7.375],
"to":[5.0625,11,8.625],
"faces":{
"down":{"uv":[4.5,7.3125,4.875,8.6875],"texture":"#2"},
"up":{"uv":[4.5,7.3125,4.875,8.6875],"texture":"#2"},
"north":{"uv":[4.5,5.0625,4.875,6.3125],"texture":"#2"},
"south":{"uv":[4.5,5.0625,4.875,6.3125],"texture":"#2"},
"west":{"uv":[7.3125,5.0625,8.6875,6.3125],"texture":"#0"},
"east":{"uv":[7.3125,5.0625,8.6875,6.3125],"texture":"#2"}
}
},
{
"from":[5.0625,9.9375,7.5],
"to":[5.375,10.8125,8.5],
"faces":{
"down":{"uv":[4.5,7.3125,4.875,8.6875],"texture":"#2"},
"up":{"uv":[4.5,7.3125,4.875,8.6875],"texture":"#2"},
"north":{"uv":[4.5,5.0625,4.875,6.3125],"texture":"#2"},
"south":{"uv":[4.5,5.0625,4.875,6.3125],"texture":"#2"},
"west":{"uv":[7.3125,5.0625,8.6875,6.3125],"texture":"#0"},
"east":{"uv":[7.3125,5.0625,8.6875,6.3125],"texture":"#2"}
}
},
{
"from":[10.25,9.6875,7.375],
"to":[10.625,10.9375,8.625],
"faces":{
"down":{"uv":[4.5,7.3125,4.875,8.6875],"texture":"#2"},
"up":{"uv":[4.5,7.3125,4.875,8.6875],"texture":"#2"},
"north":{"uv":[4.5,5.0625,4.875,6.3125],"texture":"#2"},
"south":{"uv":[4.5,5.0625,4.875,6.3125],"texture":"#2"},
"west":{"uv":[7.3125,5.0625,8.6875,6.3125],"texture":"#0"},
"east":{"uv":[7.3125,5.0625,8.6875,6.3125],"texture":"#2"}
}
},
{
"from":[9.6875,9.875,7.5],
"to":[10,10.75,8.5],
"faces":{
"down":{"uv":[4.5,7.3125,4.875,8.6875],"texture":"#2"},
"up":{"uv":[4.5,7.3125,4.875,8.6875],"texture":"#2"},
"north":{"uv":[4.5,5.0625,4.875,6.3125],"texture":"#2"},
"south":{"uv":[4.5,5.0625,4.875,6.3125],"texture":"#2"},
"west":{"uv":[7.3125,5.0625,8.6875,6.3125],"texture":"#0"},
"east":{"uv":[7.3125,5.0625,8.6875,6.3125],"texture":"#2"}
}
},
{
"from":[10,9.8125,7.4375],
"to":[10.25,10.8125,8.5625],
"faces":{
"down":{"uv":[4.5,7.3125,4.875,8.6875],"texture":"#2"},
"up":{"uv":[4.5,7.3125,4.875,8.6875],"texture":"#2"},
"north":{"uv":[4.5,5.0625,4.875,6.3125],"texture":"#2"},
"south":{"uv":[4.5,5.0625,4.875,6.3125],"texture":"#2"},
"west":{"uv":[7.3125,5.0625,8.6875,6.3125],"texture":"#0"},
"east":{"uv":[7.3125,5.0625,8.6875,6.3125],"texture":"#2"}
}
},
{
"from":[7.25,10.6875,7.6875],
"to":[7.875,11.0625,8.3125],
"faces":{
"down":{"uv":[10,11,10.6,11.2],"texture":"#1"},
"up":{"uv":[2,2,2.5999999046325684,2.2000000476837158],"texture":"#1"},
"north":{"uv":[8,1,8.6000003814697266,2],"texture":"#1"},
"south":{"uv":[4,4,4.5999999046325684,5],"texture":"#1"},
"west":{"uv":[3,10,3.2000000476837158,11],"texture":"#1"},
"east":{"uv":[6,4,6.1999998092651367,5],"texture":"#1"}
}
},
{
"from":[7.25,10,7.3125],
"to":[7.875,10.625,7.6875],
"faces":{
"down":{"uv":[10,11,10.6,11.2],"texture":"#1"},
"up":{"uv":[2,2,2.5999999046325684,2.2000000476837158],"texture":"#1"},
"north":{"uv":[8,1,8.6000003814697266,2],"texture":"#1"},
"south":{"uv":[4,4,4.5999999046325684,5],"texture":"#1"},
"west":{"uv":[3,10,3.2000000476837158,11],"texture":"#1"},
"east":{"uv":[6,4,6.1999998092651367,5],"texture":"#1"}
}
},
{
"from":[16.5625,5.9375,7.8125],
"to":[16.8125,6.8125,8.1875],
"rotation":{"origin":[16.5625,6.8125,7.8125],"axis":"z","angle":-22.5},
"faces":{
"down":{"uv":[0,0,1.9,0.6],"texture":"#1"},
"up":{"uv":[0,0,1.9000000953674316,0.59999996423721313],"texture":"#1"},
"north":{"uv":[0,0,1.9000000953674316,0.19999997317790985],"texture":"#1"},
"south":{"uv":[0,0,1.9000000953674316,0.19999997317790985],"texture":"#1"},
"west":{"uv":[0,0,0.59999996423721313,0.19999997317790985],"texture":"#1"},
"east":{"uv":[0,0,0.59999996423721313,0.19999997317790985],"texture":"#1"}
}
},
{
"from":[0,7.0375,7.2],
"to":[0.7,8.6875,8.8],
"rotation":{"origin":[0,8.6875,7.2],"axis":"z","angle":-22.5},
"faces":{
"down":{"uv":[0,7.1875,0.6875,8.75],"texture":"#1"},
"up":{"uv":[0,7.1875,0.6875,8.75],"texture":"#1"},
"north":{"uv":[0,7.3125,0.6875,8.9375],"texture":"#1"},
"south":{"uv":[0,7.3125,0.6875,8.9375],"texture":"#1"},
"west":{"uv":[7.1875,7.3125,8.75,8.9375],"texture":"#1"},
"east":{"uv":[7.1875,7.3125,8.75,8.9375],"texture":"#1"}
}
},
{
"from":[21,6.75,7.24],
"to":[23,7.25,8.865],
"faces":{
"down":{"uv":[12.125,0.125,16,1.5],"texture":"#0"},
"up":{"uv":[12.125,0.125,16,1.5],"texture":"#0"},
"north":{"uv":[11.5,0.125,15.375,1.375],"texture":"#0"},
"south":{"uv":[11.5,0.125,15.375,1.375],"texture":"#0"},
"west":{"uv":[12.875,0.25,15.75,1.125],"texture":"#0"},
"east":{"uv":[12.875,0.25,15.75,1.125],"texture":"#0"}
}
},
{
"from":[10.9375,6,7.205],
"to":[14.9375,6.375,8.805],
"faces":{
"down":{"uv":[10.9375,7.25,14.9375,8.8125],"texture":"#1"},
"up":{"uv":[10.9375,7.25,14.9375,8.8125],"texture":"#1"},
"north":{"uv":[10.9375,9.625,14.9375,10],"texture":"#1"},
"south":{"uv":[10.9375,9.625,14.9375,10],"texture":"#1"},
"west":{"uv":[7.25,9.625,8.8125,10],"texture":"#1"},
"east":{"uv":[7.25,9.625,8.8125,10],"texture":"#1"}
}
},
{
"from":[11,5.625,7.205],
"to":[15,6,8.805],
"faces":{
"down":{"uv":[10.9375,7.25,14.9375,8.8125],"texture":"#1"},
"up":{"uv":[10.9375,7.25,14.9375,8.8125],"texture":"#1"},
"north":{"uv":[10.9375,9.625,14.9375,10],"texture":"#1"},
"south":{"uv":[10.9375,9.625,14.9375,10],"texture":"#1"},
"west":{"uv":[7.25,9.625,8.8125,10],"texture":"#1"},
"east":{"uv":[7.25,9.625,8.8125,10],"texture":"#1"}
}
},
{
"from":[11.0625,5.25,7.205],
"to":[15.0625,5.625,8.805],
"faces":{
"down":{"uv":[10.9375,7.25,14.9375,8.8125],"texture":"#1"},
"up":{"uv":[10.9375,7.25,14.9375,8.8125],"texture":"#1"},
"north":{"uv":[10.9375,9.625,14.9375,10],"texture":"#1"},
"south":{"uv":[10.9375,9.625,14.9375,10],"texture":"#1"},
"west":{"uv":[7.25,9.625,8.8125,10],"texture":"#1"},
"east":{"uv":[7.25,9.625,8.8125,10],"texture":"#1"}
}
},
{
"from":[11.25,5.125,7.375],
"to":[14.875,5.25,8.675],
"faces":{
"down":{"uv":[10.9375,7.25,14.9375,8.8125],"texture":"#0"},
"up":{"uv":[10.9375,7.25,14.9375,8.8125],"texture":"#0"},
"north":{"uv":[10.9375,9.625,14.9375,10],"texture":"#0"},
"south":{"uv":[10.9375,9.625,14.9375,10],"texture":"#0"},
"west":{"uv":[7.25,9.625,8.8125,10],"texture":"#0"},
"east":{"uv":[7.25,9.625,8.8125,10],"texture":"#0"}
}
},
{
"from":[21,6.25,7.24],
"to":[21.75,6.75,8.865],
"faces":{
"down":{"uv":[12.125,0.125,16,1.5],"texture":"#0"},
"up":{"uv":[12.125,0.125,16,1.5],"texture":"#0"},
"north":{"uv":[11.5,0.125,15.375,1.375],"texture":"#0"},
"south":{"uv":[11.5,0.125,15.375,1.375],"texture":"#0"},
"west":{"uv":[12.875,0.25,15.75,1.125],"texture":"#0"},
"east":{"uv":[12.875,0.25,15.75,1.125],"texture":"#0"}
}
},
{
"from":[21.5625,6.22,7.24],
"to":[22.8625,6.72,8.865],
"rotation":{"origin":[21.5625,6.72,7.24],"axis":"z","angle":22.5},
"faces":{
"down":{"uv":[12.125,0.125,16,1.5],"texture":"#0"},
"up":{"uv":[12.125,0.125,16,1.5],"texture":"#0"},
"north":{"uv":[11.5,0.125,15.375,1.375],"texture":"#0"},
"south":{"uv":[11.5,0.125,15.375,1.375],"texture":"#0"},
"west":{"uv":[12.875,0.25,15.75,1.125],"texture":"#0"},
"east":{"uv":[12.875,0.25,15.75,1.125],"texture":"#0"}
}
},
{
"from":[2.75,7.5,7.185],
"to":[7.625,8.25,8.81],
"faces":{
"down":{"uv":[12.125,0.125,16,1.5],"texture":"#0"},
"up":{"uv":[12.125,0.125,16,1.5],"texture":"#0"},
"north":{"uv":[11.5,0.125,15.375,1.375],"texture":"#0"},
"south":{"uv":[11.5,0.125,15.375,1.375],"texture":"#0"},
"west":{"uv":[12.875,0.25,15.75,1.125],"texture":"#0"},
"east":{"uv":[12.875,0.25,15.75,1.125],"texture":"#0"}
}
},
{
"from":[15.8125,8.8125,8.5],
"to":[16.0625,9.0625,10],
"rotation":{"origin":[15.8125,9.0625,8.5],"axis":"x","angle":22.5},
"faces":{
"down":{"uv":[12.125,0.125,16,1.5],"texture":"#0"},
"up":{"uv":[12.125,0.125,16,1.5],"texture":"#0"},
"north":{"uv":[11.5,0.125,15.375,1.375],"texture":"#0"},
"south":{"uv":[11.5,0.125,15.375,1.375],"texture":"#0"},
"west":{"uv":[12.875,0.25,15.75,1.125],"texture":"#0"},
"east":{"uv":[12.875,0.25,15.75,1.125],"texture":"#0"}
}
},
{
"from":[15.75,8.25,9.625],
"to":[16.125,8.625,10],
"faces":{
"down":{"uv":[12.125,0.125,16,1.5],"texture":"#0"},
"up":{"uv":[12.125,0.125,16,1.5],"texture":"#0"},
"north":{"uv":[11.5,0.125,15.375,1.375],"texture":"#0"},
"south":{"uv":[11.5,0.125,15.375,1.375],"texture":"#0"},
"west":{"uv":[12.875,0.25,15.75,1.125],"texture":"#0"},
"east":{"uv":[12.875,0.25,15.75,1.125],"texture":"#0"}
}
}
],
"display":{
"thirdperson_righthand":{
"rotation":[-180,-90,130],
"translation":[0,6,-1],
"scale":[0.7,0.7,0.7]
},
"thirdperson_lefthand":{
"rotation":[180,90,-130],
"translation":[0,6,-1],
"scale":[0.7,0.7,0.7]
},
"head":{
"rotation":[0,-90,0],
"translation":[0,12,0],
"scale":[0.6,0.6,0.6]
},
"ground":{
"rotation":[90,0,0],
"translation":[1,0,0],
"scale":[0.6,0.6,0.6]
},
"fixed":{
"rotation":[0,0,0],
"translation":[0,0,-1],
"scale":[1,1,1]
},
"firstperson_righthand":{
"rotation":[0,-90,0],
"translation":[-2.5,4.25,-3.5],
"scale":[0.8,0.8,0.8]
},
"firstperson_lefthand":{
"rotation":[0,90,0],
"translation":[-2.5,4.25,-3.5],
"scale":[0.8,0.8,0.8]
},
"gui":{
"rotation":[-15,40,0],
"translation":[-0.5,0,0],
"scale":[0.6,0.6,0.6]
}
}
}