{
"__comment":"Made by guncolony.com ©",
"textures":{
"5":"guns/optics/scope_sniper",
"6":"guns/optics/reticle_pieces"
},
"elements":[
{
"from":[7.95,8.5,-16],
"to":[8.05,32,-15.999],
"faces":{
"south":{"uv":[0,0,0.475,0.4499998],"texture":"#6"}
}
},
{
"from":[7.95,-16,-16],
"to":[8.05,7.5,-15.999],
"faces":{
"south":{"uv":[0,0,0.475,0.4499998],"texture":"#6"}
}
},
{
"from":[-16,7.95,-16],
"to":[7.5,8.05,-15.999],
"faces":{
"south":{"uv":[0,0.5200005,0.4,0.9799995],"texture":"#6"}
}
},
{
"from":[8.5,7.95,-16],
"to":[32,8.05,-15.999],
"faces":{
"south":{"uv":[0,0.5200005,0.4,0.9799995],"texture":"#6"}
}
},
{
"from":[4,3.45,-16],
"to":[5.25,3.55,-15.999],
"faces":{
"south":{"uv":[0,0.5200005,0.4,0.9799995],"texture":"#6"}
}
},
{
"from":[5.75,3.55,-16],
"to":[7,3.65,-15.999],
"faces":{
"south":{"uv":[0,0.5200005,0.4,0.9799995],"texture":"#6"}
}
},
{
"from":[9,3.75,-16],
"to":[10.25,3.85,-15.999],
"faces":{
"south":{"uv":[0,0.5200005,0.4,0.9799995],"texture":"#6"}
}
},
{
"from":[10.75,4.2,-16],
"to":[12,4.3,-15.999],
"faces":{
"south":{"uv":[0,0.5200005,0.4,0.9799995],"texture":"#6"}
}
},
{
"from":[-16,7.75,-15.9883],
"to":[5.5,8.25,-15.9873],
"faces":{
"south":{"uv":[0.125,0.625,0.4,0.8979998],"texture":"#6","rotation":90}
}
},
{
"from":[10.5,7.75,-15.9883],
"to":[32,8.25,-15.9873],
"faces":{
"south":{"uv":[0.125,0.625,0.4,0.8979998],"texture":"#6","rotation":90}
}
},
{
"from":[7.75,10.5,-15.9883],
"to":[8.25,32,-15.9873],
"faces":{
"south":{"uv":[0.125,0.625,0.4,0.8979998],"texture":"#6","rotation":90}
}
},
{
"from":[8.425,7.76,-15.9922],
"to":[8.575,8.24,-15.9912],
"faces":{
"south":{"uv":[6,4.5,6.438,5.250999],"texture":"#6"}
}
},
{
"from":[7.94,7.66,-15.9961],
"to":[8.059999,8.34,-15.9951],
"faces":{
"south":{"uv":[6,4.5,6.438,5.250999],"texture":"#6"}
}
},
{
"from":[8.675,7.88,-15.9922],
"to":[8.825,8.119999,-15.9912],
"faces":{
"south":{"uv":[6,4.5,6.438,5.250999],"texture":"#6"}
}
},
{
"from":[8.925,7.76,-15.9922],
"to":[9.075,8.24,-15.9912],
"faces":{
"south":{"uv":[6,4.5,6.438,5.250999],"texture":"#6"}
}
},
{
"from":[9.175,7.88,-15.9922],
"to":[9.325,8.119999,-15.9912],
"faces":{
"south":{"uv":[6,4.5,6.438,5.250999],"texture":"#6"}
}
},
{
"from":[9.425,7.76,-15.9922],
"to":[9.575,8.24,-15.9912],
"faces":{
"south":{"uv":[6,4.5,6.438,5.250999],"texture":"#6"}
}
},
{
"from":[9.675,7.88,-15.9922],
"to":[9.825,8.119999,-15.9912],
"faces":{
"south":{"uv":[6,4.5,6.438,5.250999],"texture":"#6"}
}
},
{
"from":[9.925,7.76,-15.9922],
"to":[10.075,8.24,-15.9912],
"faces":{
"south":{"uv":[6,4.5,6.438,5.250999],"texture":"#6"}
}
},
{
"from":[7.425,7.76,-15.9922],
"to":[7.574998,8.24,-15.9912],
"faces":{
"south":{"uv":[6,4.5,6.438,5.250999],"texture":"#6"}
}
},
{
"from":[7.175,7.88,-15.9922],
"to":[7.324998,8.119999,-15.9912],
"faces":{
"south":{"uv":[6,4.5,6.438,5.250999],"texture":"#6"}
}
},
{
"from":[6.925,7.76,-15.9922],
"to":[7.074998,8.24,-15.9912],
"faces":{
"south":{"uv":[6,4.5,6.438,5.250999],"texture":"#6"}
}
},
{
"from":[6.675,7.88,-15.9922],
"to":[6.824998,8.119999,-15.9912],
"faces":{
"south":{"uv":[6,4.5,6.438,5.250999],"texture":"#6"}
}
},
{
"from":[6.425,7.76,-15.9922],
"to":[6.574998,8.24,-15.9912],
"faces":{
"south":{"uv":[6,4.5,6.438,5.250999],"texture":"#6"}
}
},
{
"from":[6.175,7.88,-15.9922],
"to":[6.324998,8.119999,-15.9912],
"faces":{
"south":{"uv":[6,4.5,6.438,5.250999],"texture":"#6"}
}
},
{
"from":[5.925,7.76,-15.9922],
"to":[6.074998,8.24,-15.9912],
"faces":{
"south":{"uv":[6,4.5,6.438,5.250999],"texture":"#6"}
}
},
{
"from":[7.76,7.425,-15.9922],
"to":[8.24,7.574998,-15.9912],
"faces":{
"south":{"uv":[6,4.438,6.438,5.375],"texture":"#6","rotation":90}
}
},
{
"from":[7.76,4.925,-15.9922],
"to":[8.24,5.074998,-15.9912],
"faces":{
"south":{"uv":[6,4.438,6.438,5.375],"texture":"#6","rotation":90}
}
},
{
"from":[7.76,2.425,-15.9922],
"to":[8.24,2.575,-15.9912],
"faces":{
"south":{"uv":[6,4.438,6.438,5.375],"texture":"#6","rotation":90}
}
},
{
"from":[7.76,-0.075,-15.9922],
"to":[8.24,0.07500001,-15.9912],
"faces":{
"south":{"uv":[6,4.438,6.438,5.375],"texture":"#6","rotation":90}
}
},
{
"from":[7.76,-2.575,-15.9922],
"to":[8.24,-2.425,-15.9912],
"faces":{
"south":{"uv":[6,4.438,6.438,5.375],"texture":"#6","rotation":90}
}
},
{
"from":[7.76,-5.075,-15.9922],
"to":[8.24,-4.925,-15.9912],
"faces":{
"south":{"uv":[6,4.438,6.438,5.375],"texture":"#6","rotation":90}
}
},
{
"from":[7.76,-7.575,-15.9922],
"to":[8.24,-7.425,-15.9912],
"faces":{
"south":{"uv":[6,4.438,6.438,5.375],"texture":"#6","rotation":90}
}
},
{
"from":[7.88,7.175,-15.9922],
"to":[8.119999,7.324998,-15.9912],
"faces":{
"south":{"uv":[6,4.438,6.438,5.375],"texture":"#6","rotation":90}
}
},
{
"from":[7.88,5.175,-15.9922],
"to":[8.119999,5.324998,-15.9912],
"faces":{
"south":{"uv":[6,4.438,6.438,5.375],"texture":"#6","rotation":90}
}
},
{
"from":[7.88,2.675,-15.9922],
"to":[8.119999,2.825,-15.9912],
"faces":{
"south":{"uv":[6,4.438,6.438,5.375],"texture":"#6","rotation":90}
}
},
{
"from":[7.88,0.175,-15.9922],
"to":[8.119999,0.325,-15.9912],
"faces":{
"south":{"uv":[6,4.438,6.438,5.375],"texture":"#6","rotation":90}
}
},
{
"from":[7.88,-2.325,-15.9922],
"to":[8.119999,-2.175,-15.9912],
"faces":{
"south":{"uv":[6,4.438,6.438,5.375],"texture":"#6","rotation":90}
}
},
{
"from":[7.88,-4.825,-15.9922],
"to":[8.119999,-4.675,-15.9912],
"faces":{
"south":{"uv":[6,4.438,6.438,5.375],"texture":"#6","rotation":90}
}
},
{
"from":[7.88,-7.325,-15.9922],
"to":[8.119999,-7.175,-15.9912],
"faces":{
"south":{"uv":[6,4.438,6.438,5.375],"texture":"#6","rotation":90}
}
},
{
"from":[7.88,4.675,-15.9922],
"to":[8.119999,4.824998,-15.9912],
"faces":{
"south":{"uv":[6,4.438,6.438,5.375],"texture":"#6","rotation":90}
}
},
{
"from":[7.88,2.175,-15.9922],
"to":[8.119999,2.325,-15.9912],
"faces":{
"south":{"uv":[6,4.438,6.438,5.375],"texture":"#6","rotation":90}
}
},
{
"from":[7.88,-0.325,-15.9922],
"to":[8.119999,-0.175,-15.9912],
"faces":{
"south":{"uv":[6,4.438,6.438,5.375],"texture":"#6","rotation":90}
}
},
{
"from":[7.88,-2.825,-15.9922],
"to":[8.119999,-2.675,-15.9912],
"faces":{
"south":{"uv":[6,4.438,6.438,5.375],"texture":"#6","rotation":90}
}
},
{
"from":[7.88,-5.325,-15.9922],
"to":[8.119999,-5.175,-15.9912],
"faces":{
"south":{"uv":[6,4.438,6.438,5.375],"texture":"#6","rotation":90}
}
},
{
"from":[7.88,-7.825,-15.9922],
"to":[8.119999,-7.675,-15.9912],
"faces":{
"south":{"uv":[6,4.438,6.438,5.375],"texture":"#6","rotation":90}
}
},
{
"from":[7.76,6.925,-15.9922],
"to":[8.24,7.074998,-15.9912],
"faces":{
"south":{"uv":[6,4.438,6.438,5.375],"texture":"#6","rotation":90}
}
},
{
"from":[7.76,4.425,-15.9922],
"to":[8.24,4.574998,-15.9912],
"faces":{
"south":{"uv":[6,4.438,6.438,5.375],"texture":"#6","rotation":90}
}
},
{
"from":[7.76,1.925,-15.9922],
"to":[8.24,2.075,-15.9912],
"faces":{
"south":{"uv":[6,4.438,6.438,5.375],"texture":"#6","rotation":90}
}
},
{
"from":[7.76,-0.575,-15.9922],
"to":[8.24,-0.425,-15.9912],
"faces":{
"south":{"uv":[6,4.438,6.438,5.375],"texture":"#6","rotation":90}
}
},
{
"from":[7.76,-3.075,-15.9922],
"to":[8.24,-2.925,-15.9912],
"faces":{
"south":{"uv":[6,4.438,6.438,5.375],"texture":"#6","rotation":90}
}
},
{
"from":[7.76,-5.575,-15.9922],
"to":[8.24,-5.425,-15.9912],
"faces":{
"south":{"uv":[6,4.438,6.438,5.375],"texture":"#6","rotation":90}
}
},
{
"from":[7.76,-8.075,-15.9922],
"to":[8.24,-7.925,-15.9912],
"faces":{
"south":{"uv":[6,4.438,6.438,5.375],"texture":"#6","rotation":90}
}
},
{
"from":[7.76,5.925,-15.9922],
"to":[8.24,6.074998,-15.9912],
"faces":{
"south":{"uv":[6,4.438,6.438,5.375],"texture":"#6","rotation":90}
}
},
{
"from":[7.76,3.425,-15.9922],
"to":[8.24,3.575,-15.9912],
"faces":{
"south":{"uv":[6,4.438,6.438,5.375],"texture":"#6","rotation":90}
}
},
{
"from":[7.76,0.925,-15.9922],
"to":[8.24,1.075,-15.9912],
"faces":{
"south":{"uv":[6,4.438,6.438,5.375],"texture":"#6","rotation":90}
}
},
{
"from":[7.76,-1.575,-15.9922],
"to":[8.24,-1.425,-15.9912],
"faces":{
"south":{"uv":[6,4.438,6.438,5.375],"texture":"#6","rotation":90}
}
},
{
"from":[7.76,-4.075,-15.9922],
"to":[8.24,-3.925,-15.9912],
"faces":{
"south":{"uv":[6,4.438,6.438,5.375],"texture":"#6","rotation":90}
}
},
{
"from":[7.76,-6.575,-15.9922],
"to":[8.24,-6.425,-15.9912],
"faces":{
"south":{"uv":[6,4.438,6.438,5.375],"texture":"#6","rotation":90}
}
},
{
"from":[7.76,-9.075,-15.9922],
"to":[8.24,-8.925,-15.9912],
"faces":{
"south":{"uv":[6,4.438,6.438,5.375],"texture":"#6","rotation":90}
}
},
{
"from":[7.51,5.425,-15.9922],
"to":[8.49,5.574998,-15.9912],
"faces":{
"south":{"uv":[6,4.438,6.438,5.375],"texture":"#6","rotation":90}
}
},
{
"from":[4.01,2.925,-15.9922],
"to":[11.99,3.075,-15.9912],
"faces":{
"south":{"uv":[6,4.438,6.438,5.375],"texture":"#6","rotation":90}
}
},
{
"from":[7.51,0.425,-15.9922],
"to":[8.49,0.5749999,-15.9912],
"faces":{
"south":{"uv":[6,4.438,6.438,5.375],"texture":"#6","rotation":90}
}
},
{
"from":[7.51,-2.075,-15.9922],
"to":[8.49,-1.925,-15.9912],
"faces":{
"south":{"uv":[6,4.438,6.438,5.375],"texture":"#6","rotation":90}
}
},
{
"from":[7.51,-4.575,-15.9922],
"to":[8.49,-4.425,-15.9912],
"faces":{
"south":{"uv":[6,4.438,6.438,5.375],"texture":"#6","rotation":90}
}
},
{
"from":[7.51,-7.075,-15.9922],
"to":[8.49,-6.925,-15.9912],
"faces":{
"south":{"uv":[6,4.438,6.438,5.375],"texture":"#6","rotation":90}
}
},
{
"from":[7.51,-9.575,-15.9922],
"to":[8.49,-9.425,-15.9912],
"faces":{
"south":{"uv":[6,4.438,6.438,5.375],"texture":"#6","rotation":90}
}
},
{
"from":[7.88,6.175,-15.9922],
"to":[8.119999,6.324998,-15.9912],
"faces":{
"south":{"uv":[6,4.438,6.438,5.375],"texture":"#6","rotation":90}
}
},
{
"from":[7.88,3.675,-15.9922],
"to":[8.119999,3.825,-15.9912],
"faces":{
"south":{"uv":[6,4.438,6.438,5.375],"texture":"#6","rotation":90}
}
},
{
"from":[7.88,1.175,-15.9922],
"to":[8.119999,1.325,-15.9912],
"faces":{
"south":{"uv":[6,4.438,6.438,5.375],"texture":"#6","rotation":90}
}
},
{
"from":[7.88,-1.325,-15.9922],
"to":[8.119999,-1.175,-15.9912],
"faces":{
"south":{"uv":[6,4.438,6.438,5.375],"texture":"#6","rotation":90}
}
},
{
"from":[7.88,-3.825,-15.9922],
"to":[8.119999,-3.675,-15.9912],
"faces":{
"south":{"uv":[6,4.438,6.438,5.375],"texture":"#6","rotation":90}
}
},
{
"from":[7.88,-6.325,-15.9922],
"to":[8.119999,-6.175,-15.9912],
"faces":{
"south":{"uv":[6,4.438,6.438,5.375],"texture":"#6","rotation":90}
}
},
{
"from":[7.88,-8.825,-15.9922],
"to":[8.119999,-8.675,-15.9912],
"faces":{
"south":{"uv":[6,4.438,6.438,5.375],"texture":"#6","rotation":90}
}
},
{
"from":[7.88,5.675,-15.9922],
"to":[8.119999,5.824998,-15.9912],
"faces":{
"south":{"uv":[6,4.438,6.438,5.375],"texture":"#6","rotation":90}
}
},
{
"from":[7.88,3.175,-15.9922],
"to":[8.119999,3.325,-15.9912],
"faces":{
"south":{"uv":[6,4.438,6.438,5.375],"texture":"#6","rotation":90}
}
},
{
"from":[7.88,0.675,-15.9922],
"to":[8.119999,0.825,-15.9912],
"faces":{
"south":{"uv":[6,4.438,6.438,5.375],"texture":"#6","rotation":90}
}
},
{
"from":[7.88,-1.825,-15.9922],
"to":[8.119999,-1.675,-15.9912],
"faces":{
"south":{"uv":[6,4.438,6.438,5.375],"texture":"#6","rotation":90}
}
},
{
"from":[7.88,-4.325,-15.9922],
"to":[8.119999,-4.175,-15.9912],
"faces":{
"south":{"uv":[6,4.438,6.438,5.375],"texture":"#6","rotation":90}
}
},
{
"from":[7.88,-6.825,-15.9922],
"to":[8.119999,-6.675,-15.9912],
"faces":{
"south":{"uv":[6,4.438,6.438,5.375],"texture":"#6","rotation":90}
}
},
{
"from":[7.88,-9.325,-15.9922],
"to":[8.119999,-9.175,-15.9912],
"faces":{
"south":{"uv":[6,4.438,6.438,5.375],"texture":"#6","rotation":90}
}
},
{
"from":[7.76,8.425,-15.9922],
"to":[8.24,8.575,-15.9912],
"faces":{
"south":{"uv":[6,4.438,6.438,5.375],"texture":"#6","rotation":90}
}
},
{
"from":[7.66,7.94,-15.9961],
"to":[8.34,8.059999,-15.9951],
"faces":{
"south":{"uv":[6,4.438,6.438,5.375],"texture":"#6","rotation":90}
}
},
{
"from":[7.88,8.675,-15.9922],
"to":[8.119999,8.825,-15.9912],
"faces":{
"south":{"uv":[6,4.438,6.438,5.375],"texture":"#6","rotation":90}
}
},
{
"from":[7.76,8.925,-15.9922],
"to":[8.24,9.075,-15.9912],
"faces":{
"south":{"uv":[6,4.438,6.438,5.375],"texture":"#6","rotation":90}
}
},
{
"from":[7.88,9.175,-15.9922],
"to":[8.119999,9.325,-15.9912],
"faces":{
"south":{"uv":[6,4.438,6.438,5.375],"texture":"#6","rotation":90}
}
},
{
"from":[7.76,9.425,-15.9922],
"to":[8.24,9.575,-15.9912],
"faces":{
"south":{"uv":[6,4.438,6.438,5.375],"texture":"#6","rotation":90}
}
},
{
"from":[7.88,9.675,-15.9922],
"to":[8.119999,9.825,-15.9912],
"faces":{
"south":{"uv":[6,4.438,6.438,5.375],"texture":"#6","rotation":90}
}
},
{
"from":[7.76,9.925,-15.9922],
"to":[8.24,10.075,-15.9912],
"faces":{
"south":{"uv":[6,4.438,6.438,5.375],"texture":"#6","rotation":90}
}
},
{
"from":[7.88,6.675,-15.9922],
"to":[8.119999,6.824998,-15.9912],
"faces":{
"south":{"uv":[6,4.438,6.438,5.375],"texture":"#6","rotation":90}
}
},
{
"from":[7.88,4.175,-15.9922],
"to":[8.119999,4.324998,-15.9912],
"faces":{
"south":{"uv":[6,4.438,6.438,5.375],"texture":"#6","rotation":90}
}
},
{
"from":[7.88,1.675,-15.9922],
"to":[8.119999,1.825,-15.9912],
"faces":{
"south":{"uv":[6,4.438,6.438,5.375],"texture":"#6","rotation":90}
}
},
{
"from":[7.88,-0.825,-15.9922],
"to":[8.119999,-0.675,-15.9912],
"faces":{
"south":{"uv":[6,4.438,6.438,5.375],"texture":"#6","rotation":90}
}
},
{
"from":[7.88,-3.325,-15.9922],
"to":[8.119999,-3.175,-15.9912],
"faces":{
"south":{"uv":[6,4.438,6.438,5.375],"texture":"#6","rotation":90}
}
},
{
"from":[7.88,-5.825,-15.9922],
"to":[8.119999,-5.675,-15.9912],
"faces":{
"south":{"uv":[6,4.438,6.438,5.375],"texture":"#6","rotation":90}
}
},
{
"from":[7.88,-8.325,-15.9922],
"to":[8.119999,-8.175,-15.9912],
"faces":{
"south":{"uv":[6,4.438,6.438,5.375],"texture":"#6","rotation":90}
}
},
{
"from":[7.76,6.425,-15.9922],
"to":[8.24,6.574998,-15.9912],
"faces":{
"south":{"uv":[6,4.438,6.438,5.375],"texture":"#6","rotation":90}
}
},
{
"from":[7.76,3.925,-15.9922],
"to":[8.24,4.075,-15.9912],
"faces":{
"south":{"uv":[6,4.438,6.438,5.375],"texture":"#6","rotation":90}
}
},
{
"from":[7.76,1.425,-15.9922],
"to":[8.24,1.575,-15.9912],
"faces":{
"south":{"uv":[6,4.438,6.438,5.375],"texture":"#6","rotation":90}
}
},
{
"from":[7.76,-1.075,-15.9922],
"to":[8.24,-0.9249998,-15.9912],
"faces":{
"south":{"uv":[6,4.438,6.438,5.375],"texture":"#6","rotation":90}
}
},
{
"from":[7.76,-3.575,-15.9922],
"to":[8.24,-3.425,-15.9912],
"faces":{
"south":{"uv":[6,4.438,6.438,5.375],"texture":"#6","rotation":90}
}
},
{
"from":[7.76,-6.075,-15.9922],
"to":[8.24,-5.925,-15.9912],
"faces":{
"south":{"uv":[6,4.438,6.438,5.375],"texture":"#6","rotation":90}
}
},
{
"from":[7.76,-8.575,-15.9922],
"to":[8.24,-8.425,-15.9912],
"faces":{
"south":{"uv":[6,4.438,6.438,5.375],"texture":"#6","rotation":90}
}
},
{
"from":[10.06,7.98,-15.9922],
"to":[10.14,8.17,-15.9912],
"faces":{
"south":{"uv":[6,4.5,6.438,5.250999],"texture":"#6"}
}
},
{
"from":[5.56,7.98,-15.9922],
"to":[5.64,8.17,-15.9912],
"faces":{
"south":{"uv":[6,4.5,6.438,5.250999],"texture":"#6"}
}
},
{
"from":[7.98,10.06,-15.9922],
"to":[8.17,10.14,-15.9912],
"faces":{
"south":{"uv":[6,4.5,6.438,5.250999],"texture":"#6","rotation":270}
}
},
{
"from":[10.16,7.98,-15.9922],
"to":[10.24,8.17,-15.9912],
"faces":{
"south":{"uv":[6,4.5,6.438,5.250999],"texture":"#6"}
}
},
{
"from":[5.66,7.98,-15.9922],
"to":[5.74,8.17,-15.9912],
"faces":{
"south":{"uv":[6,4.5,6.438,5.250999],"texture":"#6"}
}
},
{
"from":[7.98,10.16,-15.9922],
"to":[8.17,10.24,-15.9912],
"faces":{
"south":{"uv":[6,4.5,6.438,5.250999],"texture":"#6","rotation":270}
}
},
{
"from":[10.26,7.98,-15.9922],
"to":[10.34,8.17,-15.9912],
"faces":{
"south":{"uv":[6,4.5,6.438,5.250999],"texture":"#6"}
}
},
{
"from":[5.76,7.98,-15.9922],
"to":[5.84,8.17,-15.9912],
"faces":{
"south":{"uv":[6,4.5,6.438,5.250999],"texture":"#6"}
}
},
{
"from":[7.98,10.26,-15.9922],
"to":[8.17,10.34,-15.9912],
"faces":{
"south":{"uv":[6,4.5,6.438,5.250999],"texture":"#6","rotation":270}
}
},
{
"from":[10.36,7.98,-15.9922],
"to":[10.44,8.17,-15.9912],
"faces":{
"south":{"uv":[6,4.5,6.438,5.250999],"texture":"#6"}
}
},
{
"from":[5.86,7.98,-15.9922],
"to":[5.94,8.17,-15.9912],
"faces":{
"south":{"uv":[6,4.5,6.438,5.250999],"texture":"#6"}
}
},
{
"from":[7.98,10.36,-15.9922],
"to":[8.17,10.44,-15.9912],
"faces":{
"south":{"uv":[6,4.5,6.438,5.250999],"texture":"#6","rotation":270}
}
},
{
"from":[-2,-2,-2],
"to":[18,18,-1.999],
"faces":{
"south":{"uv":[0,16,16,0],"texture":"#5"}
}
},
{
"from":[-16,-15.9922,-2],
"to":[32,-1.992198,-1.999],
"faces":{
"south":{"uv":[0.125,0.375,0.375,0.125],"texture":"#6","rotation":180}
}
},
{
"from":[17.9922,-2,-2],
"to":[31.9922,18,-1.999],
"faces":{
"south":{"uv":[0.125,0.375,0.375,0.125],"texture":"#6","rotation":180}
}
},
{
"from":[-15.9922,-16,-2],
"to":[-15.9912,32,12],
"faces":{
"east":{"uv":[0.125,0.375,0.375,0.125],"texture":"#6","rotation":180}
}
},
{
"from":[31.9912,-16,-2],
"to":[31.9922,32,12],
"faces":{
"west":{"uv":[0.125,0.375,0.375,0.125],"texture":"#6","rotation":180}
}
},
{
"from":[-15.9922,-2,-2],
"to":[-1.992198,18,-1.999],
"faces":{
"south":{"uv":[0.125,0.375,0.375,0.125],"texture":"#6","rotation":180}
}
},
{
"from":[-16,17.9922,-2],
"to":[32,31.9922,-1.999],
"faces":{
"south":{"uv":[0.125,0.375,0.375,0.125],"texture":"#6","rotation":180}
}
}
],
"display":{
"thirdperson_righthand":{
"translation":[0,-2,1],
"scale":[0.05,0.05,0.05]
},
"thirdperson_lefthand":{
"translation":[0,-2,1],
"scale":[0.05,0.05,0.05]
},
"firstperson_righthand":{
"translation":[-8.95,8.3,-16],
"scale":[4,4,4]
},
"firstperson_lefthand":{
"translation":[-8.95,8.3,-16],
"scale":[4,4,4]
},
"gui":{
"scale":[0.33,0.33,0.33]
},
"head":{
"translation":[0,12,0],
"scale":[0.2,0.2,0.2]
},
"ground":{
"translation":[0,4,0],
"scale":[0.2,0.2,0.2]
},
"fixed":{
"rotation":[0,180,0],
"translation":[0,0,-10],
"scale":[0.4,0.4,0.4]
}
}
}