{
"__comment":"Made by guncolony.com ©",
"textures":{
"2":"guns/optics/reticle_largecurve",
"5":"guns/optics/scope_sniper",
"6":"guns/optics/reticle_pieces"
},
"elements":[
{
"from":[7.92,-16,-16],
"to":[8.08,32,-15.999],
"faces":{
"south":{"uv":[0,0,0.475,0.4499998],"texture":"#6"}
}
},
{
"from":[-16,7.92,-15.9961],
"to":[32,8.08,-15.9951],
"faces":{
"south":{"uv":[0,0.5200005,0.4,0.9799995],"texture":"#6"}
}
},
{
"from":[-16,2.92,-15.9961],
"to":[32,3.08,-15.9951],
"faces":{
"south":{"uv":[0,0.5200005,0.4,0.9799995],"texture":"#6"}
}
},
{
"from":[-16,7.75,-15.9922],
"to":[3,8.25,-15.9912],
"faces":{
"south":{"uv":[0.125,0.625,0.4,0.8979998],"texture":"#6","rotation":90}
}
},
{
"from":[13,7.75,-15.9922],
"to":[32,8.25,-15.9912],
"faces":{
"south":{"uv":[0.125,0.625,0.4,0.8979998],"texture":"#6","rotation":90}
}
},
{
"from":[7.75,-16,-15.9922],
"to":[8.25,3,-15.9912],
"faces":{
"south":{"uv":[0.125,0.625,0.4,0.8979998],"texture":"#6","rotation":90}
}
},
{
"from":[7.75,13,-15.9961],
"to":[8.25,32,-15.9951],
"faces":{
"south":{"uv":[0.125,0.625,0.4,0.8979998],"texture":"#6","rotation":90}
}
},
{
"from":[9.02,7.58,-15.9922],
"to":[9.379998,8.42,-15.9912],
"faces":{
"south":{"uv":[7,4.563,7.688,5.188],"texture":"#6"}
}
},
{
"from":[10.22,7.58,-15.9922],
"to":[10.58,8.42,-15.9912],
"faces":{
"south":{"uv":[7,4.563,7.688,5.188],"texture":"#6"}
}
},
{
"from":[11.42,7.58,-15.9922],
"to":[11.78,8.42,-15.9912],
"faces":{
"south":{"uv":[7,4.563,7.688,5.188],"texture":"#6"}
}
},
{
"from":[6.62,7.58,-15.9922],
"to":[6.98,8.42,-15.9912],
"faces":{
"south":{"uv":[7,4.563,7.688,5.188],"texture":"#6"}
}
},
{
"from":[5.42,7.58,-15.9922],
"to":[5.78,8.42,-15.9912],
"faces":{
"south":{"uv":[7,4.563,7.688,5.188],"texture":"#6"}
}
},
{
"from":[4.22,7.58,-15.9922],
"to":[4.58,8.42,-15.9912],
"faces":{
"south":{"uv":[7,4.563,7.688,5.188],"texture":"#6"}
}
},
{
"from":[7.58,6.62,-15.9961],
"to":[8.42,6.98,-15.9951],
"faces":{
"south":{"uv":[7.063,4.563,7.626,5.125],"texture":"#6","rotation":90}
}
},
{
"from":[7.58,5.42,-15.9961],
"to":[8.42,5.78,-15.9951],
"faces":{
"south":{"uv":[7.063,4.563,7.626,5.125],"texture":"#6","rotation":90}
}
},
{
"from":[7.58,9.02,-15.9961],
"to":[8.42,9.379998,-15.9951],
"faces":{
"south":{"uv":[7.063,4.563,7.626,5.125],"texture":"#6","rotation":90}
}
},
{
"from":[7.58,10.22,-15.9961],
"to":[8.42,10.58,-15.9951],
"faces":{
"south":{"uv":[7.063,4.563,7.626,5.125],"texture":"#6","rotation":90}
}
},
{
"from":[7.58,11.42,-15.9961],
"to":[8.42,11.78,-15.9951],
"faces":{
"south":{"uv":[7.063,4.563,7.626,5.125],"texture":"#6","rotation":90}
}
},
{
"from":[7.58,4.22,-15.9961],
"to":[8.42,4.58,-15.9951],
"faces":{
"south":{"uv":[7.063,4.563,7.626,5.125],"texture":"#6","rotation":90}
}
},
{
"from":[-2,-2,1],
"to":[18,18,1.001],
"faces":{
"south":{"uv":[0,16,16,0],"texture":"#5"}
}
},
{
"from":[-16,-15.9961,1],
"to":[32,-1.996099,1.001],
"faces":{
"south":{"uv":[0.125,0.375,0.375,0.125],"texture":"#6","rotation":180}
}
},
{
"from":[17.9961,-2,1],
"to":[31.9961,18,1.001],
"faces":{
"south":{"uv":[0.125,0.375,0.375,0.125],"texture":"#6","rotation":180}
}
},
{
"from":[-15.9961,-16,1],
"to":[-15.9951,32,15],
"faces":{
"east":{"uv":[0.125,0.375,0.375,0.125],"texture":"#6","rotation":180}
}
},
{
"from":[31.9951,-16,1],
"to":[31.9961,32,15],
"faces":{
"west":{"uv":[0.125,0.375,0.375,0.125],"texture":"#6","rotation":180}
}
},
{
"from":[-15.9961,-2,1],
"to":[-1.996099,18,1.001],
"faces":{
"south":{"uv":[0.125,0.375,0.375,0.125],"texture":"#6","rotation":180}
}
},
{
"from":[-16,17.9961,1],
"to":[32,31.9961,1.001],
"faces":{
"south":{"uv":[0.125,0.375,0.375,0.125],"texture":"#6","rotation":180}
}
},
{
"from":[-3.736,-16,-15.9922],
"to":[6.296,3.0096,-15.9912],
"faces":{
"south":{"uv":[0.188,2.938,6.407,13.593],"texture":"#2","rotation":90}
}
},
{
"from":[9.704,-16,-15.9961],
"to":[19.736,3.0096,-15.9951],
"faces":{
"south":{"uv":[0.188,13.593,6.407,2.938],"texture":"#2","rotation":90}
}
},
{
"from":[-3.616,-16,-15.9922],
"to":[6.415998,3.0096,-15.9912],
"faces":{
"south":{"uv":[0.188,2.938,6.407,13.593],"texture":"#2","rotation":90}
}
},
{
"from":[9.584,-16,-15.9922],
"to":[19.616,3.0096,-15.9912],
"faces":{
"south":{"uv":[0.188,13.593,6.407,2.938],"texture":"#2","rotation":90}
}
},
{
"from":[-1.3,0.8976,-15.9961],
"to":[17.3,1.0512,-15.9951],
"faces":{
"south":{"uv":[0,0.5200005,0.4,0.9799995],"texture":"#6"}
}
},
{
"from":[0.5,-1.3424,-15.9961],
"to":[15.5,-1.1888,-15.9951],
"faces":{
"south":{"uv":[0,0.5200005,0.4,0.9799995],"texture":"#6"}
}
},
{
"from":[1.7,-3.5824,-15.9961],
"to":[14.3,-3.4288,-15.9951],
"faces":{
"south":{"uv":[0,0.5200005,0.4,0.9799995],"texture":"#6"}
}
},
{
"from":[2.85,-5.8224,-15.9961],
"to":[13.15,-5.668798,-15.9951],
"faces":{
"south":{"uv":[0,0.5200005,0.4,0.9799995],"texture":"#6"}
}
},
{
"from":[3.75,-8.0624,-15.9961],
"to":[12.25,-7.9088,-15.9951],
"faces":{
"south":{"uv":[0,0.5200005,0.4,0.9799995],"texture":"#6"}
}
},
{
"from":[-16,-10.4824,-15.9961],
"to":[32,-9.8288,-15.9951],
"faces":{
"south":{"uv":[0,0.5200005,0.4,0.9799995],"texture":"#6"}
}
}
],
"display":{
"thirdperson_righthand":{
"translation":[0,-2,1],
"scale":[0.05,0.05,0.05]
},
"thirdperson_lefthand":{
"translation":[0,-2,1],
"scale":[0.05,0.05,0.05]
},
"firstperson_righthand":{
"translation":[-8.95,8.3,-16],
"scale":[4,4,4]
},
"firstperson_lefthand":{
"translation":[-8.95,8.3,-16],
"scale":[4,4,4]
},
"gui":{
"scale":[0.33,0.33,0.33]
},
"head":{
"translation":[0,12,0],
"scale":[0.2,0.2,0.2]
},
"ground":{
"translation":[0,4,0],
"scale":[0.2,0.2,0.2]
},
"fixed":{
"rotation":[0,180,0],
"translation":[0,0,-10],
"scale":[0.4,0.4,0.4]
}
}
}