{
"__comment":"Made by guncolony.com ©",
"textures":{
"5":"guns/optics/scope_sniper",
"6":"guns/optics/reticle_pieces"
},
"elements":[
{
"from":[7.92,-16,-16],
"to":[8.08,7.5,-15.999],
"faces":{
"south":{"uv":[0,0,0.475,0.4499998],"texture":"#6"}
}
},
{
"from":[-16,7.92,-16],
"to":[7.5,8.08,-15.999],
"faces":{
"south":{"uv":[0,0.5200005,0.4,0.9799995],"texture":"#6"}
}
},
{
"from":[8.5,7.92,-16],
"to":[32,8.08,-15.999],
"faces":{
"south":{"uv":[0,0.5200005,0.4,0.9799995],"texture":"#6"}
}
},
{
"from":[7.92,8.5,-16],
"to":[8.08,32,-15.999],
"faces":{
"south":{"uv":[0,0,0.475,0.4499998],"texture":"#6"}
}
},
{
"from":[7.84,7.84,-16],
"to":[8.16,8.16,-15.999],
"faces":{
"south":{"uv":[8.75,15.375,9.25,15.875],"texture":"#6"}
}
},
{
"from":[6.8438,7.84,-15.9961],
"to":[7.1638,8.16,-15.9951],
"faces":{
"south":{"uv":[8.75,14.75,9.25,15.25],"texture":"#6"}
}
},
{
"from":[5.8438,7.84,-15.9961],
"to":[6.1638,8.16,-15.9951],
"faces":{
"south":{"uv":[8.75,14.75,9.25,15.25],"texture":"#6"}
}
},
{
"from":[4.8438,7.84,-15.9961],
"to":[5.1638,8.16,-15.9951],
"faces":{
"south":{"uv":[8.75,14.75,9.25,15.25],"texture":"#6"}
}
},
{
"from":[3.8438,7.84,-15.9961],
"to":[4.1638,8.16,-15.9951],
"faces":{
"south":{"uv":[8.75,14.75,9.25,15.25],"texture":"#6"}
}
},
{
"from":[2.8438,7.84,-15.9961],
"to":[3.1638,8.16,-15.9951],
"faces":{
"south":{"uv":[8.75,14.75,9.25,15.25],"texture":"#6"}
}
},
{
"from":[1.8438,7.84,-15.9961],
"to":[2.1638,8.16,-15.9951],
"faces":{
"south":{"uv":[8.75,14.75,9.25,15.25],"texture":"#6"}
}
},
{
"from":[13.8438,7.84,-15.9961],
"to":[14.1638,8.16,-15.9951],
"faces":{
"south":{"uv":[8.75,14.75,9.25,15.25],"texture":"#6"}
}
},
{
"from":[12.8438,7.84,-15.9961],
"to":[13.1638,8.16,-15.9951],
"faces":{
"south":{"uv":[8.75,14.75,9.25,15.25],"texture":"#6"}
}
},
{
"from":[11.8438,7.84,-15.9961],
"to":[12.1638,8.16,-15.9951],
"faces":{
"south":{"uv":[8.75,14.75,9.25,15.25],"texture":"#6"}
}
},
{
"from":[10.8438,7.84,-15.9961],
"to":[11.1638,8.16,-15.9951],
"faces":{
"south":{"uv":[8.75,14.75,9.25,15.25],"texture":"#6"}
}
},
{
"from":[9.8438,7.84,-15.9961],
"to":[10.1638,8.16,-15.9951],
"faces":{
"south":{"uv":[8.75,14.75,9.25,15.25],"texture":"#6"}
}
},
{
"from":[8.8438,7.84,-15.9961],
"to":[9.163799,8.16,-15.9951],
"faces":{
"south":{"uv":[8.75,14.75,9.25,15.25],"texture":"#6"}
}
},
{
"from":[7.84,8.84,-15.9961],
"to":[8.16,9.16,-15.9951],
"faces":{
"south":{"uv":[8.75,14.75,9.25,15.25],"texture":"#6"}
}
},
{
"from":[7.84,9.84,-15.9961],
"to":[8.16,10.16,-15.9951],
"faces":{
"south":{"uv":[8.75,14.75,9.25,15.25],"texture":"#6"}
}
},
{
"from":[7.84,10.84,-15.9961],
"to":[8.16,11.16,-15.9951],
"faces":{
"south":{"uv":[8.75,14.75,9.25,15.25],"texture":"#6"}
}
},
{
"from":[7.84,11.84,-15.9961],
"to":[8.16,12.16,-15.9951],
"faces":{
"south":{"uv":[8.75,14.75,9.25,15.25],"texture":"#6"}
}
},
{
"from":[7.84,12.84,-15.9961],
"to":[8.16,13.16,-15.9951],
"faces":{
"south":{"uv":[8.75,14.75,9.25,15.25],"texture":"#6"}
}
},
{
"from":[7.84,13.84,-15.9961],
"to":[8.16,14.16,-15.9951],
"faces":{
"south":{"uv":[8.75,14.75,9.25,15.25],"texture":"#6"}
}
},
{
"from":[7.84,6.84,-15.9961],
"to":[8.16,7.16,-15.9951],
"faces":{
"south":{"uv":[8.75,14.75,9.25,15.25],"texture":"#6"}
}
},
{
"from":[7.84,5.84,-15.9961],
"to":[8.16,6.16,-15.9951],
"faces":{
"south":{"uv":[8.75,14.75,9.25,15.25],"texture":"#6"}
}
},
{
"from":[7.84,4.84,-15.9961],
"to":[8.16,5.16,-15.9951],
"faces":{
"south":{"uv":[8.75,14.75,9.25,15.25],"texture":"#6"}
}
},
{
"from":[7.84,3.84,-15.9961],
"to":[8.16,4.16,-15.9951],
"faces":{
"south":{"uv":[8.75,14.75,9.25,15.25],"texture":"#6"}
}
},
{
"from":[7.84,2.84,-15.9961],
"to":[8.16,3.16,-15.9951],
"faces":{
"south":{"uv":[8.75,14.75,9.25,15.25],"texture":"#6"}
}
},
{
"from":[7.84,1.84,-15.9961],
"to":[8.16,2.16,-15.9951],
"faces":{
"south":{"uv":[8.75,14.75,9.25,15.25],"texture":"#6"}
}
},
{
"from":[-2,-2,-2],
"to":[18,18,-1.999],
"faces":{
"south":{"uv":[0,16,16,0],"texture":"#5"}
}
},
{
"from":[-16,-15.9961,-2],
"to":[32,-1.996098,-1.999],
"faces":{
"south":{"uv":[0.125,0.375,0.375,0.125],"texture":"#6","rotation":180}
}
},
{
"from":[17.9961,-2,-2],
"to":[31.9961,18,-1.999],
"faces":{
"south":{"uv":[0.125,0.375,0.375,0.125],"texture":"#6","rotation":180}
}
},
{
"from":[-15.9961,-16,-2],
"to":[-15.9951,32,12],
"faces":{
"east":{"uv":[0.125,0.375,0.375,0.125],"texture":"#6","rotation":180}
}
},
{
"from":[31.9951,-16,-2],
"to":[31.9961,32,12],
"faces":{
"west":{"uv":[0.125,0.375,0.375,0.125],"texture":"#6","rotation":180}
}
},
{
"from":[-15.9961,-2,-2],
"to":[-1.996098,18,-1.999],
"faces":{
"south":{"uv":[0.125,0.375,0.375,0.125],"texture":"#6","rotation":180}
}
},
{
"from":[-16,17.9961,-2],
"to":[32,31.9961,-1.999],
"faces":{
"south":{"uv":[0.125,0.375,0.375,0.125],"texture":"#6","rotation":180}
}
}
],
"display":{
"thirdperson_righthand":{
"translation":[0,-2,1],
"scale":[0.05,0.05,0.05]
},
"thirdperson_lefthand":{
"translation":[0,-2,1],
"scale":[0.05,0.05,0.05]
},
"firstperson_righthand":{
"translation":[-8.95,8.3,-16],
"scale":[4,4,4]
},
"firstperson_lefthand":{
"translation":[-8.95,8.3,-16],
"scale":[4,4,4]
},
"gui":{
"scale":[0.33,0.33,0.33]
},
"head":{
"translation":[0,12,0],
"scale":[0.2,0.2,0.2]
},
"ground":{
"translation":[0,4,0],
"scale":[0.2,0.2,0.2]
},
"fixed":{
"rotation":[0,180,0],
"translation":[0,0,-10],
"scale":[0.4,0.4,0.4]
}
}
}