{
"__comment":"Made by guncolony.com ©",
"textures":{
"5":"guns/optics/scope_sniper",
"6":"guns/optics/reticle_pieces"
},
"elements":[
{
"from":[-16,7.92,-16],
"to":[32,8.08,-15.999],
"faces":{
"south":{"uv":[0,0.5200005,0.4,0.9799995],"texture":"#6"}
}
},
{
"from":[7.55,-16,-15.9961],
"to":[8.449999,-2,-15.9951],
"faces":{
"south":{"uv":[0.125,0.625,0.4,0.8979998],"texture":"#6","rotation":90}
}
},
{
"from":[7.55,6,-15.9961],
"to":[8.449999,10,-15.9951],
"faces":{
"south":{"uv":[1.53125,0.53125,2.96875,1.25],"texture":"#6"}
}
},
{
"from":[7.55,1,-15.9961],
"to":[8.449999,6,-15.9951],
"faces":{
"south":{"uv":[1.53125,1.25,2.96875,1.6875],"texture":"#6"}
}
},
{
"from":[7.55,-2,-15.9961],
"to":[8.449999,1,-15.9951],
"faces":{
"south":{"uv":[1.53125,1.6875,2.96875,1.9375],"texture":"#6"}
}
},
{
"from":[-2,-2,-2],
"to":[18,18,-1.999],
"faces":{
"south":{"uv":[0,16,16,0],"texture":"#5"}
}
},
{
"from":[-16,-15.9961,-2],
"to":[32,-1.996099,-1.999],
"faces":{
"south":{"uv":[0.125,0.375,0.375,0.125],"texture":"#6","rotation":180}
}
},
{
"from":[17.9961,-2,-2],
"to":[31.9961,18,-1.999],
"faces":{
"south":{"uv":[0.125,0.375,0.375,0.125],"texture":"#6","rotation":180}
}
},
{
"from":[-15.9961,-16,-2],
"to":[-15.9951,32,12],
"faces":{
"east":{"uv":[0.125,0.375,0.375,0.125],"texture":"#6","rotation":180}
}
},
{
"from":[31.9951,-16,-2],
"to":[31.9961,32,12],
"faces":{
"west":{"uv":[0.125,0.375,0.375,0.125],"texture":"#6","rotation":180}
}
},
{
"from":[-15.9961,-2,-2],
"to":[-1.996099,18,-1.999],
"faces":{
"south":{"uv":[0.125,0.375,0.375,0.125],"texture":"#6","rotation":180}
}
},
{
"from":[-16,17.9961,-2],
"to":[32,31.9961,-1.999],
"faces":{
"south":{"uv":[0.125,0.375,0.375,0.125],"texture":"#6","rotation":180}
}
}
],
"display":{
"thirdperson_righthand":{
"translation":[0,-2,1],
"scale":[0.05,0.05,0.05]
},
"thirdperson_lefthand":{
"translation":[0,-2,1],
"scale":[0.05,0.05,0.05]
},
"firstperson_righthand":{
"translation":[-8.95,8.3,-16],
"scale":[4,4,4]
},
"firstperson_lefthand":{
"translation":[-8.95,8.3,-16],
"scale":[4,4,4]
},
"gui":{
"scale":[0.33,0.33,0.33]
},
"head":{
"translation":[0,12,0],
"scale":[0.2,0.2,0.2]
},
"ground":{
"translation":[0,4,0],
"scale":[0.2,0.2,0.2]
},
"fixed":{
"rotation":[0,180,0],
"translation":[0,0,-10],
"scale":[0.4,0.4,0.4]
}
}
}