{
"__comment":"Designed by Rijam, guncolony.com ©",
"parent":"item/meshes/knife/knifect",
"textures":{
"brightguntexture":"guns/brightguntexture",
"darksand":"blocks/darksand"
},
"display":{
"firstperson_righthand":{
"rotation":[100,0,-110],
"translation":[-2,2,0],
"scale":[0.8,0.8,0.8]
},
"firstperson_lefthand":{
"rotation":[100,0,-110],
"translation":[-2,2,0],
"scale":[0.8,0.8,0.8]
},
"thirdperson_righthand":{
"rotation":[0,180,36],
"translation":[3,2.5,2]
},
"thirdperson_lefthand":{
"rotation":[0,180,36],
"translation":[3,2.5,2]
}
}
}