{
"__comment":"Designed by Rijam, guncolony.com ©",
"parent":"item/meshes/knife/knifect",
"textures":{
"brightguntexture":"blocks/gold_block",
"darksand":"blocks/gold_block"
},
"display":{
"firstperson_righthand":{
"rotation":[130,50,-130],
"translation":[-4,4,0],
"scale":[0.8,0.8,0.8]
},
"firstperson_lefthand":{
"rotation":[130,50,-130],
"translation":[-4,4,0],
"scale":[0.8,0.8,0.8]
},
"thirdperson_righthand":{
"rotation":[0,180,0],
"translation":[0,3,2]
},
"thirdperson_lefthand":{
"rotation":[0,180,0],
"translation":[0,3,2]
}
}
}