{
"__comment":"Designed by Rijam, guncolony.com ©",
"parent":"item/meshes/knife/knifect",
"textures":{
"brightguntexture":"blocks/gold_block",
"darksand":"blocks/gold_block"
},
"display":{
"firstperson_righthand":{
"rotation":[120,0,-170],
"translation":[-8,5,0],
"scale":[0.8,0.8,0.8]
},
"firstperson_lefthand":{
"rotation":[120,0,-170],
"translation":[-8,5,0],
"scale":[0.8,0.8,0.8]
},
"thirdperson_righthand":{
"rotation":[0,180,9],
"translation":[1,3,2]
},
"thirdperson_lefthand":{
"rotation":[0,180,9],
"translation":[1,3,2]
}
}
}