{
"__comment":"Designed by Rijam, guncolony.com ©",
"parent":"item/meshes/knife/knifect",
"textures":{
"brightguntexture":"guns/brightguntexture",
"darksand":"blocks/darksand"
},
"display":{
"firstperson_righthand":{
"rotation":[120,0,-210],
"translation":[-12,6,0],
"scale":[0.8,0.8,0.8]
},
"firstperson_lefthand":{
"rotation":[120,0,-210],
"translation":[-12,6,0],
"scale":[0.8,0.8,0.8]
},
"thirdperson_righthand":{
"rotation":[0,180,-9],
"translation":[-0.5,3,2]
},
"thirdperson_lefthand":{
"rotation":[0,180,-9],
"translation":[-0.5,3,2]
}
}
}