{
"__comment":"Made by pale1, guncolony.com ©",
"textures":{
"0":"guns/darkguntexture",
"1":"guns/normalguntexture"
},
"elements":[
{
"from":[7.0469,9.129,-8],
"to":[7.5469,10.33213,12.75],
"faces":{
"down":{"uv":[0,0,0.5,16],"texture":"#0"},
"up":{"uv":[0,0,0.5,16],"texture":"#0"},
"north":{"uv":[0,0,0.5,1.20313],"texture":"#0"},
"west":{"uv":[0,0,16,1.20313],"texture":"#0"},
"east":{"uv":[0,0,16,1.20313],"texture":"#0"}
}
},
{
"from":[7.0178,9.137,-8],
"to":[7.5178,10.34013,12.75],
"rotation":{"origin":[7.267845,9.69952,-7.875],"axis":"z","angle":-45},
"faces":{
"down":{"uv":[0,0,0.5,16],"texture":"#0"},
"up":{"uv":[0,0,0.5,16],"texture":"#0"},
"north":{"uv":[0,0,0.5,1.20313],"texture":"#0"},
"south":{"uv":[0,0,0.5,1.20313],"texture":"#0"},
"west":{"uv":[0,0,16,1.20313],"texture":"#0"},
"east":{"uv":[0,0,16,1.20313],"texture":"#0"}
}
},
{
"from":[6.6933,9.4786,-8],
"to":[7.89642,9.9786,12.75],
"faces":{
"down":{"uv":[0,0,16,1.20313],"texture":"#0","rotation":270},
"up":{"uv":[0,0,16,1.20313],"texture":"#0","rotation":90},
"north":{"uv":[0,0,0.5,1.20313],"texture":"#0","rotation":270},
"south":{"uv":[0,0,0.5,1.20313],"texture":"#0","rotation":90},
"west":{"uv":[0,0,0.5,16],"texture":"#0","rotation":270},
"east":{"uv":[0,0,0.5,16],"texture":"#0","rotation":270}
}
},
{
"from":[6.7053,9.5076,-8],
"to":[7.90843,10.0076,12.75],
"rotation":{"origin":[7.267845,9.75758,-7.875],"axis":"z","angle":-45},
"faces":{
"down":{"uv":[0,0,16,1.20313],"texture":"#0","rotation":270},
"up":{"uv":[0,0,16,1.20313],"texture":"#0","rotation":90},
"north":{"uv":[0,0,0.5,1.20313],"texture":"#0","rotation":270},
"south":{"uv":[0,0,0.5,1.20313],"texture":"#0","rotation":90},
"west":{"uv":[0,0,0.5,16],"texture":"#0","rotation":270},
"east":{"uv":[0,0,0.5,16],"texture":"#0","rotation":270}
}
},
{
"from":[8.4219,9.129,-8],
"to":[8.9219,10.33213,12.75],
"faces":{
"down":{"uv":[0,0,0.5,16],"texture":"#0"},
"up":{"uv":[0,0,0.5,16],"texture":"#0"},
"north":{"uv":[0,0,0.5,1.20313],"texture":"#0"},
"west":{"uv":[0,0,16,1.20313],"texture":"#0"},
"east":{"uv":[0,0,16,1.20313],"texture":"#0"}
}
},
{
"from":[8.4509,9.117,-8],
"to":[8.9509,10.32012,12.75],
"rotation":{"origin":[8.700905,9.75758,-7.875],"axis":"z","angle":-45},
"faces":{
"down":{"uv":[0,0,0.5,16],"texture":"#0"},
"up":{"uv":[0,0,0.5,16],"texture":"#0"},
"north":{"uv":[0,0,0.5,1.20313],"texture":"#0"},
"south":{"uv":[0,0,0.5,1.20313],"texture":"#0"},
"west":{"uv":[0,0,16,1.20313],"texture":"#0"},
"east":{"uv":[0,0,16,1.20313],"texture":"#0"}
}
},
{
"from":[7.1973,9.2598,-7.625],
"to":[8.775419,9.97855,12.75],
"faces":{
"down":{"uv":[0,0,16,1.20313],"texture":"#0","rotation":270},
"up":{"uv":[0,0,16,1.20313],"texture":"#0","rotation":90},
"north":{"uv":[0,0,0.5,1.20313],"texture":"#0","rotation":270}
}
},
{
"from":[8.0603,9.4495,-8],
"to":[9.26343,9.9495,12.75],
"rotation":{"origin":[8.700905,9.69952,-7.875],"axis":"z","angle":-45},
"faces":{
"down":{"uv":[0,0,16,1.20313],"texture":"#0","rotation":270},
"up":{"uv":[0,0,16,1.20313],"texture":"#0","rotation":90},
"north":{"uv":[0,0,0.5,1.20313],"texture":"#0","rotation":270},
"south":{"uv":[0,0,0.5,1.20313],"texture":"#0","rotation":90},
"west":{"uv":[0,0,0.5,16],"texture":"#0","rotation":270},
"east":{"uv":[0,0,0.5,16],"texture":"#0","rotation":270}
}
},
{
"from":[6.4553,9.5076,11.375],
"to":[7.65843,10.1326,16.75],
"rotation":{"origin":[7.017845,9.75758,-7.875],"axis":"z","angle":-45},
"faces":{
"down":{"uv":[13,10,14,11],"texture":"#1","rotation":270},
"north":{"uv":[13,10,14,11],"texture":"#1","rotation":270},
"south":{"uv":[13,10,14,11],"texture":"#1","rotation":270},
"west":{"uv":[13,10,14,11],"texture":"#1","rotation":270}
}
},
{
"from":[6.4433,9.4786,11.375],
"to":[7.64642,9.9786,16.75],
"faces":{
"down":{"uv":[13,10,14,11],"texture":"#1","rotation":270},
"up":{"uv":[13,10,14,11],"texture":"#1","rotation":270},
"north":{"uv":[13,10,14,11],"texture":"#1","rotation":270},
"south":{"uv":[13,10,14,11],"texture":"#1","rotation":270},
"west":{"uv":[13,10,14,11],"texture":"#1","rotation":270}
}
},
{
"from":[6.7678,9.137,11.375],
"to":[7.3928,10.34013,16.75],
"rotation":{"origin":[7.017845,9.69952,-7.875],"axis":"z","angle":-45},
"faces":{
"down":{"uv":[13,10,14,11],"texture":"#1"},
"north":{"uv":[13,10,14,11],"texture":"#1"},
"south":{"uv":[13,10,14,11],"texture":"#1"},
"west":{"uv":[13,10,14,11],"texture":"#1"}
}
},
{
"from":[6.8853,9.0455,11.375],
"to":[9.088419,10.4205,16.75],
"faces":{
"down":{"uv":[13,10,14,11],"texture":"#1","rotation":270},
"up":{"uv":[13,10,14,11],"texture":"#1","rotation":270},
"north":{"uv":[13,10,14,11],"texture":"#1","rotation":270},
"south":{"uv":[13,10,14,11],"texture":"#1","rotation":270},
"west":{"uv":[13,10,14,11],"texture":"#1","rotation":270},
"east":{"uv":[13,10,14,11],"texture":"#1","rotation":270}
}
},
{
"from":[8.5808,9.137,11.375],
"to":[9.2058,10.34013,16.75],
"rotation":{"origin":[8.955795,9.69952,-7.875],"axis":"z","angle":45},
"faces":{
"down":{"uv":[13,10,14,11],"texture":"#1"},
"north":{"uv":[13,10,14,11],"texture":"#1"},
"south":{"uv":[13,10,14,11],"texture":"#1"},
"east":{"uv":[13,10,14,11],"texture":"#1"}
}
},
{
"from":[8.3272,9.4786,11.375],
"to":[9.53032,9.9786,16.75],
"faces":{
"down":{"uv":[13,10,14,11],"texture":"#1","rotation":270},
"up":{"uv":[13,10,14,11],"texture":"#1","rotation":270},
"north":{"uv":[13,10,14,11],"texture":"#1","rotation":270},
"south":{"uv":[13,10,14,11],"texture":"#1","rotation":270},
"east":{"uv":[13,10,14,11],"texture":"#1","rotation":270}
}
},
{
"from":[8.3152,9.5076,11.375],
"to":[9.518331,10.1326,16.75],
"rotation":{"origin":[8.955795,9.75758,-7.875],"axis":"z","angle":45},
"faces":{
"down":{"uv":[13,10,14,11],"texture":"#1","rotation":270},
"north":{"uv":[13,10,14,11],"texture":"#1","rotation":270},
"south":{"uv":[13,10,14,11],"texture":"#1","rotation":270},
"east":{"uv":[13,10,14,11],"texture":"#1","rotation":270}
}
},
{
"from":[6.8853,6.2447,11.4868],
"to":[9.088419,6.8697,13.1118],
"rotation":{"origin":[8.176315,8.51617,3.236821],"axis":"x","angle":-22.5},
"faces":{
"up":{"uv":[13,10,14,11],"texture":"#1","rotation":270},
"south":{"uv":[13,10,14,11],"texture":"#1","rotation":270},
"west":{"uv":[13,10,14,11],"texture":"#1","rotation":270},
"east":{"uv":[13,10,14,11],"texture":"#1","rotation":270}
}
},
{
"from":[6.8853,10.274,12.9902],
"to":[9.088419,10.774,16.39645],
"faces":{
"up":{"uv":[13,10,14,11],"texture":"#1","rotation":270},
"north":{"uv":[13,10,14,11],"texture":"#1","rotation":270},
"south":{"uv":[13,10,14,11],"texture":"#1","rotation":270},
"west":{"uv":[13,10,14,11],"texture":"#1","rotation":270},
"east":{"uv":[13,10,14,11],"texture":"#1","rotation":270}
}
},
{
"from":[6.8853,15.5004,19.977],
"to":[9.088419,16.1254,20.477],
"rotation":{"origin":[8.176315,17.77189,11.72703],"axis":"x","angle":45},
"faces":{
"up":{"uv":[13,10,14,11],"texture":"#1","rotation":270},
"west":{"uv":[13,10,14,11],"texture":"#1","rotation":270},
"east":{"uv":[13,10,14,11],"texture":"#1","rotation":270}
}
},
{
"from":[8.0723,9.4786,-8],
"to":[9.27542,9.9786,12.75],
"faces":{
"down":{"uv":[11,13,12,14],"texture":"#0","rotation":270},
"up":{"uv":[11,13,12,14],"texture":"#0","rotation":270},
"north":{"uv":[11,13,12,14],"texture":"#0","rotation":270},
"south":{"uv":[11,13,12,14],"texture":"#0","rotation":270},
"west":{"uv":[11,13,12,14],"texture":"#0","rotation":270},
"east":{"uv":[11,13,12,14],"texture":"#0","rotation":270}
}
},
{
"from":[8.466499,7.9495,-9.625],
"to":[8.591499,8.449499,19],
"rotation":{"origin":[8.029025,8.19952,-7.875],"axis":"z","angle":-45},
"faces":{
"north":{"uv":[10,6,11,7],"texture":"#1","rotation":270},
"west":{"uv":[10,6,11,7],"texture":"#1","rotation":270},
"east":{"uv":[10,6,11,7],"texture":"#1","rotation":270}
}
},
{
"from":[7.4085,8.0076,-9.625],
"to":[7.5335,8.5076,19],
"rotation":{"origin":[7.970975,8.25758,-7.875],"axis":"z","angle":-45},
"faces":{
"north":{"uv":[10,6,11,7],"texture":"#1","rotation":270},
"west":{"uv":[10,6,11,7],"texture":"#1","rotation":270},
"east":{"uv":[10,6,11,7],"texture":"#1","rotation":270}
}
},
{
"from":[7.75,7.625,-9.625],
"to":[8.25,7.75,19],
"faces":{
"down":{"uv":[10,6,11,7],"texture":"#1"},
"up":{"uv":[10,6,11,7],"texture":"#1"},
"north":{"uv":[10,6,11,7],"texture":"#1"},
"west":{"uv":[10,6,11,7],"texture":"#1"},
"east":{"uv":[10,6,11,7],"texture":"#1"}
}
},
{
"from":[7.75,8.7071,-9.625],
"to":[8.25,8.8321,19],
"faces":{
"down":{"uv":[10,6,11,7],"texture":"#1"},
"up":{"uv":[10,6,11,7],"texture":"#1"},
"north":{"uv":[10,6,11,7],"texture":"#1"},
"west":{"uv":[10,6,11,7],"texture":"#1"},
"east":{"uv":[10,6,11,7],"texture":"#1"}
}
},
{
"from":[7.779,8.6951,-9.625],
"to":[8.278999,8.8201,19],
"rotation":{"origin":[8.029025,8.25758,-7.875],"axis":"z","angle":-45},
"faces":{
"down":{"uv":[10,6,11,7],"texture":"#1"},
"up":{"uv":[10,6,11,7],"texture":"#1"},
"north":{"uv":[10,6,11,7],"texture":"#1"}
}
},
{
"from":[7.721,7.637,-9.625],
"to":[8.221,7.762,19],
"rotation":{"origin":[7.970975,8.19952,-7.875],"axis":"z","angle":-45},
"faces":{
"down":{"uv":[10,6,11,7],"texture":"#1"},
"up":{"uv":[10,6,11,7],"texture":"#1"},
"north":{"uv":[10,6,11,7],"texture":"#1"}
}
},
{
"from":[8.4786,7.9786,-9.625],
"to":[8.6036,8.4786,19],
"faces":{
"down":{"uv":[10,6,11,7],"texture":"#1","rotation":270},
"up":{"uv":[10,6,11,7],"texture":"#1","rotation":270},
"north":{"uv":[10,6,11,7],"texture":"#1","rotation":270},
"west":{"uv":[10,6,11,7],"texture":"#1","rotation":270},
"east":{"uv":[10,6,11,7],"texture":"#1","rotation":270}
}
},
{
"from":[7.3964,7.9786,-9.625],
"to":[7.5214,8.4786,19],
"faces":{
"down":{"uv":[10,6,11,7],"texture":"#1","rotation":270},
"up":{"uv":[10,6,11,7],"texture":"#1","rotation":270},
"north":{"uv":[10,6,11,7],"texture":"#1","rotation":270},
"west":{"uv":[10,6,11,7],"texture":"#1","rotation":270},
"east":{"uv":[10,6,11,7],"texture":"#1","rotation":270}
}
},
{
"from":[8.466499,7.9495,-9.625],
"to":[8.591499,8.449499,19],
"rotation":{"origin":[8.029025,8.19952,-7.875],"axis":"z","angle":-45},
"faces":{
"north":{"uv":[10,6,11,7],"texture":"#1","rotation":270},
"west":{"uv":[10,6,11,7],"texture":"#1","rotation":270},
"east":{"uv":[10,6,11,7],"texture":"#1","rotation":270}
}
},
{
"from":[7.625,8.8321,-9],
"to":[8.375,9.11335,4.25],
"faces":{
"down":{"uv":[11,13,12,14],"texture":"#0"},
"up":{"uv":[11,13,12,14],"texture":"#0"},
"north":{"uv":[11,13,12,14],"texture":"#0"},
"west":{"uv":[11,13,12,14],"texture":"#0"},
"east":{"uv":[11,13,12,14],"texture":"#0"}
}
},
{
"from":[8.2926,8.5743,-9],
"to":[8.6676,8.98055,4.25],
"rotation":{"origin":[8.667635,8.83993,5],"axis":"z","angle":-22.5},
"faces":{
"down":{"uv":[11,13,12,14],"texture":"#0"},
"up":{"uv":[11,13,12,14],"texture":"#0"},
"north":{"uv":[11,13,12,14],"texture":"#0"},
"south":{"uv":[11,13,12,14],"texture":"#0"},
"west":{"uv":[11,13,12,14],"texture":"#0"},
"east":{"uv":[11,13,12,14],"texture":"#0"}
}
},
{
"from":[7.3324,8.5743,-9],
"to":[7.7074,8.98055,4.25],
"rotation":{"origin":[7.332365,8.83993,5],"axis":"z","angle":22.5},
"faces":{
"down":{"uv":[11,13,12,14],"texture":"#0"},
"up":{"uv":[11,13,12,14],"texture":"#0"},
"north":{"uv":[11,13,12,14],"texture":"#0"},
"south":{"uv":[11,13,12,14],"texture":"#0"},
"west":{"uv":[11,13,12,14],"texture":"#0"},
"east":{"uv":[11,13,12,14],"texture":"#0"}
}
},
{
"from":[8.512199,8.2146,-9],
"to":[8.887199,8.74585,4.25],
"rotation":{"origin":[8.887185,8.60525,5],"axis":"z","angle":-45},
"faces":{
"down":{"uv":[11,13,12,14],"texture":"#0"},
"up":{"uv":[11,13,12,14],"texture":"#0"},
"north":{"uv":[11,13,12,14],"texture":"#0"},
"south":{"uv":[11,13,12,14],"texture":"#0"},
"west":{"uv":[11,13,12,14],"texture":"#0"},
"east":{"uv":[11,13,12,14],"texture":"#0"}
}
},
{
"from":[7.003,8.4798,-9],
"to":[7.378,9.01105,4.25],
"rotation":{"origin":[7.377985,8.87041,5],"axis":"z","angle":45},
"faces":{
"down":{"uv":[11,13,12,14],"texture":"#0"},
"up":{"uv":[11,13,12,14],"texture":"#0"},
"north":{"uv":[11,13,12,14],"texture":"#0"},
"south":{"uv":[11,13,12,14],"texture":"#0"},
"west":{"uv":[11,13,12,14],"texture":"#0"},
"east":{"uv":[11,13,12,14],"texture":"#0"}
}
},
{
"from":[7.0027,8.2759,-9],
"to":[7.53395,8.6509,4.25],
"rotation":{"origin":[7.143305,8.65087,5],"axis":"z","angle":-22.5},
"faces":{
"down":{"uv":[11,13,12,14],"texture":"#0","rotation":90},
"up":{"uv":[11,13,12,14],"texture":"#0","rotation":90},
"north":{"uv":[11,13,12,14],"texture":"#0","rotation":90},
"south":{"uv":[11,13,12,14],"texture":"#0","rotation":90},
"west":{"uv":[11,13,12,14],"texture":"#0","rotation":90},
"east":{"uv":[11,13,12,14],"texture":"#0","rotation":90}
}
},
{
"from":[8.6096,8.304399,-9],
"to":[9.14085,8.679399,4.25],
"rotation":{"origin":[9.000205,8.30442,5],"axis":"z","angle":22.5},
"faces":{
"down":{"uv":[11,13,12,14],"texture":"#0","rotation":90},
"up":{"uv":[11,13,12,14],"texture":"#0","rotation":90},
"north":{"uv":[11,13,12,14],"texture":"#0","rotation":90},
"south":{"uv":[11,13,12,14],"texture":"#0","rotation":90},
"west":{"uv":[11,13,12,14],"texture":"#0","rotation":90},
"east":{"uv":[11,13,12,14],"texture":"#0","rotation":90}
}
},
{
"from":[6.8699,7.1082,-9],
"to":[7.40115,8.3582,-7.375],
"faces":{
"down":{"uv":[11,13,12,14],"texture":"#0","rotation":90},
"up":{"uv":[11,13,12,14],"texture":"#0","rotation":90},
"north":{"uv":[11,13,12,14],"texture":"#0","rotation":90},
"west":{"uv":[11,13,12,14],"texture":"#0","rotation":90},
"east":{"uv":[11,13,12,14],"texture":"#0","rotation":90}
}
},
{
"from":[8.5989,7.1082,-9],
"to":[9.13015,8.3582,-7.375],
"faces":{
"down":{"uv":[11,13,12,14],"texture":"#0","rotation":90},
"up":{"uv":[11,13,12,14],"texture":"#0","rotation":90},
"north":{"uv":[11,13,12,14],"texture":"#0","rotation":90},
"west":{"uv":[11,13,12,14],"texture":"#0","rotation":90},
"east":{"uv":[11,13,12,14],"texture":"#0","rotation":90}
}
},
{
"from":[6.9949,15.9208,-12.9092],
"to":[7.27615,16.5458,-12.4092],
"rotation":{"origin":[7.010495,16.54579,1.09084],"axis":"x","angle":-45},
"faces":{
"down":{"uv":[11,13,12,14],"texture":"#0","rotation":90},
"up":{"uv":[11,13,12,14],"texture":"#0","rotation":90},
"north":{"uv":[11,13,12,14],"texture":"#0","rotation":90},
"south":{"uv":[11,13,12,14],"texture":"#0","rotation":90},
"west":{"uv":[11,13,12,14],"texture":"#0","rotation":90},
"east":{"uv":[11,13,12,14],"texture":"#0","rotation":90}
}
},
{
"from":[8.8489,11.9658,-10.0657],
"to":[9.13015,12.4658,-9.4407],
"rotation":{"origin":[7.010495,12.4658,3.93431],"axis":"x","angle":-22.5},
"faces":{
"down":{"uv":[11,13,12,14],"texture":"#0","rotation":90},
"north":{"uv":[11,13,12,14],"texture":"#0","rotation":90},
"south":{"uv":[11,13,12,14],"texture":"#0","rotation":90},
"west":{"uv":[11,13,12,14],"texture":"#0","rotation":90},
"east":{"uv":[11,13,12,14],"texture":"#0","rotation":90}
}
},
{
"from":[6.8699,11.9658,-10.0657],
"to":[8.90115,12.4658,-9.4407],
"rotation":{"origin":[7.010495,12.4658,3.93431],"axis":"x","angle":-22.5},
"faces":{
"down":{"uv":[11,13,12,14],"texture":"#0","rotation":90},
"up":{"uv":[11,13,12,14],"texture":"#0","rotation":90},
"north":{"uv":[11,13,12,14],"texture":"#0","rotation":90},
"south":{"uv":[11,13,12,14],"texture":"#0","rotation":90},
"west":{"uv":[11,13,12,14],"texture":"#0","rotation":90},
"east":{"uv":[11,13,12,14],"texture":"#0","rotation":90}
}
},
{
"from":[7.2239,15.9208,-12.9092],
"to":[9.00515,16.5458,-12.4092],
"rotation":{"origin":[7.010495,16.54579,1.09084],"axis":"x","angle":-45},
"faces":{
"down":{"uv":[11,13,12,14],"texture":"#0","rotation":90},
"up":{"uv":[11,13,12,14],"texture":"#0","rotation":90},
"north":{"uv":[11,13,12,14],"texture":"#0","rotation":90},
"south":{"uv":[11,13,12,14],"texture":"#0","rotation":90},
"west":{"uv":[11,13,12,14],"texture":"#0","rotation":90},
"east":{"uv":[11,13,12,14],"texture":"#0","rotation":90}
}
},
{
"from":[6.8699,6.4895,-8.3813],
"to":[7.15115,7.1145,-7.3813],
"faces":{
"down":{"uv":[11,13,12,14],"texture":"#0","rotation":90},
"north":{"uv":[11,13,12,14],"texture":"#0","rotation":90},
"south":{"uv":[11,13,12,14],"texture":"#0","rotation":90},
"west":{"uv":[11,13,12,14],"texture":"#0","rotation":90},
"east":{"uv":[11,13,12,14],"texture":"#0","rotation":90}
}
},
{
"from":[8.8489,6.4895,-8.3813],
"to":[9.13015,7.1145,-7.3813],
"faces":{
"down":{"uv":[11,13,12,14],"texture":"#0","rotation":90},
"north":{"uv":[11,13,12,14],"texture":"#0","rotation":90},
"south":{"uv":[11,13,12,14],"texture":"#0","rotation":90},
"west":{"uv":[11,13,12,14],"texture":"#0","rotation":90},
"east":{"uv":[11,13,12,14],"texture":"#0","rotation":90}
}
},
{
"from":[6.3808,5.8232,-8.3813],
"to":[7.28705,6.4482,-7.3813],
"rotation":{"origin":[6.521445,7.69818,4.993721],"axis":"z","angle":22.5},
"faces":{
"down":{"uv":[11,13,12,14],"texture":"#0","rotation":90},
"up":{"uv":[11,13,12,14],"texture":"#0","rotation":90},
"north":{"uv":[11,13,12,14],"texture":"#0","rotation":90},
"south":{"uv":[11,13,12,14],"texture":"#0","rotation":90},
"west":{"uv":[11,13,12,14],"texture":"#0","rotation":90}
}
},
{
"from":[8.4629,5.8232,-8.3813],
"to":[9.61915,6.4482,-7.3813],
"rotation":{"origin":[9.478555,7.69818,4.993721],"axis":"z","angle":-22.5},
"faces":{
"down":{"uv":[11,13,12,14],"texture":"#0","rotation":90},
"up":{"uv":[11,13,12,14],"texture":"#0","rotation":90},
"north":{"uv":[11,13,12,14],"texture":"#0","rotation":90},
"south":{"uv":[11,13,12,14],"texture":"#0","rotation":90},
"east":{"uv":[11,13,12,14],"texture":"#0","rotation":90}
}
},
{
"from":[9.0348,5.0204,-8.3813],
"to":[9.81605,5.6454,-7.3813],
"rotation":{"origin":[9.675395,6.89541,4.993721],"axis":"z","angle":-45},
"faces":{
"up":{"uv":[11,13,12,14],"texture":"#0","rotation":90},
"north":{"uv":[11,13,12,14],"texture":"#0","rotation":90},
"south":{"uv":[11,13,12,14],"texture":"#0","rotation":90},
"east":{"uv":[11,13,12,14],"texture":"#0","rotation":90}
}
},
{
"from":[6.184,5.0204,-8.3813],
"to":[7.21525,5.6454,-7.3813],
"rotation":{"origin":[6.324605,6.89541,4.993721],"axis":"z","angle":45},
"faces":{
"up":{"uv":[11,13,12,14],"texture":"#0","rotation":90},
"north":{"uv":[11,13,12,14],"texture":"#0","rotation":90},
"south":{"uv":[11,13,12,14],"texture":"#0","rotation":90},
"west":{"uv":[11,13,12,14],"texture":"#0","rotation":90}
}
},
{
"from":[7.574,5.4702,-8.3813],
"to":[8.448999,7.62645,-7.3813],
"faces":{
"down":{"uv":[11,13,12,14],"texture":"#0","rotation":180},
"north":{"uv":[11,13,12,14],"texture":"#0","rotation":180},
"south":{"uv":[11,13,12,14],"texture":"#0","rotation":180},
"west":{"uv":[11,13,12,14],"texture":"#0","rotation":180},
"east":{"uv":[11,13,12,14],"texture":"#0","rotation":180}
}
},
{
"from":[7.3489,7.1082,-9],
"to":[8.63015,7.7332,-7.375],
"faces":{
"down":{"uv":[11,13,12,14],"texture":"#0","rotation":90},
"up":{"uv":[11,13,12,14],"texture":"#0","rotation":90},
"north":{"uv":[11,13,12,14],"texture":"#0","rotation":90},
"south":{"uv":[11,13,12,14],"texture":"#0","rotation":90}
}
},
{
"from":[7.8489,7.9832,-9],
"to":[8.63015,8.3582,-7.375],
"rotation":{"origin":[8.989505,8.35823,5],"axis":"z","angle":45},
"faces":{
"down":{"uv":[11,13,12,14],"texture":"#0","rotation":90},
"up":{"uv":[11,13,12,14],"texture":"#0","rotation":90},
"north":{"uv":[11,13,12,14],"texture":"#0","rotation":90},
"south":{"uv":[11,13,12,14],"texture":"#0","rotation":90}
}
},
{
"from":[8.0989,6.6082,-9],
"to":[8.75515,6.983199,-7.375],
"rotation":{"origin":[8.989505,8.35823,5],"axis":"z","angle":-45},
"faces":{
"down":{"uv":[11,13,12,14],"texture":"#0","rotation":90},
"up":{"uv":[11,13,12,14],"texture":"#0","rotation":90},
"north":{"uv":[11,13,12,14],"texture":"#0","rotation":90},
"south":{"uv":[11,13,12,14],"texture":"#0","rotation":90}
}
},
{
"from":[8.5989,6.8582,-7.375],
"to":[9.13015,8.3582,-6.375],
"faces":{
"down":{"uv":[11,13,12,14],"texture":"#0","rotation":90},
"up":{"uv":[11,13,12,14],"texture":"#0","rotation":90},
"north":{"uv":[11,13,12,14],"texture":"#0","rotation":90},
"south":{"uv":[11,13,12,14],"texture":"#0","rotation":90},
"west":{"uv":[11,13,12,14],"texture":"#0","rotation":90},
"east":{"uv":[11,13,12,14],"texture":"#0","rotation":90}
}
},
{
"from":[6.8699,6.8582,-7.375],
"to":[7.40115,8.3582,-6.375],
"faces":{
"down":{"uv":[11,13,12,14],"texture":"#0","rotation":90},
"up":{"uv":[11,13,12,14],"texture":"#0","rotation":90},
"north":{"uv":[11,13,12,14],"texture":"#0","rotation":90},
"south":{"uv":[11,13,12,14],"texture":"#0","rotation":90},
"west":{"uv":[11,13,12,14],"texture":"#0","rotation":90},
"east":{"uv":[11,13,12,14],"texture":"#0","rotation":90}
}
},
{
"from":[6.8287,6.0827,-7.375],
"to":[7.35995,6.9577,-6.375],
"rotation":{"origin":[6.969315,6.95767,7.125],"axis":"z","angle":45},
"faces":{
"north":{"uv":[11,13,12,14],"texture":"#0","rotation":90},
"south":{"uv":[11,13,12,14],"texture":"#0","rotation":90},
"west":{"uv":[11,13,12,14],"texture":"#0","rotation":90},
"east":{"uv":[11,13,12,14],"texture":"#0","rotation":90}
}
},
{
"from":[9.2197,7.482,-7.375],
"to":[9.75095,8.357,-6.375],
"rotation":{"origin":[7.631325,8.35703,7.125],"axis":"z","angle":-45},
"faces":{
"north":{"uv":[11,13,12,14],"texture":"#0","rotation":90},
"south":{"uv":[11,13,12,14],"texture":"#0","rotation":90},
"west":{"uv":[11,13,12,14],"texture":"#0","rotation":90},
"east":{"uv":[11,13,12,14],"texture":"#0","rotation":90}
}
},
{
"from":[6.8287,6.0827,-5.625],
"to":[7.35995,6.9577,-5.375],
"rotation":{"origin":[6.969315,6.95767,8.625],"axis":"z","angle":45},
"faces":{
"north":{"uv":[11,13,12,14],"texture":"#0","rotation":90},
"south":{"uv":[11,13,12,14],"texture":"#0","rotation":90},
"west":{"uv":[11,13,12,14],"texture":"#0","rotation":90},
"east":{"uv":[11,13,12,14],"texture":"#0","rotation":90}
}
},
{
"from":[9.2197,7.482,-5.625],
"to":[9.75095,8.357,-5.375],
"rotation":{"origin":[7.631325,8.35703,8.625],"axis":"z","angle":-45},
"faces":{
"north":{"uv":[11,13,12,14],"texture":"#0","rotation":90},
"south":{"uv":[11,13,12,14],"texture":"#0","rotation":90},
"west":{"uv":[11,13,12,14],"texture":"#0","rotation":90},
"east":{"uv":[11,13,12,14],"texture":"#0","rotation":90}
}
},
{
"from":[8.5989,6.8582,-5.625],
"to":[9.13015,8.3582,-5.375],
"faces":{
"down":{"uv":[11,13,12,14],"texture":"#0","rotation":90},
"up":{"uv":[11,13,12,14],"texture":"#0","rotation":90},
"north":{"uv":[11,13,12,14],"texture":"#0","rotation":90},
"south":{"uv":[11,13,12,14],"texture":"#0","rotation":90},
"east":{"uv":[11,13,12,14],"texture":"#0","rotation":90}
}
},
{
"from":[6.8699,6.8582,-5.625],
"to":[7.40115,8.3582,-5.375],
"faces":{
"down":{"uv":[11,13,12,14],"texture":"#0","rotation":90},
"up":{"uv":[11,13,12,14],"texture":"#0","rotation":90},
"north":{"uv":[11,13,12,14],"texture":"#0","rotation":90},
"south":{"uv":[11,13,12,14],"texture":"#0","rotation":90},
"west":{"uv":[11,13,12,14],"texture":"#0","rotation":90}
}
},
{
"from":[8.5989,6.8582,-6.125],
"to":[9.13015,8.3582,-5.875],
"faces":{
"down":{"uv":[11,13,12,14],"texture":"#0","rotation":90},
"up":{"uv":[11,13,12,14],"texture":"#0","rotation":90},
"north":{"uv":[11,13,12,14],"texture":"#0","rotation":90},
"south":{"uv":[11,13,12,14],"texture":"#0","rotation":90},
"east":{"uv":[11,13,12,14],"texture":"#0","rotation":90}
}
},
{
"from":[6.8699,6.8582,-6.125],
"to":[7.40115,8.3582,-5.875],
"faces":{
"down":{"uv":[11,13,12,14],"texture":"#0","rotation":90},
"up":{"uv":[11,13,12,14],"texture":"#0","rotation":90},
"north":{"uv":[11,13,12,14],"texture":"#0","rotation":90},
"south":{"uv":[11,13,12,14],"texture":"#0","rotation":90},
"west":{"uv":[11,13,12,14],"texture":"#0","rotation":90}
}
},
{
"from":[6.8287,6.0827,-6.125],
"to":[7.35995,6.9577,-5.875],
"rotation":{"origin":[6.969315,6.95767,8.125],"axis":"z","angle":45},
"faces":{
"north":{"uv":[11,13,12,14],"texture":"#0","rotation":90},
"south":{"uv":[11,13,12,14],"texture":"#0","rotation":90},
"west":{"uv":[11,13,12,14],"texture":"#0","rotation":90},
"east":{"uv":[11,13,12,14],"texture":"#0","rotation":90}
}
},
{
"from":[9.2197,7.482,-6.125],
"to":[9.75095,8.357,-5.875],
"rotation":{"origin":[7.631325,8.35703,8.125],"axis":"z","angle":-45},
"faces":{
"north":{"uv":[11,13,12,14],"texture":"#0","rotation":90},
"south":{"uv":[11,13,12,14],"texture":"#0","rotation":90},
"west":{"uv":[11,13,12,14],"texture":"#0","rotation":90},
"east":{"uv":[11,13,12,14],"texture":"#0","rotation":90}
}
},
{
"from":[8.5989,6.8582,-5.125],
"to":[9.13015,8.3582,-4.875],
"faces":{
"down":{"uv":[11,13,12,14],"texture":"#0","rotation":90},
"up":{"uv":[11,13,12,14],"texture":"#0","rotation":90},
"north":{"uv":[11,13,12,14],"texture":"#0","rotation":90},
"south":{"uv":[11,13,12,14],"texture":"#0","rotation":90},
"east":{"uv":[11,13,12,14],"texture":"#0","rotation":90}
}
},
{
"from":[6.8699,6.8582,-5.125],
"to":[7.40115,8.3582,-4.875],
"faces":{
"down":{"uv":[11,13,12,14],"texture":"#0","rotation":90},
"up":{"uv":[11,13,12,14],"texture":"#0","rotation":90},
"north":{"uv":[11,13,12,14],"texture":"#0","rotation":90},
"south":{"uv":[11,13,12,14],"texture":"#0","rotation":90},
"west":{"uv":[11,13,12,14],"texture":"#0","rotation":90}
}
},
{
"from":[6.8287,6.0827,-5.125],
"to":[7.35995,6.9577,-4.875],
"rotation":{"origin":[6.969315,6.95767,9.125],"axis":"z","angle":45},
"faces":{
"north":{"uv":[11,13,12,14],"texture":"#0","rotation":90},
"south":{"uv":[11,13,12,14],"texture":"#0","rotation":90},
"west":{"uv":[11,13,12,14],"texture":"#0","rotation":90},
"east":{"uv":[11,13,12,14],"texture":"#0","rotation":90}
}
},
{
"from":[9.2197,7.482,-5.125],
"to":[9.75095,8.357,-4.875],
"rotation":{"origin":[7.631325,8.35703,9.125],"axis":"z","angle":-45},
"faces":{
"north":{"uv":[11,13,12,14],"texture":"#0","rotation":90},
"south":{"uv":[11,13,12,14],"texture":"#0","rotation":90},
"west":{"uv":[11,13,12,14],"texture":"#0","rotation":90},
"east":{"uv":[11,13,12,14],"texture":"#0","rotation":90}
}
},
{
"from":[6.8287,6.0827,-4.625],
"to":[7.35995,6.9577,-4.375],
"rotation":{"origin":[6.969315,6.95767,9.625],"axis":"z","angle":45},
"faces":{
"north":{"uv":[11,13,12,14],"texture":"#0","rotation":90},
"south":{"uv":[11,13,12,14],"texture":"#0","rotation":90},
"west":{"uv":[11,13,12,14],"texture":"#0","rotation":90},
"east":{"uv":[11,13,12,14],"texture":"#0","rotation":90}
}
},
{
"from":[9.2197,7.482,-4.625],
"to":[9.75095,8.357,-4.375],
"rotation":{"origin":[7.631325,8.35703,9.625],"axis":"z","angle":-45},
"faces":{
"north":{"uv":[11,13,12,14],"texture":"#0","rotation":90},
"south":{"uv":[11,13,12,14],"texture":"#0","rotation":90},
"west":{"uv":[11,13,12,14],"texture":"#0","rotation":90},
"east":{"uv":[11,13,12,14],"texture":"#0","rotation":90}
}
},
{
"from":[8.5989,6.8582,-4.625],
"to":[9.13015,8.3582,-4.375],
"faces":{
"down":{"uv":[11,13,12,14],"texture":"#0","rotation":90},
"up":{"uv":[11,13,12,14],"texture":"#0","rotation":90},
"north":{"uv":[11,13,12,14],"texture":"#0","rotation":90},
"south":{"uv":[11,13,12,14],"texture":"#0","rotation":90},
"east":{"uv":[11,13,12,14],"texture":"#0","rotation":90}
}
},
{
"from":[6.8699,6.8582,-4.625],
"to":[7.40115,8.3582,-4.375],
"faces":{
"down":{"uv":[11,13,12,14],"texture":"#0","rotation":90},
"up":{"uv":[11,13,12,14],"texture":"#0","rotation":90},
"north":{"uv":[11,13,12,14],"texture":"#0","rotation":90},
"south":{"uv":[11,13,12,14],"texture":"#0","rotation":90},
"west":{"uv":[11,13,12,14],"texture":"#0","rotation":90}
}
},
{
"from":[6.8287,6.0827,-3.625],
"to":[7.35995,6.9577,-3.375],
"rotation":{"origin":[6.969315,6.95767,10.625],"axis":"z","angle":45},
"faces":{
"north":{"uv":[11,13,12,14],"texture":"#0","rotation":90},
"south":{"uv":[11,13,12,14],"texture":"#0","rotation":90},
"west":{"uv":[11,13,12,14],"texture":"#0","rotation":90},
"east":{"uv":[11,13,12,14],"texture":"#0","rotation":90}
}
},
{
"from":[9.2197,7.482,-3.625],
"to":[9.75095,8.357,-3.375],
"rotation":{"origin":[7.631325,8.35703,10.625],"axis":"z","angle":-45},
"faces":{
"north":{"uv":[11,13,12,14],"texture":"#0","rotation":90},
"south":{"uv":[11,13,12,14],"texture":"#0","rotation":90},
"west":{"uv":[11,13,12,14],"texture":"#0","rotation":90},
"east":{"uv":[11,13,12,14],"texture":"#0","rotation":90}
}
},
{
"from":[8.5989,6.8582,-3.625],
"to":[9.13015,8.3582,-3.375],
"faces":{
"down":{"uv":[11,13,12,14],"texture":"#0","rotation":90},
"up":{"uv":[11,13,12,14],"texture":"#0","rotation":90},
"north":{"uv":[11,13,12,14],"texture":"#0","rotation":90},
"south":{"uv":[11,13,12,14],"texture":"#0","rotation":90},
"east":{"uv":[11,13,12,14],"texture":"#0","rotation":90}
}
},
{
"from":[6.8699,6.8582,-3.625],
"to":[7.40115,8.3582,-3.375],
"faces":{
"down":{"uv":[11,13,12,14],"texture":"#0","rotation":90},
"up":{"uv":[11,13,12,14],"texture":"#0","rotation":90},
"north":{"uv":[11,13,12,14],"texture":"#0","rotation":90},
"south":{"uv":[11,13,12,14],"texture":"#0","rotation":90},
"west":{"uv":[11,13,12,14],"texture":"#0","rotation":90}
}
},
{
"from":[8.5989,6.8582,-4.125],
"to":[9.13015,8.3582,-3.875],
"faces":{
"down":{"uv":[11,13,12,14],"texture":"#0","rotation":90},
"up":{"uv":[11,13,12,14],"texture":"#0","rotation":90},
"north":{"uv":[11,13,12,14],"texture":"#0","rotation":90},
"south":{"uv":[11,13,12,14],"texture":"#0","rotation":90},
"east":{"uv":[11,13,12,14],"texture":"#0","rotation":90}
}
},
{
"from":[6.8699,6.8582,-4.125],
"to":[7.40115,8.3582,-3.875],
"faces":{
"down":{"uv":[11,13,12,14],"texture":"#0","rotation":90},
"up":{"uv":[11,13,12,14],"texture":"#0","rotation":90},
"north":{"uv":[11,13,12,14],"texture":"#0","rotation":90},
"south":{"uv":[11,13,12,14],"texture":"#0","rotation":90},
"west":{"uv":[11,13,12,14],"texture":"#0","rotation":90}
}
},
{
"from":[6.8287,6.0827,-4.125],
"to":[7.35995,6.9577,-3.875],
"rotation":{"origin":[6.969315,6.95767,10.125],"axis":"z","angle":45},
"faces":{
"north":{"uv":[11,13,12,14],"texture":"#0","rotation":90},
"south":{"uv":[11,13,12,14],"texture":"#0","rotation":90},
"west":{"uv":[11,13,12,14],"texture":"#0","rotation":90},
"east":{"uv":[11,13,12,14],"texture":"#0","rotation":90}
}
},
{
"from":[9.2197,7.482,-4.125],
"to":[9.75095,8.357,-3.875],
"rotation":{"origin":[7.631325,8.35703,10.125],"axis":"z","angle":-45},
"faces":{
"north":{"uv":[11,13,12,14],"texture":"#0","rotation":90},
"south":{"uv":[11,13,12,14],"texture":"#0","rotation":90},
"west":{"uv":[11,13,12,14],"texture":"#0","rotation":90},
"east":{"uv":[11,13,12,14],"texture":"#0","rotation":90}
}
},
{
"from":[8.5989,6.8582,-3.125],
"to":[9.13015,8.3582,-2.875],
"faces":{
"down":{"uv":[11,13,12,14],"texture":"#0","rotation":90},
"up":{"uv":[11,13,12,14],"texture":"#0","rotation":90},
"north":{"uv":[11,13,12,14],"texture":"#0","rotation":90},
"south":{"uv":[11,13,12,14],"texture":"#0","rotation":90},
"east":{"uv":[11,13,12,14],"texture":"#0","rotation":90}
}
},
{
"from":[6.8699,6.8582,-3.125],
"to":[7.40115,8.3582,-2.875],
"faces":{
"down":{"uv":[11,13,12,14],"texture":"#0","rotation":90},
"up":{"uv":[11,13,12,14],"texture":"#0","rotation":90},
"north":{"uv":[11,13,12,14],"texture":"#0","rotation":90},
"south":{"uv":[11,13,12,14],"texture":"#0","rotation":90},
"west":{"uv":[11,13,12,14],"texture":"#0","rotation":90}
}
},
{
"from":[6.8287,6.0827,-3.125],
"to":[7.35995,6.9577,-2.875],
"rotation":{"origin":[6.969315,6.95767,11.125],"axis":"z","angle":45},
"faces":{
"north":{"uv":[11,13,12,14],"texture":"#0","rotation":90},
"south":{"uv":[11,13,12,14],"texture":"#0","rotation":90},
"west":{"uv":[11,13,12,14],"texture":"#0","rotation":90},
"east":{"uv":[11,13,12,14],"texture":"#0","rotation":90}
}
},
{
"from":[9.2197,7.482,-3.125],
"to":[9.75095,8.357,-2.875],
"rotation":{"origin":[7.631325,8.35703,11.125],"axis":"z","angle":-45},
"faces":{
"north":{"uv":[11,13,12,14],"texture":"#0","rotation":90},
"south":{"uv":[11,13,12,14],"texture":"#0","rotation":90},
"west":{"uv":[11,13,12,14],"texture":"#0","rotation":90},
"east":{"uv":[11,13,12,14],"texture":"#0","rotation":90}
}
},
{
"from":[6.8287,6.0827,-2.625],
"to":[7.35995,6.9577,-2.375],
"rotation":{"origin":[6.969315,6.95767,11.625],"axis":"z","angle":45},
"faces":{
"north":{"uv":[11,13,12,14],"texture":"#0","rotation":90},
"south":{"uv":[11,13,12,14],"texture":"#0","rotation":90},
"west":{"uv":[11,13,12,14],"texture":"#0","rotation":90},
"east":{"uv":[11,13,12,14],"texture":"#0","rotation":90}
}
},
{
"from":[9.2197,7.482,-2.625],
"to":[9.75095,8.357,-2.375],
"rotation":{"origin":[7.631325,8.35703,11.625],"axis":"z","angle":-45},
"faces":{
"north":{"uv":[11,13,12,14],"texture":"#0","rotation":90},
"south":{"uv":[11,13,12,14],"texture":"#0","rotation":90},
"west":{"uv":[11,13,12,14],"texture":"#0","rotation":90},
"east":{"uv":[11,13,12,14],"texture":"#0","rotation":90}
}
},
{
"from":[8.5989,6.8582,-2.625],
"to":[9.13015,8.3582,-2.375],
"faces":{
"down":{"uv":[11,13,12,14],"texture":"#0","rotation":90},
"up":{"uv":[11,13,12,14],"texture":"#0","rotation":90},
"north":{"uv":[11,13,12,14],"texture":"#0","rotation":90},
"south":{"uv":[11,13,12,14],"texture":"#0","rotation":90},
"east":{"uv":[11,13,12,14],"texture":"#0","rotation":90}
}
},
{
"from":[6.8699,6.8582,-2.625],
"to":[7.40115,8.3582,-2.375],
"faces":{
"down":{"uv":[11,13,12,14],"texture":"#0","rotation":90},
"up":{"uv":[11,13,12,14],"texture":"#0","rotation":90},
"north":{"uv":[11,13,12,14],"texture":"#0","rotation":90},
"south":{"uv":[11,13,12,14],"texture":"#0","rotation":90},
"west":{"uv":[11,13,12,14],"texture":"#0","rotation":90}
}
},
{
"from":[6.8287,6.0827,-1.625],
"to":[7.35995,6.9577,-1.375],
"rotation":{"origin":[6.969315,6.95767,12.625],"axis":"z","angle":45},
"faces":{
"north":{"uv":[11,13,12,14],"texture":"#0","rotation":90},
"south":{"uv":[11,13,12,14],"texture":"#0","rotation":90},
"west":{"uv":[11,13,12,14],"texture":"#0","rotation":90},
"east":{"uv":[11,13,12,14],"texture":"#0","rotation":90}
}
},
{
"from":[9.2197,7.482,-1.625],
"to":[9.75095,8.357,-1.375],
"rotation":{"origin":[7.631325,8.35703,12.625],"axis":"z","angle":-45},
"faces":{
"north":{"uv":[11,13,12,14],"texture":"#0","rotation":90},
"south":{"uv":[11,13,12,14],"texture":"#0","rotation":90},
"west":{"uv":[11,13,12,14],"texture":"#0","rotation":90},
"east":{"uv":[11,13,12,14],"texture":"#0","rotation":90}
}
},
{
"from":[8.5989,6.8582,-1.625],
"to":[9.13015,8.3582,-1.375],
"faces":{
"down":{"uv":[11,13,12,14],"texture":"#0","rotation":90},
"up":{"uv":[11,13,12,14],"texture":"#0","rotation":90},
"north":{"uv":[11,13,12,14],"texture":"#0","rotation":90},
"south":{"uv":[11,13,12,14],"texture":"#0","rotation":90},
"east":{"uv":[11,13,12,14],"texture":"#0","rotation":90}
}
},
{
"from":[6.8699,6.8582,-1.625],
"to":[7.40115,8.3582,-1.375],
"faces":{
"down":{"uv":[11,13,12,14],"texture":"#0","rotation":90},
"up":{"uv":[11,13,12,14],"texture":"#0","rotation":90},
"north":{"uv":[11,13,12,14],"texture":"#0","rotation":90},
"south":{"uv":[11,13,12,14],"texture":"#0","rotation":90},
"west":{"uv":[11,13,12,14],"texture":"#0","rotation":90}
}
},
{
"from":[8.5989,6.8582,-2.125],
"to":[9.13015,8.3582,-1.875],
"faces":{
"down":{"uv":[11,13,12,14],"texture":"#0","rotation":90},
"up":{"uv":[11,13,12,14],"texture":"#0","rotation":90},
"north":{"uv":[11,13,12,14],"texture":"#0","rotation":90},
"south":{"uv":[11,13,12,14],"texture":"#0","rotation":90},
"east":{"uv":[11,13,12,14],"texture":"#0","rotation":90}
}
},
{
"from":[6.8699,6.8582,-2.125],
"to":[7.40115,8.3582,-1.875],
"faces":{
"down":{"uv":[11,13,12,14],"texture":"#0","rotation":90},
"up":{"uv":[11,13,12,14],"texture":"#0","rotation":90},
"north":{"uv":[11,13,12,14],"texture":"#0","rotation":90},
"south":{"uv":[11,13,12,14],"texture":"#0","rotation":90},
"west":{"uv":[11,13,12,14],"texture":"#0","rotation":90}
}
},
{
"from":[6.8287,6.0827,-2.125],
"to":[7.35995,6.9577,-1.875],
"rotation":{"origin":[6.969315,6.95767,12.125],"axis":"z","angle":45},
"faces":{
"north":{"uv":[11,13,12,14],"texture":"#0","rotation":90},
"south":{"uv":[11,13,12,14],"texture":"#0","rotation":90},
"west":{"uv":[11,13,12,14],"texture":"#0","rotation":90},
"east":{"uv":[11,13,12,14],"texture":"#0","rotation":90}
}
},
{
"from":[9.2197,7.482,-2.125],
"to":[9.75095,8.357,-1.875],
"rotation":{"origin":[7.631325,8.35703,12.125],"axis":"z","angle":-45},
"faces":{
"north":{"uv":[11,13,12,14],"texture":"#0","rotation":90},
"south":{"uv":[11,13,12,14],"texture":"#0","rotation":90},
"west":{"uv":[11,13,12,14],"texture":"#0","rotation":90},
"east":{"uv":[11,13,12,14],"texture":"#0","rotation":90}
}
},
{
"from":[8.5989,6.8582,-1.125],
"to":[9.13015,8.3582,-0.875],
"faces":{
"down":{"uv":[11,13,12,14],"texture":"#0","rotation":90},
"up":{"uv":[11,13,12,14],"texture":"#0","rotation":90},
"north":{"uv":[11,13,12,14],"texture":"#0","rotation":90},
"south":{"uv":[11,13,12,14],"texture":"#0","rotation":90},
"east":{"uv":[11,13,12,14],"texture":"#0","rotation":90}
}
},
{
"from":[6.8699,6.8582,-1.125],
"to":[7.40115,8.3582,-0.875],
"faces":{
"down":{"uv":[11,13,12,14],"texture":"#0","rotation":90},
"up":{"uv":[11,13,12,14],"texture":"#0","rotation":90},
"north":{"uv":[11,13,12,14],"texture":"#0","rotation":90},
"south":{"uv":[11,13,12,14],"texture":"#0","rotation":90},
"west":{"uv":[11,13,12,14],"texture":"#0","rotation":90}
}
},
{
"from":[6.8287,6.0827,-1.125],
"to":[7.35995,6.9577,-0.875],
"rotation":{"origin":[6.969315,6.95767,13.125],"axis":"z","angle":45},
"faces":{
"north":{"uv":[11,13,12,14],"texture":"#0","rotation":90},
"south":{"uv":[11,13,12,14],"texture":"#0","rotation":90},
"west":{"uv":[11,13,12,14],"texture":"#0","rotation":90},
"east":{"uv":[11,13,12,14],"texture":"#0","rotation":90}
}
},
{
"from":[9.2197,7.482,-1.125],
"to":[9.75095,8.357,-0.875],
"rotation":{"origin":[7.631325,8.35703,13.125],"axis":"z","angle":-45},
"faces":{
"north":{"uv":[11,13,12,14],"texture":"#0","rotation":90},
"south":{"uv":[11,13,12,14],"texture":"#0","rotation":90},
"west":{"uv":[11,13,12,14],"texture":"#0","rotation":90},
"east":{"uv":[11,13,12,14],"texture":"#0","rotation":90}
}
},
{
"from":[6.8287,6.0827,-0.625],
"to":[7.35995,6.9577,-0.375],
"rotation":{"origin":[6.969315,6.95767,13.625],"axis":"z","angle":45},
"faces":{
"north":{"uv":[11,13,12,14],"texture":"#0","rotation":90},
"south":{"uv":[11,13,12,14],"texture":"#0","rotation":90},
"west":{"uv":[11,13,12,14],"texture":"#0","rotation":90},
"east":{"uv":[11,13,12,14],"texture":"#0","rotation":90}
}
},
{
"from":[9.2197,7.482,-0.625],
"to":[9.75095,8.357,-0.375],
"rotation":{"origin":[7.631325,8.35703,13.625],"axis":"z","angle":-45},
"faces":{
"north":{"uv":[11,13,12,14],"texture":"#0","rotation":90},
"south":{"uv":[11,13,12,14],"texture":"#0","rotation":90},
"west":{"uv":[11,13,12,14],"texture":"#0","rotation":90},
"east":{"uv":[11,13,12,14],"texture":"#0","rotation":90}
}
},
{
"from":[8.5989,6.8582,-0.625],
"to":[9.13015,8.3582,-0.375],
"faces":{
"down":{"uv":[11,13,12,14],"texture":"#0","rotation":90},
"up":{"uv":[11,13,12,14],"texture":"#0","rotation":90},
"north":{"uv":[11,13,12,14],"texture":"#0","rotation":90},
"south":{"uv":[11,13,12,14],"texture":"#0","rotation":90},
"east":{"uv":[11,13,12,14],"texture":"#0","rotation":90}
}
},
{
"from":[6.8699,6.8582,-0.625],
"to":[7.40115,8.3582,-0.375],
"faces":{
"down":{"uv":[11,13,12,14],"texture":"#0","rotation":90},
"up":{"uv":[11,13,12,14],"texture":"#0","rotation":90},
"north":{"uv":[11,13,12,14],"texture":"#0","rotation":90},
"south":{"uv":[11,13,12,14],"texture":"#0","rotation":90},
"west":{"uv":[11,13,12,14],"texture":"#0","rotation":90}
}
},
{
"from":[6.8287,6.0827,0.375],
"to":[7.35995,6.9577,0.625],
"rotation":{"origin":[6.969315,6.95767,14.625],"axis":"z","angle":45},
"faces":{
"north":{"uv":[11,13,12,14],"texture":"#0","rotation":90},
"south":{"uv":[11,13,12,14],"texture":"#0","rotation":90},
"west":{"uv":[11,13,12,14],"texture":"#0","rotation":90},
"east":{"uv":[11,13,12,14],"texture":"#0","rotation":90}
}
},
{
"from":[9.2197,7.482,0.375],
"to":[9.75095,8.357,0.625],
"rotation":{"origin":[7.631325,8.35703,14.625],"axis":"z","angle":-45},
"faces":{
"north":{"uv":[11,13,12,14],"texture":"#0","rotation":90},
"south":{"uv":[11,13,12,14],"texture":"#0","rotation":90},
"west":{"uv":[11,13,12,14],"texture":"#0","rotation":90},
"east":{"uv":[11,13,12,14],"texture":"#0","rotation":90}
}
},
{
"from":[8.5989,6.8582,0.375],
"to":[9.13015,8.3582,0.625],
"faces":{
"down":{"uv":[11,13,12,14],"texture":"#0","rotation":90},
"up":{"uv":[11,13,12,14],"texture":"#0","rotation":90},
"north":{"uv":[11,13,12,14],"texture":"#0","rotation":90},
"south":{"uv":[11,13,12,14],"texture":"#0","rotation":90},
"east":{"uv":[11,13,12,14],"texture":"#0","rotation":90}
}
},
{
"from":[6.8699,6.8582,0.375],
"to":[7.40115,8.3582,0.625],
"faces":{
"down":{"uv":[11,13,12,14],"texture":"#0","rotation":90},
"up":{"uv":[11,13,12,14],"texture":"#0","rotation":90},
"north":{"uv":[11,13,12,14],"texture":"#0","rotation":90},
"south":{"uv":[11,13,12,14],"texture":"#0","rotation":90},
"west":{"uv":[11,13,12,14],"texture":"#0","rotation":90}
}
},
{
"from":[8.5989,6.8582,-0.125],
"to":[9.13015,8.3582,0.125],
"faces":{
"down":{"uv":[11,13,12,14],"texture":"#0","rotation":90},
"up":{"uv":[11,13,12,14],"texture":"#0","rotation":90},
"north":{"uv":[11,13,12,14],"texture":"#0","rotation":90},
"south":{"uv":[11,13,12,14],"texture":"#0","rotation":90},
"east":{"uv":[11,13,12,14],"texture":"#0","rotation":90}
}
},
{
"from":[6.8699,6.8582,-0.125],
"to":[7.40115,8.3582,0.125],
"faces":{
"down":{"uv":[11,13,12,14],"texture":"#0","rotation":90},
"up":{"uv":[11,13,12,14],"texture":"#0","rotation":90},
"north":{"uv":[11,13,12,14],"texture":"#0","rotation":90},
"south":{"uv":[11,13,12,14],"texture":"#0","rotation":90},
"west":{"uv":[11,13,12,14],"texture":"#0","rotation":90}
}
},
{
"from":[6.8287,6.0827,-0.125],
"to":[7.35995,6.9577,0.125],
"rotation":{"origin":[6.969315,6.95767,14.125],"axis":"z","angle":45},
"faces":{
"north":{"uv":[11,13,12,14],"texture":"#0","rotation":90},
"south":{"uv":[11,13,12,14],"texture":"#0","rotation":90},
"west":{"uv":[11,13,12,14],"texture":"#0","rotation":90},
"east":{"uv":[11,13,12,14],"texture":"#0","rotation":90}
}
},
{
"from":[9.2197,7.482,-0.125],
"to":[9.75095,8.357,0.125],
"rotation":{"origin":[7.631325,8.35703,14.125],"axis":"z","angle":-45},
"faces":{
"north":{"uv":[11,13,12,14],"texture":"#0","rotation":90},
"south":{"uv":[11,13,12,14],"texture":"#0","rotation":90},
"west":{"uv":[11,13,12,14],"texture":"#0","rotation":90},
"east":{"uv":[11,13,12,14],"texture":"#0","rotation":90}
}
},
{
"from":[8.5989,6.8582,0.875],
"to":[9.13015,8.3582,1.125],
"faces":{
"down":{"uv":[11,13,12,14],"texture":"#0","rotation":90},
"up":{"uv":[11,13,12,14],"texture":"#0","rotation":90},
"north":{"uv":[11,13,12,14],"texture":"#0","rotation":90},
"south":{"uv":[11,13,12,14],"texture":"#0","rotation":90},
"east":{"uv":[11,13,12,14],"texture":"#0","rotation":90}
}
},
{
"from":[6.8699,6.8582,0.875],
"to":[7.40115,8.3582,1.125],
"faces":{
"down":{"uv":[11,13,12,14],"texture":"#0","rotation":90},
"up":{"uv":[11,13,12,14],"texture":"#0","rotation":90},
"north":{"uv":[11,13,12,14],"texture":"#0","rotation":90},
"south":{"uv":[11,13,12,14],"texture":"#0","rotation":90},
"west":{"uv":[11,13,12,14],"texture":"#0","rotation":90}
}
},
{
"from":[6.8287,6.0827,0.875],
"to":[7.35995,6.9577,1.125],
"rotation":{"origin":[6.969315,6.95767,15.125],"axis":"z","angle":45},
"faces":{
"north":{"uv":[11,13,12,14],"texture":"#0","rotation":90},
"south":{"uv":[11,13,12,14],"texture":"#0","rotation":90},
"west":{"uv":[11,13,12,14],"texture":"#0","rotation":90},
"east":{"uv":[11,13,12,14],"texture":"#0","rotation":90}
}
},
{
"from":[9.2197,7.482,0.875],
"to":[9.75095,8.357,1.125],
"rotation":{"origin":[7.631325,8.35703,15.125],"axis":"z","angle":-45},
"faces":{
"north":{"uv":[11,13,12,14],"texture":"#0","rotation":90},
"south":{"uv":[11,13,12,14],"texture":"#0","rotation":90},
"west":{"uv":[11,13,12,14],"texture":"#0","rotation":90},
"east":{"uv":[11,13,12,14],"texture":"#0","rotation":90}
}
},
{
"from":[6.8287,6.0827,1.375],
"to":[7.35995,6.9577,1.625],
"rotation":{"origin":[6.969315,6.95767,15.625],"axis":"z","angle":45},
"faces":{
"north":{"uv":[11,13,12,14],"texture":"#0","rotation":90},
"south":{"uv":[11,13,12,14],"texture":"#0","rotation":90},
"west":{"uv":[11,13,12,14],"texture":"#0","rotation":90},
"east":{"uv":[11,13,12,14],"texture":"#0","rotation":90}
}
},
{
"from":[9.2197,7.482,1.375],
"to":[9.75095,8.357,1.625],
"rotation":{"origin":[7.631325,8.35703,15.625],"axis":"z","angle":-45},
"faces":{
"north":{"uv":[11,13,12,14],"texture":"#0","rotation":90},
"south":{"uv":[11,13,12,14],"texture":"#0","rotation":90},
"west":{"uv":[11,13,12,14],"texture":"#0","rotation":90},
"east":{"uv":[11,13,12,14],"texture":"#0","rotation":90}
}
},
{
"from":[8.5989,6.8582,1.375],
"to":[9.13015,8.3582,1.625],
"faces":{
"down":{"uv":[11,13,12,14],"texture":"#0","rotation":90},
"up":{"uv":[11,13,12,14],"texture":"#0","rotation":90},
"north":{"uv":[11,13,12,14],"texture":"#0","rotation":90},
"south":{"uv":[11,13,12,14],"texture":"#0","rotation":90},
"east":{"uv":[11,13,12,14],"texture":"#0","rotation":90}
}
},
{
"from":[6.8699,6.8582,1.375],
"to":[7.40115,8.3582,1.625],
"faces":{
"down":{"uv":[11,13,12,14],"texture":"#0","rotation":90},
"up":{"uv":[11,13,12,14],"texture":"#0","rotation":90},
"north":{"uv":[11,13,12,14],"texture":"#0","rotation":90},
"south":{"uv":[11,13,12,14],"texture":"#0","rotation":90},
"west":{"uv":[11,13,12,14],"texture":"#0","rotation":90}
}
},
{
"from":[6.8287,6.0827,2.375],
"to":[7.35995,6.9577,2.625],
"rotation":{"origin":[6.969315,6.95767,16.625],"axis":"z","angle":45},
"faces":{
"north":{"uv":[11,13,12,14],"texture":"#0","rotation":90},
"south":{"uv":[11,13,12,14],"texture":"#0","rotation":90},
"west":{"uv":[11,13,12,14],"texture":"#0","rotation":90},
"east":{"uv":[11,13,12,14],"texture":"#0","rotation":90}
}
},
{
"from":[9.2197,7.482,2.375],
"to":[9.75095,8.357,2.625],
"rotation":{"origin":[7.631325,8.35703,16.625],"axis":"z","angle":-45},
"faces":{
"north":{"uv":[11,13,12,14],"texture":"#0","rotation":90},
"south":{"uv":[11,13,12,14],"texture":"#0","rotation":90},
"west":{"uv":[11,13,12,14],"texture":"#0","rotation":90},
"east":{"uv":[11,13,12,14],"texture":"#0","rotation":90}
}
},
{
"from":[8.5989,6.8582,2.375],
"to":[9.13015,8.3582,2.625],
"faces":{
"down":{"uv":[11,13,12,14],"texture":"#0","rotation":90},
"up":{"uv":[11,13,12,14],"texture":"#0","rotation":90},
"north":{"uv":[11,13,12,14],"texture":"#0","rotation":90},
"south":{"uv":[11,13,12,14],"texture":"#0","rotation":90},
"east":{"uv":[11,13,12,14],"texture":"#0","rotation":90}
}
},
{
"from":[6.8699,6.8582,2.375],
"to":[7.40115,8.3582,2.625],
"faces":{
"down":{"uv":[11,13,12,14],"texture":"#0","rotation":90},
"up":{"uv":[11,13,12,14],"texture":"#0","rotation":90},
"north":{"uv":[11,13,12,14],"texture":"#0","rotation":90},
"south":{"uv":[11,13,12,14],"texture":"#0","rotation":90},
"west":{"uv":[11,13,12,14],"texture":"#0","rotation":90}
}
},
{
"from":[8.5989,6.8582,1.875],
"to":[9.13015,8.3582,2.125],
"faces":{
"down":{"uv":[11,13,12,14],"texture":"#0","rotation":90},
"up":{"uv":[11,13,12,14],"texture":"#0","rotation":90},
"north":{"uv":[11,13,12,14],"texture":"#0","rotation":90},
"south":{"uv":[11,13,12,14],"texture":"#0","rotation":90},
"east":{"uv":[11,13,12,14],"texture":"#0","rotation":90}
}
},
{
"from":[6.8699,6.8582,1.875],
"to":[7.40115,8.3582,2.125],
"faces":{
"down":{"uv":[11,13,12,14],"texture":"#0","rotation":90},
"up":{"uv":[11,13,12,14],"texture":"#0","rotation":90},
"north":{"uv":[11,13,12,14],"texture":"#0","rotation":90},
"south":{"uv":[11,13,12,14],"texture":"#0","rotation":90},
"west":{"uv":[11,13,12,14],"texture":"#0","rotation":90}
}
},
{
"from":[6.8287,6.0827,1.875],
"to":[7.35995,6.9577,2.125],
"rotation":{"origin":[6.969315,6.95767,16.125],"axis":"z","angle":45},
"faces":{
"north":{"uv":[11,13,12,14],"texture":"#0","rotation":90},
"south":{"uv":[11,13,12,14],"texture":"#0","rotation":90},
"west":{"uv":[11,13,12,14],"texture":"#0","rotation":90},
"east":{"uv":[11,13,12,14],"texture":"#0","rotation":90}
}
},
{
"from":[9.2197,7.482,1.875],
"to":[9.75095,8.357,2.125],
"rotation":{"origin":[7.631325,8.35703,16.125],"axis":"z","angle":-45},
"faces":{
"north":{"uv":[11,13,12,14],"texture":"#0","rotation":90},
"south":{"uv":[11,13,12,14],"texture":"#0","rotation":90},
"west":{"uv":[11,13,12,14],"texture":"#0","rotation":90},
"east":{"uv":[11,13,12,14],"texture":"#0","rotation":90}
}
},
{
"from":[8.5989,6.8582,2.875],
"to":[9.13015,8.3582,3.125],
"faces":{
"down":{"uv":[11,13,12,14],"texture":"#0","rotation":90},
"up":{"uv":[11,13,12,14],"texture":"#0","rotation":90},
"north":{"uv":[11,13,12,14],"texture":"#0","rotation":90},
"south":{"uv":[11,13,12,14],"texture":"#0","rotation":90},
"east":{"uv":[11,13,12,14],"texture":"#0","rotation":90}
}
},
{
"from":[6.8699,6.8582,2.875],
"to":[7.40115,8.3582,3.125],
"faces":{
"down":{"uv":[11,13,12,14],"texture":"#0","rotation":90},
"up":{"uv":[11,13,12,14],"texture":"#0","rotation":90},
"north":{"uv":[11,13,12,14],"texture":"#0","rotation":90},
"south":{"uv":[11,13,12,14],"texture":"#0","rotation":90},
"west":{"uv":[11,13,12,14],"texture":"#0","rotation":90}
}
},
{
"from":[6.8287,6.0827,2.875],
"to":[7.35995,6.9577,3.125],
"rotation":{"origin":[6.969315,6.95767,17.125],"axis":"z","angle":45},
"faces":{
"north":{"uv":[11,13,12,14],"texture":"#0","rotation":90},
"south":{"uv":[11,13,12,14],"texture":"#0","rotation":90},
"west":{"uv":[11,13,12,14],"texture":"#0","rotation":90},
"east":{"uv":[11,13,12,14],"texture":"#0","rotation":90}
}
},
{
"from":[9.2197,7.482,2.875],
"to":[9.75095,8.357,3.125],
"rotation":{"origin":[7.631325,8.35703,17.125],"axis":"z","angle":-45},
"faces":{
"north":{"uv":[11,13,12,14],"texture":"#0","rotation":90},
"south":{"uv":[11,13,12,14],"texture":"#0","rotation":90},
"west":{"uv":[11,13,12,14],"texture":"#0","rotation":90},
"east":{"uv":[11,13,12,14],"texture":"#0","rotation":90}
}
},
{
"from":[8.5989,6.8582,3.375],
"to":[9.13015,8.3582,4.25],
"faces":{
"down":{"uv":[11,13,12,14],"texture":"#0","rotation":90},
"up":{"uv":[11,13,12,14],"texture":"#0","rotation":90},
"north":{"uv":[11,13,12,14],"texture":"#0","rotation":90},
"south":{"uv":[11,13,12,14],"texture":"#0","rotation":90},
"east":{"uv":[11,13,12,14],"texture":"#0","rotation":90}
}
},
{
"from":[6.8699,6.8582,3.375],
"to":[7.40115,8.3582,4.25],
"faces":{
"down":{"uv":[11,13,12,14],"texture":"#0","rotation":90},
"up":{"uv":[11,13,12,14],"texture":"#0","rotation":90},
"north":{"uv":[11,13,12,14],"texture":"#0","rotation":90},
"south":{"uv":[11,13,12,14],"texture":"#0","rotation":90},
"west":{"uv":[11,13,12,14],"texture":"#0","rotation":90}
}
},
{
"from":[6.8287,6.0827,3.375],
"to":[7.35995,6.9577,4.25],
"rotation":{"origin":[6.969315,6.95767,18.125],"axis":"z","angle":45},
"faces":{
"north":{"uv":[11,13,12,14],"texture":"#0","rotation":90},
"south":{"uv":[11,13,12,14],"texture":"#0","rotation":90},
"west":{"uv":[11,13,12,14],"texture":"#0","rotation":90},
"east":{"uv":[11,13,12,14],"texture":"#0","rotation":90}
}
},
{
"from":[9.2197,7.482,3.375],
"to":[9.75095,8.357,4.25],
"rotation":{"origin":[7.631325,8.35703,18.125],"axis":"z","angle":-45},
"faces":{
"north":{"uv":[11,13,12,14],"texture":"#0","rotation":90},
"south":{"uv":[11,13,12,14],"texture":"#0","rotation":90},
"west":{"uv":[11,13,12,14],"texture":"#0","rotation":90},
"east":{"uv":[11,13,12,14],"texture":"#0","rotation":90}
}
},
{
"from":[7.4886,6.2395,-7.375],
"to":[8.51985,7.64575,4.25],
"faces":{
"down":{"uv":[11,13,12,14],"texture":"#0"},
"up":{"uv":[11,13,12,14],"texture":"#0"},
"north":{"uv":[11,13,12,14],"texture":"#0"},
"south":{"uv":[11,13,12,14],"texture":"#0"},
"west":{"uv":[11,13,12,14],"texture":"#0"},
"east":{"uv":[11,13,12,14],"texture":"#0"}
}
},
{
"from":[6.9149,6.1764,-6.625],
"to":[7.6024,6.8639,4.25],
"rotation":{"origin":[6.961725,6.95767,18.125],"axis":"z","angle":45},
"faces":{
"north":{"uv":[11,13,12,14],"texture":"#0","rotation":90},
"south":{"uv":[11,13,12,14],"texture":"#0","rotation":90},
"west":{"uv":[11,13,12,14],"texture":"#0","rotation":90}
}
},
{
"from":[6.9949,6.8582,-6.625],
"to":[7.4949,8.4832,4.25],
"faces":{
"down":{"uv":[11,13,12,14],"texture":"#0","rotation":90},
"up":{"uv":[11,13,12,14],"texture":"#0","rotation":90},
"north":{"uv":[11,13,12,14],"texture":"#0","rotation":90},
"south":{"uv":[11,13,12,14],"texture":"#0","rotation":90},
"west":{"uv":[11,13,12,14],"texture":"#0","rotation":90},
"east":{"uv":[11,13,12,14],"texture":"#0","rotation":90}
}
},
{
"from":[8.6023,7.5445,-6.625],
"to":[9.6648,8.26325,4.25],
"rotation":{"origin":[7.638905,8.35703,18.125],"axis":"z","angle":-45},
"faces":{
"up":{"uv":[11,13,12,14],"texture":"#0","rotation":90},
"north":{"uv":[11,13,12,14],"texture":"#0","rotation":90},
"south":{"uv":[11,13,12,14],"texture":"#0","rotation":90},
"east":{"uv":[11,13,12,14],"texture":"#0","rotation":90}
}
},
{
"from":[8.5989,6.8582,-6.625],
"to":[9.00515,8.3582,4.25],
"faces":{
"down":{"uv":[11,13,12,14],"texture":"#0","rotation":90},
"up":{"uv":[11,13,12,14],"texture":"#0","rotation":90},
"east":{"uv":[11,13,12,14],"texture":"#0","rotation":90}
}
},
{
"from":[8.4949,6.8582,-6.625],
"to":[8.8699,8.4832,4.25],
"faces":{
"down":{"uv":[11,13,12,14],"texture":"#0","rotation":90},
"up":{"uv":[11,13,12,14],"texture":"#0","rotation":90},
"north":{"uv":[11,13,12,14],"texture":"#0","rotation":90},
"south":{"uv":[11,13,12,14],"texture":"#0","rotation":90},
"west":{"uv":[11,13,12,14],"texture":"#0","rotation":90},
"east":{"uv":[11,13,12,14],"texture":"#0","rotation":90}
}
},
{
"from":[7.5,8.8321,4.25],
"to":[8.5,9.2071,25.875],
"faces":{
"down":{"uv":[11,10,12,11],"texture":"#1"},
"up":{"uv":[11,10,12,11],"texture":"#1"},
"north":{"uv":[11,10,12,11],"texture":"#1"},
"west":{"uv":[11,10,12,11],"texture":"#1"},
"east":{"uv":[11,10,12,11],"texture":"#1"}
}
},
{
"from":[2.0806,7.1051,4.25],
"to":[2.8306,7.4801,25.875],
"rotation":{"origin":[3.080585,13.98008,-1.875],"axis":"z","angle":45},
"faces":{
"down":{"uv":[11,10,12,11],"texture":"#1"},
"up":{"uv":[11,10,12,11],"texture":"#1"},
"north":{"uv":[11,10,12,11],"texture":"#1"},
"south":{"uv":[11,10,12,11],"texture":"#1"}
}
},
{
"from":[12.7301,6.0444,4.25],
"to":[13.4801,6.4194,25.875],
"rotation":{"origin":[13.98007,12.91942,-1.875],"axis":"z","angle":-45},
"faces":{
"down":{"uv":[11,10,12,11],"texture":"#1"},
"up":{"uv":[11,10,12,11],"texture":"#1"},
"north":{"uv":[11,10,12,11],"texture":"#1"},
"south":{"uv":[11,10,12,11],"texture":"#1"}
}
},
{
"from":[6.9697,7.6768,4.25],
"to":[7.3447,8.6768,25.875],
"faces":{
"down":{"uv":[11,10,12,11],"texture":"#1","rotation":270},
"up":{"uv":[11,10,12,11],"texture":"#1","rotation":270},
"north":{"uv":[11,10,12,11],"texture":"#1","rotation":270},
"south":{"uv":[11,10,12,11],"texture":"#1","rotation":270},
"west":{"uv":[11,10,12,11],"texture":"#1","rotation":270},
"east":{"uv":[11,10,12,11],"texture":"#1","rotation":270}
}
},
{
"from":[8.6553,7.6768,4.25],
"to":[9.0303,8.6768,25.875],
"faces":{
"down":{"uv":[11,10,12,11],"texture":"#1","rotation":270},
"up":{"uv":[11,10,12,11],"texture":"#1","rotation":270},
"north":{"uv":[11,10,12,11],"texture":"#1","rotation":270},
"south":{"uv":[11,10,12,11],"texture":"#1","rotation":270},
"west":{"uv":[11,10,12,11],"texture":"#1","rotation":270},
"east":{"uv":[11,10,12,11],"texture":"#1","rotation":270}
}
},
{
"from":[11.4649,4.7792,4.25],
"to":[12.2149,5.1542,25.875],
"rotation":{"origin":[12.71492,11.65425,-1.875],"axis":"z","angle":-45},
"faces":{
"down":{"uv":[11,10,12,11],"texture":"#1"},
"up":{"uv":[11,10,12,11],"texture":"#1"},
"north":{"uv":[11,10,12,11],"texture":"#1"},
"south":{"uv":[11,10,12,11],"texture":"#1"}
}
},
{
"from":[3.3457,5.8399,4.25],
"to":[4.0957,6.2149,25.875],
"rotation":{"origin":[4.345745,12.71491,-1.875],"axis":"z","angle":45},
"faces":{
"down":{"uv":[11,10,12,11],"texture":"#1"},
"up":{"uv":[11,10,12,11],"texture":"#1"},
"north":{"uv":[11,10,12,11],"texture":"#1"},
"south":{"uv":[11,10,12,11],"texture":"#1"}
}
},
{
"from":[7.5,7.1464,2.5],
"to":[8.5,7.5214,25.875],
"faces":{
"down":{"uv":[11,10,12,11],"texture":"#1"},
"up":{"uv":[11,10,12,11],"texture":"#1"},
"south":{"uv":[11,10,12,11],"texture":"#1"},
"west":{"uv":[11,10,12,11],"texture":"#1"},
"east":{"uv":[11,10,12,11],"texture":"#1"}
}
},
{
"from":[7.5,6.2714,4.375],
"to":[8.5,7.5214,12],
"faces":{
"down":{"uv":[11,10,12,11],"texture":"#1"},
"north":{"uv":[11,10,12,11],"texture":"#1"},
"south":{"uv":[11,10,12,11],"texture":"#1"},
"west":{"uv":[11,10,12,11],"texture":"#1"},
"east":{"uv":[11,10,12,11],"texture":"#1"}
}
},
{
"from":[7.5,3.8741,8.6975],
"to":[8.5,4.7491,10.9475],
"rotation":{"origin":[8.749995,13.37406,4.322531],"axis":"x","angle":-22.5},
"faces":{
"down":{"uv":[11,10,12,11],"texture":"#1"},
"up":{"uv":[11,10,12,11],"texture":"#1"},
"south":{"uv":[11,10,12,11],"texture":"#1"},
"west":{"uv":[11,10,12,11],"texture":"#1"},
"east":{"uv":[11,10,12,11],"texture":"#1"}
}
},
{
"from":[7.375,13.3964,17.875],
"to":[8.625,16.1464,24.5],
"rotation":{"origin":[7.984375,11.375,2.375],"axis":"x","angle":22.5},
"faces":{
"down":{"uv":[11,10,12,11],"texture":"#1"},
"up":{"uv":[11,10,12,11],"texture":"#1"},
"north":{"uv":[11,10,12,11],"texture":"#1"},
"south":{"uv":[11,10,12,11],"texture":"#1"},
"west":{"uv":[11,10,12,11],"texture":"#1"},
"east":{"uv":[11,10,12,11],"texture":"#1"}
}
},
{
"from":[7.25,7.4571,16.5],
"to":[8.75,10.5821,25.875],
"faces":{
"down":{"uv":[11,10,12,11],"texture":"#1"},
"up":{"uv":[11,10,12,11],"texture":"#1"},
"north":{"uv":[11,10,12,11],"texture":"#1"},
"south":{"uv":[11,10,12,11],"texture":"#1"},
"west":{"uv":[11,10,12,11],"texture":"#1"},
"east":{"uv":[11,10,12,11],"texture":"#1"}
}
},
{
"from":[7.375,4.8009,23.5938],
"to":[8.625,7.45715,25.87505],
"faces":{
"down":{"uv":[11,10,12,11],"texture":"#1"},
"north":{"uv":[11,10,12,11],"texture":"#1"},
"south":{"uv":[11,10,12,11],"texture":"#1"},
"west":{"uv":[11,10,12,11],"texture":"#1"},
"east":{"uv":[11,10,12,11],"texture":"#1"}
}
},
{
"from":[7.5,6.8009,11.7188],
"to":[8.5,7.83215,19.50005],
"faces":{
"down":{"uv":[11,10,12,11],"texture":"#1"},
"up":{"uv":[11,10,12,11],"texture":"#1"},
"north":{"uv":[11,10,12,11],"texture":"#1"},
"south":{"uv":[11,10,12,11],"texture":"#1"},
"west":{"uv":[11,10,12,11],"texture":"#1"},
"east":{"uv":[11,10,12,11],"texture":"#1"}
}
},
{
"from":[7.5,4.6464,8.625],
"to":[8.5,7.5214,11.25],
"faces":{
"down":{"uv":[10,10,11,11],"texture":"#1"},
"north":{"uv":[10,10,11,11],"texture":"#1"},
"south":{"uv":[10,10,11,11],"texture":"#1"},
"west":{"uv":[10,10,11,11],"texture":"#1"},
"east":{"uv":[10,10,11,11],"texture":"#1"}
}
},
{
"from":[7.5052,1.139,9.3202],
"to":[8.505199,5.389,11.6952],
"rotation":{"origin":[7.989535,3.88901,10.71667],"axis":"x","angle":-22.5},
"faces":{
"down":{"uv":[10,10,11,11],"texture":"#1","rotation":270},
"north":{"uv":[10,10,11,11],"texture":"#1","rotation":270},
"south":{"uv":[10,10,11,11],"texture":"#1","rotation":270},
"west":{"uv":[10,10,11,11],"texture":"#1","rotation":270},
"east":{"uv":[10,10,11,11],"texture":"#1","rotation":270}
}
},
{
"from":[7.5007,6.4903,7.661],
"to":[8.5007,7.7403,10.411],
"rotation":{"origin":[7.985045,5.24026,9.494991],"axis":"x","angle":45},
"faces":{
"up":{"uv":[10,10,11,11],"texture":"#1","rotation":270},
"north":{"uv":[10,10,11,11],"texture":"#1","rotation":270},
"south":{"uv":[10,10,11,11],"texture":"#1","rotation":270},
"west":{"uv":[10,10,11,11],"texture":"#1","rotation":270},
"east":{"uv":[10,10,11,11],"texture":"#1","rotation":270}
}
},
{
"from":[7.5007,4.9903,6.286],
"to":[8.5007,6.2403,9.035999],
"rotation":{"origin":[7.985045,5.24026,9.494991],"axis":"x","angle":45},
"faces":{
"down":{"uv":[10,10,11,11],"texture":"#1","rotation":270},
"up":{"uv":[10,10,11,11],"texture":"#1","rotation":270},
"north":{"uv":[10,10,11,11],"texture":"#1","rotation":270},
"west":{"uv":[10,10,11,11],"texture":"#1","rotation":270},
"east":{"uv":[10,10,11,11],"texture":"#1","rotation":270}
}
},
{
"from":[7.4375,5.5214,9.625],
"to":[8.5625,6.1464,10.25],
"faces":{
"down":{"uv":[4,0,5,1],"texture":"#1"},
"up":{"uv":[4,0,5,1],"texture":"#1"},
"north":{"uv":[4,0,5,1],"texture":"#1"},
"south":{"uv":[4,0,5,1],"texture":"#1"},
"west":{"uv":[4,0,5,1],"texture":"#1"},
"east":{"uv":[4,0,5,1],"texture":"#1"}
}
},
{
"from":[7.75,4.5214,6.125],
"to":[8.25,4.6464,8.375],
"faces":{
"down":{"uv":[10,10,11,11],"texture":"#1","rotation":270},
"up":{"uv":[10,10,11,11],"texture":"#1","rotation":270},
"north":{"uv":[10,10,11,11],"texture":"#1","rotation":270},
"south":{"uv":[10,10,11,11],"texture":"#1","rotation":270},
"west":{"uv":[10,10,11,11],"texture":"#1","rotation":270},
"east":{"uv":[10,10,11,11],"texture":"#1","rotation":270}
}
},
{
"from":[7.7447,4.2624,5.2],
"to":[8.244699,6.0124,5.325],
"rotation":{"origin":[7.979075,5.51243,5.346441],"axis":"x","angle":-45},
"faces":{
"north":{"uv":[10,10,11,11],"texture":"#1","rotation":270},
"south":{"uv":[10,10,11,11],"texture":"#1","rotation":270},
"west":{"uv":[10,10,11,11],"texture":"#1","rotation":270},
"east":{"uv":[10,10,11,11],"texture":"#1","rotation":270}
}
},
{
"from":[7.7415,5.763,4.892],
"to":[8.2415,6.513,5.017],
"faces":{
"down":{"uv":[10,10,11,11],"texture":"#1","rotation":270},
"north":{"uv":[10,10,11,11],"texture":"#1","rotation":270},
"south":{"uv":[10,10,11,11],"texture":"#1","rotation":270},
"west":{"uv":[10,10,11,11],"texture":"#1","rotation":270},
"east":{"uv":[10,10,11,11],"texture":"#1","rotation":270}
}
},
{
"from":[7.7513,4.3293,9.0015],
"to":[8.251299,5.0793,9.1265],
"rotation":{"origin":[7.985725,5.32931,8.98],"axis":"x","angle":45},
"faces":{
"north":{"uv":[10,10,11,11],"texture":"#1","rotation":270},
"south":{"uv":[10,10,11,11],"texture":"#1","rotation":270},
"west":{"uv":[10,10,11,11],"texture":"#1","rotation":270},
"east":{"uv":[10,10,11,11],"texture":"#1","rotation":270}
}
},
{
"from":[7.7415,5.638,7.017],
"to":[8.2415,6.388,7.517],
"faces":{
"down":{"uv":[10,10,11,11],"texture":"#1","rotation":270},
"north":{"uv":[10,10,11,11],"texture":"#1","rotation":270},
"south":{"uv":[10,10,11,11],"texture":"#1","rotation":270},
"west":{"uv":[10,10,11,11],"texture":"#1","rotation":270},
"east":{"uv":[10,10,11,11],"texture":"#1","rotation":270}
}
},
{
"from":[7.7419,5.5477,7.3972],
"to":[8.241899,6.5477,7.8972],
"rotation":{"origin":[7.976295,7.04774,5.418701],"axis":"x","angle":22.5},
"faces":{
"down":{"uv":[10,10,11,11],"texture":"#1","rotation":270},
"north":{"uv":[10,10,11,11],"texture":"#1","rotation":270},
"south":{"uv":[10,10,11,11],"texture":"#1","rotation":270},
"west":{"uv":[10,10,11,11],"texture":"#1","rotation":270},
"east":{"uv":[10,10,11,11],"texture":"#1","rotation":270}
}
},
{
"from":[7.8665,5.763,5.767],
"to":[8.1165,6.388,6.017],
"faces":{
"down":{"uv":[10,10,11,11],"texture":"#1","rotation":270},
"north":{"uv":[10,10,11,11],"texture":"#1","rotation":270},
"south":{"uv":[10,10,11,11],"texture":"#1","rotation":270},
"west":{"uv":[10,10,11,11],"texture":"#1","rotation":270},
"east":{"uv":[10,10,11,11],"texture":"#1","rotation":270}
}
},
{
"from":[7.875,8.398499,-7.125],
"to":[8.09375,8.735999,-4.875],
"rotation":{"origin":[7.984375,8.45,-3.824999],"axis":"x","angle":45},
"faces":{
"down":{"uv":[0,0,9,3],"texture":"#0"},
"up":{"uv":[0,0,9,3],"texture":"#0"},
"south":{"uv":[0,0,9,3],"texture":"#0"},
"west":{"uv":[0,0,9,3],"texture":"#0"},
"east":{"uv":[0,0,9,3],"texture":"#0"}
}
},
{
"from":[7.875,10.6482,-6.5562],
"to":[8.09375,10.9857,-5.9562],
"faces":{
"down":{"uv":[0,0,9,3],"texture":"#0"},
"up":{"uv":[0,0,9,3],"texture":"#0"},
"north":{"uv":[0,0,9,3],"texture":"#0"},
"south":{"uv":[0,0,9,3],"texture":"#0"},
"west":{"uv":[0,0,9,3],"texture":"#0"},
"east":{"uv":[0,0,9,3],"texture":"#0"}
}
},
{
"from":[7.8751,12.352,-13.7464],
"to":[8.09385,13.727,-13.4089],
"rotation":{"origin":[7.984425,3.67701,-13.46041],"axis":"x","angle":45},
"faces":{
"down":{"uv":[0,0,9,3],"texture":"#0","rotation":270},
"north":{"uv":[0,0,9,3],"texture":"#0","rotation":270},
"south":{"uv":[0,0,9,3],"texture":"#0","rotation":270},
"west":{"uv":[0,0,9,3],"texture":"#0","rotation":270},
"east":{"uv":[0,0,9,3],"texture":"#0","rotation":270}
}
},
{
"from":[7.875,9.748199,-7.1562],
"to":[8.09375,10.3482,-5.3562],
"faces":{
"up":{"uv":[0,0,9,3],"texture":"#0"},
"north":{"uv":[0,0,9,3],"texture":"#0"},
"south":{"uv":[0,0,9,3],"texture":"#0"},
"west":{"uv":[0,0,9,3],"texture":"#0"},
"east":{"uv":[0,0,9,3],"texture":"#0"}
}
},
{
"from":[7.8841,9.1964,1.3845],
"to":[8.10285,14.1964,1.66575],
"rotation":{"origin":[7.993445,10.38386,1.52516],"axis":"x","angle":45},
"faces":{
"up":{"uv":[0,0,1,1],"texture":"#0"},
"north":{"uv":[0,0,1,1],"texture":"#0"},
"south":{"uv":[0,0,1,1],"texture":"#0"},
"west":{"uv":[0,0,1,1],"texture":"#0"},
"east":{"uv":[0,0,1,1],"texture":"#0"}
}
},
{
"from":[7.8841,9.5714,1.8845],
"to":[8.10285,14.0714,2.16575],
"rotation":{"origin":[7.993445,10.38386,1.52516],"axis":"x","angle":45},
"faces":{
"north":{"uv":[0,0,1,1],"texture":"#0"},
"south":{"uv":[0,0,1,1],"texture":"#0"},
"west":{"uv":[0,0,1,1],"texture":"#0"},
"east":{"uv":[0,0,1,1],"texture":"#0"}
}
},
{
"from":[7.8845,11.5736,2.8946],
"to":[8.103251,11.9486,3.61335],
"faces":{
"down":{"uv":[0,0,1,1],"texture":"#0"},
"up":{"uv":[0,0,1,1],"texture":"#0"},
"north":{"uv":[0,0,1,1],"texture":"#0"},
"south":{"uv":[0,0,1,1],"texture":"#0"},
"west":{"uv":[0,0,1,1],"texture":"#0"},
"east":{"uv":[0,0,1,1],"texture":"#0"}
}
},
{
"from":[7.8841,5.0714,10.2092],
"to":[8.10285,10.1964,10.49045],
"rotation":{"origin":[7.993445,10.38386,6.97484],"axis":"x","angle":-45},
"faces":{
"north":{"uv":[0,0,1,1],"texture":"#0"},
"south":{"uv":[0,0,1,1],"texture":"#0"},
"west":{"uv":[0,0,1,1],"texture":"#0"},
"east":{"uv":[0,0,1,1],"texture":"#0"}
}
},
{
"from":[7.8841,4.6964,10.7092],
"to":[8.10285,9.8214,10.99045],
"rotation":{"origin":[7.993445,10.38386,6.97484],"axis":"x","angle":-45},
"faces":{
"north":{"uv":[0,0,1,1],"texture":"#0"},
"south":{"uv":[0,0,1,1],"texture":"#0"},
"west":{"uv":[0,0,1,1],"texture":"#0"},
"east":{"uv":[0,0,1,1],"texture":"#0"}
}
},
{
"from":[7.5087,12.2514,3.83],
"to":[8.51933,12.6714,10.39],
"rotation":{"origin":[7.981235,12.46137,-5.934999],"axis":"z","angle":-45},
"faces":{
"down":{"uv":[0,0,1,1],"texture":"#0"},
"up":{"uv":[0,0,1,1],"texture":"#0"},
"north":{"uv":[0,0,1,1],"texture":"#0"},
"south":{"uv":[0,0,1,1],"texture":"#0"},
"west":{"uv":[0,0,1,1],"texture":"#0"},
"east":{"uv":[0,0,1,1],"texture":"#0"}
}
},
{
"from":[7.7712,11.9401,3.83],
"to":[8.191199,12.95073,10.39],
"rotation":{"origin":[7.981235,12.4126,-5.934999],"axis":"z","angle":-45},
"faces":{
"down":{"uv":[0,0,1,1],"texture":"#0"},
"up":{"uv":[0,0,1,1],"texture":"#0"},
"north":{"uv":[0,0,1,1],"texture":"#0"},
"south":{"uv":[0,0,1,1],"texture":"#0"},
"west":{"uv":[0,0,1,1],"texture":"#0"},
"east":{"uv":[0,0,1,1],"texture":"#0"}
}
},
{
"from":[7.4986,12.227,3.83],
"to":[8.50922,12.647,10.39],
"faces":{
"down":{"uv":[0,0,1,1],"texture":"#0"},
"up":{"uv":[0,0,1,1],"texture":"#0"},
"north":{"uv":[0,0,1,1],"texture":"#0"},
"south":{"uv":[0,0,1,1],"texture":"#0"},
"west":{"uv":[0,0,1,1],"texture":"#0"},
"east":{"uv":[0,0,1,1],"texture":"#0"}
}
},
{
"from":[7.7956,11.9333,3.83],
"to":[8.215599,12.94393,10.39],
"faces":{
"down":{"uv":[0,0,1,1],"texture":"#0"},
"up":{"uv":[0,0,1,1],"texture":"#0"},
"north":{"uv":[0,0,1,1],"texture":"#0"},
"south":{"uv":[0,0,1,1],"texture":"#0"},
"west":{"uv":[0,0,1,1],"texture":"#0"},
"east":{"uv":[0,0,1,1],"texture":"#0"}
}
},
{
"from":[7.8841,8.5714,10.3342],
"to":[8.10285,9.8214,10.99045],
"rotation":{"origin":[7.993445,10.38386,6.97484],"axis":"x","angle":-45},
"faces":{
"down":{"uv":[0,0,1,1],"texture":"#0"},
"north":{"uv":[0,0,1,1],"texture":"#0"},
"south":{"uv":[0,0,1,1],"texture":"#0"},
"west":{"uv":[0,0,1,1],"texture":"#0"},
"east":{"uv":[0,0,1,1],"texture":"#0"}
}
},
{
"from":[7.4993,10.5682,8.507299],
"to":[7.60367,11.5507,9.47355],
"rotation":{"origin":[8.583765,13.91124,4.708561],"axis":"x","angle":-22.5},
"faces":{
"up":{"uv":[0,0,1,1],"texture":"#0"},
"north":{"uv":[0,0,1,1],"texture":"#0"},
"south":{"uv":[0,0,1,1],"texture":"#0"},
"west":{"uv":[0,0,1,1],"texture":"#0"},
"east":{"uv":[0,0,1,1],"texture":"#0"}
}
},
{
"from":[8.405499,10.5682,8.507299],
"to":[8.50987,11.5507,9.47355],
"rotation":{"origin":[8.583765,13.91124,4.708561],"axis":"x","angle":-22.5},
"faces":{
"up":{"uv":[0,0,1,1],"texture":"#0"},
"north":{"uv":[0,0,1,1],"texture":"#0"},
"south":{"uv":[0,0,1,1],"texture":"#0"},
"west":{"uv":[0,0,1,1],"texture":"#0"},
"east":{"uv":[0,0,1,1],"texture":"#0"}
}
},
{
"from":[7.4993,10.9432,7.6323],
"to":[7.60367,11.5507,8.598551],
"rotation":{"origin":[8.583765,13.91124,4.708561],"axis":"x","angle":-22.5},
"faces":{
"up":{"uv":[0,0,1,1],"texture":"#0"},
"north":{"uv":[0,0,1,1],"texture":"#0"},
"south":{"uv":[0,0,1,1],"texture":"#0"},
"west":{"uv":[0,0,1,1],"texture":"#0"},
"east":{"uv":[0,0,1,1],"texture":"#0"}
}
},
{
"from":[8.405499,10.9432,7.6323],
"to":[8.50987,11.5507,8.598551],
"rotation":{"origin":[8.583765,13.91124,4.708561],"axis":"x","angle":-22.5},
"faces":{
"up":{"uv":[0,0,9,3],"texture":"#0","rotation":270},
"north":{"uv":[0,0,9,3],"texture":"#0","rotation":270},
"south":{"uv":[0,0,9,3],"texture":"#0","rotation":270},
"west":{"uv":[0,0,9,3],"texture":"#0","rotation":270},
"east":{"uv":[0,0,9,3],"texture":"#0","rotation":270}
}
},
{
"from":[7.8845,10.8236,2.5196],
"to":[8.103251,11.8236,3.11335],
"rotation":{"origin":[7.993885,10.7611,4.160191],"axis":"x","angle":45},
"faces":{
"down":{"uv":[0,0,1,1],"texture":"#0"},
"up":{"uv":[0,0,1,1],"texture":"#0"},
"north":{"uv":[0,0,1,1],"texture":"#0"},
"south":{"uv":[0,0,1,1],"texture":"#0"},
"west":{"uv":[0,0,1,1],"texture":"#0"},
"east":{"uv":[0,0,1,1],"texture":"#0"}
}
},
{
"from":[7.6706,12.5583,9.455],
"to":[8.340599,13.06893,9.89],
"faces":{
"up":{"uv":[0,0,1,1],"texture":"#0"},
"north":{"uv":[0,0,1,1],"texture":"#0"},
"south":{"uv":[0,0,1,1],"texture":"#0"},
"west":{"uv":[0,0,1,1],"texture":"#0"},
"east":{"uv":[0,0,1,1],"texture":"#0"}
}
},
{
"from":[7.7956,12.6833,9.58],
"to":[7.87185,13.35018,9.765],
"faces":{
"up":{"uv":[0,0,1,1],"texture":"#0"},
"north":{"uv":[0,0,1,1],"texture":"#0"},
"south":{"uv":[0,0,1,1],"texture":"#0"},
"west":{"uv":[0,0,1,1],"texture":"#0"},
"east":{"uv":[0,0,1,1],"texture":"#0"}
}
},
{
"from":[8.4575,12.425,9.5784],
"to":[8.53375,12.59188,9.763399],
"rotation":{"origin":[9.245045,13.68666,4.248391],"axis":"z","angle":-45},
"faces":{
"north":{"uv":[0,0,1,1],"texture":"#0"},
"south":{"uv":[0,0,1,1],"texture":"#0"},
"west":{"uv":[0,0,1,1],"texture":"#0"},
"east":{"uv":[0,0,1,1],"texture":"#0"}
}
},
{
"from":[7.9158,13.393,9.576799],
"to":[8.08268,13.46925,9.761799],
"faces":{
"down":{"uv":[0,0,1,1],"texture":"#0"},
"up":{"uv":[0,0,1,1],"texture":"#0"},
"north":{"uv":[0,0,1,1],"texture":"#0"},
"south":{"uv":[0,0,1,1],"texture":"#0"},
"west":{"uv":[0,0,1,1],"texture":"#0"},
"east":{"uv":[0,0,1,1],"texture":"#0"}
}
},
{
"from":[7.1575,12.7302,9.5769],
"to":[7.32438,12.80645,9.7619],
"rotation":{"origin":[8.419145,12.01896,4.246921],"axis":"z","angle":-45},
"faces":{
"down":{"uv":[0,0,1,1],"texture":"#0"},
"up":{"uv":[0,0,1,1],"texture":"#0"},
"north":{"uv":[0,0,1,1],"texture":"#0"},
"south":{"uv":[0,0,1,1],"texture":"#0"}
}
},
{
"from":[8.1256,12.6836,9.5764],
"to":[8.20185,13.35048,9.761399],
"faces":{
"up":{"uv":[0,0,1,1],"texture":"#0"},
"north":{"uv":[0,0,1,1],"texture":"#0"},
"south":{"uv":[0,0,1,1],"texture":"#0"},
"west":{"uv":[0,0,1,1],"texture":"#0"},
"east":{"uv":[0,0,1,1],"texture":"#0"}
}
},
{
"from":[10.4712,12.0869,9.5787],
"to":[10.54745,12.25378,9.7637],
"rotation":{"origin":[7.997255,9.49496,9.671171],"axis":"z","angle":45},
"faces":{
"north":{"uv":[0,0,9,3],"texture":"#0"},
"south":{"uv":[0,0,9,3],"texture":"#0"},
"west":{"uv":[0,0,9,3],"texture":"#0"},
"east":{"uv":[0,0,9,3],"texture":"#0"}
}
},
{
"from":[10.5892,11.9689,9.5787],
"to":[10.75608,12.04515,9.7637],
"rotation":{"origin":[7.997255,9.49496,9.671171],"axis":"z","angle":45},
"faces":{
"down":{"uv":[0,0,1,1],"texture":"#0"},
"up":{"uv":[0,0,1,1],"texture":"#0"},
"north":{"uv":[0,0,1,1],"texture":"#0"},
"south":{"uv":[0,0,1,1],"texture":"#0"}
}
},
{
"from":[7.7019,12.6833,9.58],
"to":[8.27815,13.16268,9.765],
"faces":{
"up":{"uv":[0,0,1,1],"texture":"#0"},
"north":{"uv":[0,0,1,1],"texture":"#0"},
"south":{"uv":[0,0,1,1],"texture":"#0"},
"west":{"uv":[0,0,1,1],"texture":"#0"},
"east":{"uv":[0,0,1,1],"texture":"#0"}
}
}
],
"display":{
"thirdperson_righthand":{
"rotation":[40,0,0],
"translation":[0,2.5,2],
"scale":[0.6,0.6,0.6]
},
"thirdperson_lefthand":{
"rotation":[40,0,0],
"translation":[0,2.5,2],
"scale":[0.6,0.6,0.6]
},
"firstperson_righthand":{
"translation":[-4,4.5,0.5],
"scale":[0.6,0.6,0.6]
},
"firstperson_lefthand":{
"translation":[-4,4.5,0.5],
"scale":[0.6,0.6,0.6]
},
"gui":{
"rotation":[-15,130,0],
"scale":[0.5,0.5,0.5]
},
"head":{
"translation":[0,12,0],
"scale":[0.6,0.6,0.6]
},
"ground":{
"rotation":[0,0,90],
"scale":[0.6,0.6,0.6]
},
"fixed":{
"rotation":[0,90,0],
"translation":[0,0,-1]
}
}
}