{
"elements":[
{
"from":[7.9,4.7,-6],
"to":[8.1,4.8,1.5],
"faces":{
"down":{"uv":[9,2,9.2,2.5],"texture":"#0"},
"up":{"uv":[5,3,5.2,3.5],"texture":"#0"},
"north":{"uv":[6,2,6.2,2.1],"texture":"#0"},
"south":{"uv":[0,0,0.2,0.1000004],"texture":"#0"},
"west":{"uv":[5,3,5.5,3.1],"texture":"#0"},
"east":{"uv":[5,3,5.5,3.1],"texture":"#0"}
}
},
{
"from":[7.9,4.4,-6],
"to":[8.1,4.5,1.5],
"faces":{
"down":{"uv":[3,5,3.2,5.5],"texture":"#0"},
"up":{"uv":[3,5,3.2,5.5],"texture":"#0"},
"north":{"uv":[6,2,6.2,2.1],"texture":"#0"},
"south":{"uv":[0,0,0.2,0.1000004],"texture":"#0"},
"west":{"uv":[4,5,3.5,5.1],"texture":"#0"},
"east":{"uv":[3,5,3.5,5.1],"texture":"#0"}
}
},
{
"from":[8.099999,4.5,-6],
"to":[8.199999,4.7,1.5],
"faces":{
"down":{"uv":[3,5,3.1,5.5],"texture":"#0"},
"up":{"uv":[3,5,3.1,5.5],"texture":"#0"},
"north":{"uv":[6,2,6.1,2.2],"texture":"#0"},
"south":{"uv":[0,0,0.1,0.1999998],"texture":"#0"},
"west":{"uv":[5,3,5.5,3.2],"texture":"#0"},
"east":{"uv":[3,5,3.5,5.2],"texture":"#0"}
}
},
{
"from":[7.8,4.5,-6],
"to":[7.9,4.7,1.5],
"faces":{
"down":{"uv":[3,5,3.1,5.5],"texture":"#0"},
"up":{"uv":[5,3,5.1,3.5],"texture":"#0"},
"north":{"uv":[10,2,10.1,2.2],"texture":"#0"},
"south":{"uv":[0,0,0.1,0.1999998],"texture":"#0"},
"west":{"uv":[5,3,5.5,3.2],"texture":"#0"},
"east":{"uv":[5,3,5.5,3.2],"texture":"#0"}
}
},
{
"from":[4.9,5.4,-6],
"to":[5,5.5,1.5],
"rotation":{"origin":[7.4,8.9,8],"axis":"z","angle":45},
"faces":{
"down":{"uv":[3,5,3.1,5.5],"texture":"#0"},
"up":{"uv":[3,5,3.1,5.5],"texture":"#0"},
"north":{"uv":[10,2,10.1,2.1],"texture":"#0"},
"south":{"uv":[0,0,0.1,0.1000004],"texture":"#0"},
"west":{"uv":[2,8,2.5,8.1],"texture":"#0"},
"east":{"uv":[3,5,3.5,5.1],"texture":"#0"}
}
},
{
"from":[4.9,5.4,-6],
"to":[5,5.5,1.5],
"rotation":{"origin":[7.6,8.5,8],"axis":"z","angle":45},
"faces":{
"down":{"uv":[3,6,3.1,5.5],"texture":"#0"},
"up":{"uv":[3,5,4.1,5.5],"texture":"#0"},
"north":{"uv":[6,2,6.1,2.1],"texture":"#0"},
"south":{"uv":[0,0,0.1,0.1000004],"texture":"#0"},
"west":{"uv":[3,5,3.5,5.1],"texture":"#0"},
"east":{"uv":[5,3,5.5,3.1],"texture":"#0"}
}
},
{
"from":[11,5.4,-6],
"to":[11.1,5.5,1.5],
"rotation":{"origin":[8.6,8.9,8],"axis":"z","angle":-45},
"faces":{
"down":{"uv":[3,5,3.1,5.5],"texture":"#0"},
"up":{"uv":[3,5,3.1,5.5],"texture":"#0"},
"north":{"uv":[6,2,6.1,2.1],"texture":"#0"},
"south":{"uv":[0,0,0.1,0.1000004],"texture":"#0"},
"west":{"uv":[5,3,5.5,3.1],"texture":"#0"},
"east":{"uv":[2,8,2.5,8.1],"texture":"#0"}
}
},
{
"from":[11,5.4,-6],
"to":[11.1,5.5,1.5],
"rotation":{"origin":[8.4,8.5,8],"axis":"z","angle":-45},
"faces":{
"down":{"uv":[3,5,3.1,5.5],"texture":"#0"},
"up":{"uv":[3,5,3.1,5.5],"texture":"#0"},
"north":{"uv":[6,2,6.1,2.1],"texture":"#0"},
"south":{"uv":[0,0,0.1,0.1000004],"texture":"#0"},
"west":{"uv":[3,5,3.5,5.1],"texture":"#0"},
"east":{"uv":[3,5,3.5,5.1],"texture":"#0"}
}
},
{
"from":[7.9,4.8,-6.2],
"to":[8.1,4.9,-5.7],
"faces":{
"down":{"uv":[8,1,8.2,1.5],"texture":"#0"},
"up":{"uv":[8,2,8.2,2.5],"texture":"#0"},
"north":{"uv":[8,2,8.2,2.1],"texture":"#0"},
"south":{"uv":[8,4,8.2,4.1],"texture":"#0"},
"west":{"uv":[7,2,7.5,2.1],"texture":"#0"},
"east":{"uv":[8,2,8.5,2.1],"texture":"#0"}
}
},
{
"from":[7.9,4.3,-6.2],
"to":[8.1,4.4,-5.7],
"faces":{
"down":{"uv":[7,2,7.2,2.5],"texture":"#0"},
"up":{"uv":[5,2,5.2,2.5],"texture":"#0"},
"north":{"uv":[6,2,6.2,2.1],"texture":"#0"},
"south":{"uv":[0,0,0.2,0.1000004],"texture":"#0"},
"west":{"uv":[6,2,6.5,2.1],"texture":"#0"},
"east":{"uv":[7,2,7.5,2.1],"texture":"#0"}
}
},
{
"from":[8.2,4.5,-6.2],
"to":[8.3,4.7,-5.7],
"faces":{
"down":{"uv":[8,2,8.1,2.5],"texture":"#0"},
"up":{"uv":[7,2,7.1,2.5],"texture":"#0"},
"north":{"uv":[7,2,7.1,2.2],"texture":"#0"},
"south":{"uv":[9,2,9.1,2.2],"texture":"#0"},
"west":{"uv":[5,2,5.5,2.2],"texture":"#0"},
"east":{"uv":[9,2,9.5,2.2],"texture":"#0"}
}
},
{
"from":[7.7,4.5,-6.2],
"to":[7.8,4.7,-5.7],
"faces":{
"down":{"uv":[7,2,7.1,2.5],"texture":"#0"},
"up":{"uv":[9,2,9.1,2.5],"texture":"#0"},
"north":{"uv":[8,2,8.1,2.2],"texture":"#0"},
"south":{"uv":[10,3,10.1,3.2],"texture":"#0"},
"west":{"uv":[9,2,9.5,2.2],"texture":"#0"},
"east":{"uv":[5,2,5.5,2.2],"texture":"#0"}
}
},
{
"from":[7.8,4.7,-6.2],
"to":[7.9,4.8,-5.9],
"faces":{
"down":{"uv":[5,2,5.1,2.3],"texture":"#0"},
"up":{"uv":[7,2,7.1,2.3],"texture":"#0"},
"north":{"uv":[9,2,9.1,2.1],"texture":"#0"},
"south":{"uv":[8,6,8.1,6.1],"texture":"#0"},
"west":{"uv":[7,2,7.3,2.1],"texture":"#0"},
"east":{"uv":[5,2,5.3,2.1],"texture":"#0"}
}
},
{
"from":[7.8,4.4,-6.2],
"to":[7.9,4.5,-5.7],
"faces":{
"down":{"uv":[6,2,6.1,2.5],"texture":"#0"},
"up":{"uv":[8,1,8.1,1.5],"texture":"#0"},
"north":{"uv":[10,2,10.1,2.1],"texture":"#0"},
"south":{"uv":[0,0,0.1,0.1000004],"texture":"#0"},
"west":{"uv":[8,2,8.5,2.1],"texture":"#0"},
"east":{"uv":[5,2,5.5,2.1],"texture":"#0"}
}
},
{
"from":[8.099999,4.4,-6.2],
"to":[8.199999,4.5,-5.7],
"faces":{
"down":{"uv":[7,2,7.1,2.5],"texture":"#0"},
"up":{"uv":[5,2,5.1,2.5],"texture":"#0"},
"north":{"uv":[7,2,7.1,2.1],"texture":"#0"},
"south":{"uv":[8,2,8.1,2.1],"texture":"#0"},
"west":{"uv":[5,2,5.5,2.1],"texture":"#0"},
"east":{"uv":[7,2,7.5,2.1],"texture":"#0"}
}
},
{
"from":[8.099999,4.7,-6.2],
"to":[8.199999,4.8,-5.7],
"faces":{
"down":{"uv":[5,2,5.1,2.5],"texture":"#0"},
"up":{"uv":[9,2,9.1,2.5],"texture":"#0"},
"north":{"uv":[7,2,7.1,2.1],"texture":"#0"},
"south":{"uv":[8,2,8.1,2.1],"texture":"#0"},
"west":{"uv":[5,2,5.5,2.1],"texture":"#0"},
"east":{"uv":[9,2,9.5,2.1],"texture":"#0"}
}
},
{
"from":[7.9,4.8,-4.2],
"to":[8.1,4.9,-4],
"rotation":{"origin":[8,8.7,-5],"axis":"x","angle":22.5},
"faces":{
"down":{"uv":[0,0,0.2,0.1999998],"texture":"#0"},
"up":{"uv":[5,3,5.2,3.2],"texture":"#0"},
"north":{"uv":[0,0,0.2,0.1000004],"texture":"#0"},
"south":{"uv":[9,3,9.2,3.1],"texture":"#0"},
"west":{"uv":[7,2,7.2,2.1],"texture":"#0"},
"east":{"uv":[9,2,9.2,2.1],"texture":"#0"}
}
},
{
"from":[7.9,4.3,-4.2],
"to":[8.1,4.4,-3.9],
"rotation":{"origin":[8.1,0.4,-5],"axis":"x","angle":-22.5},
"faces":{
"down":{"uv":[9,2,9.2,2.5],"texture":"#0"},
"up":{"uv":[5,3,5.2,3.5],"texture":"#0"},
"north":{"uv":[0,0,0.2,0.1000004],"texture":"#0"},
"south":{"uv":[0,0,0.2,0.1000004],"texture":"#0"},
"west":{"uv":[6,2,6.5,2.1],"texture":"#0"},
"east":{"uv":[7,2,7.5,2.1],"texture":"#0"}
}
},
{
"from":[8.2,4.5,-4.2],
"to":[8.3,4.7,-3.9],
"rotation":{"origin":[12.1,18.1,-5],"axis":"y","angle":-22.5},
"faces":{
"down":{"uv":[9,2,9.1,2.5],"texture":"#0"},
"up":{"uv":[9,2,9.1,2.5],"texture":"#0"},
"north":{"uv":[0,0,0.1,0.1999998],"texture":"#0"},
"south":{"uv":[9,5,9.1,5.2],"texture":"#0"},
"west":{"uv":[5,3,5.5,3.2],"texture":"#0"},
"east":{"uv":[13,5,13.5,5.2],"texture":"#0"}
}
},
{
"from":[7.7,4.5,-4.2],
"to":[7.8,4.7,-3.9],
"rotation":{"origin":[3.9,8,-5],"axis":"y","angle":22.5},
"faces":{
"down":{"uv":[7,2,7.1,2.5],"texture":"#0"},
"up":{"uv":[9,2,9.1,2.5],"texture":"#0"},
"north":{"uv":[0,0,0.1,0.1999998],"texture":"#0"},
"south":{"uv":[0,0,0.1,0.1999998],"texture":"#0"},
"west":{"uv":[5,3,5.5,3.2],"texture":"#0"},
"east":{"uv":[5,3,5.5,3.2],"texture":"#0"}
}
},
{
"from":[7.6,4.3,-0.3],
"to":[8.4,5.4,4.4],
"faces":{
"down":{"uv":[5,5,4.8,5.5],"texture":"#0"},
"up":{"uv":[9,8,8.8,8.5],"texture":"#0"},
"north":{"uv":[4,8,4.8,8.1],"texture":"#0"},
"south":{"uv":[8,7,8.8,8.1],"texture":"#0"},
"west":{"uv":[6,8,6.5,8.1],"texture":"#0"},
"east":{"uv":[8,8,8.5,8.1],"texture":"#0"}
}
},
{
"from":[7.4,3.9,-0.3],
"to":[7.5,4.099998,4.4],
"rotation":{"origin":[4.2,6.9,8],"axis":"z","angle":22.5},
"faces":{
"down":{"uv":[0,0,0.1,4.5],"texture":"#0"},
"up":{"uv":[11,4,11.1,4.5],"texture":"#0"},
"north":{"uv":[8,4,8.1,4.2],"texture":"#0"},
"south":{"uv":[10,3,10.1,3.2],"texture":"#0"},
"west":{"uv":[0,0,4.5,0.1999998],"texture":"#0"},
"east":{"uv":[11,4,11.5,4.2],"texture":"#0"}
}
},
{
"from":[7.5,3.9,-0.3],
"to":[7.6,4.099998,4.4],
"rotation":{"origin":[11.3,4.4,8],"axis":"z","angle":-22.5},
"faces":{
"down":{"uv":[10,4,10.1,4.5],"texture":"#0"},
"up":{"uv":[11,4,11.1,4.5],"texture":"#0"},
"north":{"uv":[8,4,8.1,4.2],"texture":"#0"},
"south":{"uv":[4,4,4.1,4.2],"texture":"#0"},
"west":{"uv":[11,4,11.5,4.2],"texture":"#0"},
"east":{"uv":[0,0,4.5,0.1999998],"texture":"#0"}
}
},
{
"from":[7.7,4.4,-0.3],
"to":[8.3,5.6,3.8],
"faces":{
"down":{"uv":[0,0,0.6,4.5],"texture":"#0"},
"up":{"uv":[5,4,5.6,4.5],"texture":"#0"},
"north":{"uv":[8,4,8.6,4.2],"texture":"#0"},
"south":{"uv":[0,0,0.6,0.1999998],"texture":"#0"},
"west":{"uv":[11,4,11.5,4.2],"texture":"#0"},
"east":{"uv":[5,4,5.5,4.2],"texture":"#0"}
}
},
{
"from":[7.8,0.6,5.7],
"to":[8.199999,0.8999999,6.1],
"rotation":{"origin":[7.8,9.6,7.2],"axis":"x","angle":45},
"faces":{
"down":{"uv":[11,4,11.4,4.5],"texture":"#0"},
"up":{"uv":[0,0,0.4,0.5],"texture":"#0"},
"north":{"uv":[11,4,11.4,4.3],"texture":"#0"},
"south":{"uv":[11,4,11.4,4.3],"texture":"#0"},
"west":{"uv":[11,4,11.5,4.3],"texture":"#0"},
"east":{"uv":[11,4,11.5,4.3],"texture":"#0"}
}
},
{
"from":[7.7,0.9,0],
"to":[7.9,1.2,4.4],
"rotation":{"origin":[16,1.5,8.2],"axis":"z","angle":-22.5},
"faces":{
"down":{"uv":[4,5,4.2,5.4],"texture":"#0"},
"up":{"uv":[5,4,5.2,4.4],"texture":"#0"},
"north":{"uv":[5,4,5.2,4.4],"texture":"#0"},
"south":{"uv":[0,0,0.2,0.3999996],"texture":"#0"},
"west":{"uv":[0,0,3.4,0.3999996],"texture":"#0"},
"east":{"uv":[5,4,5.4,4.4],"texture":"#0"}
}
},
{
"from":[7.7,0.9,0],
"to":[7.9,1.2,4.4],
"rotation":{"origin":[-0.2,2.5,10.2],"axis":"z","angle":22.5},
"faces":{
"down":{"uv":[5,4,5.2,4.4],"texture":"#0"},
"up":{"uv":[5,4,5.2,4.4],"texture":"#0"},
"north":{"uv":[5,4,5.2,4.4],"texture":"#0"},
"south":{"uv":[0,0,0.2,0.3999996],"texture":"#0"},
"west":{"uv":[5,4,5.4,4.4],"texture":"#0"},
"east":{"uv":[0,0,3.4,0.3999996],"texture":"#0"}
}
},
{
"from":[7.8,3.9,0.2],
"to":[8.199999,4.099998,3.6],
"faces":{
"down":{"uv":[12,4,12.4,4.5],"texture":"#0"},
"up":{"uv":[0,0,0.4,0.5],"texture":"#0"},
"north":{"uv":[0,0,0.4,0.3000002],"texture":"#0"},
"south":{"uv":[0,0,0.4,0.3000002],"texture":"#0"},
"west":{"uv":[10,3,10.5,3.3],"texture":"#0"},
"east":{"uv":[10,3,10.5,3.3],"texture":"#0"}
}
},
{
"from":[7.8,4,0.09999999],
"to":[8.199999,4.1,3.6],
"faces":{
"down":{"uv":[11,4,11.4,4.5],"texture":"#0"},
"up":{"uv":[0,0,0.4,0.5],"texture":"#0"},
"north":{"uv":[11,4,11.4,4.3],"texture":"#0"},
"south":{"uv":[0,0,0.4,0.3000002],"texture":"#0"},
"west":{"uv":[0,0,0.5,0.3000002],"texture":"#0"},
"east":{"uv":[0,0,0.5,0.3000002],"texture":"#0"}
}
},
{
"from":[7.8,6.1,0.09999999],
"to":[8.199999,6.2,0.3],
"rotation":{"origin":[7.8,4.9,1.4],"axis":"x","angle":-22.5},
"faces":{
"down":{"uv":[0,0,0.4,0.5],"texture":"#0"},
"up":{"uv":[12,4,12.4,4.5],"texture":"#0"},
"north":{"uv":[12,4,12.4,4.3],"texture":"#0"},
"south":{"uv":[0,0,0.4,0.3000002],"texture":"#0"},
"west":{"uv":[12,4,12.5,4.3],"texture":"#0"},
"east":{"uv":[12,4,12.5,4.3],"texture":"#0"}
}
},
{
"from":[7.8,5.6,-0.09999999],
"to":[8.199999,5.7,0.6],
"faces":{
"down":{"uv":[0,0,0.4,0.5],"texture":"#0"},
"up":{"uv":[12,4,12.4,4.5],"texture":"#0"},
"north":{"uv":[12,4,12.4,4.3],"texture":"#0"},
"south":{"uv":[11,4,11.4,4.3],"texture":"#0"},
"west":{"uv":[12,4,12.5,4.3],"texture":"#0"},
"east":{"uv":[12,4,12.5,4.3],"texture":"#0"}
}
},
{
"from":[7.8,5.6,0.8],
"to":[8.199999,5.7,4.4],
"faces":{
"down":{"uv":[0,0,0.4,0.5],"texture":"#0"},
"up":{"uv":[12,4,12.4,4.5],"texture":"#0"},
"north":{"uv":[12,4,12.4,4.3],"texture":"#0"},
"south":{"uv":[8,7,8.4,7.3],"texture":"#0"},
"west":{"uv":[12,4,12.5,4.3],"texture":"#0"},
"east":{"uv":[12,4,12.5,4.3],"texture":"#0"}
}
},
{
"from":[7.8,6.6,0.7],
"to":[8.199999,6.7,0.9],
"rotation":{"origin":[7.8,6.5,-1.9],"axis":"x","angle":22.5},
"faces":{
"down":{"uv":[0,0,0.4,0.5],"texture":"#0"},
"up":{"uv":[12,4,12.4,4.5],"texture":"#0"},
"north":{"uv":[0,0,0.4,0.3000002],"texture":"#0"},
"south":{"uv":[0,0,0.4,0.3000002],"texture":"#0"},
"west":{"uv":[12,4,12.5,4.3],"texture":"#0"},
"east":{"uv":[12,4,12.5,4.3],"texture":"#0"}
}
},
{
"from":[7.8,5.7,4],
"to":[8.199999,5.8,4.3],
"faces":{
"down":{"uv":[0,0,0.4,0.5],"texture":"#0"},
"up":{"uv":[7,2,7.4,2.5],"texture":"#0"},
"north":{"uv":[7,2,7.4,2.3],"texture":"#0"},
"south":{"uv":[7,2,7.4,2.3],"texture":"#0"},
"west":{"uv":[7,2,7.5,2.3],"texture":"#0"},
"east":{"uv":[7,2,7.5,2.3],"texture":"#0"}
}
},
{
"from":[7.8,5.7,3.7],
"to":[8.199999,5.8,3.8],
"faces":{
"down":{"uv":[0,0,0.4,0.5],"texture":"#0"},
"up":{"uv":[7,2,7.4,2.5],"texture":"#0"},
"north":{"uv":[7,2,7.4,2.3],"texture":"#0"},
"south":{"uv":[7,2,7.4,2.3],"texture":"#0"},
"west":{"uv":[7,2,7.5,2.3],"texture":"#0"},
"east":{"uv":[7,2,7.5,2.3],"texture":"#0"}
}
},
{
"from":[7.8,5.7,3.4],
"to":[8.199999,5.8,3.5],
"faces":{
"down":{"uv":[0,0,0.4,0.5],"texture":"#0"},
"up":{"uv":[7,2,7.4,2.5],"texture":"#0"},
"north":{"uv":[7,2,7.4,2.3],"texture":"#0"},
"south":{"uv":[7,2,7.4,2.3],"texture":"#0"},
"west":{"uv":[7,2,7.5,2.3],"texture":"#0"},
"east":{"uv":[7,2,7.5,2.3],"texture":"#0"}
}
},
{
"from":[7.8,5.7,3.1],
"to":[8.199999,5.8,3.2],
"faces":{
"down":{"uv":[0,0,0.4,0.5],"texture":"#0"},
"up":{"uv":[7,2,7.4,2.5],"texture":"#0"},
"north":{"uv":[7,2,7.4,2.3],"texture":"#0"},
"south":{"uv":[7,2,7.4,2.3],"texture":"#0"},
"west":{"uv":[7,2,7.5,2.3],"texture":"#0"},
"east":{"uv":[7,2,7.5,2.3],"texture":"#0"}
}
},
{
"from":[7.8,5.7,2.8],
"to":[8.199999,5.8,2.9],
"faces":{
"down":{"uv":[0,0,0.4,0.5],"texture":"#0"},
"up":{"uv":[7,2,7.4,2.5],"texture":"#0"},
"north":{"uv":[7,2,7.4,2.3],"texture":"#0"},
"south":{"uv":[7,2,7.4,2.3],"texture":"#0"},
"west":{"uv":[7,2,7.5,2.3],"texture":"#0"},
"east":{"uv":[7,2,7.5,2.3],"texture":"#0"}
}
},
{
"from":[7.8,5.7,2.5],
"to":[8.199999,5.8,2.6],
"faces":{
"down":{"uv":[0,0,0.4,0.5],"texture":"#0"},
"up":{"uv":[7,2,7.4,2.5],"texture":"#0"},
"north":{"uv":[7,2,7.4,2.3],"texture":"#0"},
"south":{"uv":[7,2,7.4,2.3],"texture":"#0"},
"west":{"uv":[7,2,7.5,2.3],"texture":"#0"},
"east":{"uv":[7,2,7.5,2.3],"texture":"#0"}
}
},
{
"from":[7.8,5.7,2.2],
"to":[8.199999,5.8,2.3],
"faces":{
"down":{"uv":[0,0,0.4,0.5],"texture":"#0"},
"up":{"uv":[7,2,7.4,2.5],"texture":"#0"},
"north":{"uv":[7,2,7.4,2.3],"texture":"#0"},
"south":{"uv":[7,2,7.4,2.3],"texture":"#0"},
"west":{"uv":[7,2,7.5,2.3],"texture":"#0"},
"east":{"uv":[7,2,7.5,2.3],"texture":"#0"}
}
},
{
"from":[7.8,5.7,1.9],
"to":[8.199999,5.8,2],
"faces":{
"down":{"uv":[0,0,0.4,0.5],"texture":"#0"},
"up":{"uv":[7,2,7.4,2.5],"texture":"#0"},
"north":{"uv":[7,2,7.4,2.3],"texture":"#0"},
"south":{"uv":[7,2,7.4,2.3],"texture":"#0"},
"west":{"uv":[7,2,7.5,2.3],"texture":"#0"},
"east":{"uv":[7,2,7.5,2.3],"texture":"#0"}
}
},
{
"from":[7.8,5.7,1.6],
"to":[8.199999,5.8,1.7],
"faces":{
"down":{"uv":[0,0,0.4,0.5],"texture":"#0"},
"up":{"uv":[7,2,7.4,2.5],"texture":"#0"},
"north":{"uv":[7,2,7.4,2.3],"texture":"#0"},
"south":{"uv":[7,2,7.4,2.3],"texture":"#0"},
"west":{"uv":[7,2,7.5,2.3],"texture":"#0"},
"east":{"uv":[7,2,7.5,2.3],"texture":"#0"}
}
},
{
"from":[7.8,5.7,1.3],
"to":[8.199999,5.8,1.4],
"faces":{
"down":{"uv":[0,0,0.4,0.5],"texture":"#0"},
"up":{"uv":[7,2,7.4,2.5],"texture":"#0"},
"north":{"uv":[7,2,7.4,2.3],"texture":"#0"},
"south":{"uv":[7,2,7.4,2.3],"texture":"#0"},
"west":{"uv":[7,2,7.5,2.3],"texture":"#0"},
"east":{"uv":[7,2,7.5,2.3],"texture":"#0"}
}
},
{
"from":[8.8,5.7,1.3],
"to":[8.9,5.8,1.4],
"rotation":{"origin":[8.4,7.4,8],"axis":"z","angle":-22.5},
"faces":{
"down":{"uv":[0,0,0.4,0.5],"texture":"#0"},
"up":{"uv":[7,2,7.4,2.5],"texture":"#0"},
"north":{"uv":[7,2,7.4,2.3],"texture":"#0"},
"south":{"uv":[7,2,7.4,2.3],"texture":"#0"},
"west":{"uv":[0,0,0.5,0.3000002],"texture":"#0"},
"east":{"uv":[7,2,7.5,2.3],"texture":"#0"}
}
},
{
"from":[8.8,5.7,1.6],
"to":[8.9,5.8,1.7],
"rotation":{"origin":[8.4,7.4,8],"axis":"z","angle":-22.5},
"faces":{
"down":{"uv":[0,0,0.4,0.5],"texture":"#0"},
"up":{"uv":[7,2,7.4,2.5],"texture":"#0"},
"north":{"uv":[7,2,7.4,2.3],"texture":"#0"},
"south":{"uv":[7,2,7.4,2.3],"texture":"#0"},
"west":{"uv":[0,0,0.5,0.3000002],"texture":"#0"},
"east":{"uv":[7,2,7.5,2.3],"texture":"#0"}
}
},
{
"from":[8.8,5.7,1.9],
"to":[8.9,5.8,2],
"rotation":{"origin":[8.4,7.4,8],"axis":"z","angle":-22.5},
"faces":{
"down":{"uv":[0,0,0.4,0.5],"texture":"#0"},
"up":{"uv":[7,2,7.4,2.5],"texture":"#0"},
"north":{"uv":[7,2,7.4,2.3],"texture":"#0"},
"south":{"uv":[7,2,7.4,2.3],"texture":"#0"},
"west":{"uv":[0,0,0.5,0.3000002],"texture":"#0"},
"east":{"uv":[7,2,7.5,2.3],"texture":"#0"}
}
},
{
"from":[8.8,5.7,2.2],
"to":[8.9,5.8,2.3],
"rotation":{"origin":[8.4,7.4,8],"axis":"z","angle":-22.5},
"faces":{
"down":{"uv":[0,0,0.4,0.5],"texture":"#0"},
"up":{"uv":[7,2,7.4,2.5],"texture":"#0"},
"north":{"uv":[7,2,7.4,2.3],"texture":"#0"},
"south":{"uv":[7,2,7.4,2.3],"texture":"#0"},
"west":{"uv":[0,0,0.5,0.3000002],"texture":"#0"},
"east":{"uv":[7,2,7.5,2.3],"texture":"#0"}
}
},
{
"from":[8.8,5.7,2.5],
"to":[8.9,5.8,2.6],
"rotation":{"origin":[8.4,7.4,8],"axis":"z","angle":-22.5},
"faces":{
"down":{"uv":[0,0,0.4,0.5],"texture":"#0"},
"up":{"uv":[7,2,7.4,2.5],"texture":"#0"},
"north":{"uv":[7,2,7.4,2.3],"texture":"#0"},
"south":{"uv":[7,3,7.4,3.3],"texture":"#0"},
"west":{"uv":[0,0,0.5,0.3000002],"texture":"#0"},
"east":{"uv":[7,2,7.5,2.3],"texture":"#0"}
}
},
{
"from":[8.8,5.7,2.8],
"to":[8.9,5.8,2.9],
"rotation":{"origin":[8.4,7.4,8],"axis":"z","angle":-22.5},
"faces":{
"down":{"uv":[0,0,0.4,0.5],"texture":"#0"},
"up":{"uv":[7,2,7.4,2.5],"texture":"#0"},
"north":{"uv":[7,2,7.4,2.3],"texture":"#0"},
"south":{"uv":[7,2,7.4,2.3],"texture":"#0"},
"west":{"uv":[0,0,0.5,0.3000002],"texture":"#0"},
"east":{"uv":[7,2,7.5,2.3],"texture":"#0"}
}
},
{
"from":[8.8,5.7,3.1],
"to":[8.9,5.8,3.2],
"rotation":{"origin":[8.4,7.4,8],"axis":"z","angle":-22.5},
"faces":{
"down":{"uv":[0,0,0.4,0.5],"texture":"#0"},
"up":{"uv":[7,2,7.4,2.5],"texture":"#0"},
"north":{"uv":[7,2,7.4,2.3],"texture":"#0"},
"south":{"uv":[7,2,7.4,2.3],"texture":"#0"},
"west":{"uv":[0,0,0.5,0.3000002],"texture":"#0"},
"east":{"uv":[7,2,7.5,2.3],"texture":"#0"}
}
},
{
"from":[8.8,5.7,3.4],
"to":[8.9,5.8,3.5],
"rotation":{"origin":[8.4,7.4,8],"axis":"z","angle":-22.5},
"faces":{
"down":{"uv":[0,0,0.4,0.5],"texture":"#0"},
"up":{"uv":[7,2,7.4,2.5],"texture":"#0"},
"north":{"uv":[7,2,7.4,2.3],"texture":"#0"},
"south":{"uv":[7,2,7.4,2.3],"texture":"#0"},
"west":{"uv":[0,0,0.5,0.3000002],"texture":"#0"},
"east":{"uv":[7,2,7.5,2.3],"texture":"#0"}
}
},
{
"from":[8.8,5.7,3.7],
"to":[8.9,5.8,3.8],
"rotation":{"origin":[8.4,7.4,8],"axis":"z","angle":-22.5},
"faces":{
"down":{"uv":[0,0,0.4,0.5],"texture":"#0"},
"up":{"uv":[7,2,7.4,2.5],"texture":"#0"},
"north":{"uv":[7,2,7.4,2.3],"texture":"#0"},
"south":{"uv":[7,2,7.4,2.3],"texture":"#0"},
"west":{"uv":[0,0,0.5,0.3000002],"texture":"#0"},
"east":{"uv":[7,2,7.5,2.3],"texture":"#0"}
}
},
{
"from":[8.8,5.7,4],
"to":[8.9,5.8,4.3],
"rotation":{"origin":[8.4,7.4,8],"axis":"z","angle":-22.5},
"faces":{
"down":{"uv":[0,0,0.4,0.5],"texture":"#0"},
"up":{"uv":[7,2,7.4,2.5],"texture":"#0"},
"north":{"uv":[7,2,7.4,2.3],"texture":"#0"},
"south":{"uv":[7,2,7.4,2.3],"texture":"#0"},
"west":{"uv":[0,0,0.5,0.3000002],"texture":"#0"},
"east":{"uv":[7,2,7.5,2.3],"texture":"#0"}
}
},
{
"from":[8.5,5.5,4],
"to":[8.6,5.6,4.3],
"rotation":{"origin":[7.8,3.8,8],"axis":"z","angle":22.5},
"faces":{
"down":{"uv":[0,0,0.4,0.5],"texture":"#0"},
"up":{"uv":[7,2,7.4,2.5],"texture":"#0"},
"north":{"uv":[7,2,7.4,2.3],"texture":"#0"},
"south":{"uv":[7,2,7.4,2.3],"texture":"#0"},
"west":{"uv":[7,2,7.5,2.3],"texture":"#0"},
"east":{"uv":[0,0,0.5,0.3000002],"texture":"#0"}
}
},
{
"from":[8.5,5.5,3.7],
"to":[8.6,5.6,3.8],
"rotation":{"origin":[7.8,3.8,8],"axis":"z","angle":22.5},
"faces":{
"down":{"uv":[0,0,0.4,0.5],"texture":"#0"},
"up":{"uv":[7,2,7.4,2.5],"texture":"#0"},
"north":{"uv":[7,2,7.4,2.3],"texture":"#0"},
"south":{"uv":[7,2,7.4,2.3],"texture":"#0"},
"west":{"uv":[7,2,7.5,2.3],"texture":"#0"},
"east":{"uv":[0,0,0.5,0.3000002],"texture":"#0"}
}
},
{
"from":[8.5,5.5,3.4],
"to":[8.6,5.6,3.5],
"rotation":{"origin":[7.8,3.8,8],"axis":"z","angle":22.5},
"faces":{
"down":{"uv":[0,0,0.4,0.5],"texture":"#0"},
"up":{"uv":[7,2,7.4,2.5],"texture":"#0"},
"north":{"uv":[7,2,7.4,2.3],"texture":"#0"},
"south":{"uv":[7,2,7.4,2.3],"texture":"#0"},
"west":{"uv":[7,2,7.5,2.3],"texture":"#0"},
"east":{"uv":[0,0,0.5,0.3000002],"texture":"#0"}
}
},
{
"from":[8.5,5.5,3.1],
"to":[8.6,5.6,3.2],
"rotation":{"origin":[7.8,3.8,8],"axis":"z","angle":22.5},
"faces":{
"down":{"uv":[0,0,0.4,0.5],"texture":"#0"},
"up":{"uv":[7,2,7.4,2.5],"texture":"#0"},
"north":{"uv":[7,2,7.4,2.3],"texture":"#0"},
"south":{"uv":[7,2,7.4,2.3],"texture":"#0"},
"west":{"uv":[7,2,7.5,2.3],"texture":"#0"},
"east":{"uv":[0,0,0.5,0.3000002],"texture":"#0"}
}
},
{
"from":[8.5,5.5,2.8],
"to":[8.6,5.6,2.9],
"rotation":{"origin":[7.8,3.8,8],"axis":"z","angle":22.5},
"faces":{
"down":{"uv":[0,0,0.4,0.5],"texture":"#0"},
"up":{"uv":[7,2,7.4,2.5],"texture":"#0"},
"north":{"uv":[7,2,7.4,2.3],"texture":"#0"},
"south":{"uv":[7,2,7.4,2.3],"texture":"#0"},
"west":{"uv":[7,2,7.5,2.3],"texture":"#0"},
"east":{"uv":[0,0,0.5,0.3000002],"texture":"#0"}
}
},
{
"from":[8.5,5.5,2.5],
"to":[8.6,5.6,2.6],
"rotation":{"origin":[7.8,3.8,8],"axis":"z","angle":22.5},
"faces":{
"down":{"uv":[0,0,0.4,0.5],"texture":"#0"},
"up":{"uv":[7,2,7.4,2.5],"texture":"#0"},
"north":{"uv":[7,2,7.4,2.3],"texture":"#0"},
"south":{"uv":[7,2,7.4,2.3],"texture":"#0"},
"west":{"uv":[7,2,7.5,2.3],"texture":"#0"},
"east":{"uv":[0,0,0.5,0.3000002],"texture":"#0"}
}
},
{
"from":[8.5,5.5,2.2],
"to":[8.6,5.6,2.3],
"rotation":{"origin":[7.8,3.8,8],"axis":"z","angle":22.5},
"faces":{
"down":{"uv":[0,0,0.4,0.5],"texture":"#0"},
"up":{"uv":[7,2,7.4,2.5],"texture":"#0"},
"north":{"uv":[7,2,7.4,2.3],"texture":"#0"},
"south":{"uv":[7,2,7.4,2.3],"texture":"#0"},
"west":{"uv":[7,2,7.5,2.3],"texture":"#0"},
"east":{"uv":[0,0,0.5,0.3000002],"texture":"#0"}
}
},
{
"from":[8.5,5.5,1.9],
"to":[8.6,5.6,2],
"rotation":{"origin":[7.8,3.8,8],"axis":"z","angle":22.5},
"faces":{
"down":{"uv":[0,0,0.4,0.5],"texture":"#0"},
"up":{"uv":[7,2,7.4,2.5],"texture":"#0"},
"north":{"uv":[7,2,7.4,2.3],"texture":"#0"},
"south":{"uv":[7,2,7.4,2.3],"texture":"#0"},
"west":{"uv":[7,2,7.5,2.3],"texture":"#0"},
"east":{"uv":[0,0,0.5,0.3000002],"texture":"#0"}
}
},
{
"from":[8.5,5.5,1.6],
"to":[8.6,5.6,1.7],
"rotation":{"origin":[7.8,3.8,8],"axis":"z","angle":22.5},
"faces":{
"down":{"uv":[0,0,0.4,0.5],"texture":"#0"},
"up":{"uv":[7,2,7.4,2.5],"texture":"#0"},
"north":{"uv":[7,2,7.4,2.3],"texture":"#0"},
"south":{"uv":[7,2,7.4,2.3],"texture":"#0"},
"west":{"uv":[7,2,7.5,2.3],"texture":"#0"},
"east":{"uv":[0,0,0.5,0.3000002],"texture":"#0"}
}
},
{
"from":[8.5,5.5,1.3],
"to":[8.6,5.6,1.4],
"rotation":{"origin":[7.8,3.8,8],"axis":"z","angle":22.5},
"faces":{
"down":{"uv":[0,0,0.4,0.5],"texture":"#0"},
"up":{"uv":[7,2,7.4,2.5],"texture":"#0"},
"north":{"uv":[7,2,7.4,2.3],"texture":"#0"},
"south":{"uv":[7,2,7.4,2.3],"texture":"#0"},
"west":{"uv":[7,2,7.5,2.3],"texture":"#0"},
"east":{"uv":[0,0,0.5,0.3000002],"texture":"#0"}
}
},
{
"from":[7.8,3.8,0.2],
"to":[8.199999,3.9,0.5],
"faces":{
"down":{"uv":[7,2,7.4,2.3],"texture":"#0"},
"up":{"uv":[0,0,0.4,0.3000002],"texture":"#0"},
"north":{"uv":[7,2,7.4,2.1],"texture":"#0"},
"south":{"uv":[7,2,7.4,2.1],"texture":"#0"},
"west":{"uv":[7,2,7.3,2.1],"texture":"#0"},
"east":{"uv":[7,2,7.3,2.1],"texture":"#0"}
}
},
{
"from":[7.8,3.8,0.2],
"to":[8.199999,4,0.3],
"rotation":{"origin":[8,4,0.5],"axis":"x","angle":22.5},
"faces":{
"down":{"uv":[13,6,13.4,6.1],"texture":"#0"},
"up":{"uv":[0,0,12.4,14.1],"texture":"#0"},
"north":{"uv":[13,6,13.4,6.2],"texture":"#0"},
"south":{"uv":[0,0,0.4,0.1999998],"texture":"#0"},
"west":{"uv":[13,6,13.1,6.2],"texture":"#0"},
"east":{"uv":[13,6,13.1,6.2],"texture":"#0"}
}
},
{
"from":[7.8,3.9,0.2],
"to":[8.199999,4,0.3],
"rotation":{"origin":[8,3.8,0.4],"axis":"x","angle":-22.5},
"faces":{
"down":{"uv":[13,6,13.4,6.1],"texture":"#0"},
"up":{"uv":[13,6,13.4,6.1],"texture":"#0"},
"north":{"uv":[13,10,13.4,10.1],"texture":"#0"},
"south":{"uv":[0,0,0.4,0.1000004],"texture":"#0"},
"west":{"uv":[13,6,13.1,6.1],"texture":"#0"},
"east":{"uv":[13,6,13.1,6.1],"texture":"#0"}
}
},
{
"from":[7.8,3.8,0.7],
"to":[8.199999,3.9,0.8],
"faces":{
"down":{"uv":[7,2,7.4,2.1],"texture":"#0"},
"up":{"uv":[0,0,0.4,0.1000004],"texture":"#0"},
"north":{"uv":[7,2,7.4,2.1],"texture":"#0"},
"south":{"uv":[7,2,7.4,2.1],"texture":"#0"},
"west":{"uv":[7,2,7.1,2.1],"texture":"#0"},
"east":{"uv":[7,2,7.1,2.1],"texture":"#0"}
}
},
{
"from":[7.8,3.8,1],
"to":[8.199999,3.9,1.1],
"faces":{
"down":{"uv":[7,2,7.4,2.1],"texture":"#0"},
"up":{"uv":[0,0,0.4,0.1000004],"texture":"#0"},
"north":{"uv":[7,2,7.4,2.1],"texture":"#0"},
"south":{"uv":[7,2,7.4,2.1],"texture":"#0"},
"west":{"uv":[7,2,7.1,2.1],"texture":"#0"},
"east":{"uv":[7,2,7.1,2.1],"texture":"#0"}
}
},
{
"from":[7.8,3.8,1.3],
"to":[8.199999,3.9,1.4],
"faces":{
"down":{"uv":[7,2,7.4,2.1],"texture":"#0"},
"up":{"uv":[0,0,0.4,0.1000004],"texture":"#0"},
"north":{"uv":[7,2,7.4,2.1],"texture":"#0"},
"south":{"uv":[7,2,7.4,2.1],"texture":"#0"},
"west":{"uv":[7,2,7.1,2.1],"texture":"#0"},
"east":{"uv":[7,2,7.1,2.1],"texture":"#0"}
}
},
{
"from":[7.8,3.8,1.6],
"to":[8.199999,3.9,1.7],
"faces":{
"down":{"uv":[7,2,7.4,2.1],"texture":"#0"},
"up":{"uv":[0,0,0.4,0.1000004],"texture":"#0"},
"north":{"uv":[7,2,7.4,2.1],"texture":"#0"},
"south":{"uv":[7,2,7.4,2.1],"texture":"#0"},
"west":{"uv":[7,2,7.1,2.1],"texture":"#0"},
"east":{"uv":[7,2,7.1,2.1],"texture":"#0"}
}
},
{
"from":[7.8,3.8,1.9],
"to":[8.199999,3.9,2],
"faces":{
"down":{"uv":[7,2,7.4,2.1],"texture":"#0"},
"up":{"uv":[0,0,0.4,0.1000004],"texture":"#0"},
"north":{"uv":[7,2,7.4,2.1],"texture":"#0"},
"south":{"uv":[7,2,7.4,2.1],"texture":"#0"},
"west":{"uv":[7,2,7.1,2.1],"texture":"#0"},
"east":{"uv":[7,2,7.1,2.1],"texture":"#0"}
}
},
{
"from":[7.8,3.8,2.2],
"to":[8.199999,3.9,2.3],
"faces":{
"down":{"uv":[7,2,7.4,2.1],"texture":"#0"},
"up":{"uv":[0,0,0.4,0.1000004],"texture":"#0"},
"north":{"uv":[7,2,7.4,2.1],"texture":"#0"},
"south":{"uv":[7,2,7.4,2.1],"texture":"#0"},
"west":{"uv":[7,2,7.1,2.1],"texture":"#0"},
"east":{"uv":[7,2,7.1,2.1],"texture":"#0"}
}
},
{
"from":[7.8,3.8,2.5],
"to":[8.199999,3.9,2.6],
"faces":{
"down":{"uv":[7,2,7.4,2.1],"texture":"#0"},
"up":{"uv":[0,0,0.4,0.1000004],"texture":"#0"},
"north":{"uv":[7,2,7.4,2.1],"texture":"#0"},
"south":{"uv":[7,2,7.4,2.1],"texture":"#0"},
"west":{"uv":[7,2,7.1,2.1],"texture":"#0"},
"east":{"uv":[7,2,7.1,2.1],"texture":"#0"}
}
},
{
"from":[7.8,3.8,2.5],
"to":[8.199999,3.9,2.6],
"faces":{
"down":{"uv":[0,0,0.4,0.1000004],"texture":"#0"},
"up":{"uv":[0,0,0.4,0.1000004],"texture":"#0"},
"north":{"uv":[0,0,0.4,0.1000004],"texture":"#0"},
"south":{"uv":[0,0,0.4,0.1000004],"texture":"#0"},
"west":{"uv":[0,0,0.1,0.1000004],"texture":"#0"},
"east":{"uv":[0,0,0.1,0.1000004],"texture":"#0"}
}
},
{
"from":[7.8,3.8,2.8],
"to":[8.199999,3.9,2.9],
"faces":{
"down":{"uv":[7,2,7.4,2.1],"texture":"#0"},
"up":{"uv":[0,0,0.4,0.1000004],"texture":"#0"},
"north":{"uv":[7,2,7.4,2.1],"texture":"#0"},
"south":{"uv":[7,2,7.4,2.1],"texture":"#0"},
"west":{"uv":[7,2,7.1,2.1],"texture":"#0"},
"east":{"uv":[7,2,7.1,2.1],"texture":"#0"}
}
},
{
"from":[7.8,3.8,3.1],
"to":[8.199999,3.9,3.2],
"faces":{
"down":{"uv":[7,2,7.4,2.1],"texture":"#0"},
"up":{"uv":[0,0,0.4,0.1000004],"texture":"#0"},
"north":{"uv":[7,2,7.4,2.1],"texture":"#0"},
"south":{"uv":[7,2,7.4,2.1],"texture":"#0"},
"west":{"uv":[7,2,7.1,2.1],"texture":"#0"},
"east":{"uv":[7,2,7.1,2.1],"texture":"#0"}
}
},
{
"from":[7.8,3.8,3.4],
"to":[8.199999,3.9,3.6],
"faces":{
"down":{"uv":[7,2,7.4,2.2],"texture":"#0"},
"up":{"uv":[0,0,0.4,0.1999998],"texture":"#0"},
"north":{"uv":[7,2,7.4,2.1],"texture":"#0"},
"south":{"uv":[7,2,7.4,2.1],"texture":"#0"},
"west":{"uv":[7,2,7.2,2.1],"texture":"#0"},
"east":{"uv":[7,2,7.2,2.1],"texture":"#0"}
}
},
{
"from":[7.8,4.1,0.2],
"to":[8.199999,4.3,4.2],
"faces":{
"down":{"uv":[0,0,0.4,0.5],"texture":"#0"},
"up":{"uv":[0,0,0.4,0.5],"texture":"#0"},
"north":{"uv":[0,0,0.4,0.3000002],"texture":"#0"},
"south":{"uv":[0,0,0.4,0.3000002],"texture":"#0"},
"west":{"uv":[0,0,0.5,0.3000002],"texture":"#0"},
"east":{"uv":[0,0,0.5,0.3000002],"texture":"#0"}
}
},
{
"from":[7.8,3.9,3.6],
"to":[8.199999,4.099998,3.7],
"faces":{
"down":{"uv":[13,6,13.4,6.1],"texture":"#0"},
"up":{"uv":[0,0,0.4,0.1000004],"texture":"#0"},
"north":{"uv":[13,6,13.4,6.2],"texture":"#0"},
"south":{"uv":[13,6,13.4,6.2],"texture":"#0"},
"west":{"uv":[13,6,13.1,6.2],"texture":"#0"},
"east":{"uv":[13,6,13.1,6.2],"texture":"#0"}
}
},
{
"from":[7.8,3.8,3.4],
"to":[8.199999,3.9,3.5],
"rotation":{"origin":[8,3.7,3.6],"axis":"x","angle":45},
"faces":{
"down":{"uv":[13,6,13.4,6.1],"texture":"#0"},
"up":{"uv":[13,6,13.4,6.1],"texture":"#0"},
"north":{"uv":[13,6,13.4,6.1],"texture":"#0"},
"south":{"uv":[13,6,13.4,6.1],"texture":"#0"},
"west":{"uv":[13,6,13.1,6.1],"texture":"#0"},
"east":{"uv":[13,6,13.1,6.1],"texture":"#0"}
}
},
{
"from":[7.7,0.9,0.09999999],
"to":[7.9,1.2,4.4],
"rotation":{"origin":[0.2,3.5,8.2],"axis":"z","angle":22.5},
"faces":{
"down":{"uv":[5,4,5.2,4.4],"texture":"#0"},
"up":{"uv":[0,0,0.2,3.4],"texture":"#0"},
"north":{"uv":[5,4,5.2,4.4],"texture":"#0"},
"south":{"uv":[0,0,0.2,0.3999996],"texture":"#0"},
"west":{"uv":[5,4,5.4,4.4],"texture":"#0"},
"east":{"uv":[5,4,5.4,4.4],"texture":"#0"}
}
},
{
"from":[7.7,0.9,0.09999999],
"to":[7.9,1.2,4.4],
"rotation":{"origin":[15.6,2.5,10.2],"axis":"z","angle":-22.5},
"faces":{
"down":{"uv":[5,4,5.2,4.4],"texture":"#0"},
"up":{"uv":[0,0,0.2,3.4],"texture":"#0"},
"north":{"uv":[4,5,4.2,5.4],"texture":"#0"},
"south":{"uv":[0,0,0.2,0.3999996],"texture":"#0"},
"west":{"uv":[5,4,5.4,4.4],"texture":"#0"},
"east":{"uv":[5,4,5.4,4.4],"texture":"#0"}
}
},
{
"from":[7.8,4,3.3],
"to":[8.199999,4.7,4.4],
"faces":{
"down":{"uv":[11,4,11.6,4.5],"texture":"#0"},
"up":{"uv":[0,0,0.6,4.5],"texture":"#0"},
"north":{"uv":[0,0,0.6,0.1999998],"texture":"#0"},
"south":{"uv":[0,0,0.6,0.1999998],"texture":"#0"},
"west":{"uv":[0,0,4.5,0.1999998],"texture":"#0"},
"east":{"uv":[0,0,4.5,0.1999998],"texture":"#0"}
}
},
{
"from":[7.8,3.8,3.4],
"to":[7.9,3.9,3.6],
"rotation":{"origin":[7.9,3.9,8],"axis":"z","angle":-22.5},
"faces":{
"down":{"uv":[7,2,7.4,2.2],"texture":"#0"},
"up":{"uv":[0,0,0.4,0.1999998],"texture":"#0"},
"north":{"uv":[7,2,7.4,2.1],"texture":"#0"},
"south":{"uv":[7,2,7.4,2.1],"texture":"#0"},
"west":{"uv":[7,2,7.2,2.1],"texture":"#0"},
"east":{"uv":[0,0,0.2,0.1000004],"texture":"#0"}
}
},
{
"from":[7.8,3.8,3.1],
"to":[7.9,3.9,3.2],
"rotation":{"origin":[7.9,3.9,8],"axis":"z","angle":-22.5},
"faces":{
"down":{"uv":[7,2,7.4,2.2],"texture":"#0"},
"up":{"uv":[0,0,0.4,0.1999998],"texture":"#0"},
"north":{"uv":[7,2,7.4,2.1],"texture":"#0"},
"south":{"uv":[7,2,7.4,2.1],"texture":"#0"},
"west":{"uv":[7,2,7.2,2.1],"texture":"#0"},
"east":{"uv":[0,0,0.2,0.1000004],"texture":"#0"}
}
},
{
"from":[7.8,3.8,2.8],
"to":[7.9,3.9,2.9],
"rotation":{"origin":[7.9,3.9,8],"axis":"z","angle":-22.5},
"faces":{
"down":{"uv":[7,2,7.4,2.2],"texture":"#0"},
"up":{"uv":[0,0,0.4,0.1999998],"texture":"#0"},
"north":{"uv":[7,2,7.4,2.1],"texture":"#0"},
"south":{"uv":[7,2,7.4,2.1],"texture":"#0"},
"west":{"uv":[7,2,7.2,2.1],"texture":"#0"},
"east":{"uv":[0,0,0.2,0.1000004],"texture":"#0"}
}
},
{
"from":[7.8,3.8,2.5],
"to":[7.9,3.9,2.6],
"rotation":{"origin":[7.9,3.9,8],"axis":"z","angle":-22.5},
"faces":{
"down":{"uv":[7,2,7.4,2.2],"texture":"#0"},
"up":{"uv":[0,0,0.4,0.1999998],"texture":"#0"},
"north":{"uv":[7,2,7.4,2.1],"texture":"#0"},
"south":{"uv":[7,2,7.4,2.1],"texture":"#0"},
"west":{"uv":[7,2,7.2,2.1],"texture":"#0"},
"east":{"uv":[0,0,0.2,0.1000004],"texture":"#0"}
}
},
{
"from":[7.8,3.8,2.2],
"to":[7.9,3.9,2.3],
"rotation":{"origin":[7.9,3.9,8],"axis":"z","angle":-22.5},
"faces":{
"down":{"uv":[7,2,7.4,2.2],"texture":"#0"},
"up":{"uv":[0,0,0.4,0.1999998],"texture":"#0"},
"north":{"uv":[7,2,7.4,2.1],"texture":"#0"},
"south":{"uv":[7,2,7.4,2.1],"texture":"#0"},
"west":{"uv":[7,2,7.2,2.1],"texture":"#0"},
"east":{"uv":[0,0,0.2,0.1000004],"texture":"#0"}
}
},
{
"from":[7.8,3.8,1.9],
"to":[7.9,3.9,2],
"rotation":{"origin":[7.9,3.9,8],"axis":"z","angle":-22.5},
"faces":{
"down":{"uv":[7,2,7.4,2.2],"texture":"#0"},
"up":{"uv":[0,0,0.4,0.1999998],"texture":"#0"},
"north":{"uv":[7,2,7.4,2.1],"texture":"#0"},
"south":{"uv":[7,2,7.4,2.1],"texture":"#0"},
"west":{"uv":[7,2,7.2,2.1],"texture":"#0"},
"east":{"uv":[0,0,0.2,0.1000004],"texture":"#0"}
}
},
{
"from":[7.8,3.8,1.6],
"to":[7.9,3.9,1.7],
"rotation":{"origin":[7.9,3.9,8],"axis":"z","angle":-22.5},
"faces":{
"down":{"uv":[7,2,7.4,2.2],"texture":"#0"},
"up":{"uv":[0,0,0.4,0.1999998],"texture":"#0"},
"north":{"uv":[7,2,7.4,2.1],"texture":"#0"},
"south":{"uv":[7,2,7.4,2.1],"texture":"#0"},
"west":{"uv":[7,2,7.2,2.1],"texture":"#0"},
"east":{"uv":[0,0,0.2,0.1000004],"texture":"#0"}
}
},
{
"from":[7.8,3.8,1.3],
"to":[7.9,3.9,1.4],
"rotation":{"origin":[7.9,3.9,8],"axis":"z","angle":-22.5},
"faces":{
"down":{"uv":[7,2,7.4,2.2],"texture":"#0"},
"up":{"uv":[0,0,0.4,0.1999998],"texture":"#0"},
"north":{"uv":[7,2,7.4,2.1],"texture":"#0"},
"south":{"uv":[7,2,7.4,2.1],"texture":"#0"},
"west":{"uv":[7,2,7.2,2.1],"texture":"#0"},
"east":{"uv":[0,0,0.2,0.1000004],"texture":"#0"}
}
},
{
"from":[7.8,3.8,1],
"to":[7.9,3.9,1.1],
"rotation":{"origin":[7.9,3.9,8],"axis":"z","angle":-22.5},
"faces":{
"down":{"uv":[7,2,7.4,2.2],"texture":"#0"},
"up":{"uv":[0,0,0.4,0.1999998],"texture":"#0"},
"north":{"uv":[7,2,7.4,2.1],"texture":"#0"},
"south":{"uv":[7,2,7.4,2.1],"texture":"#0"},
"west":{"uv":[7,2,7.2,2.1],"texture":"#0"},
"east":{"uv":[0,0,0.2,0.1000004],"texture":"#0"}
}
},
{
"from":[7.8,3.8,0.7],
"to":[7.9,3.9,0.8],
"rotation":{"origin":[7.9,3.9,8],"axis":"z","angle":-22.5},
"faces":{
"down":{"uv":[7,2,7.4,2.2],"texture":"#0"},
"up":{"uv":[0,0,0.4,0.1999998],"texture":"#0"},
"north":{"uv":[7,2,7.4,2.1],"texture":"#0"},
"south":{"uv":[7,2,7.4,2.1],"texture":"#0"},
"west":{"uv":[7,2,7.2,2.1],"texture":"#0"},
"east":{"uv":[0,0,0.2,0.1000004],"texture":"#0"}
}
},
{
"from":[7.8,3.8,0.2],
"to":[7.9,3.9,0.5],
"rotation":{"origin":[7.9,3.9,8],"axis":"z","angle":-22.5},
"faces":{
"down":{"uv":[7,2,7.4,2.2],"texture":"#0"},
"up":{"uv":[0,0,0.4,0.1999998],"texture":"#0"},
"north":{"uv":[7,2,7.4,2.1],"texture":"#0"},
"south":{"uv":[7,2,7.4,2.1],"texture":"#0"},
"west":{"uv":[7,2,7.2,2.1],"texture":"#0"},
"east":{"uv":[0,0,0.2,0.1000004],"texture":"#0"}
}
},
{
"from":[10.4,4.1,0.2],
"to":[10.5,4.2,0.5],
"rotation":{"origin":[10,-1.7,4],"axis":"z","angle":22.5},
"faces":{
"down":{"uv":[7,2,7.1,2.3],"texture":"#0"},
"up":{"uv":[0,0,0.1,0.3000002],"texture":"#0"},
"north":{"uv":[7,2,7.1,2.1],"texture":"#0"},
"south":{"uv":[7,2,7.1,2.1],"texture":"#0"},
"west":{"uv":[0,0,0.3,0.1000004],"texture":"#0"},
"east":{"uv":[7,2,7.3,2.1],"texture":"#0"}
}
},
{
"from":[10.4,4.1,0.7],
"to":[10.5,4.2,0.8],
"rotation":{"origin":[10,-1.7,4],"axis":"z","angle":22.5},
"faces":{
"down":{"uv":[7,2,7.1,2.1],"texture":"#0"},
"up":{"uv":[0,0,0.1,0.1000004],"texture":"#0"},
"north":{"uv":[7,2,7.1,2.1],"texture":"#0"},
"south":{"uv":[7,2,7.1,2.1],"texture":"#0"},
"west":{"uv":[0,0,0.1,0.1000004],"texture":"#0"},
"east":{"uv":[7,2,7.1,2.1],"texture":"#0"}
}
},
{
"from":[10.4,4.1,1],
"to":[10.5,4.2,1.1],
"rotation":{"origin":[10,-1.7,4],"axis":"z","angle":22.5},
"faces":{
"down":{"uv":[7,2,7.1,2.1],"texture":"#0"},
"up":{"uv":[0,0,0.1,0.1000004],"texture":"#0"},
"north":{"uv":[7,2,7.1,2.1],"texture":"#0"},
"south":{"uv":[7,2,7.1,2.1],"texture":"#0"},
"west":{"uv":[0,0,0.1,0.1000004],"texture":"#0"},
"east":{"uv":[7,2,7.1,2.1],"texture":"#0"}
}
},
{
"from":[10.4,4.1,1.3],
"to":[10.5,4.2,1.4],
"rotation":{"origin":[10,-1.7,4],"axis":"z","angle":22.5},
"faces":{
"down":{"uv":[7,2,7.1,2.1],"texture":"#0"},
"up":{"uv":[0,0,0.1,0.1000004],"texture":"#0"},
"north":{"uv":[7,2,7.1,2.1],"texture":"#0"},
"south":{"uv":[7,2,7.1,2.1],"texture":"#0"},
"west":{"uv":[0,0,0.1,0.1000004],"texture":"#0"},
"east":{"uv":[7,2,7.1,2.1],"texture":"#0"}
}
},
{
"from":[10.4,4.1,1.6],
"to":[10.5,4.2,1.7],
"rotation":{"origin":[10,-1.7,4],"axis":"z","angle":22.5},
"faces":{
"down":{"uv":[7,2,7.1,2.1],"texture":"#0"},
"up":{"uv":[0,0,0.1,0.1000004],"texture":"#0"},
"north":{"uv":[7,2,7.1,2.1],"texture":"#0"},
"south":{"uv":[7,2,7.1,2.1],"texture":"#0"},
"west":{"uv":[0,0,0.1,0.1000004],"texture":"#0"},
"east":{"uv":[7,2,7.1,2.1],"texture":"#0"}
}
},
{
"from":[10.4,4.1,1.9],
"to":[10.5,4.2,2],
"rotation":{"origin":[10,-1.7,4],"axis":"z","angle":22.5},
"faces":{
"down":{"uv":[7,2,7.1,2.1],"texture":"#0"},
"up":{"uv":[0,0,0.1,0.1000004],"texture":"#0"},
"north":{"uv":[7,2,7.1,2.1],"texture":"#0"},
"south":{"uv":[7,2,7.1,2.1],"texture":"#0"},
"west":{"uv":[0,0,0.1,0.1000004],"texture":"#0"},
"east":{"uv":[7,2,7.1,2.1],"texture":"#0"}
}
},
{
"from":[10.4,4.1,2.2],
"to":[10.5,4.2,2.3],
"rotation":{"origin":[10,-1.7,4],"axis":"z","angle":22.5},
"faces":{
"down":{"uv":[7,2,7.1,2.1],"texture":"#0"},
"up":{"uv":[0,0,0.1,0.1000004],"texture":"#0"},
"north":{"uv":[7,2,7.1,2.1],"texture":"#0"},
"south":{"uv":[7,2,7.1,2.1],"texture":"#0"},
"west":{"uv":[0,0,0.1,0.1000004],"texture":"#0"},
"east":{"uv":[7,2,7.1,2.1],"texture":"#0"}
}
},
{
"from":[10.4,4.1,2.5],
"to":[10.5,4.2,2.6],
"rotation":{"origin":[10,-1.7,4],"axis":"z","angle":22.5},
"faces":{
"down":{"uv":[7,2,7.1,2.1],"texture":"#0"},
"up":{"uv":[0,0,0.1,0.1000004],"texture":"#0"},
"north":{"uv":[7,2,7.1,2.1],"texture":"#0"},
"south":{"uv":[7,2,7.1,2.1],"texture":"#0"},
"west":{"uv":[0,0,0.1,0.1000004],"texture":"#0"},
"east":{"uv":[7,2,7.1,2.1],"texture":"#0"}
}
},
{
"from":[10.4,4.1,2.8],
"to":[10.5,4.2,2.9],
"rotation":{"origin":[10,-1.7,4],"axis":"z","angle":22.5},
"faces":{
"down":{"uv":[7,2,7.1,2.1],"texture":"#0"},
"up":{"uv":[0,0,0.1,0.1000004],"texture":"#0"},
"north":{"uv":[7,2,7.1,2.1],"texture":"#0"},
"south":{"uv":[7,2,7.1,2.1],"texture":"#0"},
"west":{"uv":[0,0,0.1,0.1000004],"texture":"#0"},
"east":{"uv":[7,2,7.1,2.1],"texture":"#0"}
}
},
{
"from":[10.4,4.1,3.1],
"to":[10.5,4.2,3.2],
"rotation":{"origin":[10,-1.7,4],"axis":"z","angle":22.5},
"faces":{
"down":{"uv":[7,2,7.1,2.1],"texture":"#0"},
"up":{"uv":[0,0,0.1,0.1000004],"texture":"#0"},
"north":{"uv":[7,2,7.1,2.1],"texture":"#0"},
"south":{"uv":[7,2,7.1,2.1],"texture":"#0"},
"west":{"uv":[0,0,0.1,0.1000004],"texture":"#0"},
"east":{"uv":[7,2,7.1,2.1],"texture":"#0"}
}
},
{
"from":[10.4,4.1,3.4],
"to":[10.5,4.2,3.6],
"rotation":{"origin":[10,-1.7,4],"axis":"z","angle":22.5},
"faces":{
"down":{"uv":[7,2,7.1,2.2],"texture":"#0"},
"up":{"uv":[0,0,0.1,0.1999998],"texture":"#0"},
"north":{"uv":[7,2,7.1,2.1],"texture":"#0"},
"south":{"uv":[7,2,7.1,2.1],"texture":"#0"},
"west":{"uv":[0,0,0.2,0.1000004],"texture":"#0"},
"east":{"uv":[7,2,7.2,2.1],"texture":"#0"}
}
},
{
"from":[8.4,4.7,0.2],
"to":[8.5,5.1,2.3],
"faces":{
"down":{"uv":[11,4,11.1,4.1],"texture":"#0"},
"up":{"uv":[11,4,11.1,4.1],"texture":"#0"},
"north":{"uv":[11,4,11.1,4.4],"texture":"#0"},
"south":{"uv":[11,4,11.1,4.4],"texture":"#0"},
"west":{"uv":[0,0,2.1,0.3999996],"texture":"#0"},
"east":{"uv":[11,4,11.1,4.4],"texture":"#0"}
}
},
{
"from":[7.5,4.7,0.2],
"to":[7.6,5.1,2.2],
"faces":{
"down":{"uv":[11,4,11.1,4],"texture":"#0"},
"up":{"uv":[11,4,11.1,4],"texture":"#0"},
"north":{"uv":[11,4,11.1,4.4],"texture":"#0"},
"south":{"uv":[11,4,11.1,4.4],"texture":"#0"},
"west":{"uv":[11,4,11,4.4],"texture":"#0"},
"east":{"uv":[0,0,2,0.3999996],"texture":"#0"}
}
},
{
"from":[8.599999,4.7,2.1],
"to":[8.699999,5.1,2.3],
"rotation":{"origin":[8.1,8,1.6],"axis":"y","angle":-22.5},
"faces":{
"down":{"uv":[11,4,11.1,4.2],"texture":"#0"},
"up":{"uv":[11,4,11.1,4.2],"texture":"#0"},
"north":{"uv":[8,8,8.1,8.4],"texture":"#0"},
"south":{"uv":[0,0,0.1,0.3999996],"texture":"#0"},
"west":{"uv":[0,0,0.2,0.3999996],"texture":"#0"},
"east":{"uv":[11,4,11.2,4.4],"texture":"#0"}
}
},
{
"from":[8.5,4.7,2.1],
"to":[8.6,5.1,2.3],
"rotation":{"origin":[3.3,8,1.6],"axis":"y","angle":22.5},
"faces":{
"down":{"uv":[11,4,11.1,4.2],"texture":"#0"},
"up":{"uv":[11,4,11.1,4.2],"texture":"#0"},
"north":{"uv":[0,0,0.1,0.3999996],"texture":"#0"},
"south":{"uv":[0,0,0.1,0.3999996],"texture":"#0"},
"west":{"uv":[0,0,0.2,0.3999996],"texture":"#0"},
"east":{"uv":[11,4,11.2,4.4],"texture":"#0"}
}
},
{
"from":[8.5,4.7,2.1],
"to":[8.6,5.1,2.3],
"rotation":{"origin":[13.1,8,-1.2],"axis":"y","angle":-22.5},
"faces":{
"down":{"uv":[11,4,11.1,4.2],"texture":"#0"},
"up":{"uv":[11,4,11.1,4.2],"texture":"#0"},
"north":{"uv":[11,4,11.1,4.4],"texture":"#0"},
"south":{"uv":[0,0,0.1,0.3999996],"texture":"#0"},
"west":{"uv":[11,4,11.2,4.4],"texture":"#0"},
"east":{"uv":[0,0,0.2,0.3999996],"texture":"#0"}
}
},
{
"from":[8.5,4.7,2.1],
"to":[8.6,5.1,2.3],
"rotation":{"origin":[8.2,8,4.6],"axis":"y","angle":22.5},
"faces":{
"down":{"uv":[11,4,11.1,4.2],"texture":"#0"},
"up":{"uv":[11,4,11.1,4.2],"texture":"#0"},
"north":{"uv":[0,0,0.1,0.3999996],"texture":"#0"},
"south":{"uv":[0,0,0.1,0.3999996],"texture":"#0"},
"west":{"uv":[11,4,11.2,4.4],"texture":"#0"},
"east":{"uv":[0,0,0.2,0.3999996],"texture":"#0"}
}
},
{
"from":[7.8,2.8,3.1],
"to":[8.199999,3.2,3.2],
"rotation":{"origin":[8.1,4.5,2.4],"axis":"x","angle":-45},
"faces":{
"down":{"uv":[11,4,11.4,4.1],"texture":"#0"},
"up":{"uv":[0,0,0.4,0.1000004],"texture":"#0"},
"north":{"uv":[11,4,11.4,4.4],"texture":"#0"},
"south":{"uv":[0,0,0.4,0.3999996],"texture":"#0"},
"west":{"uv":[11,4,11.1,4.4],"texture":"#0"},
"east":{"uv":[11,4,11.1,4.4],"texture":"#0"}
}
},
{
"from":[7.7,2.7,3.2],
"to":[8.3,3.1,3.4],
"rotation":{"origin":[8.1,4.5,2.4],"axis":"x","angle":-45},
"faces":{
"down":{"uv":[10,3,10.6,3.2],"texture":"#0"},
"up":{"uv":[0,0,0.6,0.1999998],"texture":"#0"},
"north":{"uv":[11,4,11.6,4.4],"texture":"#0"},
"south":{"uv":[0,0,0.6,0.3999996],"texture":"#0"},
"west":{"uv":[11,4,11.2,4.4],"texture":"#0"},
"east":{"uv":[11,4,11.2,4.4],"texture":"#0"}
}
},
{
"from":[7.7,3.8,4.2],
"to":[8.3,4.1,4.4],
"faces":{
"down":{"uv":[11,4,11.6,4.2],"texture":"#0"},
"up":{"uv":[0,0,0.6,0.1999998],"texture":"#0"},
"north":{"uv":[11,4,11.6,4.3],"texture":"#0"},
"south":{"uv":[11,4,11.6,4.3],"texture":"#0"},
"west":{"uv":[11,4,11.2,4.3],"texture":"#0"},
"east":{"uv":[11,4,11.2,4.3],"texture":"#0"}
}
},
{
"from":[7.8,3.8,4.1],
"to":[8.199999,3.9,4.3],
"faces":{
"down":{"uv":[11,4,11.4,4.2],"texture":"#0"},
"up":{"uv":[0,0,0.4,0.1999998],"texture":"#0"},
"north":{"uv":[11,4,11.4,4.1],"texture":"#0"},
"south":{"uv":[0,0,0.4,0.1000004],"texture":"#0"},
"west":{"uv":[11,4,11.2,4.1],"texture":"#0"},
"east":{"uv":[11,4,11.2,4.1],"texture":"#0"}
}
},
{
"from":[7.6,3.6,4.4],
"to":[8.4,4.3,6.5],
"faces":{
"down":{"uv":[4,4,4.8,4.2],"texture":"#0"},
"up":{"uv":[0,0,0.8,2.2],"texture":"#0"},
"north":{"uv":[5,5,5.8,4.7],"texture":"#0"},
"south":{"uv":[6,5,6.8,4.7],"texture":"#0"},
"west":{"uv":[10,4,10.2,4.7],"texture":"#0"},
"east":{"uv":[10,5,10.2,4.7],"texture":"#0"}
}
},
{
"from":[7.6,3.6,4.4],
"to":[8.4,4.3,6.1],
"rotation":{"origin":[8.1,3.5,4.4],"axis":"x","angle":22.5},
"faces":{
"down":{"uv":[12,4,12.8,4.7],"texture":"#0"},
"up":{"uv":[0,0,0.8,1.7],"texture":"#0"},
"north":{"uv":[4,4,4.8,4.8],"texture":"#0"},
"south":{"uv":[11,4,11.8,4.8],"texture":"#0"},
"west":{"uv":[10,4,10.7,4.8],"texture":"#0"},
"east":{"uv":[10,4,10.7,4.8],"texture":"#0"}
}
},
{
"from":[7.7,1.8,4.6],
"to":[8.3,3.7,6],
"rotation":{"origin":[8.1,3.5,4.4],"axis":"x","angle":22.5},
"faces":{
"down":{"uv":[9,4,9.4,4.4],"texture":"#0"},
"up":{"uv":[10,3,10.4,2.4],"texture":"#0"},
"north":{"uv":[6,3,6.4,3.9],"texture":"#0"},
"south":{"uv":[6,4,6.4,3.9],"texture":"#0"},
"west":{"uv":[6,3,6.4,3.9],"texture":"#0"},
"east":{"uv":[6,3,6.4,3.9],"texture":"#0"}
}
},
{
"from":[7.6,3,6],
"to":[8.4,3.2,6.1],
"faces":{
"down":{"uv":[11,4,11.8,4.1],"texture":"#0"},
"up":{"uv":[0,0,0.8,0.1000004],"texture":"#0"},
"north":{"uv":[0,0,0.8,0.8000002],"texture":"#0"},
"south":{"uv":[11,4,11.8,4.8],"texture":"#0"},
"west":{"uv":[10,4,10.1,4.8],"texture":"#0"},
"east":{"uv":[10,4,10.1,4.8],"texture":"#0"}
}
},
{
"from":[7.7,-0.3,5.48],
"to":[8.3,1.3,6.88],
"rotation":{"origin":[8.1,3.3,6.079999],"axis":"x","angle":45},
"faces":{
"down":{"uv":[0,0,0.4,1.4],"texture":"#0"},
"up":{"uv":[0,0,0.4,1.4],"texture":"#0"},
"north":{"uv":[6,3,6.4,3.6],"texture":"#0"},
"south":{"uv":[6,3,6.4,3.6],"texture":"#0"},
"west":{"uv":[6,3,6.4,3.6],"texture":"#0"},
"east":{"uv":[6,3,6.4,3.6],"texture":"#0"}
}
},
{
"from":[7.7,-0.49,5.49],
"to":[8.3,-0.29,6.89],
"rotation":{"origin":[8.1,3.31,6.09],"axis":"x","angle":45},
"faces":{
"down":{"uv":[9,2,9.4,2.4],"texture":"#0"},
"up":{"uv":[10,2,10.4,2.4],"texture":"#0"},
"north":{"uv":[9,2,9.4,2.1],"texture":"#0"},
"south":{"uv":[9,2,9.4,2.1],"texture":"#0"},
"west":{"uv":[9,2,9.4,2.1],"texture":"#0"},
"east":{"uv":[9,2,9.4,2.1],"texture":"#0"}
}
},
{
"from":[7.6,4.3,5.4],
"to":[8.4,5.4,8.7],
"faces":{
"down":{"uv":[9,4,8.8,4.5],"texture":"#0"},
"up":{"uv":[8,4,7.8,4.5],"texture":"#0"},
"north":{"uv":[8,8,8.8,9.1],"texture":"#0"},
"south":{"uv":[8,4,7.8,4.1],"texture":"#0"},
"west":{"uv":[9,7,9.5,8.1],"texture":"#0"},
"east":{"uv":[6,8,4.5,7.1],"texture":"#0"}
}
},
{
"from":[7.7,3.7,4.7],
"to":[8.3,4.8,8.6],
"faces":{
"down":{"uv":[7,4,6.8,4.5],"texture":"#0"},
"up":{"uv":[9,8,8.8,8.5],"texture":"#0"},
"north":{"uv":[9,8,8.8,8.1],"texture":"#0"},
"south":{"uv":[8,4,7.8,4.1],"texture":"#0"},
"west":{"uv":[8,13,8.5,11.1],"texture":"#0"},
"east":{"uv":[8,14,9.5,10.1],"texture":"#0"}
}
},
{
"from":[7.8,1.9,7.8],
"to":[8.199999,3.2,8.5],
"rotation":{"origin":[8,2.8,7.4],"axis":"x","angle":-22.5},
"faces":{
"down":{"uv":[4,4,4.8,4.5],"texture":"#0"},
"up":{"uv":[5,4,4.8,4.5],"texture":"#0"},
"north":{"uv":[4,4,4.8,4.1],"texture":"#0"},
"south":{"uv":[4,4,4.8,4.1],"texture":"#0"},
"west":{"uv":[4,4,4.5,4.1],"texture":"#0"},
"east":{"uv":[4,4,4.5,4.1],"texture":"#0"}
}
},
{
"from":[7.6,3.9,4.8],
"to":[8.4,4.2,5.3],
"rotation":{"origin":[8,6.4,7.1],"axis":"x","angle":-22.5},
"faces":{
"down":{"uv":[11,4,11.8,4.5],"texture":"#0"},
"up":{"uv":[0,0,0.8,4.5],"texture":"#0"},
"north":{"uv":[0,0,0.8,1.1],"texture":"#0"},
"south":{"uv":[0,0,0.8,1.1],"texture":"#0"},
"west":{"uv":[10,4,10.5,4.1],"texture":"#0"},
"east":{"uv":[10,4,10.5,4.1],"texture":"#0"}
}
},
{
"from":[7.6,2.9,5.8],
"to":[8.4,3.2,6.3],
"rotation":{"origin":[9,2.9,7.6],"axis":"x","angle":22.5},
"faces":{
"down":{"uv":[0,0,0.8,4.5],"texture":"#0"},
"up":{"uv":[12,4,11.8,4.5],"texture":"#0"},
"north":{"uv":[0,0,0.8,1.1],"texture":"#0"},
"south":{"uv":[11,4,11.8,4.1],"texture":"#0"},
"west":{"uv":[10,4,10.5,4.1],"texture":"#0"},
"east":{"uv":[10,4,10.5,4.1],"texture":"#0"}
}
},
{
"from":[7.8,3.3,7.6],
"to":[8.199999,4.6,8.2],
"faces":{
"down":{"uv":[4,4,4.8,4.5],"texture":"#0"},
"up":{"uv":[0,0,0.8,4.5],"texture":"#0"},
"north":{"uv":[4,4,4.8,4.1],"texture":"#0"},
"south":{"uv":[5,4,4.8,4.1],"texture":"#0"},
"west":{"uv":[4,4,4.5,4.1],"texture":"#0"},
"east":{"uv":[4,4,4.5,4.1],"texture":"#0"}
}
},
{
"from":[7.8,3.4,7.9],
"to":[8.199999,3.7,8.5],
"faces":{
"down":{"uv":[4,4,3.8,4.5],"texture":"#0"},
"up":{"uv":[4,4,3.8,4.5],"texture":"#0"},
"north":{"uv":[4,4,4.8,4.1],"texture":"#0"},
"south":{"uv":[4,4,4.8,4.1],"texture":"#0"},
"west":{"uv":[4,4,4.5,4.1],"texture":"#0"},
"east":{"uv":[4,4,4.5,4.1],"texture":"#0"}
}
},
{
"from":[7.8,2.9,7.8],
"to":[8.199999,3.2,8.5],
"rotation":{"origin":[8,3.3,9],"axis":"x","angle":22.5},
"faces":{
"down":{"uv":[5,4,4.8,4.5],"texture":"#0"},
"up":{"uv":[5,4,4.8,4.5],"texture":"#0"},
"north":{"uv":[5,4,4.8,4.1],"texture":"#0"},
"south":{"uv":[4,4,4.8,4.1],"texture":"#0"},
"west":{"uv":[4,4,4.5,4.1],"texture":"#0"},
"east":{"uv":[4,4,4.5,4.1],"texture":"#0"}
}
},
{
"from":[7.8,3,7.7],
"to":[8.199999,3.2,8.2],
"faces":{
"down":{"uv":[5,4,4.8,4.5],"texture":"#0"},
"up":{"uv":[9,8,8.8,8.5],"texture":"#0"},
"north":{"uv":[4,4,4.8,4.1],"texture":"#0"},
"south":{"uv":[8,8,7.8,8.1],"texture":"#0"},
"west":{"uv":[4,4,4.5,4.1],"texture":"#0"},
"east":{"uv":[4,4,4.5,4.1],"texture":"#0"}
}
},
{
"from":[7.8,3.1,7.8],
"to":[8.199999,3.2,8.299999],
"rotation":{"origin":[8,3,8],"axis":"x","angle":-45},
"faces":{
"down":{"uv":[0,0,0.8,4.5],"texture":"#0"},
"up":{"uv":[0,0,0.8,4.5],"texture":"#0"},
"north":{"uv":[4,4,4.8,4.1],"texture":"#0"},
"south":{"uv":[4,4,3.8,4.1],"texture":"#0"},
"west":{"uv":[4,4,4.5,4.1],"texture":"#0"},
"east":{"uv":[4,4,4.5,4.1],"texture":"#0"}
}
},
{
"from":[7.8,2.8,7.8],
"to":[8.199999,3,8.299999],
"faces":{
"down":{"uv":[5,4,4.8,4.5],"texture":"#0"},
"up":{"uv":[5,4,4.8,4.5],"texture":"#0"},
"north":{"uv":[4,4,4.8,4.1],"texture":"#0"},
"south":{"uv":[5,4,4.8,4.1],"texture":"#0"},
"west":{"uv":[4,4,4.5,4.1],"texture":"#0"},
"east":{"uv":[4,4,4.5,4.1],"texture":"#0"}
}
},
{
"from":[7.8,3.1,7.8],
"to":[8.199999,3.2,8.299999],
"rotation":{"origin":[8,3,8.3],"axis":"x","angle":-45},
"faces":{
"down":{"uv":[0,0,0.8,4.5],"texture":"#0"},
"up":{"uv":[5,4,4.8,4.5],"texture":"#0"},
"north":{"uv":[4,4,4.8,4.1],"texture":"#0"},
"south":{"uv":[5,4,4.8,4.1],"texture":"#0"},
"west":{"uv":[4,4,4.5,4.1],"texture":"#0"},
"east":{"uv":[4,4,4.5,4.1],"texture":"#0"}
}
},
{
"from":[7.8,2.5,7.9],
"to":[8.199999,2.7,8.4],
"faces":{
"down":{"uv":[4,4,3.8,4.5],"texture":"#0"},
"up":{"uv":[4,4,4.8,4.5],"texture":"#0"},
"north":{"uv":[4,4,4.8,4.1],"texture":"#0"},
"south":{"uv":[8,8,8.8,9.1],"texture":"#0"},
"west":{"uv":[4,4,4.5,4.1],"texture":"#0"},
"east":{"uv":[4,4,4.5,4.1],"texture":"#0"}
}
},
{
"from":[7.8,2.1,8.2],
"to":[8.199999,2.2,8.7],
"rotation":{"origin":[8,2,7.7],"axis":"x","angle":-45},
"faces":{
"down":{"uv":[5,4,4.8,4.5],"texture":"#0"},
"up":{"uv":[5,4,4.8,4.5],"texture":"#0"},
"north":{"uv":[4,4,4.8,4.1],"texture":"#0"},
"south":{"uv":[0,0,0.8,1.1],"texture":"#0"},
"west":{"uv":[4,4,4.5,4.1],"texture":"#0"},
"east":{"uv":[4,4,4.5,4.1],"texture":"#0"}
}
},
{
"from":[7.8,2,8.11],
"to":[8.199999,2.4,8.759999],
"faces":{
"down":{"uv":[4,4,3.8,4.5],"texture":"#0"},
"up":{"uv":[4,4,3.8,4.5],"texture":"#0"},
"north":{"uv":[4,4,4.8,4.1],"texture":"#0"},
"south":{"uv":[4,4,4.8,4.1],"texture":"#0"},
"west":{"uv":[4,4,4.5,4.1],"texture":"#0"},
"east":{"uv":[4,4,4.5,4.1],"texture":"#0"}
}
},
{
"from":[7.4,3.9,4.4],
"to":[7.5,4.099998,8.55],
"rotation":{"origin":[4.2,6.9,7.900001],"axis":"z","angle":22.5},
"faces":{
"down":{"uv":[0,0,0.1,4.5],"texture":"#0"},
"up":{"uv":[11,4,11.1,4.5],"texture":"#0"},
"north":{"uv":[12,4,12.1,4.2],"texture":"#0"},
"south":{"uv":[11,4,11.1,4.2],"texture":"#0"},
"west":{"uv":[0,0,4.5,0.1999998],"texture":"#0"},
"east":{"uv":[11,4,11.5,4.2],"texture":"#0"}
}
},
{
"from":[7.5,3.9,4.4],
"to":[7.6,4.099998,8.55],
"rotation":{"origin":[11.3,4.4,7.900001],"axis":"z","angle":-22.5},
"faces":{
"down":{"uv":[11,5,11.1,4.5],"texture":"#0"},
"up":{"uv":[11,4,11.1,4.5],"texture":"#0"},
"north":{"uv":[12,4,12.1,4.2],"texture":"#0"},
"south":{"uv":[11,4,11.1,4.2],"texture":"#0"},
"west":{"uv":[11,4,11.5,4.2],"texture":"#0"},
"east":{"uv":[0,0,4.5,0.1999998],"texture":"#0"}
}
},
{
"from":[7.8,5.6,4.5],
"to":[8.199999,5.7,8.4],
"faces":{
"down":{"uv":[0,0,0.4,0.5],"texture":"#0"},
"up":{"uv":[11,3,11.4,3.5],"texture":"#0"},
"north":{"uv":[12,4,12.4,4.3],"texture":"#0"},
"south":{"uv":[12,4,12.4,4.3],"texture":"#0"},
"west":{"uv":[12,4,12.5,4.3],"texture":"#0"},
"east":{"uv":[12,4,12.5,4.3],"texture":"#0"}
}
},
{
"from":[7.7,5.5,3.8],
"to":[8.3,5.6,8.5],
"faces":{
"down":{"uv":[0,0,0.6,4.5],"texture":"#0"},
"up":{"uv":[5,4,5.6,4.5],"texture":"#0"},
"north":{"uv":[8,8,8.6,8.2],"texture":"#0"},
"south":{"uv":[5,4,5.6,4.2],"texture":"#0"},
"west":{"uv":[11,4,11.5,4.2],"texture":"#0"},
"east":{"uv":[11,4,11.5,4.2],"texture":"#0"}
}
},
{
"from":[7.7,5.3,4],
"to":[8.3,5.5,8.7],
"faces":{
"down":{"uv":[0,0,0.6,4.5],"texture":"#0"},
"up":{"uv":[11,4,11.6,4.5],"texture":"#0"},
"north":{"uv":[0,0,0.6,0.1999998],"texture":"#0"},
"south":{"uv":[11,4,11.6,4.2],"texture":"#0"},
"west":{"uv":[11,4,11.5,4.2],"texture":"#0"},
"east":{"uv":[11,4,11.5,4.2],"texture":"#0"}
}
},
{
"from":[7.7,6.28,9.2],
"to":[8.3,6.38,9.499999],
"rotation":{"origin":[8,7.78,6.900001],"axis":"x","angle":22.5},
"faces":{
"down":{"uv":[0,0,0.6,4.5],"texture":"#0"},
"up":{"uv":[11,4,11.6,4.5],"texture":"#0"},
"north":{"uv":[11,4,11.6,4.2],"texture":"#0"},
"south":{"uv":[11,4,11.6,4.2],"texture":"#0"},
"west":{"uv":[11,4,11.5,4.2],"texture":"#0"},
"east":{"uv":[11,4,11.5,4.2],"texture":"#0"}
}
},
{
"from":[7.8,7.3,6.1],
"to":[8.199999,7.4,6.2],
"rotation":{"origin":[8,8.6,3.2],"axis":"x","angle":45},
"faces":{
"down":{"uv":[0,0,0.6,4.5],"texture":"#0"},
"up":{"uv":[12,4,12.6,4.5],"texture":"#0"},
"north":{"uv":[12,4,12.6,4.2],"texture":"#0"},
"south":{"uv":[0,0,0.6,0.1999998],"texture":"#0"},
"west":{"uv":[12,4,12.5,4.2],"texture":"#0"},
"east":{"uv":[12,4,12.5,4.2],"texture":"#0"}
}
},
{
"from":[7.8,6.3,3.1],
"to":[8.199999,6.4,3.3],
"rotation":{"origin":[8,7.6,4.7],"axis":"x","angle":-45},
"faces":{
"down":{"uv":[0,0,0.6,4.5],"texture":"#0"},
"up":{"uv":[12,4,12.6,4.5],"texture":"#0"},
"north":{"uv":[0,0,0.6,0.1999998],"texture":"#0"},
"south":{"uv":[12,4,12.6,4.2],"texture":"#0"},
"west":{"uv":[12,4,12.5,4.2],"texture":"#0"},
"east":{"uv":[12,4,12.5,4.2],"texture":"#0"}
}
},
{
"from":[7.8,5.7,4.5],
"to":[8.199999,5.8,4.8],
"faces":{
"down":{"uv":[0,0,0.4,0.5],"texture":"#0"},
"up":{"uv":[7,2,7.4,2.5],"texture":"#0"},
"north":{"uv":[7,2,7.4,2.3],"texture":"#0"},
"south":{"uv":[7,2,7.4,2.3],"texture":"#0"},
"west":{"uv":[7,2,7.5,2.3],"texture":"#0"},
"east":{"uv":[7,2,7.5,2.3],"texture":"#0"}
}
},
{
"from":[7.8,5.7,8],
"to":[8.199999,5.8,8.3],
"faces":{
"down":{"uv":[0,0,0.4,0.5],"texture":"#0"},
"up":{"uv":[10,2,10.4,2.5],"texture":"#0"},
"north":{"uv":[11,3,11.4,3.3],"texture":"#0"},
"south":{"uv":[9,2,9.4,2.3],"texture":"#0"},
"west":{"uv":[9,2,9.5,2.3],"texture":"#0"},
"east":{"uv":[9,2,9.5,2.3],"texture":"#0"}
}
},
{
"from":[7.8,5.7,7.4],
"to":[8.199999,5.8,7.5],
"faces":{
"down":{"uv":[0,0,0.4,0.5],"texture":"#0"},
"up":{"uv":[7,2,7.4,2.5],"texture":"#0"},
"north":{"uv":[7,2,7.4,2.3],"texture":"#0"},
"south":{"uv":[8,2,8.4,2.3],"texture":"#0"},
"west":{"uv":[8,2,8.5,2.3],"texture":"#0"},
"east":{"uv":[7,2,7.5,2.3],"texture":"#0"}
}
},
{
"from":[7.8,5.7,7.1],
"to":[8.199999,5.8,7.2],
"faces":{
"down":{"uv":[0,0,0.4,0.5],"texture":"#0"},
"up":{"uv":[7,2,7.4,2.5],"texture":"#0"},
"north":{"uv":[7,2,7.4,2.3],"texture":"#0"},
"south":{"uv":[7,2,7.4,2.3],"texture":"#0"},
"west":{"uv":[7,2,7.5,2.3],"texture":"#0"},
"east":{"uv":[7,2,7.5,2.3],"texture":"#0"}
}
},
{
"from":[7.8,5.7,6.8],
"to":[8.199999,5.8,6.9],
"faces":{
"down":{"uv":[0,0,0.4,0.5],"texture":"#0"},
"up":{"uv":[7,2,7.4,2.5],"texture":"#0"},
"north":{"uv":[7,2,7.4,2.3],"texture":"#0"},
"south":{"uv":[7,2,7.4,2.3],"texture":"#0"},
"west":{"uv":[7,2,7.5,2.3],"texture":"#0"},
"east":{"uv":[7,2,7.5,2.3],"texture":"#0"}
}
},
{
"from":[7.8,5.7,6.5],
"to":[8.199999,5.8,6.6],
"faces":{
"down":{"uv":[0,0,0.4,0.5],"texture":"#0"},
"up":{"uv":[7,2,7.4,2.5],"texture":"#0"},
"north":{"uv":[7,2,7.4,2.3],"texture":"#0"},
"south":{"uv":[7,2,7.4,2.3],"texture":"#0"},
"west":{"uv":[7,2,7.5,2.3],"texture":"#0"},
"east":{"uv":[7,2,7.5,2.3],"texture":"#0"}
}
},
{
"from":[7.8,5.7,5.9],
"to":[8.199999,5.8,6],
"faces":{
"down":{"uv":[0,0,0.4,0.5],"texture":"#0"},
"up":{"uv":[7,2,7.4,2.5],"texture":"#0"},
"north":{"uv":[0,0,0.4,0.3000002],"texture":"#0"},
"south":{"uv":[7,2,7.4,2.3],"texture":"#0"},
"west":{"uv":[7,2,7.5,2.3],"texture":"#0"},
"east":{"uv":[7,2,7.5,2.3],"texture":"#0"}
}
},
{
"from":[7.8,5.7,6.2],
"to":[8.199999,5.8,6.3],
"faces":{
"down":{"uv":[0,0,0.4,0.5],"texture":"#0"},
"up":{"uv":[7,2,7.4,2.5],"texture":"#0"},
"north":{"uv":[0,0,0.4,0.3000002],"texture":"#0"},
"south":{"uv":[7,2,7.4,2.3],"texture":"#0"},
"west":{"uv":[7,2,7.5,2.3],"texture":"#0"},
"east":{"uv":[7,2,7.5,2.3],"texture":"#0"}
}
},
{
"from":[7.8,5.7,5.6],
"to":[8.199999,5.8,5.7],
"faces":{
"down":{"uv":[0,0,0.4,0.5],"texture":"#0"},
"up":{"uv":[7,2,7.4,2.5],"texture":"#0"},
"north":{"uv":[0,0,0.4,0.3000002],"texture":"#0"},
"south":{"uv":[7,2,7.4,2.3],"texture":"#0"},
"west":{"uv":[7,2,7.5,2.3],"texture":"#0"},
"east":{"uv":[7,2,7.5,2.3],"texture":"#0"}
}
},
{
"from":[7.8,5.7,5.3],
"to":[8.199999,5.8,5.4],
"faces":{
"down":{"uv":[0,0,0.4,0.5],"texture":"#0"},
"up":{"uv":[7,2,7.4,2.5],"texture":"#0"},
"north":{"uv":[0,0,0.4,0.3000002],"texture":"#0"},
"south":{"uv":[7,2,7.4,2.3],"texture":"#0"},
"west":{"uv":[7,2,7.5,2.3],"texture":"#0"},
"east":{"uv":[7,2,7.5,2.3],"texture":"#0"}
}
},
{
"from":[7.8,5.7,5],
"to":[8.199999,5.8,5.1],
"faces":{
"down":{"uv":[0,0,0.4,0.5],"texture":"#0"},
"up":{"uv":[7,2,7.4,2.5],"texture":"#0"},
"north":{"uv":[0,0,0.4,0.3000002],"texture":"#0"},
"south":{"uv":[7,2,7.4,2.3],"texture":"#0"},
"west":{"uv":[7,2,7.5,2.3],"texture":"#0"},
"east":{"uv":[7,2,7.5,2.3],"texture":"#0"}
}
},
{
"from":[8.8,5.7,4.5],
"to":[8.9,5.8,4.8],
"rotation":{"origin":[8.4,7.4,8],"axis":"z","angle":-22.5},
"faces":{
"down":{"uv":[0,0,0.4,0.5],"texture":"#0"},
"up":{"uv":[7,2,7.4,2.5],"texture":"#0"},
"north":{"uv":[7,2,7.4,2.3],"texture":"#0"},
"south":{"uv":[8,2,8.4,2.3],"texture":"#0"},
"west":{"uv":[0,0,0.5,0.3000002],"texture":"#0"},
"east":{"uv":[7,2,7.5,2.3],"texture":"#0"}
}
},
{
"from":[8.8,5.7,8],
"to":[8.9,5.8,8.3],
"rotation":{"origin":[8.4,7.4,8],"axis":"z","angle":-22.5},
"faces":{
"down":{"uv":[9,2,9.4,2.5],"texture":"#0"},
"up":{"uv":[9,2,9.4,2.5],"texture":"#0"},
"north":{"uv":[10,3,10.4,3.3],"texture":"#0"},
"south":{"uv":[9,2,9.4,2.3],"texture":"#0"},
"west":{"uv":[0,0,0.5,0.3000002],"texture":"#0"},
"east":{"uv":[8,2,8.5,2.3],"texture":"#0"}
}
},
{
"from":[8.8,5.7,7.4],
"to":[8.9,5.8,7.5],
"rotation":{"origin":[8.4,7.4,8],"axis":"z","angle":-22.5},
"faces":{
"down":{"uv":[8,2,8.4,2.5],"texture":"#0"},
"up":{"uv":[8,2,8.4,2.5],"texture":"#0"},
"north":{"uv":[7,2,7.4,2.3],"texture":"#0"},
"south":{"uv":[7,2,7.4,2.3],"texture":"#0"},
"west":{"uv":[8,3,8.5,3.3],"texture":"#0"},
"east":{"uv":[7,2,7.5,2.3],"texture":"#0"}
}
},
{
"from":[8.8,5.7,7.1],
"to":[8.9,5.8,7.2],
"rotation":{"origin":[8.4,7.4,8],"axis":"z","angle":-22.5},
"faces":{
"down":{"uv":[0,0,0.4,0.5],"texture":"#0"},
"up":{"uv":[7,2,7.4,2.5],"texture":"#0"},
"north":{"uv":[7,2,7.4,2.3],"texture":"#0"},
"south":{"uv":[7,2,7.4,2.3],"texture":"#0"},
"west":{"uv":[0,0,0.5,0.3000002],"texture":"#0"},
"east":{"uv":[7,2,7.5,2.3],"texture":"#0"}
}
},
{
"from":[8.8,5.7,6.8],
"to":[8.9,5.8,6.9],
"rotation":{"origin":[8.4,7.4,8],"axis":"z","angle":-22.5},
"faces":{
"down":{"uv":[0,0,0.4,0.5],"texture":"#0"},
"up":{"uv":[7,2,7.4,2.5],"texture":"#0"},
"north":{"uv":[7,2,7.4,2.3],"texture":"#0"},
"south":{"uv":[7,2,7.4,2.3],"texture":"#0"},
"west":{"uv":[0,0,0.5,0.3000002],"texture":"#0"},
"east":{"uv":[7,2,7.5,2.3],"texture":"#0"}
}
},
{
"from":[8.8,5.7,6.5],
"to":[8.9,5.8,6.6],
"rotation":{"origin":[8.4,7.4,8],"axis":"z","angle":-22.5},
"faces":{
"down":{"uv":[0,0,0.4,0.5],"texture":"#0"},
"up":{"uv":[7,2,7.4,2.5],"texture":"#0"},
"north":{"uv":[8,2,8.4,2.3],"texture":"#0"},
"south":{"uv":[7,2,7.4,2.3],"texture":"#0"},
"west":{"uv":[0,0,0.5,0.3000002],"texture":"#0"},
"east":{"uv":[7,2,7.5,2.3],"texture":"#0"}
}
},
{
"from":[8.8,5.7,6.2],
"to":[8.9,5.8,6.3],
"rotation":{"origin":[8.4,7.4,8],"axis":"z","angle":-22.5},
"faces":{
"down":{"uv":[0,0,0.4,0.5],"texture":"#0"},
"up":{"uv":[7,2,7.4,2.5],"texture":"#0"},
"north":{"uv":[0,0,0.4,0.3000002],"texture":"#0"},
"south":{"uv":[7,2,7.4,2.3],"texture":"#0"},
"west":{"uv":[0,0,0.5,0.3000002],"texture":"#0"},
"east":{"uv":[7,2,7.5,2.3],"texture":"#0"}
}
},
{
"from":[8.8,5.7,5.9],
"to":[8.9,5.8,6],
"rotation":{"origin":[8.4,7.4,8],"axis":"z","angle":-22.5},
"faces":{
"down":{"uv":[0,0,0.4,0.5],"texture":"#0"},
"up":{"uv":[7,2,7.4,2.5],"texture":"#0"},
"north":{"uv":[0,0,0.4,0.3000002],"texture":"#0"},
"south":{"uv":[7,2,7.4,2.3],"texture":"#0"},
"west":{"uv":[7,2,7.5,2.3],"texture":"#0"},
"east":{"uv":[7,2,7.5,2.3],"texture":"#0"}
}
},
{
"from":[8.8,5.7,5.6],
"to":[8.9,5.8,5.7],
"rotation":{"origin":[8.4,7.4,8],"axis":"z","angle":-22.5},
"faces":{
"down":{"uv":[0,0,0.4,0.5],"texture":"#0"},
"up":{"uv":[7,2,7.4,2.5],"texture":"#0"},
"north":{"uv":[0,0,0.4,0.3000002],"texture":"#0"},
"south":{"uv":[7,2,7.4,2.3],"texture":"#0"},
"west":{"uv":[7,2,7.5,2.3],"texture":"#0"},
"east":{"uv":[7,2,7.5,2.3],"texture":"#0"}
}
},
{
"from":[8.8,5.7,5.3],
"to":[8.9,5.8,5.4],
"rotation":{"origin":[8.4,7.4,8],"axis":"z","angle":-22.5},
"faces":{
"down":{"uv":[0,0,0.4,0.5],"texture":"#0"},
"up":{"uv":[7,2,7.4,2.5],"texture":"#0"},
"north":{"uv":[0,0,0.4,0.3000002],"texture":"#0"},
"south":{"uv":[7,2,7.4,2.3],"texture":"#0"},
"west":{"uv":[7,2,7.5,2.3],"texture":"#0"},
"east":{"uv":[7,2,7.5,2.3],"texture":"#0"}
}
},
{
"from":[8.8,5.7,5],
"to":[8.9,5.8,5.1],
"rotation":{"origin":[8.4,7.4,8],"axis":"z","angle":-22.5},
"faces":{
"down":{"uv":[0,0,0.4,0.5],"texture":"#0"},
"up":{"uv":[7,2,7.4,2.5],"texture":"#0"},
"north":{"uv":[0,0,0.4,0.3000002],"texture":"#0"},
"south":{"uv":[7,2,7.4,2.3],"texture":"#0"},
"west":{"uv":[7,2,7.5,2.3],"texture":"#0"},
"east":{"uv":[7,2,7.5,2.3],"texture":"#0"}
}
},
{
"from":[8.5,5.5,4.5],
"to":[8.6,5.6,4.8],
"rotation":{"origin":[7.8,3.8,8],"axis":"z","angle":22.5},
"faces":{
"down":{"uv":[0,0,0.4,0.5],"texture":"#0"},
"up":{"uv":[7,2,7.4,2.5],"texture":"#0"},
"north":{"uv":[7,2,7.4,2.3],"texture":"#0"},
"south":{"uv":[7,2,7.4,2.3],"texture":"#0"},
"west":{"uv":[7,2,7.5,2.3],"texture":"#0"},
"east":{"uv":[0,0,0.5,0.3000002],"texture":"#0"}
}
},
{
"from":[8.5,5.5,8],
"to":[8.6,5.6,8.3],
"rotation":{"origin":[7.8,3.8,8],"axis":"z","angle":22.5},
"faces":{
"down":{"uv":[9,1,9.4,1.5],"texture":"#0"},
"up":{"uv":[9,2,9.4,2.5],"texture":"#0"},
"north":{"uv":[0,0,0.4,0.3000002],"texture":"#0"},
"south":{"uv":[9,2,9.4,2.3],"texture":"#0"},
"west":{"uv":[9,2,9.5,2.3],"texture":"#0"},
"east":{"uv":[0,0,0.5,0.3000002],"texture":"#0"}
}
},
{
"from":[8.5,5.5,7.4],
"to":[8.6,5.6,7.5],
"rotation":{"origin":[7.8,3.8,8],"axis":"z","angle":22.5},
"faces":{
"down":{"uv":[0,0,0.4,0.5],"texture":"#0"},
"up":{"uv":[8,2,8.4,2.5],"texture":"#0"},
"north":{"uv":[7,2,7.4,2.3],"texture":"#0"},
"south":{"uv":[7,2,7.4,2.3],"texture":"#0"},
"west":{"uv":[7,2,7.5,2.3],"texture":"#0"},
"east":{"uv":[0,0,0.5,0.3000002],"texture":"#0"}
}
},
{
"from":[8.5,5.5,7.1],
"to":[8.6,5.6,7.2],
"rotation":{"origin":[7.8,3.8,8],"axis":"z","angle":22.5},
"faces":{
"down":{"uv":[0,0,0.4,0.5],"texture":"#0"},
"up":{"uv":[7,2,7.4,2.5],"texture":"#0"},
"north":{"uv":[7,2,7.4,2.3],"texture":"#0"},
"south":{"uv":[7,2,7.4,2.3],"texture":"#0"},
"west":{"uv":[7,2,7.5,2.3],"texture":"#0"},
"east":{"uv":[6,2,6.5,2.3],"texture":"#0"}
}
},
{
"from":[8.5,5.5,6.8],
"to":[8.6,5.6,6.9],
"rotation":{"origin":[7.8,3.8,8],"axis":"z","angle":22.5},
"faces":{
"down":{"uv":[0,0,0.4,0.5],"texture":"#0"},
"up":{"uv":[7,2,7.4,2.5],"texture":"#0"},
"north":{"uv":[7,2,7.4,2.3],"texture":"#0"},
"south":{"uv":[7,2,7.4,2.3],"texture":"#0"},
"west":{"uv":[7,2,7.5,2.3],"texture":"#0"},
"east":{"uv":[0,0,0.5,0.3000002],"texture":"#0"}
}
},
{
"from":[8.5,5.5,6.5],
"to":[8.6,5.6,6.6],
"rotation":{"origin":[7.8,3.8,8],"axis":"z","angle":22.5},
"faces":{
"down":{"uv":[0,0,0.4,0.5],"texture":"#0"},
"up":{"uv":[7,2,7.4,2.5],"texture":"#0"},
"north":{"uv":[7,2,7.4,2.3],"texture":"#0"},
"south":{"uv":[7,2,7.4,2.3],"texture":"#0"},
"west":{"uv":[7,2,7.5,2.3],"texture":"#0"},
"east":{"uv":[8,8,8.5,8.3],"texture":"#0"}
}
},
{
"from":[8.5,5.5,6.2],
"to":[8.6,5.6,6.3],
"rotation":{"origin":[7.8,3.8,8],"axis":"z","angle":22.5},
"faces":{
"down":{"uv":[0,0,0.4,0.5],"texture":"#0"},
"up":{"uv":[7,2,7.4,2.5],"texture":"#0"},
"north":{"uv":[0,0,0.4,0.3000002],"texture":"#0"},
"south":{"uv":[7,2,7.4,2.3],"texture":"#0"},
"west":{"uv":[7,2,7.5,2.3],"texture":"#0"},
"east":{"uv":[0,0,0.5,0.3000002],"texture":"#0"}
}
},
{
"from":[8.5,5.5,5.9],
"to":[8.6,5.6,6],
"rotation":{"origin":[7.8,3.8,8],"axis":"z","angle":22.5},
"faces":{
"down":{"uv":[0,0,0.4,0.5],"texture":"#0"},
"up":{"uv":[7,2,7.4,2.5],"texture":"#0"},
"north":{"uv":[0,0,0.4,0.3000002],"texture":"#0"},
"south":{"uv":[7,2,7.4,2.3],"texture":"#0"},
"west":{"uv":[7,2,7.5,2.3],"texture":"#0"},
"east":{"uv":[7,2,7.5,2.3],"texture":"#0"}
}
},
{
"from":[8.5,5.5,5.6],
"to":[8.6,5.6,5.7],
"rotation":{"origin":[7.8,3.8,8],"axis":"z","angle":22.5},
"faces":{
"down":{"uv":[0,0,0.4,0.5],"texture":"#0"},
"up":{"uv":[7,2,7.4,2.5],"texture":"#0"},
"north":{"uv":[0,0,0.4,0.3000002],"texture":"#0"},
"south":{"uv":[7,2,7.4,2.3],"texture":"#0"},
"west":{"uv":[7,2,7.5,2.3],"texture":"#0"},
"east":{"uv":[7,2,7.5,2.3],"texture":"#0"}
}
},
{
"from":[8.5,5.5,5.3],
"to":[8.6,5.6,5.4],
"rotation":{"origin":[7.8,3.8,8],"axis":"z","angle":22.5},
"faces":{
"down":{"uv":[0,0,0.4,0.5],"texture":"#0"},
"up":{"uv":[7,2,7.4,2.5],"texture":"#0"},
"north":{"uv":[0,0,0.4,0.3000002],"texture":"#0"},
"south":{"uv":[7,2,7.4,2.3],"texture":"#0"},
"west":{"uv":[7,2,7.5,2.3],"texture":"#0"},
"east":{"uv":[7,2,7.5,2.3],"texture":"#0"}
}
},
{
"from":[8.5,5.5,5],
"to":[8.6,5.6,5.1],
"rotation":{"origin":[7.8,3.8,8],"axis":"z","angle":22.5},
"faces":{
"down":{"uv":[0,0,0.4,0.5],"texture":"#0"},
"up":{"uv":[7,2,7.4,2.5],"texture":"#0"},
"north":{"uv":[0,0,0.4,0.3000002],"texture":"#0"},
"south":{"uv":[7,2,7.4,2.3],"texture":"#0"},
"west":{"uv":[7,2,7.5,2.3],"texture":"#0"},
"east":{"uv":[7,2,7.5,2.3],"texture":"#0"}
}
},
{
"from":[6,2.2,-0.5],
"to":[6.1,2.4,-0.2],
"rotation":{"origin":[3.5,6.1,8],"axis":"z","angle":45},
"faces":{
"down":{"uv":[12,4,12.1,4.3],"texture":"#0"},
"up":{"uv":[13,4,13.1,4.3],"texture":"#0"},
"north":{"uv":[12,4,12.1,4.4],"texture":"#0"},
"south":{"uv":[12,4,12.1,4.4],"texture":"#0"},
"west":{"uv":[12,4,12.3,4.4],"texture":"#0"},
"east":{"uv":[12,4,12.3,4.4],"texture":"#0"}
}
},
{
"from":[5.9,2.1,-0.5],
"to":[6.199996,2.2,-0.2],
"rotation":{"origin":[3.5,6.1,8],"axis":"z","angle":45},
"faces":{
"down":{"uv":[13,4,13.1,4.3],"texture":"#0"},
"up":{"uv":[13,4,13.1,4.3],"texture":"#0"},
"north":{"uv":[13,4,13.1,4.4],"texture":"#0"},
"south":{"uv":[12,4,12.1,4.4],"texture":"#0"},
"west":{"uv":[13,4,13.3,4.4],"texture":"#0"},
"east":{"uv":[13,4,13.3,4.4],"texture":"#0"}
}
},
{
"from":[5.9,2.4,-0.5],
"to":[6.199996,2.5,-0.2],
"rotation":{"origin":[3.5,6.1,8],"axis":"z","angle":45},
"faces":{
"down":{"uv":[13,4,13.1,4.3],"texture":"#0"},
"up":{"uv":[13,4,13.1,4.3],"texture":"#0"},
"north":{"uv":[13,4,13.1,4.4],"texture":"#0"},
"south":{"uv":[13,4,13.1,4.4],"texture":"#0"},
"west":{"uv":[13,4,13.3,4.4],"texture":"#0"},
"east":{"uv":[13,4,13.3,4.4],"texture":"#0"}
}
},
{
"from":[7.9,2.7,7.1],
"to":[8.1,2.8,7.4],
"rotation":{"origin":[8,3.4,6.8],"axis":"x","angle":-45},
"faces":{
"down":{"uv":[8,8,8.2,8.3],"texture":"#0"},
"up":{"uv":[9,8,9.2,8.3],"texture":"#0"},
"north":{"uv":[8,9,8.2,9.1],"texture":"#0"},
"south":{"uv":[9,8,9.2,8.1],"texture":"#0"},
"west":{"uv":[8,8,8.3,8.1],"texture":"#0"},
"east":{"uv":[9,8,9.3,8.1],"texture":"#0"}
}
},
{
"from":[7.9,3.1,6.6],
"to":[8.1,3.2,7.5],
"faces":{
"down":{"uv":[9,7,9.2,7.9],"texture":"#0"},
"up":{"uv":[8,8,8.2,8.9],"texture":"#0"},
"north":{"uv":[9,8,9.2,8.1],"texture":"#0"},
"south":{"uv":[7,8,7.2,8.1],"texture":"#0"},
"west":{"uv":[7,8,7.9,8.1],"texture":"#0"},
"east":{"uv":[8,8,8.9,8.1],"texture":"#0"}
}
},
{
"from":[7.9,3.2,6.5],
"to":[8.1,3.3,6.7],
"rotation":{"origin":[8,3.4,6.4],"axis":"x","angle":22.5},
"faces":{
"down":{"uv":[8,8,8.2,8.2],"texture":"#0"},
"up":{"uv":[8,8,8.2,8.2],"texture":"#0"},
"north":{"uv":[9,8,9.2,8.1],"texture":"#0"},
"south":{"uv":[8,8,8.2,8.1],"texture":"#0"},
"west":{"uv":[8,8,8.2,8.1],"texture":"#0"},
"east":{"uv":[8,8,8.2,8.1],"texture":"#0"}
}
},
{
"from":[7.9,3.1,6.7],
"to":[8.1,3.2,6.8],
"rotation":{"origin":[6,3.6,6.7],"axis":"x","angle":45},
"faces":{
"down":{"uv":[8,8,8.2,8.1],"texture":"#0"},
"up":{"uv":[8,8,8.2,8.1],"texture":"#0"},
"north":{"uv":[8,8,8.2,8.1],"texture":"#0"},
"south":{"uv":[9,8,9.2,8.1],"texture":"#0"},
"west":{"uv":[9,9,9.1,9.1],"texture":"#0"},
"east":{"uv":[8,9,8.1,9.1],"texture":"#0"}
}
},
{
"from":[7.9,3.2,6.5],
"to":[8.1,3.4,6.6],
"rotation":{"origin":[6,2.9,6.4],"axis":"x","angle":-22.5},
"faces":{
"down":{"uv":[8,8,8.2,8.1],"texture":"#0"},
"up":{"uv":[8,8,8.2,8.1],"texture":"#0"},
"north":{"uv":[9,8,9.2,8.2],"texture":"#0"},
"south":{"uv":[9,9,9.2,9.2],"texture":"#0"},
"west":{"uv":[9,8,9.1,8.2],"texture":"#0"},
"east":{"uv":[9,9,9.1,9.2],"texture":"#0"}
}
},
{
"from":[8.3,4.1,5.1],
"to":[8.4,4.2,6.7],
"rotation":{"origin":[8.3,4.2,11.3],"axis":"z","angle":45},
"faces":{
"down":{"uv":[6,4,6.1,4],"texture":"#0"},
"up":{"uv":[5,4,5.1,4],"texture":"#0"},
"north":{"uv":[5,4,5.1,4.1],"texture":"#0"},
"south":{"uv":[6,4,6.1,4.1],"texture":"#0"},
"west":{"uv":[5,4,5,4.1],"texture":"#0"},
"east":{"uv":[6,4,6,4.1],"texture":"#0"}
}
},
{
"from":[8.3,4.1,7.5],
"to":[8.4,4.2,7.9],
"rotation":{"origin":[6.3,4.9,8.3],"axis":"x","angle":-22.5},
"faces":{
"down":{"uv":[6,4,6.1,4],"texture":"#0"},
"up":{"uv":[6,4,6.1,4],"texture":"#0"},
"north":{"uv":[6,4,6.1,4.1],"texture":"#0"},
"south":{"uv":[6,4,6.1,4.1],"texture":"#0"},
"west":{"uv":[0,0,1,0.1000004],"texture":"#0"},
"east":{"uv":[6,4,6,4.1],"texture":"#0"}
}
},
{
"from":[8.3,4,7.6],
"to":[8.4,4.2,7.7],
"rotation":{"origin":[6.3,4.9,8.3],"axis":"x","angle":-22.5},
"faces":{
"down":{"uv":[5,4,5.1,4],"texture":"#0"},
"up":{"uv":[6,4,6.1,4],"texture":"#0"},
"north":{"uv":[5,4,5.1,4.1],"texture":"#0"},
"south":{"uv":[0,0,0.1,0.1000004],"texture":"#0"},
"west":{"uv":[0,0,1,0.1000004],"texture":"#0"},
"east":{"uv":[6,4,6,4.1],"texture":"#0"}
}
},
{
"from":[8.3,3.8,8],
"to":[8.4,3.9,8.1],
"rotation":{"origin":[6.3,3.8,8],"axis":"x","angle":-45},
"faces":{
"down":{"uv":[6,4,6.1,4],"texture":"#0"},
"up":{"uv":[6,4,6.1,4],"texture":"#0"},
"north":{"uv":[6,4,6.1,4.1],"texture":"#0"},
"south":{"uv":[8,8,8.1,8.1],"texture":"#0"},
"west":{"uv":[9,8,9,8.1],"texture":"#0"},
"east":{"uv":[6,4,6,4.1],"texture":"#0"}
}
},
{
"from":[8.3,3.7,8],
"to":[8.4,3.9,8.1],
"rotation":{"origin":[6.3,3.8,8.4],"axis":"x","angle":22.5},
"faces":{
"down":{"uv":[6,4,6.1,4],"texture":"#0"},
"up":{"uv":[6,4,6.1,4],"texture":"#0"},
"north":{"uv":[5,4,5.1,4.1],"texture":"#0"},
"south":{"uv":[6,4,6.1,4.1],"texture":"#0"},
"west":{"uv":[0,0,1,0.1000004],"texture":"#0"},
"east":{"uv":[6,4,6,4.1],"texture":"#0"}
}
},
{
"from":[8.3,3.7,8],
"to":[8.4,3.9,8.1],
"rotation":{"origin":[6.3,3.8,8.3],"axis":"x","angle":45},
"faces":{
"down":{"uv":[0,0,0.1,1],"texture":"#0"},
"up":{"uv":[7,4,7.1,4],"texture":"#0"},
"north":{"uv":[6,4,6.1,4.1],"texture":"#0"},
"south":{"uv":[6,4,6.1,4.1],"texture":"#0"},
"west":{"uv":[0,0,1,0.1000004],"texture":"#0"},
"east":{"uv":[6,4,6,4.1],"texture":"#0"}
}
},
{
"from":[8.3,3.8,8],
"to":[8.4,3.9,8.1],
"rotation":{"origin":[6.3,4.1,7.9],"axis":"x","angle":-45},
"faces":{
"down":{"uv":[6,4,6.1,4],"texture":"#0"},
"up":{"uv":[6,4,6.1,4],"texture":"#0"},
"north":{"uv":[0,0,0.1,0.1000004],"texture":"#0"},
"south":{"uv":[6,4,6.1,4.1],"texture":"#0"},
"west":{"uv":[0,0,1,0.1000004],"texture":"#0"},
"east":{"uv":[6,4,6,4.1],"texture":"#0"}
}
},
{
"from":[7.9,3.2,6.5],
"to":[8.1,3.4,6.6],
"rotation":{"origin":[6,2.3,7.5],"axis":"x","angle":45},
"faces":{
"down":{"uv":[9,9,9.2,9.1],"texture":"#0"},
"up":{"uv":[9,9,9.2,9.1],"texture":"#0"},
"north":{"uv":[0,0,0.2,0.1999998],"texture":"#0"},
"south":{"uv":[9,2,9.2,2.2],"texture":"#0"},
"west":{"uv":[9,2,9.1,2.2],"texture":"#0"},
"east":{"uv":[9,2,9.1,2.2],"texture":"#0"}
}
},
{
"from":[7.9,3.4,7.4],
"to":[8.1,3.7,7.5],
"faces":{
"down":{"uv":[0,0,0.2,0.1000004],"texture":"#0"},
"up":{"uv":[0,0,0.2,0.1000004],"texture":"#0"},
"north":{"uv":[8,2,8.2,2.2],"texture":"#0"},
"south":{"uv":[8,2,8.2,2.2],"texture":"#0"},
"west":{"uv":[8,2,8.1,2.2],"texture":"#0"},
"east":{"uv":[8,2,8.1,2.2],"texture":"#0"}
}
},
{
"from":[7.9,3.2,6.5],
"to":[8.1,3.5,6.6],
"rotation":{"origin":[6,5.6,6.2],"axis":"x","angle":-22.5},
"faces":{
"down":{"uv":[7,2,7.2,2.1],"texture":"#0"},
"up":{"uv":[0,0,0.2,0.1000004],"texture":"#0"},
"north":{"uv":[8,2,8.2,2.2],"texture":"#0"},
"south":{"uv":[0,0,0.2,0.1999998],"texture":"#0"},
"west":{"uv":[8,2,8.1,2.2],"texture":"#0"},
"east":{"uv":[8,2,8.1,2.2],"texture":"#0"}
}
},
{
"from":[7.9,3.3,7.4],
"to":[8.1,3.4,7.5],
"rotation":{"origin":[6,3.4,7.5],"axis":"x","angle":22.5},
"faces":{
"down":{"uv":[9,2,9.2,2.1],"texture":"#0"},
"up":{"uv":[11,2,11.2,2.1],"texture":"#0"},
"north":{"uv":[9,2,9.2,2.2],"texture":"#0"},
"south":{"uv":[8,2,8.2,2.2],"texture":"#0"},
"west":{"uv":[9,2,9.1,2.2],"texture":"#0"},
"east":{"uv":[9,2,9.1,2.2],"texture":"#0"}
}
},
{
"from":[7.9,3.2,7.4],
"to":[8.1,3.4,7.5],
"rotation":{"origin":[6,3.4,7.4],"axis":"x","angle":45},
"faces":{
"down":{"uv":[9,2,9.2,2.1],"texture":"#0"},
"up":{"uv":[0,0,0.2,0.1000004],"texture":"#0"},
"north":{"uv":[8,2,8.2,2.2],"texture":"#0"},
"south":{"uv":[7,2,7.2,2.2],"texture":"#0"},
"west":{"uv":[8,2,8.1,2.2],"texture":"#0"},
"east":{"uv":[9,2,9.1,2.2],"texture":"#0"}
}
},
{
"from":[7.7,5.6,0.7],
"to":[8.3,5.8,1.1],
"faces":{
"down":{"uv":[8,8,8.4,8.5],"texture":"#0"},
"up":{"uv":[9,8,9.4,8.5],"texture":"#0"},
"north":{"uv":[9,9,9.4,9.3],"texture":"#0"},
"south":{"uv":[8,8,8.4,8.3],"texture":"#0"},
"west":{"uv":[8,8,8.5,8.3],"texture":"#0"},
"east":{"uv":[8,8,8.5,8.3],"texture":"#0"}
}
},
{
"from":[7.7,5.6,0.7],
"to":[8.3,5.8,0.8],
"rotation":{"origin":[8,5.8,0.7],"axis":"x","angle":-45},
"faces":{
"down":{"uv":[8,8,8.4,8.5],"texture":"#0"},
"up":{"uv":[9,8,9.4,8.5],"texture":"#0"},
"north":{"uv":[8,7,8.4,7.3],"texture":"#0"},
"south":{"uv":[8,8,8.4,8.3],"texture":"#0"},
"west":{"uv":[8,8,8.5,8.3],"texture":"#0"},
"east":{"uv":[9,8,9.5,8.3],"texture":"#0"}
}
},
{
"from":[7.7,5.6,0.7],
"to":[8.3,5.8,0.9],
"rotation":{"origin":[8,5.9,0.6],"axis":"x","angle":-22.5},
"faces":{
"down":{"uv":[8,8,8.4,8.5],"texture":"#0"},
"up":{"uv":[8,8,8.4,8.5],"texture":"#0"},
"north":{"uv":[9,9,9.4,9.3],"texture":"#0"},
"south":{"uv":[8,8,8.4,8.3],"texture":"#0"},
"west":{"uv":[9,8,9.5,8.3],"texture":"#0"},
"east":{"uv":[9,8,9.5,8.3],"texture":"#0"}
}
},
{
"from":[7.7,5.7,0.9],
"to":[7.8,5.9,1.1],
"faces":{
"down":{"uv":[8,8,8.4,8.5],"texture":"#0"},
"up":{"uv":[9,8,9.4,8.5],"texture":"#0"},
"north":{"uv":[8,8,8.4,8.3],"texture":"#0"},
"south":{"uv":[9,8,9.4,8.3],"texture":"#0"},
"west":{"uv":[9,8,9.5,8.3],"texture":"#0"},
"east":{"uv":[8,8,8.5,8.3],"texture":"#0"}
}
},
{
"from":[8.2,5.7,0.9],
"to":[8.3,5.9,1.1],
"faces":{
"down":{"uv":[9,8,9.4,8.5],"texture":"#0"},
"up":{"uv":[9,8,9.4,8.5],"texture":"#0"},
"north":{"uv":[8,8,8.4,8.3],"texture":"#0"},
"south":{"uv":[8,8,8.4,8.3],"texture":"#0"},
"west":{"uv":[8,8,8.5,8.3],"texture":"#0"},
"east":{"uv":[9,8,9.5,8.3],"texture":"#0"}
}
},
{
"from":[7.7,5.7,0.9],
"to":[7.8,5.9,1.1],
"faces":{
"down":{"uv":[0,0,0.4,0.5],"texture":"#0"},
"up":{"uv":[0,0,0.4,0.5],"texture":"#0"},
"north":{"uv":[0,0,0.4,0.3000002],"texture":"#0"},
"south":{"uv":[0,0,0.4,0.3000002],"texture":"#0"},
"west":{"uv":[0,0,0.5,0.3000002],"texture":"#0"},
"east":{"uv":[0,0,0.5,0.3000002],"texture":"#0"}
}
},
{
"from":[7.8,6,0.9],
"to":[7.9,6.2,1.1],
"faces":{
"down":{"uv":[8,8,8.4,8.5],"texture":"#0"},
"up":{"uv":[8,7,8.4,7.5],"texture":"#0"},
"north":{"uv":[8,8,8.4,8.3],"texture":"#0"},
"south":{"uv":[8,8,8.4,8.3],"texture":"#0"},
"west":{"uv":[8,9,8.5,9.3],"texture":"#0"},
"east":{"uv":[8,8,8.5,8.3],"texture":"#0"}
}
},
{
"from":[8.099999,6,0.9],
"to":[8.199999,6.2,1.1],
"faces":{
"down":{"uv":[8,8,8.4,8.5],"texture":"#0"},
"up":{"uv":[9,8,9.4,8.5],"texture":"#0"},
"north":{"uv":[8,9,8.4,9.3],"texture":"#0"},
"south":{"uv":[8,8,8.4,8.3],"texture":"#0"},
"west":{"uv":[9,8,9.5,8.3],"texture":"#0"},
"east":{"uv":[8,8,8.5,8.3],"texture":"#0"}
}
},
{
"from":[7.9,5.8,0.9],
"to":[8.1,6,1.1],
"faces":{
"down":{"uv":[9,8,9.4,8.5],"texture":"#0"},
"up":{"uv":[9,8,9.4,8.5],"texture":"#0"},
"north":{"uv":[8,8,8.4,8.3],"texture":"#0"},
"south":{"uv":[9,8,9.4,8.3],"texture":"#0"},
"west":{"uv":[9,8,9.5,8.3],"texture":"#0"},
"east":{"uv":[9,9,9.5,9.3],"texture":"#0"}
}
},
{
"from":[7.9,6.2,0.9],
"to":[8.1,6.3,1.1],
"faces":{
"down":{"uv":[9,8,9.4,8.5],"texture":"#0"},
"up":{"uv":[8,8,8.4,8.5],"texture":"#0"},
"north":{"uv":[9,8,9.4,8.3],"texture":"#0"},
"south":{"uv":[9,8,9.4,8.3],"texture":"#0"},
"west":{"uv":[9,8,9.5,8.3],"texture":"#0"},
"east":{"uv":[9,8,9.5,8.3],"texture":"#0"}
}
},
{
"from":[7.5,5.7,0.9],
"to":[7.6,5.8,1.1],
"rotation":{"origin":[8.4,5.3,8.1],"axis":"z","angle":-45},
"faces":{
"down":{"uv":[9,9,9.4,9.5],"texture":"#0"},
"up":{"uv":[8,8,8.4,8.5],"texture":"#0"},
"north":{"uv":[8,7,8.4,7.3],"texture":"#0"},
"south":{"uv":[9,8,9.4,8.3],"texture":"#0"},
"west":{"uv":[8,8,8.5,8.3],"texture":"#0"},
"east":{"uv":[8,8,8.5,8.3],"texture":"#0"}
}
},
{
"from":[7.7,5.6,7.7],
"to":[8.3,5.8,8.1],
"faces":{
"down":{"uv":[8,9,8.4,9.5],"texture":"#0"},
"up":{"uv":[8,9,8.4,9.5],"texture":"#0"},
"north":{"uv":[8,8,8.4,8.3],"texture":"#0"},
"south":{"uv":[8,7,8.4,7.3],"texture":"#0"},
"west":{"uv":[8,8,8.5,8.3],"texture":"#0"},
"east":{"uv":[9,8,9.5,8.3],"texture":"#0"}
}
},
{
"from":[8.2,5.7,7.9],
"to":[8.3,5.9,8.1],
"faces":{
"down":{"uv":[8,8,8.4,8.5],"texture":"#0"},
"up":{"uv":[8,7,8.4,7.5],"texture":"#0"},
"north":{"uv":[8,8,8.4,8.3],"texture":"#0"},
"south":{"uv":[9,8,9.4,8.3],"texture":"#0"},
"west":{"uv":[8,8,8.5,8.3],"texture":"#0"},
"east":{"uv":[8,7,8.5,7.3],"texture":"#0"}
}
},
{
"from":[7.7,5.7,7.9],
"to":[7.8,5.9,8.1],
"faces":{
"down":{"uv":[9,8,9.4,8.5],"texture":"#0"},
"up":{"uv":[8,9,8.4,9.5],"texture":"#0"},
"north":{"uv":[9,8,9.4,8.3],"texture":"#0"},
"south":{"uv":[8,8,8.4,8.3],"texture":"#0"},
"west":{"uv":[8,8,8.5,8.3],"texture":"#0"},
"east":{"uv":[8,8,8.5,8.3],"texture":"#0"}
}
},
{
"from":[7.9,5.8,7.9],
"to":[8.1,6,8.1],
"faces":{
"down":{"uv":[9,8,9.4,8.5],"texture":"#0"},
"up":{"uv":[9,7,9.4,7.5],"texture":"#0"},
"north":{"uv":[9,8,9.4,8.3],"texture":"#0"},
"south":{"uv":[8,8,8.4,8.3],"texture":"#0"},
"west":{"uv":[9,8,9.5,8.3],"texture":"#0"},
"east":{"uv":[8,8,8.5,8.3],"texture":"#0"}
}
},
{
"from":[7.8,5.8,7.9],
"to":[7.9,6,8.299999],
"faces":{
"down":{"uv":[9,8,9.4,8.5],"texture":"#0"},
"up":{"uv":[8,9,8.4,9.5],"texture":"#0"},
"north":{"uv":[9,8,9.4,8.3],"texture":"#0"},
"south":{"uv":[9,9,9.4,9.3],"texture":"#0"},
"west":{"uv":[9,8,9.5,8.3],"texture":"#0"},
"east":{"uv":[8,8,8.5,8.3],"texture":"#0"}
}
},
{
"from":[8.099999,5.8,7.9],
"to":[8.199999,6,8.299999],
"faces":{
"down":{"uv":[8,8,8.4,8.5],"texture":"#0"},
"up":{"uv":[9,8,9.4,8.5],"texture":"#0"},
"north":{"uv":[8,8,8.4,8.3],"texture":"#0"},
"south":{"uv":[9,8,9.4,8.3],"texture":"#0"},
"west":{"uv":[8,8,8.5,8.3],"texture":"#0"},
"east":{"uv":[8,8,8.5,8.3],"texture":"#0"}
}
},
{
"from":[7.9,5.8,8.3],
"to":[8.1,6,8.4],
"faces":{
"down":{"uv":[8,8,8.4,8.5],"texture":"#0"},
"up":{"uv":[9,8,9.4,8.5],"texture":"#0"},
"north":{"uv":[9,9,9.4,9.3],"texture":"#0"},
"south":{"uv":[9,8,9.4,8.3],"texture":"#0"},
"west":{"uv":[8,9,8.5,9.3],"texture":"#0"},
"east":{"uv":[9,8,9.5,8.3],"texture":"#0"}
}
},
{
"from":[7.7,0.6,5.7],
"to":[8.3,0.8,5.8],
"rotation":{"origin":[8,5.7,0.7],"axis":"x","angle":-45},
"faces":{
"down":{"uv":[9,8,9.4,8.5],"texture":"#0"},
"up":{"uv":[9,7,9.4,7.5],"texture":"#0"},
"north":{"uv":[9,8,9.4,8.3],"texture":"#0"},
"south":{"uv":[9,8,9.4,8.3],"texture":"#0"},
"west":{"uv":[8,8,8.5,8.3],"texture":"#0"},
"east":{"uv":[9,7,9.5,7.3],"texture":"#0"}
}
},
{
"from":[7.7,4.7,8.599999],
"to":[8.3,4.9,8.799999],
"rotation":{"origin":[8,3.3,5.8],"axis":"x","angle":-22.5},
"faces":{
"down":{"uv":[9,9,9.4,9.5],"texture":"#0"},
"up":{"uv":[9,8,9.4,8.5],"texture":"#0"},
"north":{"uv":[9,8,9.4,8.3],"texture":"#0"},
"south":{"uv":[8,8,8.4,8.3],"texture":"#0"},
"west":{"uv":[7,8,7.5,8.3],"texture":"#0"},
"east":{"uv":[8,8,8.5,8.3],"texture":"#0"}
}
},
{
"from":[7.8,3.8,8.599999],
"to":[8.199999,4.8,8.899999],
"faces":{
"down":{"uv":[9,9,8.6,12.5],"texture":"#0"},
"up":{"uv":[8,7,8.6,7.5],"texture":"#0"},
"north":{"uv":[8,8,8.6,8.2],"texture":"#0"},
"south":{"uv":[8,4,8.6,4.2],"texture":"#0"},
"west":{"uv":[13,8,7.5,7.2],"texture":"#0"},
"east":{"uv":[8,9,4.5,8.2],"texture":"#0"}
}
},
{
"from":[7.77,5.4,8.7],
"to":[8.2,5.5,11.6],
"faces":{
"down":{"uv":[0,0,0.6,4.5],"texture":"#0"},
"up":{"uv":[8,9,8.6,8.5],"texture":"#0"},
"north":{"uv":[9,8,9.6,8.2],"texture":"#0"},
"south":{"uv":[8,8,8.6,8.2],"texture":"#0"},
"west":{"uv":[8,8,8.5,8.2],"texture":"#0"},
"east":{"uv":[8,8,8.5,8.2],"texture":"#0"}
}
},
{
"from":[7.7,4.4,8.599999],
"to":[8.3,4.9,8.899999],
"faces":{
"down":{"uv":[8,9,8.6,12.5],"texture":"#0"},
"up":{"uv":[9,8,8.6,8.5],"texture":"#0"},
"north":{"uv":[8,8,8.6,8.2],"texture":"#0"},
"south":{"uv":[8,4,8.6,4.2],"texture":"#0"},
"west":{"uv":[4,8,9.5,8.2],"texture":"#0"},
"east":{"uv":[7,8,4.5,8.2],"texture":"#0"}
}
},
{
"from":[7.8,5.4,8.599999],
"to":[8,5.5,9.199999],
"rotation":{"origin":[8,5,8],"axis":"z","angle":-45},
"faces":{
"down":{"uv":[0,0,0.6,4.5],"texture":"#0"},
"up":{"uv":[8,8,8.6,8.5],"texture":"#0"},
"north":{"uv":[8,8,8.6,8.2],"texture":"#0"},
"south":{"uv":[8,8,8.6,8.2],"texture":"#0"},
"west":{"uv":[9,8,8.5,8.2],"texture":"#0"},
"east":{"uv":[8,8,8.5,8.2],"texture":"#0"}
}
},
{
"from":[7.4,5.4,8.599999],
"to":[7.599998,5.5,9.199999],
"rotation":{"origin":[7.7,5.7,8.3],"axis":"z","angle":45},
"faces":{
"down":{"uv":[8,7,8.6,7.5],"texture":"#0"},
"up":{"uv":[8,9,8.6,9.5],"texture":"#0"},
"north":{"uv":[8,8,8.6,8.2],"texture":"#0"},
"south":{"uv":[8,8,8.6,8.2],"texture":"#0"},
"west":{"uv":[9,8,8.5,8.2],"texture":"#0"},
"east":{"uv":[8,8,8.5,8.2],"texture":"#0"}
}
},
{
"from":[7.6,4.85,8.599999],
"to":[7.7,5.3,9.2],
"faces":{
"down":{"uv":[10,7,10.6,7.5],"texture":"#0"},
"up":{"uv":[8,7,8.6,7.5],"texture":"#0"},
"north":{"uv":[8,8,8.6,8.2],"texture":"#0"},
"south":{"uv":[9,8,9.6,8.2],"texture":"#0"},
"west":{"uv":[9,8,9.5,8.2],"texture":"#0"},
"east":{"uv":[9,8,8.5,8.2],"texture":"#0"}
}
},
{
"from":[8.3,4.9,8.599999],
"to":[8.4,5.3,9.199999],
"faces":{
"down":{"uv":[8,8,8.6,8.5],"texture":"#0"},
"up":{"uv":[8,7,8.6,7.5],"texture":"#0"},
"north":{"uv":[9,8,9.6,8.2],"texture":"#0"},
"south":{"uv":[8,8,8.6,8.2],"texture":"#0"},
"west":{"uv":[9,8,8.5,8.2],"texture":"#0"},
"east":{"uv":[10,8,9.5,8.2],"texture":"#0"}
}
},
{
"from":[7.6,4.9,8.599999],
"to":[7.7,5.1,9.199999],
"rotation":{"origin":[7.9,5,8.1],"axis":"z","angle":45},
"faces":{
"down":{"uv":[8,8,8.6,8.5],"texture":"#0"},
"up":{"uv":[8,8,8.6,8.5],"texture":"#0"},
"north":{"uv":[8,8,8.6,8.2],"texture":"#0"},
"south":{"uv":[9,8,9.6,8.2],"texture":"#0"},
"west":{"uv":[8,9,8.5,9.2],"texture":"#0"},
"east":{"uv":[9,8,8.5,8.2],"texture":"#0"}
}
},
{
"from":[8.3,4.9,8.599999],
"to":[8.4,5.1,9.199999],
"rotation":{"origin":[8.1,5,8],"axis":"z","angle":-45},
"faces":{
"down":{"uv":[9,8,9.6,7.5],"texture":"#0"},
"up":{"uv":[9,8,9.6,8.5],"texture":"#0"},
"north":{"uv":[8,8,8.6,8.2],"texture":"#0"},
"south":{"uv":[8,7,8.6,7.2],"texture":"#0"},
"west":{"uv":[9,8,8.5,8.2],"texture":"#0"},
"east":{"uv":[8,8,8.5,8.2],"texture":"#0"}
}
},
{
"from":[7.8,4.7,8.599999],
"to":[8.199999,4.8,9.199999],
"faces":{
"down":{"uv":[10,7,9.6,7.5],"texture":"#0"},
"up":{"uv":[8,8,8.6,8.5],"texture":"#0"},
"north":{"uv":[9,8,9.6,8.2],"texture":"#0"},
"south":{"uv":[8,6,8.6,6.2],"texture":"#0"},
"west":{"uv":[9,7,9.5,7.2],"texture":"#0"},
"east":{"uv":[8,9,8.5,9.2],"texture":"#0"}
}
},
{
"from":[7.77,5.4,9.2],
"to":[8.2,5.5,12.1],
"faces":{
"down":{"uv":[0,0,0.6,4.5],"texture":"#0"},
"up":{"uv":[4,4,4.6,4.5],"texture":"#0"},
"north":{"uv":[0,0,0.6,0.1999998],"texture":"#0"},
"south":{"uv":[7,2,7.6,2.2],"texture":"#0"},
"west":{"uv":[4,4,4.5,4.2],"texture":"#0"},
"east":{"uv":[4,4,4.5,4.2],"texture":"#0"}
}
},
{
"from":[7.8,5.2,9.2],
"to":[8,5.5,12.1],
"rotation":{"origin":[8,5,8],"axis":"z","angle":-45},
"faces":{
"down":{"uv":[0,0,0.6,4.5],"texture":"#0"},
"up":{"uv":[4,4,4.6,4.5],"texture":"#0"},
"north":{"uv":[0,0,0.6,0.1999998],"texture":"#0"},
"south":{"uv":[7,2,7.6,2.2],"texture":"#0"},
"west":{"uv":[4,4,4.5,4.2],"texture":"#0"},
"east":{"uv":[7,2,6.5,2.2],"texture":"#0"}
}
},
{
"from":[7.4,5.2,9.2],
"to":[7.599998,5.5,12.1],
"rotation":{"origin":[7.7,5.7,8.3],"axis":"z","angle":45},
"faces":{
"down":{"uv":[0,0,0.6,4.5],"texture":"#0"},
"up":{"uv":[4,4,4.6,4.5],"texture":"#0"},
"north":{"uv":[0,0,0.6,0.1999998],"texture":"#0"},
"south":{"uv":[7,2,7.6,2.2],"texture":"#0"},
"west":{"uv":[7,2,7.5,2.2],"texture":"#0"},
"east":{"uv":[4,4,4.5,4.2],"texture":"#0"}
}
},
{
"from":[7.7,5.2,10.6],
"to":[8,5.4,12.1],
"rotation":{"origin":[8.3,6.3,8],"axis":"z","angle":22.5},
"faces":{
"down":{"uv":[6,2,6.6,2.5],"texture":"#0"},
"up":{"uv":[4,4,4.6,4.5],"texture":"#0"},
"north":{"uv":[6,2,6.6,2.2],"texture":"#0"},
"south":{"uv":[7,2,7.6,2.2],"texture":"#0"},
"west":{"uv":[0,0,4.5,0.1999998],"texture":"#0"},
"east":{"uv":[4,4,4.5,4.2],"texture":"#0"}
}
},
{
"from":[7.4,5.2,10.6],
"to":[7.699996,5.4,12.1],
"rotation":{"origin":[7.4,4.8,8.3],"axis":"z","angle":-22.5},
"faces":{
"down":{"uv":[7,2,7.6,2.5],"texture":"#0"},
"up":{"uv":[4,4,4.6,4.5],"texture":"#0"},
"north":{"uv":[5,2,5.6,2.2],"texture":"#0"},
"south":{"uv":[7,2,7.6,2.2],"texture":"#0"},
"west":{"uv":[4,4,4.5,4.2],"texture":"#0"},
"east":{"uv":[6,4,6.5,4.2],"texture":"#0"}
}
},
{
"from":[7.7,4.9,8.599999],
"to":[8.3,5.3,9.299999],
"faces":{
"down":{"uv":[9,4,9.6,4.5],"texture":"#0"},
"up":{"uv":[9,4,9.6,4.5],"texture":"#0"},
"north":{"uv":[8,8,8.6,8.2],"texture":"#0"},
"south":{"uv":[8,4,8.6,4.2],"texture":"#0"},
"west":{"uv":[8,4,8.5,4.2],"texture":"#0"},
"east":{"uv":[8,4,8.5,4.2],"texture":"#0"}
}
},
{
"from":[7.8,4.8,8.599999],
"to":[8.199999,4.9,9.299999],
"faces":{
"down":{"uv":[8,4,8.6,4.5],"texture":"#0"},
"up":{"uv":[9,9,8.6,8.5],"texture":"#0"},
"north":{"uv":[8,9,8.6,9.2],"texture":"#0"},
"south":{"uv":[9,4,9.6,4.2],"texture":"#0"},
"west":{"uv":[10,4,9.5,4.2],"texture":"#0"},
"east":{"uv":[9,4,9.5,4.2],"texture":"#0"}
}
},
{
"from":[8.2,4.9,8.599999],
"to":[8.3,5.1,9.299999],
"rotation":{"origin":[8.1,5,8],"axis":"z","angle":-45},
"faces":{
"down":{"uv":[8,4,8.6,4.5],"texture":"#0"},
"up":{"uv":[8,5,8.6,4.5],"texture":"#0"},
"north":{"uv":[9,4,9.6,4.2],"texture":"#0"},
"south":{"uv":[8,4,8.6,4.2],"texture":"#0"},
"west":{"uv":[10,4,9.5,4.2],"texture":"#0"},
"east":{"uv":[9,4,8.5,4.2],"texture":"#0"}
}
},
{
"from":[7.7,4.9,8.599999],
"to":[7.8,5.1,9.299999],
"rotation":{"origin":[7.9,5,8.1],"axis":"z","angle":45},
"faces":{
"down":{"uv":[9,4,9.6,4.5],"texture":"#0"},
"up":{"uv":[9,4,9.6,4.5],"texture":"#0"},
"north":{"uv":[8,4,8.6,4.2],"texture":"#0"},
"south":{"uv":[8,4,8.6,4.2],"texture":"#0"},
"west":{"uv":[9,4,9.5,4.2],"texture":"#0"},
"east":{"uv":[8,4,8.5,4.2],"texture":"#0"}
}
},
{
"from":[7.8,5,8.7],
"to":[8.199999,5.4,12.1],
"faces":{
"down":{"uv":[5,1,5.6,5.5],"texture":"#0"},
"up":{"uv":[3,4,3.6,3.5],"texture":"#0"},
"north":{"uv":[7,4,7.6,4.2],"texture":"#0"},
"south":{"uv":[7,2,7.6,2.2],"texture":"#0"},
"west":{"uv":[5,4,4.5,4.2],"texture":"#0"},
"east":{"uv":[5,4,4.5,4.2],"texture":"#0"}
}
},
{
"from":[7.8,4.9,9.5],
"to":[8.199999,5.3,12],
"faces":{
"down":{"uv":[3,4,3.6,4.5],"texture":"#0"},
"up":{"uv":[0,0,0.6,1.5],"texture":"#0"},
"north":{"uv":[0,0,0.6,0.1999998],"texture":"#0"},
"south":{"uv":[0,0,0.6,0.1999998],"texture":"#0"},
"west":{"uv":[4,4,4.5,4.2],"texture":"#0"},
"east":{"uv":[4,4,4.5,4.2],"texture":"#0"}
}
},
{
"from":[7.8,4.9,8.599999],
"to":[8.199999,5,8.999999],
"rotation":{"origin":[8,6.4,9],"axis":"x","angle":-22.5},
"faces":{
"down":{"uv":[3,4,3.6,4.5],"texture":"#0"},
"up":{"uv":[0,0,0.6,4.5],"texture":"#0"},
"north":{"uv":[0,0,0.6,0.1999998],"texture":"#0"},
"south":{"uv":[4,4,4.6,4.2],"texture":"#0"},
"west":{"uv":[4,4,4.5,4.2],"texture":"#0"},
"east":{"uv":[4,4,4.5,4.2],"texture":"#0"}
}
},
{
"from":[7.6,4.3,12],
"to":[8.4,5.199996,12.1],
"faces":{
"down":{"uv":[4,4,4.6,4.5],"texture":"#0"},
"up":{"uv":[0,0,0.6,4.5],"texture":"#0"},
"north":{"uv":[6,2,6.6,2.2],"texture":"#0"},
"south":{"uv":[7,2,7.6,2.2],"texture":"#0"},
"west":{"uv":[7,2,7.5,2.2],"texture":"#0"},
"east":{"uv":[7,3,7.5,3.2],"texture":"#0"}
}
},
{
"from":[7.7,3.8,12],
"to":[8.3,4.7,12.1],
"faces":{
"down":{"uv":[8,2,8.6,2.5],"texture":"#0"},
"up":{"uv":[9,3,9.6,2.5],"texture":"#0"},
"north":{"uv":[6,2,6.6,2.2],"texture":"#0"},
"south":{"uv":[8,2,8.6,2.2],"texture":"#0"},
"west":{"uv":[4,4,4.5,4.2],"texture":"#0"},
"east":{"uv":[4,4,4.5,4.2],"texture":"#0"}
}
},
{
"from":[7.7,3.9,12],
"to":[8.3,4.7,12.1],
"rotation":{"origin":[8.1,4.3,10],"axis":"x","angle":22.5},
"faces":{
"down":{"uv":[8,2,8.6,2.5],"texture":"#0"},
"up":{"uv":[0,0,0.6,4.5],"texture":"#0"},
"north":{"uv":[6,2,6.6,2.2],"texture":"#0"},
"south":{"uv":[7,2,7.6,2.2],"texture":"#0"},
"west":{"uv":[4,4,4.5,4.2],"texture":"#0"},
"east":{"uv":[4,4,4.5,4.2],"texture":"#0"}
}
},
{
"from":[7.9,3.8,11.7],
"to":[8.1,4.6,11.8],
"rotation":{"origin":[8.1,4.3,10],"axis":"x","angle":22.5},
"faces":{
"down":{"uv":[8,2,8.6,1.5],"texture":"#0"},
"up":{"uv":[5,2,5.6,2.5],"texture":"#0"},
"north":{"uv":[5,2,5.6,2.2],"texture":"#0"},
"south":{"uv":[5,2,5.6,2.2],"texture":"#0"},
"west":{"uv":[4,3,4.5,3.2],"texture":"#0"},
"east":{"uv":[5,2,5.5,2.2],"texture":"#0"}
}
},
{
"from":[7.8,3.1,11.6],
"to":[8.199999,3.2,11.8],
"faces":{
"down":{"uv":[9,2,9.6,2.5],"texture":"#0"},
"up":{"uv":[5,2,5.6,2.5],"texture":"#0"},
"north":{"uv":[5,2,5.6,2.2],"texture":"#0"},
"south":{"uv":[8,2,8.6,2.2],"texture":"#0"},
"west":{"uv":[5,2,5.5,2.2],"texture":"#0"},
"east":{"uv":[6,2,5.5,2.2],"texture":"#0"}
}
},
{
"from":[7.9,3.1,11.4],
"to":[8.1,3.2,11.6],
"faces":{
"down":{"uv":[7,2,7.6,2.5],"texture":"#0"},
"up":{"uv":[5,3,5.6,2.5],"texture":"#0"},
"north":{"uv":[5,2,5.6,2.2],"texture":"#0"},
"south":{"uv":[0,0,0.6,0.1999998],"texture":"#0"},
"west":{"uv":[5,2,5.5,2.2],"texture":"#0"},
"east":{"uv":[5,2,5.5,2.2],"texture":"#0"}
}
},
{
"from":[7.9,3.8,11.7],
"to":[8.1,4.5,11.8],
"faces":{
"down":{"uv":[4,2,4.6,2.5],"texture":"#0"},
"up":{"uv":[8,5,8.6,9.5],"texture":"#0"},
"north":{"uv":[5,2,5.6,2.2],"texture":"#0"},
"south":{"uv":[5,2,5.6,2.2],"texture":"#0"},
"west":{"uv":[5,2,5.5,2.2],"texture":"#0"},
"east":{"uv":[5,2,5.5,2.2],"texture":"#0"}
}
},
{
"from":[7.9,3.8,11.7],
"to":[8.1,3.9,12],
"faces":{
"down":{"uv":[5,2,5.6,2.5],"texture":"#0"},
"up":{"uv":[5,2,5.6,2.5],"texture":"#0"},
"north":{"uv":[5,2,5.6,2.2],"texture":"#0"},
"south":{"uv":[7,2,7.6,2.2],"texture":"#0"},
"west":{"uv":[5,2,5.5,2.2],"texture":"#0"},
"east":{"uv":[6,2,5.5,2.2],"texture":"#0"}
}
},
{
"from":[7.9,4.4,11.7],
"to":[8.1,4.5,12],
"faces":{
"down":{"uv":[5,2,5.6,2.5],"texture":"#0"},
"up":{"uv":[8,1,8.6,1.5],"texture":"#0"},
"north":{"uv":[5,2,5.6,2.2],"texture":"#0"},
"south":{"uv":[0,0,0.6,0.1999998],"texture":"#0"},
"west":{"uv":[5,2,5.5,2.2],"texture":"#0"},
"east":{"uv":[5,2,5.5,2.2],"texture":"#0"}
}
},
{
"from":[7.9,3.8,11.7],
"to":[8.1,4.1,11.8],
"rotation":{"origin":[8.1,4.2,11],"axis":"x","angle":-45},
"faces":{
"down":{"uv":[0,0,0.6,4.5],"texture":"#0"},
"up":{"uv":[5,2,5.6,2.5],"texture":"#0"},
"north":{"uv":[5,2,5.6,2.2],"texture":"#0"},
"south":{"uv":[5,2,5.6,2.2],"texture":"#0"},
"west":{"uv":[5,2,5.5,2.2],"texture":"#0"},
"east":{"uv":[5,2,5.5,2.2],"texture":"#0"}
}
},
{
"from":[7.9,4.6,9.9],
"to":[8.1,4.7,11.6],
"faces":{
"down":{"uv":[5,2,5.6,2.5],"texture":"#0"},
"up":{"uv":[5,2,5.6,2.5],"texture":"#0"},
"north":{"uv":[5,2,5.6,2.2],"texture":"#0"},
"south":{"uv":[5,2,5.6,2.2],"texture":"#0"},
"west":{"uv":[5,2,5.5,2.2],"texture":"#0"},
"east":{"uv":[5,2,5.5,2.2],"texture":"#0"}
}
},
{
"from":[7.9,3.8,12],
"to":[8.1,4.1,12.1],
"rotation":{"origin":[8.1,4.2,11],"axis":"x","angle":-45},
"faces":{
"down":{"uv":[0,0,0.6,4.5],"texture":"#0"},
"up":{"uv":[0,0,0.6,4.5],"texture":"#0"},
"north":{"uv":[5,2,5.6,2.2],"texture":"#0"},
"south":{"uv":[5,2,5.6,2.2],"texture":"#0"},
"west":{"uv":[5,2,5.5,2.2],"texture":"#0"},
"east":{"uv":[5,2,5.5,2.2],"texture":"#0"}
}
},
{
"from":[7.9,4.1,12],
"to":[8.1,4.3,12.1],
"rotation":{"origin":[8.1,4.3,11],"axis":"x","angle":-22.5},
"faces":{
"down":{"uv":[0,0,0.6,4.5],"texture":"#0"},
"up":{"uv":[5,2,5.6,2.5],"texture":"#0"},
"north":{"uv":[5,2,5.6,2.2],"texture":"#0"},
"south":{"uv":[6,7,6.6,7.2],"texture":"#0"},
"west":{"uv":[5,2,5.5,2.2],"texture":"#0"},
"east":{"uv":[5,2,5.5,2.2],"texture":"#0"}
}
},
{
"from":[7.9,4.4,11.8],
"to":[8.1,4.5,12.1],
"rotation":{"origin":[8.1,5.3,13],"axis":"x","angle":22.5},
"faces":{
"down":{"uv":[5,2,5.6,2.5],"texture":"#0"},
"up":{"uv":[0,0,0.6,4.5],"texture":"#0"},
"north":{"uv":[0,0,0.6,0.1999998],"texture":"#0"},
"south":{"uv":[5,2,5.6,2.2],"texture":"#0"},
"west":{"uv":[5,2,5.5,2.2],"texture":"#0"},
"east":{"uv":[5,2,5.5,2.2],"texture":"#0"}
}
},
{
"from":[7.9,3.8,11.7],
"to":[8.1,4.2,11.8],
"rotation":{"origin":[8.2,2.4,9.2],"axis":"x","angle":-22.5},
"faces":{
"down":{"uv":[0,0,0.6,4.5],"texture":"#0"},
"up":{"uv":[0,0,0.6,4.5],"texture":"#0"},
"north":{"uv":[4,3,4.6,3.2],"texture":"#0"},
"south":{"uv":[5,2,5.6,2.2],"texture":"#0"},
"west":{"uv":[4,2,4.5,2.2],"texture":"#0"},
"east":{"uv":[5,2,5.5,2.2],"texture":"#0"}
}
},
{
"from":[7.9,3.8,10.7],
"to":[8.1,4.2,10.8],
"rotation":{"origin":[8.2,2.2,8.3],"axis":"x","angle":-22.5},
"faces":{
"down":{"uv":[8,1,8.6,1.5],"texture":"#0"},
"up":{"uv":[0,0,0.6,4.5],"texture":"#0"},
"north":{"uv":[5,2,5.6,2.2],"texture":"#0"},
"south":{"uv":[5,2,5.6,2.2],"texture":"#0"},
"west":{"uv":[5,2,5.5,2.2],"texture":"#0"},
"east":{"uv":[5,2,5.5,2.2],"texture":"#0"}
}
},
{
"from":[7.9,3.9,10.7],
"to":[8.1,4.099998,10.8],
"rotation":{"origin":[8.2,3.3,9.2],"axis":"x","angle":-45},
"faces":{
"down":{"uv":[5,2,5.6,2.5],"texture":"#0"},
"up":{"uv":[0,0,0.6,4.5],"texture":"#0"},
"north":{"uv":[4,2,4.6,2.2],"texture":"#0"},
"south":{"uv":[5,2,5.6,2.2],"texture":"#0"},
"west":{"uv":[5,2,5.5,2.2],"texture":"#0"},
"east":{"uv":[5,2,5.5,2.2],"texture":"#0"}
}
},
{
"from":[7.2,4.2,0.9],
"to":[7.3,4.3,1.1],
"rotation":{"origin":[5.2,6,8],"axis":"z","angle":45},
"faces":{
"down":{"uv":[8,8,8.4,8.5],"texture":"#0"},
"up":{"uv":[8,8,8.4,8.5],"texture":"#0"},
"north":{"uv":[8,8,8.4,8.3],"texture":"#0"},
"south":{"uv":[9,8,9.4,8.3],"texture":"#0"},
"west":{"uv":[9,9,9.5,9.3],"texture":"#0"},
"east":{"uv":[8,8,8.5,8.3],"texture":"#0"}
}
},
{
"from":[7.8,5.7,0.9],
"to":[7.9,5.8,1.1],
"rotation":{"origin":[7.7,6.2,8],"axis":"z","angle":45},
"faces":{
"down":{"uv":[9,9,9.4,9.5],"texture":"#0"},
"up":{"uv":[9,8,9.4,8.5],"texture":"#0"},
"north":{"uv":[8,8,8.4,8.3],"texture":"#0"},
"south":{"uv":[8,8,8.4,8.3],"texture":"#0"},
"west":{"uv":[9,9,9.5,9.3],"texture":"#0"},
"east":{"uv":[8,8,8.5,8.3],"texture":"#0"}
}
},
{
"from":[8.599999,5.8,0.9],
"to":[8.699999,5.9,1.1],
"rotation":{"origin":[8.1,5,8],"axis":"z","angle":45},
"faces":{
"down":{"uv":[8,8,8.4,8.5],"texture":"#0"},
"up":{"uv":[9,8,9.4,8.5],"texture":"#0"},
"north":{"uv":[8,8,8.4,8.3],"texture":"#0"},
"south":{"uv":[8,8,8.4,8.3],"texture":"#0"},
"west":{"uv":[9,8,9.5,8.3],"texture":"#0"},
"east":{"uv":[8,8,8.5,8.3],"texture":"#0"}
}
},
{
"from":[7.6,4.3,4.4],
"to":[8.4,5.4,5.4],
"faces":{
"down":{"uv":[9,4,8.8,4.5],"texture":"#0"},
"up":{"uv":[8,4,7.8,4.5],"texture":"#0"},
"north":{"uv":[8,8,8.8,9.1],"texture":"#0"},
"south":{"uv":[8,8,7.8,8.1],"texture":"#0"},
"west":{"uv":[9,7,9.5,8.1],"texture":"#0"},
"east":{"uv":[4,8,7.5,7.1],"texture":"#0"}
}
},
{
"from":[7.2,5.4,0.7],
"to":[7.7,5.5,0.9],
"faces":{
"down":{"uv":[8,8,8.4,8.5],"texture":"#0"},
"up":{"uv":[9,8,9.4,8.5],"texture":"#0"},
"north":{"uv":[9,9,9.4,9.3],"texture":"#0"},
"south":{"uv":[8,8,8.4,8.3],"texture":"#0"},
"west":{"uv":[8,8,8.5,8.3],"texture":"#0"},
"east":{"uv":[8,8,8.5,8.3],"texture":"#0"}
}
}
],
"display":{
"thirdperson_righthand":{
"rotation":[45,0,0],
"translation":[0,5,7],
"scale":[1.5,1.5,1.5]
},
"thirdperson_lefthand":{
"rotation":[45,0,0],
"translation":[0,5,7],
"scale":[1.5,1.5,1.5]
},
"firstperson_righthand":{
"translation":[-2.5,8.75,5],
"scale":[1.2,1.2,1.2]
},
"firstperson_lefthand":{
"translation":[-2.5,8,5],
"scale":[1.2,1.2,1.2]
},
"gui":{
"rotation":[-15,130,0],
"translation":[4.2,3,0],
"scale":[1.1,1.1,1.1]
},
"head":{
"translation":[0,20,4],
"scale":[1.5,1.5,1.5]
},
"ground":{
"rotation":[0,0,90],
"translation":[-5,0,5],
"scale":[1.5,1.5,1.5]
},
"fixed":{
"rotation":[0,90,0],
"translation":[5,5,-1],
"scale":[1.7,1.7,1.7]
}
}
}