{
"__comment":"Made by Rijam, guncolony.com ©",
"textures":{
"ironcover":"guns/ironcover",
"blueblock":"blocks/wool_colored_light_blue"
},
"elements":[
{
"from":[7.375,1,7],
"to":[8.625,2.5,9],
"faces":{
"down":{"uv":[8.624,8.999,7.376,7.001],"texture":"#ironcover"},
"north":{"uv":[7.376,13.501,8.624,14.999],"texture":"#ironcover"},
"south":{"uv":[7.376,13.501,8.624,14.999],"texture":"#ironcover"},
"west":{"uv":[7.001,13.501,8.999,14.999],"texture":"#ironcover"},
"east":{"uv":[7.001,13.501,8.999,14.999],"texture":"#ironcover"}
}
},
{
"from":[7,1,7.375],
"to":[9,2.5,8.625],
"faces":{
"down":{"uv":[8.999,8.624,7.001,7.376],"texture":"#ironcover"},
"north":{"uv":[7.001,13.501,8.999,14.999],"texture":"#ironcover"},
"south":{"uv":[7.001,13.501,8.999,14.999],"texture":"#ironcover"},
"west":{"uv":[7.376,13.501,8.624,14.999],"texture":"#ironcover"},
"east":{"uv":[7.376,13.501,8.624,14.999],"texture":"#ironcover"}
}
},
{
"from":[7,0.5,7.375],
"to":[9,0.75,8.625],
"faces":{
"down":{"uv":[8.999,8.624,7.001,7.376],"texture":"#ironcover"},
"up":{"uv":[7.001,7.376,8.999,8.624],"texture":"#ironcover"},
"north":{"uv":[7.001,15.251,8.999,15.499],"texture":"#ironcover"},
"south":{"uv":[7.001,15.251,8.999,15.499],"texture":"#ironcover"},
"west":{"uv":[7.376,15.251,8.624,15.499],"texture":"#ironcover"},
"east":{"uv":[7.376,15.251,8.624,15.499],"texture":"#ironcover"}
}
},
{
"from":[7.375,0.5,7],
"to":[8.625,0.75,9],
"faces":{
"down":{"uv":[8.624,8.999,7.376,7.001],"texture":"#ironcover"},
"up":{"uv":[7.376,7.001,8.624,8.999],"texture":"#ironcover"},
"north":{"uv":[7.376,15.251,8.624,15.499],"texture":"#ironcover"},
"south":{"uv":[7.376,15.251,8.624,15.499],"texture":"#ironcover"},
"west":{"uv":[7.001,15.251,8.999,15.499],"texture":"#ironcover"},
"east":{"uv":[7.001,15.251,8.999,15.499],"texture":"#ironcover"}
}
},
{
"from":[7.125,0.75,7.375],
"to":[8.875,1,8.625],
"faces":{
"north":{"uv":[7.126,15.001,8.874,15.249],"texture":"#ironcover"},
"south":{"uv":[7.126,15.001,8.874,15.249],"texture":"#ironcover"},
"west":{"uv":[7.376,15.001,8.624,15.249],"texture":"#ironcover"},
"east":{"uv":[7.376,15.001,8.624,15.249],"texture":"#ironcover"}
}
},
{
"from":[7.375,0.75,7.125],
"to":[8.625,1,8.875],
"faces":{
"north":{"uv":[7.376,15.001,8.624,15.249],"texture":"#ironcover"},
"south":{"uv":[7.376,15.001,8.624,15.249],"texture":"#ironcover"},
"west":{"uv":[7.126,15.001,8.874,15.249],"texture":"#ironcover"},
"east":{"uv":[7.126,15.001,8.874,15.249],"texture":"#ironcover"}
}
},
{
"from":[7.375,2.5,7],
"to":[8.625,3.5,9],
"faces":{
"up":{"uv":[4.126,9.126,4.874,9.874],"texture":"#blueblock"},
"north":{"uv":[4.126,9.126,4.874,9.749],"texture":"#blueblock"},
"south":{"uv":[4.126,9.126,4.874,9.749],"texture":"#blueblock"},
"west":{"uv":[4.126,9.126,4.999,9.874],"texture":"#blueblock"},
"east":{"uv":[4.126,9.126,4.999,9.874],"texture":"#blueblock"}
}
},
{
"from":[7,2.5,7.375],
"to":[9,3.5,8.625],
"faces":{
"up":{"uv":[4.126,9.126,4.874,9.874],"texture":"#blueblock"},
"north":{"uv":[4.126,9.126,4.874,9.749],"texture":"#blueblock"},
"south":{"uv":[4.126,9.126,4.874,9.749],"texture":"#blueblock"},
"west":{"uv":[4.126,9.126,4.999,9.874],"texture":"#blueblock"},
"east":{"uv":[4.126,9.126,4.999,9.874],"texture":"#blueblock"}
}
},
{
"from":[7.125,3.5,7.375],
"to":[8.875,3.75,8.625],
"faces":{
"up":{"uv":[4.126,9.126,4.874,9.874],"texture":"#blueblock"},
"north":{"uv":[4.126,9.126,4.874,9.749],"texture":"#blueblock"},
"south":{"uv":[4.126,9.126,4.874,9.749],"texture":"#blueblock"},
"west":{"uv":[4.126,9.126,4.999,9.874],"texture":"#blueblock"},
"east":{"uv":[4.126,9.126,4.999,9.874],"texture":"#blueblock"}
}
},
{
"from":[7.375,3.5,7.125],
"to":[8.625,3.75,8.875],
"faces":{
"up":{"uv":[4.126,9.126,4.874,9.874],"texture":"#blueblock"},
"north":{"uv":[4.126,9.126,4.874,9.749],"texture":"#blueblock"},
"south":{"uv":[4.126,9.126,4.874,9.749],"texture":"#blueblock"},
"west":{"uv":[4.126,9.126,4.999,9.874],"texture":"#blueblock"},
"east":{"uv":[4.126,9.126,4.999,9.874],"texture":"#blueblock"}
}
},
{
"from":[7.375,3.75,7.375],
"to":[8.625,4,8.625],
"faces":{
"up":{"uv":[4.126,9.126,4.874,9.874],"texture":"#blueblock"},
"north":{"uv":[4.126,9.126,4.874,9.749],"texture":"#blueblock"},
"south":{"uv":[4.126,9.126,4.874,9.749],"texture":"#blueblock"},
"west":{"uv":[4.126,9.126,4.999,9.874],"texture":"#blueblock"},
"east":{"uv":[4.126,9.126,4.999,9.874],"texture":"#blueblock"}
}
},
{
"from":[7.6875,4,7.6875],
"to":[8.3125,4.25,8.3125],
"faces":{
"up":{"uv":[4.126,9.126,4.874,9.874],"texture":"#blueblock"},
"north":{"uv":[4.126,9.126,4.874,9.749],"texture":"#blueblock"},
"south":{"uv":[4.126,9.126,4.874,9.749],"texture":"#blueblock"},
"west":{"uv":[4.126,9.126,4.999,9.874],"texture":"#blueblock"},
"east":{"uv":[4.126,9.126,4.999,9.874],"texture":"#blueblock"}
}
}
],
"display":{
"thirdperson_righthand":{
"rotation":[0,0,0],
"translation":[0,7.4,1.5],
"scale":[1,1,1]
},
"thirdperson_lefthand":{
"rotation":[0,0,0],
"translation":[0,7.4,1.5],
"scale":[1,1,1]
},
"head":{
"rotation":[-90,0,0],
"translation":[0,0,-6],
"scale":[1,1,1]
},
"ground":{
"rotation":[90,0,0],
"translation":[0,0,5.5],
"scale":[1,1,1]
},
"fixed":{
"rotation":[0,0,0],
"translation":[0,6,-1],
"scale":[1,1,1]
},
"firstperson_righthand":{
"rotation":[0,-90,0],
"translation":[0,6,-1],
"scale":[1,1,1]
},
"firstperson_lefthand":{
"rotation":[0,-90,0],
"translation":[0,6,-1],
"scale":[1,1,1]
},
"gui":{
"rotation":[20,-20,0],
"translation":[0,7.5,0],
"scale":[1.5,1.5,1.5]
}
}
}