{
"__comment":"Made by Arhippa, guncolony.com ©",
"textures":{
"2":"guns/wood_light",
"3":"guns/grenade/text",
"4":"guns/grenade/m24"
},
"elements":[
{
"from":[6.403,12.7904,7.8109],
"to":[9.627001,13.1904,8.210899],
"rotation":{"origin":[7.99237,12.97535,8.003241],"axis":"y","angle":-45},
"faces":{
"down":{"uv":[0,5,0.75,5.249001],"texture":"#4"},
"up":{"uv":[0,5,0.75,5.249001],"texture":"#4"},
"north":{"uv":[0,5,0.75,5.249001],"texture":"#4"},
"south":{"uv":[0,5,0.75,5.249001],"texture":"#4"},
"west":{"uv":[10.999,11.5,11.749,11.748],"texture":"#4"},
"east":{"uv":[10.999,11.5,11.749,11.748],"texture":"#4"}
}
},
{
"from":[7.8,12.7904,6.3686],
"to":[8.199999,13.1904,9.5926],
"rotation":{"origin":[7.99237,12.97535,8.003241],"axis":"y","angle":-45},
"faces":{
"down":{"uv":[0,5,0.75,5.249001],"texture":"#4"},
"up":{"uv":[0,5,0.75,5.249001],"texture":"#4"},
"north":{"uv":[10.999,11.5,11.749,11.748],"texture":"#4"},
"south":{"uv":[10.999,11.5,11.749,11.748],"texture":"#4"},
"west":{"uv":[0,5,0.75,5.249001],"texture":"#4"},
"east":{"uv":[0,5,0.75,5.249001],"texture":"#4"}
}
},
{
"from":[7.0556,15.0404,5.7006],
"to":[8.9444,20.0504,10.2606],
"faces":{
"up":{"uv":[3,2.5,3.998,3.749001],"texture":"#4"},
"north":{"uv":[3.999,12,4.998,13.25],"texture":"#4"},
"south":{"uv":[3.999,12,4.998,13.25],"texture":"#4"},
"west":{"uv":[3.999,12,4.998,13.25],"texture":"#4"},
"east":{"uv":[3.999,12,4.998,13.25],"texture":"#4"}
}
},
{
"from":[7.0556,15.2904,10.025],
"to":[8.9444,19.8004,10.275],
"faces":{
"south":{"uv":[5.5,1.25,10.5,13.876],"texture":"#3"}
}
},
{
"from":[8.6044,15.2905,9.3931],
"to":[10.4932,19.8005,9.6431],
"rotation":{"origin":[9.53713,17.52653,9.54873],"axis":"y","angle":45},
"faces":{
"south":{"uv":[10.5,1.25,15.5,13.876],"texture":"#3"}
}
},
{
"from":[5.5141,15.2876,9.3789],
"to":[7.4029,19.7976,9.6289],
"rotation":{"origin":[6.44681,17.52365,9.53448],"axis":"y","angle":-45},
"faces":{
"south":{"uv":[0.5,1.25,5.5,13.876],"texture":"#3"}
}
},
{
"from":[7.1275,20.046,5.9407],
"to":[8.8092,20.306,10.0007],
"faces":{
"up":{"uv":[4.5,11.749,3.5,11.5],"texture":"#4"},
"north":{"uv":[3,2.5,3.998,3.749001],"texture":"#4"},
"south":{"uv":[3,2.5,3.998,3.749001],"texture":"#4"},
"west":{"uv":[4.5,11.749,3.5,11.5],"texture":"#4"},
"east":{"uv":[4.5,11.749,3.5,11.5],"texture":"#4"}
}
},
{
"from":[5.9383,20.046,7.1298],
"to":[9.998299,20.306,8.8115],
"faces":{
"up":{"uv":[4.5,11.749,3.5,11.5],"texture":"#4"},
"north":{"uv":[4.5,11.749,3.5,11.5],"texture":"#4"},
"south":{"uv":[4.5,11.749,3.5,11.5],"texture":"#4"},
"west":{"uv":[3,2.5,3.998,3.749001],"texture":"#4"},
"east":{"uv":[3,2.5,3.998,3.749001],"texture":"#4"}
}
},
{
"from":[7.1592,20.046,5.945],
"to":[8.840899,20.306,10.005],
"rotation":{"origin":[7.97895,20.16093,8.0111],"axis":"y","angle":45},
"faces":{
"down":{"uv":[4.5,11.749,3.5,11.5],"texture":"#4"},
"up":{"uv":[4.5,11.749,3.5,11.5],"texture":"#4"},
"north":{"uv":[3,2.5,3.998,3.749001],"texture":"#4"},
"south":{"uv":[3,2.5,3.998,3.749001],"texture":"#4"},
"west":{"uv":[4.5,11.749,3.5,11.5],"texture":"#4"},
"east":{"uv":[4.5,11.749,3.5,11.5],"texture":"#4"}
}
},
{
"from":[7.1467,20.0461,5.9662],
"to":[8.8284,20.3061,10.0262],
"rotation":{"origin":[8.00864,20.16102,7.96005],"axis":"y","angle":-45},
"faces":{
"up":{"uv":[4.5,11.749,3.5,11.5],"texture":"#4"},
"north":{"uv":[3,2.5,3.998,3.749001],"texture":"#4"},
"south":{"uv":[3,2.5,3.998,3.749001],"texture":"#4"},
"west":{"uv":[4.5,11.749,3.5,11.5],"texture":"#4"},
"east":{"uv":[4.5,11.749,3.5,11.5],"texture":"#4"}
}
},
{
"from":[7.0556,15.0404,5.7006],
"to":[8.94441,20.0504,10.2606],
"rotation":{"origin":[8,17.92041,7.98058],"axis":"y","angle":-45},
"faces":{
"up":{"uv":[3,2.5,3.998,3.749001],"texture":"#4"},
"north":{"uv":[3.999,12,4.998,13.25],"texture":"#4"},
"south":{"uv":[3.999,12,4.998,13.25],"texture":"#4"},
"west":{"uv":[3.999,12,4.998,13.25],"texture":"#4"},
"east":{"uv":[3.999,12,4.998,13.25],"texture":"#4"}
}
},
{
"from":[5.72,15.0404,7.0362],
"to":[10.28,20.0504,8.925011],
"faces":{
"up":{"uv":[3,2.5,3.998,3.749001],"texture":"#4"},
"west":{"uv":[3.999,12,4.998,13.25],"texture":"#4"},
"east":{"uv":[3.999,12,4.998,13.25],"texture":"#4"}
}
},
{
"from":[5.72,15.0404,7.0362],
"to":[10.28,20.0504,8.925011],
"rotation":{"origin":[8,17.92041,7.98058],"axis":"y","angle":-45},
"faces":{
"up":{"uv":[3,2.5,3.998,3.749001],"texture":"#4"},
"north":{"uv":[3.999,12,4.998,13.25],"texture":"#4"},
"west":{"uv":[3.999,12,4.998,13.25],"texture":"#4"},
"east":{"uv":[3.999,12,4.998,13.25],"texture":"#4"}
}
},
{
"from":[6.9065,14.5604,5.3406],
"to":[9.093571,15.0404,10.6206],
"faces":{
"down":{"uv":[5.749,12.499,4.5,12],"texture":"#4"},
"up":{"uv":[5.749,12.499,4.5,12],"texture":"#4"},
"north":{"uv":[3,2.5,3.998,3.749001],"texture":"#4"},
"south":{"uv":[3,2.5,3.998,3.749001],"texture":"#4"},
"west":{"uv":[5.749,12.499,4.5,12],"texture":"#4"},
"east":{"uv":[5.749,12.499,4.5,12],"texture":"#4"}
}
},
{
"from":[6.9065,14.5604,5.3406],
"to":[9.093571,15.0404,10.6206],
"rotation":{"origin":[8,14.80041,7.98058],"axis":"y","angle":-45},
"faces":{
"down":{"uv":[5.749,12.499,4.5,12],"texture":"#4"},
"up":{"uv":[5.749,12.499,4.5,12],"texture":"#4"},
"north":{"uv":[3,2.5,3.998,3.749001],"texture":"#4"},
"south":{"uv":[3,2.5,3.998,3.749001],"texture":"#4"},
"west":{"uv":[5.749,12.499,4.5,12],"texture":"#4"},
"east":{"uv":[5.749,12.499,4.5,12],"texture":"#4"}
}
},
{
"from":[5.36,14.5604,6.887],
"to":[10.64,15.0404,9.07407],
"faces":{
"down":{"uv":[5.749,12.499,4.5,12],"texture":"#4"},
"up":{"uv":[5.749,12.499,4.5,12],"texture":"#4"},
"north":{"uv":[5.749,12.499,4.5,12],"texture":"#4"},
"south":{"uv":[5.749,12.499,4.5,12],"texture":"#4"},
"west":{"uv":[3,2.5,3.998,3.749001],"texture":"#4"},
"east":{"uv":[3,2.5,3.998,3.749001],"texture":"#4"}
}
},
{
"from":[5.36,14.5604,6.887],
"to":[10.64,15.0404,9.07407],
"rotation":{"origin":[8,14.80041,7.98058],"axis":"y","angle":-45},
"faces":{
"down":{"uv":[5.749,12.499,4.5,12],"texture":"#4"},
"up":{"uv":[5.749,12.499,4.5,12],"texture":"#4"},
"north":{"uv":[5.749,12.499,4.5,12],"texture":"#4"},
"south":{"uv":[5.749,12.499,4.5,12],"texture":"#4"},
"west":{"uv":[3,2.5,3.998,3.749001],"texture":"#4"},
"east":{"uv":[3,2.5,3.998,3.749001],"texture":"#4"}
}
},
{
"from":[7.2644,13.6004,6.2046],
"to":[8.73569,14.2004,9.7566],
"faces":{
"down":{"uv":[1,10,1.75,10.25],"texture":"#4"},
"up":{"uv":[1,10,1.75,10.25],"texture":"#4"},
"north":{"uv":[10.5,3.999001,11.25,4.249001],"texture":"#4"},
"south":{"uv":[10.5,3.999001,11.25,4.249001],"texture":"#4"}
}
},
{
"from":[7.2644,13.6004,6.2046],
"to":[8.73569,14.2004,9.7566],
"rotation":{"origin":[8,13.76841,7.98058],"axis":"y","angle":-45},
"faces":{
"down":{"uv":[3,9.25,3.75,9.5],"texture":"#4"},
"up":{"uv":[3,9.25,3.75,9.5],"texture":"#4"},
"north":{"uv":[10.5,3.999001,11.25,4.249001],"texture":"#4"},
"south":{"uv":[10.5,3.999001,11.25,4.249001],"texture":"#4"}
}
},
{
"from":[6.224,13.6004,7.2449],
"to":[9.776,14.2004,8.71619],
"faces":{
"down":{"uv":[4.25,9.75,4.5,10],"texture":"#4"},
"up":{"uv":[4.25,9.75,4.5,10],"texture":"#4"},
"west":{"uv":[10.5,3.999001,11.25,4.249001],"texture":"#4"},
"east":{"uv":[10.5,3.999001,11.25,4.249001],"texture":"#4"}
}
},
{
"from":[6.224,13.6004,7.2449],
"to":[9.776,14.2004,8.71619],
"rotation":{"origin":[8,13.76841,7.98058],"axis":"y","angle":-45},
"faces":{
"down":{"uv":[2.25,9.75,2.5,10],"texture":"#4"},
"up":{"uv":[2.25,9.75,2.5,10],"texture":"#4"},
"west":{"uv":[10.5,3.999001,11.25,4.249001],"texture":"#4"},
"east":{"uv":[10.5,3.999001,11.25,4.249001],"texture":"#4"}
}
},
{
"from":[7.3737,12.4664,6.4686],
"to":[8.62631,14.6564,9.4926],
"faces":{
"down":{"uv":[3.5,12.5,4.25,13],"texture":"#4"},
"north":{"uv":[3.5,12.5,4.25,13],"texture":"#4"},
"south":{"uv":[3.5,12.5,4.25,13],"texture":"#4"},
"west":{"uv":[3.5,12.5,4.25,13],"texture":"#4"},
"east":{"uv":[3.5,12.5,4.25,13],"texture":"#4"}
}
},
{
"from":[6.488,12.4664,7.3543],
"to":[9.512,14.6564,8.606911],
"rotation":{"origin":[8,13.76841,7.98058],"axis":"y","angle":-45},
"faces":{
"down":{"uv":[3.5,12.5,4.25,13],"texture":"#4"},
"north":{"uv":[3.5,12.5,4.25,13],"texture":"#4"},
"south":{"uv":[3.5,12.5,4.25,13],"texture":"#4"},
"west":{"uv":[3.5,12.5,4.25,13],"texture":"#4"},
"east":{"uv":[3.5,12.5,4.25,13],"texture":"#4"}
}
},
{
"from":[6.488,12.4664,7.3543],
"to":[9.512,14.6564,8.606911],
"faces":{
"down":{"uv":[3.5,12.5,4.25,13],"texture":"#4"},
"north":{"uv":[3.5,12.5,4.25,13],"texture":"#4"},
"south":{"uv":[3.5,12.5,4.25,13],"texture":"#4"},
"west":{"uv":[3.5,12.5,4.25,13],"texture":"#4"},
"east":{"uv":[3.5,12.5,4.25,13],"texture":"#4"}
}
},
{
"from":[7.3737,12.4664,6.4686],
"to":[8.62631,14.6564,9.4926],
"rotation":{"origin":[8,13.76841,7.98058],"axis":"y","angle":-45},
"faces":{
"down":{"uv":[3.5,12.5,4.25,13],"texture":"#4"},
"north":{"uv":[3.5,12.5,4.25,13],"texture":"#4"},
"south":{"uv":[3.5,12.5,4.25,13],"texture":"#4"},
"west":{"uv":[3.5,12.5,4.25,13],"texture":"#4"},
"east":{"uv":[3.5,12.5,4.25,13],"texture":"#4"}
}
},
{
"from":[7.3737,8.2904,6.4686],
"to":[8.62631,12.3404,9.4926],
"faces":{
"down":{"uv":[10,8.25,9.25,8.5],"texture":"#2"},
"up":{"uv":[10,8.25,9.25,8.5],"texture":"#2"},
"north":{"uv":[3,6.5,6.499,7.5],"texture":"#2","rotation":90},
"south":{"uv":[3,2.5,6.499,3.5],"texture":"#2","rotation":90}
}
},
{
"from":[7.3737,8.2904,6.4686],
"to":[8.62631,12.3404,9.4926],
"rotation":{"origin":[8,6.88041,7.98058],"axis":"y","angle":-45},
"faces":{
"down":{"uv":[10,8.25,9.25,8.5],"texture":"#2"},
"up":{"uv":[10,8.25,9.25,8.5],"texture":"#2"},
"north":{"uv":[3,7.5,6.499,8.5],"texture":"#2","rotation":90},
"south":{"uv":[3,3.5,6.499,4.5],"texture":"#2","rotation":90}
}
},
{
"from":[6.488,8.2904,7.3543],
"to":[9.512,12.3404,8.606911],
"faces":{
"down":{"uv":[10,8.25,9.25,8.5],"texture":"#2"},
"up":{"uv":[10,8.25,9.25,8.5],"texture":"#2"},
"west":{"uv":[3,4.5,6.499,5.5],"texture":"#2","rotation":90},
"east":{"uv":[3,8.5,6.499,9.5],"texture":"#2","rotation":90}
}
},
{
"from":[6.488,8.2904,7.3543],
"to":[9.512,12.3404,8.606911],
"rotation":{"origin":[8,6.88041,7.98058],"axis":"y","angle":-45},
"faces":{
"down":{"uv":[10,8.25,9.25,8.5],"texture":"#2"},
"up":{"uv":[10,8.25,9.25,8.5],"texture":"#2"},
"west":{"uv":[3,5.5,6.499,6.5],"texture":"#2","rotation":90},
"east":{"uv":[3,9.5,6.499,10.5],"texture":"#2","rotation":90}
}
},
{
"from":[7.3737,-3.3496,6.4686],
"to":[8.62631,-0.4095998,9.4926],
"faces":{
"down":{"uv":[10,8.25,9.25,8.5],"texture":"#2"},
"up":{"uv":[10,8.25,9.25,8.5],"texture":"#2"},
"north":{"uv":[12,6.5,14.745,7.498],"texture":"#2","rotation":90},
"south":{"uv":[12,10.5,14.745,11.498],"texture":"#2","rotation":90}
}
},
{
"from":[6.488,-3.3496,7.3543],
"to":[9.512,-0.4095998,8.606911],
"rotation":{"origin":[8,4.48041,7.98058],"axis":"y","angle":-45},
"faces":{
"down":{"uv":[10,8.25,9.25,8.5],"texture":"#2"},
"up":{"uv":[10,8.25,9.25,8.5],"texture":"#2"},
"west":{"uv":[12,5.5,14.745,6.498],"texture":"#2","rotation":90},
"east":{"uv":[12,9.5,14.745,10.498],"texture":"#2","rotation":90}
}
},
{
"from":[6.488,-3.3496,7.3543],
"to":[9.512,-0.4095998,8.606911],
"faces":{
"down":{"uv":[10,8.25,9.25,8.5],"texture":"#2"},
"up":{"uv":[10,8.25,9.25,8.5],"texture":"#2"},
"west":{"uv":[12,4.5,14.745,5.498],"texture":"#2","rotation":90},
"east":{"uv":[12,8.5,14.745,9.498],"texture":"#2","rotation":90}
}
},
{
"from":[7.3737,-3.3496,6.4686],
"to":[8.62631,-0.4095998,9.4926],
"rotation":{"origin":[8,4.48041,7.98058],"axis":"y","angle":-45},
"faces":{
"down":{"uv":[10,8.25,9.25,8.5],"texture":"#2"},
"up":{"uv":[10,8.25,9.25,8.5],"texture":"#2"},
"north":{"uv":[12,7.5,14.745,8.498],"texture":"#2","rotation":90},
"south":{"uv":[12,11.5,14.745,12.498],"texture":"#2","rotation":90}
}
},
{
"from":[7.4731,-0.4996,6.7086],
"to":[8.526859,14.5604,9.2526],
"faces":{
"north":{"uv":[0,8,14.246,8.999],"texture":"#2","rotation":90},
"south":{"uv":[0,12,14.246,12.999],"texture":"#2","rotation":90}
}
},
{
"from":[6.728,-0.4996,7.4537],
"to":[9.271999,14.5604,8.50745],
"rotation":{"origin":[8,6.99495,7.98058],"axis":"y","angle":-45},
"faces":{
"west":{"uv":[0,15,14.246,15.999],"texture":"#2","rotation":90},
"east":{"uv":[0,11,14.246,11.999],"texture":"#2","rotation":90}
}
},
{
"from":[6.728,-0.4996,7.4537],
"to":[9.271999,14.5604,8.50745],
"faces":{
"west":{"uv":[0,14,14.246,14.999],"texture":"#2","rotation":90},
"east":{"uv":[0,10,14.246,10.999],"texture":"#2","rotation":90}
}
},
{
"from":[7.4731,-0.4996,6.7086],
"to":[8.526859,14.5604,9.2526],
"rotation":{"origin":[8,7.02041,7.98058],"axis":"y","angle":-45},
"faces":{
"north":{"uv":[0,9,14.246,9.999],"texture":"#2","rotation":90},
"south":{"uv":[0,13,14.246,13.999],"texture":"#2","rotation":90}
}
},
{
"from":[7.4234,-5.2096,6.5886],
"to":[8.57657,-3.3496,9.372599],
"rotation":{"origin":[8,-4.12959,7.98058],"axis":"y","angle":-45},
"faces":{
"down":{"uv":[2.748,12.5,2.5,12.997],"texture":"#4"},
"north":{"uv":[2.748,12.5,2.5,12.997],"texture":"#4"},
"south":{"uv":[2.748,12.5,2.5,12.997],"texture":"#4"}
}
},
{
"from":[6.608,-5.2096,7.404],
"to":[9.392,-3.3496,8.557171],
"faces":{
"down":{"uv":[2.748,12.5,2.5,12.997],"texture":"#4"},
"west":{"uv":[2.748,12.5,2.5,12.997],"texture":"#4"},
"east":{"uv":[2.748,12.5,2.5,12.997],"texture":"#4"}
}
},
{
"from":[6.608,-5.2096,7.404],
"to":[9.392,-3.3496,8.557171],
"rotation":{"origin":[8,-4.12959,7.98058],"axis":"y","angle":-45},
"faces":{
"down":{"uv":[2.748,12.5,2.5,12.997],"texture":"#4"},
"west":{"uv":[2.748,12.5,2.5,12.997],"texture":"#4"},
"east":{"uv":[2.748,12.5,2.5,12.997],"texture":"#4"}
}
},
{
"from":[7.4234,-5.2096,6.5886],
"to":[8.57657,-3.3496,9.372599],
"faces":{
"down":{"uv":[2.748,12.5,2.5,12.997],"texture":"#4"},
"north":{"uv":[2.748,12.5,2.5,12.997],"texture":"#4"},
"south":{"uv":[2.748,12.5,2.5,12.997],"texture":"#4"}
}
},
{
"from":[7.3116,-4.0996,6.3186],
"to":[8.688419,-3.6496,9.642599],
"rotation":{"origin":[8,-3.87459,7.98058],"axis":"y","angle":-45},
"faces":{
"down":{"uv":[12.5,13.5,13.25,13.749],"texture":"#4"},
"up":{"uv":[12.5,13.5,13.25,13.749],"texture":"#4"},
"north":{"uv":[3.5,5,4.249,5.247],"texture":"#4"},
"south":{"uv":[3.5,5,4.249,5.247],"texture":"#4"},
"west":{"uv":[12.5,13.5,13.25,13.749],"texture":"#4"},
"east":{"uv":[12.5,13.5,13.25,13.749],"texture":"#4"}
}
},
{
"from":[7.3116,-4.0996,6.3186],
"to":[8.688419,-3.6496,9.642599],
"faces":{
"down":{"uv":[12.5,13.5,13.25,13.749],"texture":"#4"},
"up":{"uv":[12.5,13.5,13.25,13.749],"texture":"#4"},
"north":{"uv":[3.5,5,4.249,5.247],"texture":"#4"},
"south":{"uv":[3.5,5,4.249,5.247],"texture":"#4"},
"west":{"uv":[12.5,13.5,13.25,13.749],"texture":"#4"},
"east":{"uv":[12.5,13.5,13.25,13.749],"texture":"#4"}
}
},
{
"from":[6.338,-4.0996,7.2922],
"to":[9.662,-3.6496,8.66902],
"faces":{
"down":{"uv":[12.5,13.5,13.25,13.749],"texture":"#4"},
"up":{"uv":[12.5,13.5,13.25,13.749],"texture":"#4"},
"north":{"uv":[12.5,13.5,13.25,13.749],"texture":"#4"},
"south":{"uv":[12.5,13.5,13.25,13.749],"texture":"#4"},
"west":{"uv":[3.5,5,4.249,5.247],"texture":"#4"},
"east":{"uv":[3.5,5,4.249,5.247],"texture":"#4"}
}
},
{
"from":[6.338,-4.0996,7.2922],
"to":[9.662,-3.6496,8.66902],
"rotation":{"origin":[8,-3.87459,7.98058],"axis":"y","angle":-45},
"faces":{
"down":{"uv":[12.5,13.5,13.25,13.749],"texture":"#4"},
"up":{"uv":[12.5,13.5,13.25,13.749],"texture":"#4"},
"north":{"uv":[12.5,13.5,13.25,13.749],"texture":"#4"},
"south":{"uv":[12.5,13.5,13.25,13.749],"texture":"#4"},
"west":{"uv":[3.5,5,4.249,5.247],"texture":"#4"},
"east":{"uv":[3.5,5,4.249,5.247],"texture":"#4"}
}
}
],
"display":{
"thirdperson_righthand":{
"translation":[0,0,2],
"scale":[0.5,0.5,0.5]
},
"thirdperson_lefthand":{
"translation":[0,0,2],
"scale":[0.5,0.5,0.5]
},
"firstperson_righthand":{
"rotation":[-15,-5,0],
"translation":[0,5,-1],
"scale":[0.6,0.6,0.6]
},
"firstperson_lefthand":{
"rotation":[-15,-5,0],
"translation":[0,5,-1],
"scale":[0.6,0.6,0.6]
},
"gui":{
"rotation":[15,-40,15],
"scale":[0.5,0.5,0.5]
},
"head":{
"translation":[0,15,0],
"scale":[0.8,0.8,0.8]
},
"ground":{
"rotation":[0,0,10],
"translation":[0,6,0],
"scale":[0.4,0.4,0.4]
},
"fixed":{
"rotation":[0,180,0],
"translation":[0,0,-2]
}
}
}