{
"__comment":"Made by Rijam, guncolony.com ©",
"textures":{
"0":"blocks/hardened_clay_stained_pink",
"2":"guns/lightguntexture",
"3":"guns/ironcover"
},
"elements":[
{
"from":[7.25,10,7],
"to":[8.75,12,9],
"faces":{
"north":{"uv":[7.25,4,8.75,6],"texture":"#2"},
"south":{"uv":[7.25,4,8.75,6],"texture":"#2"},
"west":{"uv":[7,4,9,6],"texture":"#2"},
"east":{"uv":[7,4,9,6],"texture":"#2"}
}
},
{
"from":[7,12,5.5],
"to":[9,12.5,9.5],
"faces":{
"down":{"uv":[7,5.5,8,8.5],"texture":"#2"},
"up":{"uv":[7,5.5,8,8.5],"texture":"#2"},
"north":{"uv":[7,3.5,9,4],"texture":"#2"},
"south":{"uv":[7,3.5,9,4],"texture":"#2"},
"west":{"uv":[5.5,3.5,9.5,4],"texture":"#2"},
"east":{"uv":[6.5,3.5,10.5,4],"texture":"#2"}
}
},
{
"from":[7,11.8187,5.0625],
"to":[9,12.3187,5.5625],
"rotation":{"origin":[7,12.3187,5.0625],"axis":"x","angle":-22.5},
"faces":{
"down":{"uv":[9.5,5.5,6.5,5],"texture":"#2"},
"up":{"uv":[6.5,5,9.5,5.5],"texture":"#2"},
"north":{"uv":[6.5,4,9.5,13],"texture":"#2"},
"south":{"uv":[6.5,4,9.5,13],"texture":"#2"},
"west":{"uv":[5,4,5.5,13],"texture":"#2"},
"east":{"uv":[10.5,4,11,13],"texture":"#2"}
}
},
{
"from":[7,11.4775,4.73],
"to":[9,11.9775,5.23],
"rotation":{"origin":[7,11.9775,4.73],"axis":"x","angle":-45},
"faces":{
"down":{"uv":[9.5,5,6.5,4.5],"texture":"#2"},
"up":{"uv":[6.5,4.5,9.5,5],"texture":"#2"},
"north":{"uv":[6.5,4,9.5,4.5],"texture":"#2"},
"south":{"uv":[6.5,4,9.5,4.5],"texture":"#2"},
"west":{"uv":[4.5,4,5,4.5],"texture":"#2"},
"east":{"uv":[11,4,11.5,4.5],"texture":"#2"}
}
},
{
"from":[7,11.5,4.75],
"to":[9,12,5.25],
"rotation":{"origin":[7,12,4.75],"axis":"x","angle":22.5},
"faces":{
"down":{"uv":[9.5,4.5,6.5,4],"texture":"#2"},
"up":{"uv":[6.5,4,9.5,4.5],"texture":"#2"},
"north":{"uv":[6.5,5,9.5,5.5],"texture":"#2"},
"south":{"uv":[6.5,5,9.5,5.5],"texture":"#2"},
"west":{"uv":[4,5,4.5,5.5],"texture":"#2"},
"east":{"uv":[11.5,5,12,5.5],"texture":"#2"}
}
},
{
"from":[7,3.5425,4.5625],
"to":[9,11.5425,5.0625],
"faces":{
"down":{"uv":[9,5.0625,7,4.5625],"texture":"#2"},
"north":{"uv":[7,4.4375,8,10.9375],"texture":"#2"},
"south":{"uv":[7,4.4375,8,10.9375],"texture":"#2"},
"west":{"uv":[4.5625,4.4375,5.0625,12.4375],"texture":"#2"},
"east":{"uv":[10.9375,4.4375,11.4375,12.4375],"texture":"#2"}
}
},
{
"from":[7,10.9,6.5],
"to":[7.1,12,8.5],
"faces":{
"down":{"uv":[9,8.5,8.9,6.5],"texture":"#2"},
"north":{"uv":[8.9,4,9,5.1],"texture":"#2"},
"south":{"uv":[7,4,7.1,5.1],"texture":"#2"},
"west":{"uv":[6.5,4,8.5,5.1],"texture":"#2"},
"east":{"uv":[7.5,4,9.5,5.1],"texture":"#2"}
}
},
{
"from":[8.895,10.9,6.5],
"to":[8.994999,12,8.5],
"faces":{
"down":{"uv":[7.105,8.5,7.005,6.5],"texture":"#2"},
"north":{"uv":[7.005,4,7.105,5.1],"texture":"#2"},
"south":{"uv":[8.895,4,8.995,5.1],"texture":"#2"},
"west":{"uv":[6.5,4,8.5,5.1],"texture":"#2"},
"east":{"uv":[7.5,4,9.5,5.1],"texture":"#2"}
}
},
{
"from":[7,10.6,5.5],
"to":[7.1,12,6.5],
"faces":{
"down":{"uv":[9,6.5,8.9,5.5],"texture":"#2"},
"north":{"uv":[8.9,4,9,5.4],"texture":"#2"},
"south":{"uv":[7,4,7.1,5.4],"texture":"#2"},
"west":{"uv":[5.5,4,6.5,5.4],"texture":"#2"},
"east":{"uv":[9.5,4,10.5,5.4],"texture":"#2"}
}
},
{
"from":[8.895,10.6,5.5],
"to":[8.994999,12,6.5],
"faces":{
"down":{"uv":[7.105,6.5,7.005,5.5],"texture":"#2"},
"north":{"uv":[7.005,4,7.105,5.4],"texture":"#2"},
"south":{"uv":[8.895,4,8.995,5.4],"texture":"#2"},
"west":{"uv":[5.5,4,6.5,5.4],"texture":"#2"},
"east":{"uv":[9.5,4,10.5,5.4],"texture":"#2"}
}
},
{
"from":[7.0625,11.25,6],
"to":[9.5625,11.5,6.25],
"faces":{
"down":{"uv":[8.9375,6.25,6.4375,6],"texture":"#3"},
"up":{"uv":[7.0625,6,9.5625,6.25],"texture":"#3"},
"north":{"uv":[6.4375,4.5,8.9375,4.75],"texture":"#3"},
"south":{"uv":[7.0625,4.5,9.5625,4.75],"texture":"#3"}
}
},
{
"from":[9.3225,11.105,6],
"to":[9.5725,11.605,6.25],
"faces":{
"down":{"uv":[6.6775,6.25,6.4275,6],"texture":"#3"},
"up":{"uv":[9.3225,6,9.5725,6.25],"texture":"#3"},
"north":{"uv":[6.4275,4.395,6.6775,4.895],"texture":"#3"},
"south":{"uv":[9.3225,4.395,9.5725,4.895],"texture":"#3"},
"west":{"uv":[6,4.395,6.25,4.895],"texture":"#3"},
"east":{"uv":[9.75,4.395,10,4.895],"texture":"#3"}
}
},
{
"from":[9.5125,11.5425,6],
"to":[9.7625,12.0425,6.25],
"rotation":{"origin":[9.5125,12.0425,6],"axis":"z","angle":-22.5},
"faces":{
"down":{"uv":[5.5,5.75,5.25,5.5],"texture":"#3"},
"up":{"uv":[10.5,5.5,10.75,5.75],"texture":"#3"},
"north":{"uv":[5.25,4.5,5.5,5],"texture":"#3"},
"south":{"uv":[10.5,4.5,10.75,5],"texture":"#3"},
"west":{"uv":[5.5,4.5,5.75,5],"texture":"#3"},
"east":{"uv":[10.25,4.5,10.5,5],"texture":"#3"}
}
},
{
"from":[9.865,11.875,6],
"to":[10.115,12.375,6.25],
"rotation":{"origin":[9.865,12.375,6],"axis":"z","angle":-45},
"faces":{
"down":{"uv":[4.5,5.75,4.25,5.5],"texture":"#3"},
"up":{"uv":[11.5,5.5,11.75,5.75],"texture":"#3"},
"north":{"uv":[4.25,4.5,4.5,5],"texture":"#3"},
"south":{"uv":[11.5,4.5,11.75,5],"texture":"#3"},
"west":{"uv":[5.5,4.5,5.75,5],"texture":"#3"},
"east":{"uv":[10.25,4.5,10.5,5],"texture":"#3"}
}
},
{
"from":[9.3225,10.595,6],
"to":[9.5725,11.095,6.25],
"rotation":{"origin":[9.3225,11.095,6],"axis":"z","angle":22.5},
"faces":{
"down":{"uv":[5.5,6.25,5.25,6],"texture":"#3"},
"up":{"uv":[10.5,6,10.75,6.25],"texture":"#3"},
"north":{"uv":[5.25,3,5.5,3.5],"texture":"#3"},
"south":{"uv":[10.5,3,10.75,3.5],"texture":"#3"},
"west":{"uv":[6,3,6.25,3.5],"texture":"#3"},
"east":{"uv":[9.75,3,10,3.5],"texture":"#3"}
}
},
{
"from":[9.51,10.1275,6],
"to":[9.76,10.6275,6.25],
"rotation":{"origin":[9.51,10.6275,6],"axis":"z","angle":45},
"faces":{
"down":{"uv":[5.5,6.25,5.25,6],"texture":"#3"},
"up":{"uv":[10.5,6,10.75,6.25],"texture":"#3"},
"north":{"uv":[5.25,5,5.5,5.5],"texture":"#3"},
"south":{"uv":[10.5,5,10.75,5.5],"texture":"#3"},
"west":{"uv":[6,5,6.25,5.5],"texture":"#3"},
"east":{"uv":[9.75,5,10,5.5],"texture":"#3"}
}
},
{
"from":[9.865,12.125,6],
"to":[10.365,12.375,6.25],
"rotation":{"origin":[9.865,12.375,6],"axis":"z","angle":22.5},
"faces":{
"down":{"uv":[5.5,6.25,5,6],"texture":"#3"},
"up":{"uv":[10.5,6,11,6.25],"texture":"#3"},
"north":{"uv":[5,3.5,5.5,3.75],"texture":"#3"},
"south":{"uv":[10.5,3.5,11,3.75],"texture":"#3"},
"west":{"uv":[6,3.5,6.25,3.75],"texture":"#3"},
"east":{"uv":[9.75,3.5,10,3.75],"texture":"#3"}
}
},
{
"from":[10.3025,12.3125,6],
"to":[10.8025,12.5625,6.25],
"faces":{
"down":{"uv":[5.6975,6.25,5.1975,6],"texture":"#3"},
"up":{"uv":[10.3025,6,10.8025,6.25],"texture":"#3"},
"north":{"uv":[5.1975,3.4375,5.6975,3.6875],"texture":"#3"},
"south":{"uv":[10.3025,3.4375,10.8025,3.6875],"texture":"#3"},
"west":{"uv":[6,3.4375,6.25,3.6875],"texture":"#3"},
"east":{"uv":[9.75,3.4375,10,3.6875],"texture":"#3"}
}
},
{
"from":[9.947499,10.2525,6],
"to":[10.4475,10.5025,6.25],
"rotation":{"origin":[9.9475,10.5025,6],"axis":"z","angle":-22.5},
"faces":{
"down":{"uv":[5,6.25,4.5,6],"texture":"#3"},
"up":{"uv":[11,6,11.5,6.25],"texture":"#3"},
"north":{"uv":[4.5,5,5,5.25],"texture":"#3"},
"south":{"uv":[11,5,11.5,5.25],"texture":"#3"},
"west":{"uv":[6,5,6.25,5.25],"texture":"#3"},
"east":{"uv":[9.75,5,10,5.25],"texture":"#3"}
}
},
{
"from":[10.3075,10.08,6],
"to":[10.8075,10.33,6.25],
"faces":{
"down":{"uv":[5.6925,6.25,5.1925,6],"texture":"#3"},
"up":{"uv":[10.3075,6,10.8075,6.25],"texture":"#3"},
"north":{"uv":[5.1925,5.67,5.6925,5.92],"texture":"#3"},
"south":{"uv":[10.3075,5.67,10.8075,5.92],"texture":"#3"},
"west":{"uv":[6,5.67,6.25,5.92],"texture":"#3"},
"east":{"uv":[9.75,5.67,10,5.92],"texture":"#3"}
}
},
{
"from":[10.78,12.3125,6],
"to":[11.28,12.5625,6.25],
"rotation":{"origin":[10.78,12.5625,6],"axis":"z","angle":-22.5},
"faces":{
"down":{"uv":[5,6.25,4.5,6],"texture":"#3"},
"up":{"uv":[11,6,11.5,6.25],"texture":"#3"},
"north":{"uv":[4.5,4,5,4.25],"texture":"#3"},
"south":{"uv":[11,4,11.5,4.25],"texture":"#3"},
"west":{"uv":[6,4,6.25,4.25],"texture":"#3"},
"east":{"uv":[9.75,4,10,4.25],"texture":"#3"}
}
},
{
"from":[10.6975,10.055,6],
"to":[11.1975,10.305,6.25],
"rotation":{"origin":[10.6975,10.305,6],"axis":"z","angle":22.5},
"faces":{
"down":{"uv":[4.5,6.25,4,6],"texture":"#3"},
"up":{"uv":[11.5,6,12,6.25],"texture":"#3"},
"north":{"uv":[4,5.5,4.5,5.75],"texture":"#3"},
"south":{"uv":[11.5,5.5,12,5.75],"texture":"#3"},
"west":{"uv":[6,5.5,6.25,5.75],"texture":"#3"},
"east":{"uv":[9.75,5.5,10,5.75],"texture":"#3"}
}
},
{
"from":[11.0675,11.6925,6],
"to":[11.3175,12.1925,6.25],
"rotation":{"origin":[11.0675,12.1925,6],"axis":"z","angle":45},
"faces":{
"down":{"uv":[4.5,6.25,4.25,6],"texture":"#3"},
"up":{"uv":[11.5,6,11.75,6.25],"texture":"#3"},
"north":{"uv":[4.25,4,4.5,4.5],"texture":"#3"},
"south":{"uv":[11.5,4,11.75,4.5],"texture":"#3"},
"west":{"uv":[6,4,6.25,4.5],"texture":"#3"},
"east":{"uv":[9.75,4,10,4.5],"texture":"#3"}
}
},
{
"from":[11.4175,10.285,6],
"to":[11.6675,10.785,6.25],
"rotation":{"origin":[11.4175,10.785,6],"axis":"z","angle":-45},
"faces":{
"down":{"uv":[4.5,6.25,4.25,6],"texture":"#3"},
"up":{"uv":[11.5,6,11.75,6.25],"texture":"#3"},
"north":{"uv":[4.25,5,4.5,5.5],"texture":"#3"},
"south":{"uv":[11.5,5,11.75,5.5],"texture":"#3"},
"west":{"uv":[6,5,6.25,5.5],"texture":"#3"},
"east":{"uv":[9.75,5,10,5.5],"texture":"#3"}
}
},
{
"from":[11.36,11.4275,6],
"to":[11.61,11.9275,6.25],
"rotation":{"origin":[11.36,11.9275,6],"axis":"z","angle":22.5},
"faces":{
"down":{"uv":[3,6.25,2.75,6],"texture":"#3"},
"up":{"uv":[13,6,13.25,6.25],"texture":"#3"},
"north":{"uv":[2.75,3.5,3,4],"texture":"#3"},
"south":{"uv":[13,3.5,13.25,4],"texture":"#3"},
"west":{"uv":[6,3.5,6.25,4],"texture":"#3"},
"east":{"uv":[9.75,3.5,10,4],"texture":"#3"}
}
},
{
"from":[11.5325,11.0625,6],
"to":[11.7825,11.5625,6.25],
"faces":{
"down":{"uv":[4.4675,6.25,4.2175,6],"texture":"#3"},
"up":{"uv":[11.5325,6,11.7825,6.25],"texture":"#3"},
"north":{"uv":[4.2175,4.4375,4.4675,4.9375],"texture":"#3"},
"south":{"uv":[11.5325,4.4375,11.7825,4.9375],"texture":"#3"},
"west":{"uv":[6,4.4375,6.25,4.9375],"texture":"#3"},
"east":{"uv":[9.75,4.4375,10,4.9375],"texture":"#3"}
}
},
{
"from":[11.5525,10.6575,6],
"to":[11.8025,11.1575,6.25],
"rotation":{"origin":[11.5525,11.1575,6],"axis":"z","angle":-22.5},
"faces":{
"down":{"uv":[3.5,6.25,3.25,6],"texture":"#3"},
"up":{"uv":[12.5,6,12.75,6.25],"texture":"#3"},
"north":{"uv":[3.25,5,3.5,5.5],"texture":"#3"},
"south":{"uv":[12.5,5,12.75,5.5],"texture":"#3"},
"west":{"uv":[6,5,6.25,5.5],"texture":"#3"},
"east":{"uv":[9.75,5,10,5.5],"texture":"#3"}
}
},
{
"from":[5.5,0,8.5],
"to":[10.5,10,9.5],
"rotation":{"origin":[5.5,0,8.5],"axis":"y","angle":22.5},
"faces":{
"down":{"uv":[0,0,1,1],"texture":"#0"},
"up":{"uv":[0,0,1,1],"texture":"#0"},
"north":{"uv":[0,0,1,1],"texture":"#0"},
"south":{"uv":[0,0,1,1],"texture":"#0"},
"west":{"uv":[0,0,1,1],"texture":"#0"},
"east":{"uv":[0,0,1,1],"texture":"#0"}
}
},
{
"from":[5.5,0,6.5],
"to":[10.5,10,7.5],
"rotation":{"origin":[5.5,0,7.5],"axis":"y","angle":-22.5},
"faces":{
"down":{"uv":[0,0,1,1],"texture":"#0"},
"up":{"uv":[0,0,1,1],"texture":"#0"},
"north":{"uv":[0,0,1,1],"texture":"#0"},
"south":{"uv":[0,0,1,1],"texture":"#0"},
"west":{"uv":[0,0,1,1],"texture":"#0"},
"east":{"uv":[0,0,1,1],"texture":"#0"}
}
},
{
"from":[5.8827,0,5.5761],
"to":[10.8827,10,6.5761],
"rotation":{"origin":[5.88268,0,6.57612],"axis":"y","angle":-45},
"faces":{
"down":{"uv":[0,0,1,1],"texture":"#0"},
"up":{"uv":[0,0,1,1],"texture":"#0"},
"north":{"uv":[0,0,1,1],"texture":"#0"},
"south":{"uv":[0,0,1,1],"texture":"#0"},
"west":{"uv":[0,0,1,1],"texture":"#0"},
"east":{"uv":[0,0,1,1],"texture":"#0"}
}
},
{
"from":[5.5,0,7.5],
"to":[10.5,10,8.5],
"faces":{
"down":{"uv":[0,0,1,1],"texture":"#0"},
"up":{"uv":[0,0,1,1],"texture":"#0"},
"north":{"uv":[0,0,1,1],"texture":"#0"},
"south":{"uv":[0,0,1,1],"texture":"#0"},
"west":{"uv":[0,0,1,1],"texture":"#0"},
"east":{"uv":[0,0,1,1],"texture":"#0"}
}
},
{
"from":[7.5,0,5.5],
"to":[8.5,10,10.5],
"faces":{
"down":{"uv":[0,0,1,1],"texture":"#0"},
"up":{"uv":[0,0,1,1],"texture":"#0"},
"north":{"uv":[0,0,1,1],"texture":"#0"},
"south":{"uv":[0,0,1,1],"texture":"#0"},
"west":{"uv":[0,0,1,1],"texture":"#0"},
"east":{"uv":[0,0,1,1],"texture":"#0"}
}
},
{
"from":[8.5,0,5.5],
"to":[9.5,10,10.5],
"rotation":{"origin":[8.5,0,10.5],"axis":"y","angle":22.5},
"faces":{
"down":{"uv":[0,0,1,1],"texture":"#0"},
"up":{"uv":[0,0,1,1],"texture":"#0"},
"north":{"uv":[0,0,1,1],"texture":"#0"},
"south":{"uv":[0,0,1,1],"texture":"#0"},
"west":{"uv":[0,0,1,1],"texture":"#0"},
"east":{"uv":[0,0,1,1],"texture":"#0"}
}
},
{
"from":[6.5,0,5.5],
"to":[7.5,10,10.5],
"rotation":{"origin":[7.5,0,10.5],"axis":"y","angle":-22.5},
"faces":{
"down":{"uv":[0,0,1,1],"texture":"#0"},
"up":{"uv":[0,0,1,1],"texture":"#0"},
"north":{"uv":[0,0,1,1],"texture":"#0"},
"south":{"uv":[0,0,1,1],"texture":"#0"},
"west":{"uv":[0,0,1,1],"texture":"#0"},
"east":{"uv":[0,0,1,1],"texture":"#0"}
}
},
{
"from":[5.5761,0,5.1173],
"to":[6.5761,10,10.1173],
"rotation":{"origin":[6.57612,0,10.11732],"axis":"y","angle":-45},
"faces":{
"down":{"uv":[0,0,1,1],"texture":"#0"},
"up":{"uv":[0,0,1,1],"texture":"#0"},
"north":{"uv":[0,0,1,1],"texture":"#0"},
"south":{"uv":[0,0,1,1],"texture":"#0"},
"west":{"uv":[0,0,1,1],"texture":"#0"},
"east":{"uv":[0,0,1,1],"texture":"#0"}
}
}
],
"display":{
"thirdperson_righthand":{
"rotation":[0,90,0],
"translation":[0,3,2],
"scale":[0.5,0.5,0.5]
},
"thirdperson_lefthand":{
"rotation":[0,90,0],
"translation":[0,3,2],
"scale":[0.5,0.5,0.5]
},
"firstperson_righthand":{
"rotation":[0,180,-5],
"translation":[0,3,-1],
"scale":[0.9,0.9,0.9]
},
"firstperson_lefthand":{
"rotation":[0,180,-5],
"translation":[0,3,-1],
"scale":[0.9,0.9,0.9]
},
"gui":{
"rotation":[45,-45,45],
"translation":[-1,1.5,0],
"scale":[0.9,0.9,0.9]
},
"head":{
"rotation":[0,-90,0],
"translation":[0,12,0],
"scale":[0.6,0.6,0.6]
},
"ground":{
"rotation":[10,0,10],
"translation":[0,4,0],
"scale":[0.6,0.6,0.6]
},
"fixed":{
"rotation":[0,90,0]
}
}
}