{
"__comment":"Designed by Rijam with BDcraft CubikPRO guncolony.com ©",
"textures":{
"anvil_base":"blocks/anvil_base",
"debug":"blocks/debug",
"hardened_clay_stained_lime":"blocks/hardened_clay_stained_lime"
},
"elements":[
{
"from":[7,9.5,6.6],
"to":[16,10,10.6],
"faces":{
"down":{"uv":[9,10.6,0,6.6],"texture":"#anvil_base"},
"up":{"uv":[7,6.6,16,10.6],"texture":"#anvil_base"},
"north":{"uv":[0,6,9,6.5],"texture":"#anvil_base"},
"south":{"uv":[7,6,16,6.5],"texture":"#anvil_base"},
"west":{"uv":[6.6,6,10.6,6.5],"texture":"#anvil_base"},
"east":{"uv":[5.4,6,9.4,6.5],"texture":"#anvil_base"}
}
},
{
"from":[7,6,6.6],
"to":[16,6.5,10.6],
"faces":{
"down":{"uv":[9,10.6,0,6.6],"texture":"#anvil_base"},
"up":{"uv":[7,6.6,16,10.6],"texture":"#anvil_base"},
"north":{"uv":[0,9.5,9,10],"texture":"#anvil_base"},
"south":{"uv":[7,9.5,16,10],"texture":"#anvil_base"},
"west":{"uv":[6.6,9.5,10.6,10],"texture":"#anvil_base"},
"east":{"uv":[5.4,9.5,9.4,10],"texture":"#anvil_base"}
}
},
{
"from":[7,6.5,6.6],
"to":[16,9.5,7.1],
"faces":{
"down":{"uv":[9,7.1,0,6.6],"texture":"#anvil_base"},
"up":{"uv":[7,6.6,16,7.1],"texture":"#anvil_base"},
"north":{"uv":[0,6.5,9,9.5],"texture":"#anvil_base"},
"south":{"uv":[7,6.5,16,9.5],"texture":"#anvil_base"},
"west":{"uv":[6.6,6.5,7.1,9.5],"texture":"#anvil_base"},
"east":{"uv":[8.9,6.5,9.4,9.5],"texture":"#anvil_base"}
}
},
{
"from":[7,6.5,10.1],
"to":[16,9.5,10.6],
"faces":{
"down":{"uv":[9,10.6,0,10.1],"texture":"#anvil_base"},
"up":{"uv":[7,10.1,16,10.6],"texture":"#anvil_base"},
"north":{"uv":[0,6.5,9,9.5],"texture":"#anvil_base"},
"south":{"uv":[7,6.5,16,9.5],"texture":"#anvil_base"},
"west":{"uv":[10.1,6.5,10.6,9.5],"texture":"#anvil_base"},
"east":{"uv":[5.4,6.5,5.9,9.5],"texture":"#anvil_base"}
}
},
{
"from":[12,10,7.6],
"to":[15,11,9.6],
"faces":{
"down":{"uv":[15.1,15.1,15.9,15.9],"texture":"#debug"},
"up":{"uv":[15.1,15.1,15.9,15.9],"texture":"#debug"},
"north":{"uv":[15.1,15.1,15.9,15.9],"texture":"#debug"},
"south":{"uv":[15.1,15.1,15.9,15.9],"texture":"#debug"},
"west":{"uv":[15.1,15.1,15.9,15.9],"texture":"#debug"},
"east":{"uv":[15.1,15.1,15.9,15.9],"texture":"#debug"}
}
},
{
"from":[5.75,10.75,6.35],
"to":[8.75,11.75,7.35],
"rotation":{"origin":[5.75,11.75,6.35],"axis":"z","angle":-45},
"faces":{
"down":{"uv":[15,10,11,9],"texture":"#anvil_base"},
"up":{"uv":[1,9,5,10],"texture":"#anvil_base"},
"north":{"uv":[11,5,15,6],"texture":"#anvil_base"},
"south":{"uv":[1,5,5,6],"texture":"#anvil_base"},
"west":{"uv":[9,5,10,6],"texture":"#anvil_base"},
"east":{"uv":[6,5,7,6],"texture":"#anvil_base"}
}
},
{
"from":[5.5,11,7.6],
"to":[8.75,12,8.6],
"rotation":{"origin":[5.5,12,7.6],"axis":"z","angle":-45},
"faces":{
"down":{"uv":[15.25,9,11,8],"texture":"#anvil_base"},
"up":{"uv":[0.75,8,5,9],"texture":"#anvil_base"},
"north":{"uv":[11,5,15.25,6],"texture":"#anvil_base"},
"south":{"uv":[0.75,5,5,6],"texture":"#anvil_base"},
"west":{"uv":[8,5,9,6],"texture":"#anvil_base"},
"east":{"uv":[7,5,8,6],"texture":"#anvil_base"}
}
},
{
"from":[5.8125,10.75,8.85],
"to":[8.5625,11.75,9.85],
"rotation":{"origin":[5.8125,11.75,8.85],"axis":"z","angle":-45},
"faces":{
"down":{"uv":[14.75,8,11,7],"texture":"#anvil_base"},
"up":{"uv":[1.25,7,5,8],"texture":"#anvil_base"},
"north":{"uv":[11,5,14.75,6],"texture":"#anvil_base"},
"south":{"uv":[1.25,5,5,6],"texture":"#anvil_base"},
"west":{"uv":[7,5,8,6],"texture":"#anvil_base"},
"east":{"uv":[8,5,9,6],"texture":"#anvil_base"}
}
},
{
"from":[6.5,10,10.0375],
"to":[8.5,11,11.0375],
"rotation":{"origin":[6.5,11,10.0375],"axis":"z","angle":-45},
"faces":{
"down":{"uv":[14,7,11,6],"texture":"#anvil_base"},
"up":{"uv":[2,6,5,7],"texture":"#anvil_base"},
"north":{"uv":[11,5,14,6],"texture":"#anvil_base"},
"south":{"uv":[2,5,5,6],"texture":"#anvil_base"},
"west":{"uv":[6,5,7,6],"texture":"#anvil_base"},
"east":{"uv":[9,5,10,6],"texture":"#anvil_base"}
}
},
{
"from":[7,6.5,7.1],
"to":[8,9.5,10.1],
"faces":{
"down":{"uv":[11,10,8.5,6],"texture":"#anvil_base"},
"up":{"uv":[5,6,7.5,10],"texture":"#anvil_base"},
"north":{"uv":[8.5,7.25,11,8.25],"texture":"#anvil_base"},
"south":{"uv":[5,7.25,7.5,8.25],"texture":"#anvil_base"},
"west":{"uv":[6,7.25,10,8.25],"texture":"#anvil_base"},
"east":{"uv":[6,7.25,10,8.25],"texture":"#anvil_base"}
}
},
{
"from":[4.8125,11.125,6.35],
"to":[5.8125,12.125,7.35],
"rotation":{"origin":[4.8125,12.125,6.35],"axis":"z","angle":-22.5},
"faces":{
"down":{"uv":[15,10,11,9],"texture":"#anvil_base"},
"up":{"uv":[1,9,5,10],"texture":"#anvil_base"},
"north":{"uv":[11,5,15,6],"texture":"#anvil_base"},
"south":{"uv":[1,5,5,6],"texture":"#anvil_base"},
"west":{"uv":[9,5,10,6],"texture":"#anvil_base"},
"east":{"uv":[6,5,7,6],"texture":"#anvil_base"}
}
},
{
"from":[4.5625,11.375,7.6],
"to":[5.5625,12.375,8.6],
"rotation":{"origin":[4.5625,12.375,7.6],"axis":"z","angle":-22.5},
"faces":{
"down":{"uv":[15,10,11,9],"texture":"#anvil_base"},
"up":{"uv":[1,9,5,10],"texture":"#anvil_base"},
"north":{"uv":[11,5,15,6],"texture":"#anvil_base"},
"south":{"uv":[1,5,5,6],"texture":"#anvil_base"},
"west":{"uv":[9,5,10,6],"texture":"#anvil_base"},
"east":{"uv":[6,5,7,6],"texture":"#anvil_base"}
}
},
{
"from":[4.875,11.125,8.85],
"to":[5.875,12.125,9.85],
"rotation":{"origin":[4.875,12.125,8.85],"axis":"z","angle":-22.5},
"faces":{
"down":{"uv":[15,10,11,9],"texture":"#anvil_base"},
"up":{"uv":[1,9,5,10],"texture":"#anvil_base"},
"north":{"uv":[11,5,15,6],"texture":"#anvil_base"},
"south":{"uv":[1,5,5,6],"texture":"#anvil_base"},
"west":{"uv":[9,5,10,6],"texture":"#anvil_base"},
"east":{"uv":[6,5,7,6],"texture":"#anvil_base"}
}
},
{
"from":[5.5625,10.375,10.0375],
"to":[6.5625,11.375,11.0375],
"rotation":{"origin":[5.5625,11.375,10.0375],"axis":"z","angle":-22.5},
"faces":{
"down":{"uv":[15,10,11,9],"texture":"#anvil_base"},
"up":{"uv":[1,9,5,10],"texture":"#anvil_base"},
"north":{"uv":[11,5,15,6],"texture":"#anvil_base"},
"south":{"uv":[1,5,5,6],"texture":"#anvil_base"},
"west":{"uv":[9,5,10,6],"texture":"#anvil_base"},
"east":{"uv":[6,5,7,6],"texture":"#anvil_base"}
}
},
{
"from":[6.3125,6.25,5.725],
"to":[8.5625,7.25,6.725],
"rotation":{"origin":[6.3125,6.25,5.725],"axis":"y","angle":-22.5},
"faces":{
"down":{"uv":[15,10,11,9],"texture":"#anvil_base"},
"up":{"uv":[1,9,5,10],"texture":"#anvil_base"},
"north":{"uv":[11,5,15,6],"texture":"#anvil_base"},
"south":{"uv":[1,5,5,6],"texture":"#anvil_base"},
"west":{"uv":[9,5,10,6],"texture":"#anvil_base"},
"east":{"uv":[6,5,7,6],"texture":"#anvil_base"}
}
},
{
"from":[5.125,6.25,5.725],
"to":[6.375,7.25,6.725],
"faces":{
"down":{"uv":[15,10,11,9],"texture":"#anvil_base"},
"up":{"uv":[1,9,5,10],"texture":"#anvil_base"},
"north":{"uv":[11,5,15,6],"texture":"#anvil_base"},
"south":{"uv":[1,5,5,6],"texture":"#anvil_base"},
"west":{"uv":[9,5,10,6],"texture":"#anvil_base"},
"east":{"uv":[6,5,7,6],"texture":"#anvil_base"}
}
},
{
"from":[9.5625,9.625,7.85],
"to":[12.3125,9.875,8.1],
"rotation":{"origin":[9.5625,9.875,7.85],"axis":"z","angle":22.5},
"faces":{
"down":{"uv":[7.75,7.75,3.5,7.5],"texture":"#hardened_clay_stained_lime"},
"up":{"uv":[8.25,7.5,12.5,7.75],"texture":"#hardened_clay_stained_lime"},
"north":{"uv":[3.5,4.75,7.75,5],"texture":"#hardened_clay_stained_lime"},
"south":{"uv":[8.25,4.75,12.5,5],"texture":"#hardened_clay_stained_lime"},
"west":{"uv":[7.5,4.75,7.75,5],"texture":"#hardened_clay_stained_lime"},
"east":{"uv":[8.25,4.75,8.5,5],"texture":"#hardened_clay_stained_lime"}
}
},
{
"from":[9.5,9.5625,8.35],
"to":[12.25,9.8125,8.6],
"rotation":{"origin":[9.5,9.8125,8.35],"axis":"z","angle":22.5},
"faces":{
"down":{"uv":[8.251,7.251,8.759,7.759],"texture":"#debug"},
"up":{"uv":[8.251,7.251,8.759,7.759],"texture":"#debug"},
"north":{"uv":[6.251,5.251,6.759,5.759],"texture":"#debug"},
"south":{"uv":[6.251,5.251,6.759,5.759],"texture":"#debug"},
"west":{"uv":[8.251,5.251,8.759,5.759],"texture":"#debug"},
"east":{"uv":[8.251,5.251,8.759,5.759],"texture":"#debug"}
}
},
{
"from":[9.5,9.5625,9.1],
"to":[12.25,9.8125,9.35],
"rotation":{"origin":[9.5,9.8125,9.1],"axis":"z","angle":22.5},
"faces":{
"down":{"uv":[9.001,15.001,9.999,15.999],"texture":"#debug"},
"up":{"uv":[9.001,15.001,9.999,15.999],"texture":"#debug"},
"north":{"uv":[9.001,15.001,9.999,15.999],"texture":"#debug"},
"south":{"uv":[9.001,15.001,9.999,15.999],"texture":"#debug"},
"west":{"uv":[9.001,15.001,9.999,15.999],"texture":"#debug"},
"east":{"uv":[9.001,15.001,9.999,15.999],"texture":"#debug"}
}
}
],
"display":{
"thirdperson_righthand":{
"rotation":[0,-90,0],
"translation":[-12.1,-2.1,0],
"scale":[1.1,1.1,1.1]
},
"thirdperson_lefthand":{
"rotation":[0,90,0],
"translation":[-0.6,-2.1,0],
"scale":[1.1,1.1,1.1]
},
"head":{
"rotation":[0,-90,0],
"translation":[0.5,5,-10],
"scale":[1,1,1]
},
"ground":{
"rotation":[0,0,0],
"translation":[0,0,0],
"scale":[0.6,0.6,0.6]
},
"fixed":{
"rotation":[90,90,180],
"translation":[0,2,-2],
"scale":[1,1,1]
},
"firstperson_righthand":{
"rotation":[0,-90,0],
"translation":[-15,1,-2],
"scale":[1,1,1]
},
"firstperson_lefthand":{
"rotation":[0,90,0],
"translation":[-3,1,-2],
"scale":[1,1,1]
},
"gui":{
"rotation":[-20,40,0],
"translation":[-0.5,0,0],
"scale":[0.7,0.7,0.7]
}
}
}