{
"__comment":"Designed by Rijam with BDcraft Cubik PRO guncolony.com ©",
"textures":{
"diamondcover":"blocks/wool_colored_light_blue",
"lightguntexture":"guns/lightguntexture",
"hardened_clay_stained_red":"blocks/hardened_clay_stained_red",
"ironcover":"guns/ironcover",
"darkguntexture":"guns/darkguntexture"
},
"elements":[
{
"from":[4,7.25,7],
"to":[8.125,8.75,9],
"faces":{
"down":{"uv":[12,9,7.875,7],"texture":"#ironcover"},
"up":{"uv":[4,7,8.125,9],"texture":"#ironcover"},
"north":{"uv":[7.875,7.25,12,8.75],"texture":"#ironcover"},
"south":{"uv":[4,7.25,8.125,8.75],"texture":"#ironcover"},
"west":{"uv":[7,7.25,9,8.75],"texture":"#ironcover"},
"east":{"uv":[7,7.25,9,8.75],"texture":"#ironcover"}
}
},
{
"from":[4,7,7.25],
"to":[8.125,9,8.75],
"faces":{
"down":{"uv":[12,8.75,7.875,7.25],"texture":"#ironcover"},
"up":{"uv":[4,7.25,8.125,8.75],"texture":"#ironcover"},
"north":{"uv":[7.875,7,12,9],"texture":"#ironcover"},
"south":{"uv":[4,7,8.125,9],"texture":"#ironcover"},
"west":{"uv":[7.25,7,8.75,9],"texture":"#ironcover"},
"east":{"uv":[7.25,7,8.75,9],"texture":"#ironcover"}
}
},
{
"from":[3,7.5,7.5],
"to":[4,8.5,8.5],
"faces":{
"down":{"uv":[13,8.5,12,7.5],"texture":"#diamondcover"},
"up":{"uv":[3,7.5,4,8.5],"texture":"#diamondcover"},
"north":{"uv":[12,7.5,13,8.5],"texture":"#diamondcover"},
"south":{"uv":[3,7.5,4,8.5],"texture":"#diamondcover"},
"west":{"uv":[7.5,7.5,8.5,8.5],"texture":"#diamondcover"},
"east":{"uv":[7.5,7.5,8.5,8.5],"texture":"#diamondcover"}
}
},
{
"from":[2.75,7.375,7.25],
"to":[3,8.625,8.75],
"faces":{
"down":{"uv":[13.25,8.75,13,7.25],"texture":"#ironcover"},
"up":{"uv":[2.75,7.25,3,8.75],"texture":"#ironcover"},
"north":{"uv":[13,7.375,13.25,8.625],"texture":"#ironcover"},
"south":{"uv":[2.75,7.375,3,8.625],"texture":"#ironcover"},
"west":{"uv":[7.25,7.375,8.75,8.625],"texture":"#ironcover"},
"east":{"uv":[7.25,7.375,8.75,8.625],"texture":"#ironcover"}
}
},
{
"from":[3,7.625,7.375],
"to":[4,8.375,8.625],
"faces":{
"down":{"uv":[13,8.625,12,7.375],"texture":"#ironcover"},
"up":{"uv":[3,7.375,4,8.625],"texture":"#ironcover"},
"north":{"uv":[12,7.625,13,8.375],"texture":"#ironcover"},
"south":{"uv":[3,7.625,4,8.375],"texture":"#ironcover"},
"west":{"uv":[7.375,7.625,8.625,8.375],"texture":"#ironcover"},
"east":{"uv":[7.375,7.625,8.625,8.375],"texture":"#ironcover"}
}
},
{
"from":[3,7.375,7.625],
"to":[4,8.625,8.375],
"faces":{
"down":{"uv":[13,8.375,12,7.625],"texture":"#ironcover"},
"up":{"uv":[3,7.625,4,8.375],"texture":"#ironcover"},
"north":{"uv":[12,7.375,13,8.625],"texture":"#ironcover"},
"south":{"uv":[3,7.375,4,8.625],"texture":"#ironcover"},
"west":{"uv":[7.625,7.375,8.375,8.625],"texture":"#ironcover"},
"east":{"uv":[7.625,7.375,8.375,8.625],"texture":"#ironcover"}
}
},
{
"from":[2.75,7.25,7.375],
"to":[3,8.75,8.625],
"faces":{
"down":{"uv":[13.25,8.625,13,7.375],"texture":"#ironcover"},
"up":{"uv":[2.75,7.375,3,8.625],"texture":"#ironcover"},
"north":{"uv":[13,7.25,13.25,8.75],"texture":"#ironcover"},
"south":{"uv":[2.75,7.25,3,8.75],"texture":"#ironcover"},
"west":{"uv":[7.375,7.25,8.625,8.75],"texture":"#ironcover"},
"east":{"uv":[7.375,7.25,8.625,8.75],"texture":"#ironcover"}
}
},
{
"from":[8.625,7.1875,6.9375],
"to":[9.125,8.8125,9.0625],
"faces":{
"down":{"uv":[7.375,9.0625,6.875,6.9375],"texture":"#diamondcover"},
"up":{"uv":[8.625,6.9375,9.125,9.0625],"texture":"#diamondcover"},
"north":{"uv":[6.875,7.1875,7.375,8.8125],"texture":"#diamondcover"},
"south":{"uv":[8.625,7.1875,9.125,8.8125],"texture":"#diamondcover"},
"west":{"uv":[6.9375,7.1875,9.0625,8.8125],"texture":"#diamondcover"},
"east":{"uv":[6.9375,7.1875,9.0625,8.8125],"texture":"#diamondcover"}
}
},
{
"from":[8.125,7,7.25],
"to":[8.625,9,8.75],
"faces":{
"down":{"uv":[7.875,8.75,7.375,7.25],"texture":"#darkguntexture"},
"up":{"uv":[8.125,7.25,8.625,8.75],"texture":"#darkguntexture"},
"north":{"uv":[7.375,7,7.875,9],"texture":"#darkguntexture"},
"south":{"uv":[8.125,7,8.625,9],"texture":"#darkguntexture"},
"west":{"uv":[7.25,7,8.75,9],"texture":"#darkguntexture"},
"east":{"uv":[7.25,7,8.75,9],"texture":"#darkguntexture"}
}
},
{
"from":[8.125,7.25,7],
"to":[8.625,8.75,9],
"faces":{
"down":{"uv":[7.875,9,7.375,7],"texture":"#darkguntexture"},
"up":{"uv":[8.125,7,8.625,9],"texture":"#darkguntexture"},
"north":{"uv":[7.375,7.25,7.875,8.75],"texture":"#darkguntexture"},
"south":{"uv":[8.125,7.25,8.625,8.75],"texture":"#darkguntexture"},
"west":{"uv":[7,7.25,9,8.75],"texture":"#darkguntexture"},
"east":{"uv":[7,7.25,9,8.75],"texture":"#darkguntexture"}
}
},
{
"from":[8.625,6.9375,7.1875],
"to":[9.125,9.0625,8.8125],
"faces":{
"down":{"uv":[7.375,8.8125,6.875,7.1875],"texture":"#diamondcover"},
"up":{"uv":[8.625,7.1875,9.125,8.8125],"texture":"#diamondcover"},
"north":{"uv":[6.875,6.9375,7.375,9.0625],"texture":"#diamondcover"},
"south":{"uv":[8.625,6.9375,9.125,9.0625],"texture":"#diamondcover"},
"west":{"uv":[7.1875,6.9375,8.8125,9.0625],"texture":"#diamondcover"},
"east":{"uv":[7.1875,6.9375,8.8125,9.0625],"texture":"#diamondcover"}
}
},
{
"from":[9.125,7.25,7],
"to":[9.75,8.75,9],
"faces":{
"down":{"uv":[6.875,9,6.25,7],"texture":"#ironcover"},
"up":{"uv":[9.125,7,9.75,9],"texture":"#ironcover"},
"north":{"uv":[6.25,7.25,6.875,8.75],"texture":"#ironcover"},
"south":{"uv":[9.125,7.25,9.75,8.75],"texture":"#ironcover"},
"west":{"uv":[7,7.25,9,8.75],"texture":"#ironcover"},
"east":{"uv":[7,7.25,9,8.75],"texture":"#ironcover"}
}
},
{
"from":[9.125,7,7.25],
"to":[9.75,9,8.75],
"faces":{
"down":{"uv":[6.875,8.75,6.25,7.25],"texture":"#ironcover"},
"up":{"uv":[9.125,7.25,9.75,8.75],"texture":"#ironcover"},
"north":{"uv":[6.25,7,6.875,9],"texture":"#ironcover"},
"south":{"uv":[9.125,7,9.75,9],"texture":"#ironcover"},
"west":{"uv":[7.25,7,8.75,9],"texture":"#ironcover"},
"east":{"uv":[7.25,7,8.75,9],"texture":"#ironcover"}
}
},
{
"from":[4.375,7.5,8.8775],
"to":[7.75,8.5,9.0025],
"faces":{
"down":{"uv":[11.625,9.0025,8.25,8.8775],"texture":"#hardened_clay_stained_red"},
"up":{"uv":[4.375,8.8775,7.75,9.0025],"texture":"#hardened_clay_stained_red"},
"north":{"uv":[8.25,7.5,11.625,8.5],"texture":"#hardened_clay_stained_red"},
"south":{"uv":[4.375,7.5,7.75,8.5],"texture":"#hardened_clay_stained_red"},
"west":{"uv":[8.8775,7.5,9.0025,8.5],"texture":"#hardened_clay_stained_red"},
"east":{"uv":[6.9975,7.5,7.1225,8.5],"texture":"#hardened_clay_stained_red"}
}
},
{
"from":[9.75,7.25,7.25],
"to":[12.125,8.75,8.75],
"faces":{
"down":{"uv":[6.25,8.75,3.875,7.25],"texture":"#ironcover"},
"up":{"uv":[9.75,7.25,12.125,8.75],"texture":"#ironcover"},
"north":{"uv":[3.875,7.25,6.25,8.75],"texture":"#ironcover"},
"south":{"uv":[9.75,7.25,12.125,8.75],"texture":"#ironcover"},
"west":{"uv":[7.25,7.25,8.75,8.75],"texture":"#ironcover"},
"east":{"uv":[7.25,7.25,8.75,8.75],"texture":"#ironcover"}
}
},
{
"from":[12.125,7.875,7.875],
"to":[14.75,8.125,8.125],
"faces":{
"down":{"uv":[3.875,8.125,1.25,7.875],"texture":"#lightguntexture"},
"up":{"uv":[12.125,7.875,14.75,8.125],"texture":"#lightguntexture"},
"north":{"uv":[1.25,7.875,3.875,8.125],"texture":"#lightguntexture"},
"south":{"uv":[12.125,7.875,14.75,8.125],"texture":"#lightguntexture"},
"west":{"uv":[7.875,7.875,8.125,8.125],"texture":"#lightguntexture"},
"east":{"uv":[7.875,7.875,8.125,8.125],"texture":"#lightguntexture"}
}
}
],
"display":{
"thirdperson_righthand":{
"rotation":[0,90,-90],
"translation":[0,1,2],
"scale":[0.6,0.6,0.6]
},
"thirdperson_lefthand":{
"rotation":[0,90,90],
"translation":[0,1,2],
"scale":[0.6,0.6,0.6]
},
"head":{
"rotation":[0,90,0],
"translation":[0,0,-9],
"scale":[0.6,0.6,0.6]
},
"ground":{
"rotation":[0,0,0],
"translation":[0,0,0],
"scale":[1,1,1]
},
"fixed":{
"rotation":[0,0,0],
"translation":[0,0,-1],
"scale":[1,1,1]
},
"firstperson_righthand":{
"rotation":[-10,-80,-90],
"translation":[0,3,0],
"scale":[1,1,1]
},
"firstperson_lefthand":{
"rotation":[-10,-80,90],
"translation":[0,3,0],
"scale":[1,1,1]
},
"gui":{
"rotation":[10,-20,-110],
"translation":[0,0,0],
"scale":[1,1,1]
}
}
}