{
"__comment":"Made by pale1, guncolony.com ©",
"textures":{
"0":"guns/normalguntexture",
"1":"guns/ironcover"
},
"elements":[
{
"from":[6.9391,7.298,10.909],
"to":[7.6891,7.673,13.159],
"faces":{
"down":{"uv":[11,15,12,16],"texture":"#1","rotation":180},
"up":{"uv":[11,15,12,16],"texture":"#1","rotation":180},
"south":{"uv":[11,15,12,16],"texture":"#1","rotation":180},
"west":{"uv":[11,15,12,16],"texture":"#1","rotation":180},
"east":{"uv":[11,15,12,16],"texture":"#1","rotation":180}
}
},
{
"from":[6.6891,7.298,10.909],
"to":[7.6891,7.673,11.284],
"faces":{
"down":{"uv":[11,15,12,16],"texture":"#1","rotation":180},
"up":{"uv":[11,15,12,16],"texture":"#1","rotation":180},
"north":{"uv":[11,15,12,16],"texture":"#1","rotation":180},
"south":{"uv":[11,15,12,16],"texture":"#1","rotation":180},
"west":{"uv":[11,15,12,16],"texture":"#1","rotation":180}
}
},
{
"from":[6.6891,7.298,12.034],
"to":[7.6891,7.548,13.159],
"faces":{
"down":{"uv":[11,15,12,16],"texture":"#1","rotation":180},
"up":{"uv":[11,15,12,16],"texture":"#1","rotation":180},
"north":{"uv":[11,15,12,16],"texture":"#1","rotation":180},
"south":{"uv":[11,15,12,16],"texture":"#1","rotation":180},
"west":{"uv":[11,15,12,16],"texture":"#1","rotation":180}
}
},
{
"from":[6.9391,7.6821,11.1762],
"to":[9.0641,10.3071,11.3012],
"rotation":{"origin":[6.99842,9.42754,10.60508],"axis":"x","angle":-22.5},
"faces":{
"down":{"uv":[4,10,5,11],"texture":"#1"},
"up":{"uv":[4,10,5,11],"texture":"#1"},
"north":{"uv":[11,15,12,16],"texture":"#1"},
"south":{"uv":[11,15,12,16],"texture":"#1"},
"west":{"uv":[4,10,5,11],"texture":"#1"},
"east":{"uv":[4,10,5,11],"texture":"#1"}
}
},
{
"from":[6.9391,7.4946,11.6762],
"to":[9.0641,10.1196,11.8012],
"rotation":{"origin":[6.99842,9.42754,10.60508],"axis":"x","angle":-22.5},
"faces":{
"down":{"uv":[4,10,5,11],"texture":"#1"},
"up":{"uv":[4,10,5,11],"texture":"#1"},
"north":{"uv":[11,15,12,16],"texture":"#1"},
"south":{"uv":[11,15,12,16],"texture":"#1"},
"west":{"uv":[4,10,5,11],"texture":"#1"},
"east":{"uv":[4,10,5,11],"texture":"#1"}
}
},
{
"from":[6.9391,7.4946,12.8012],
"to":[9.0641,10.1196,12.9262],
"rotation":{"origin":[6.99842,9.42754,11.73008],"axis":"x","angle":-22.5},
"faces":{
"down":{"uv":[4,10,5,11],"texture":"#1"},
"up":{"uv":[4,10,5,11],"texture":"#1"},
"north":{"uv":[11,15,12,16],"texture":"#1"},
"south":{"uv":[11,15,12,16],"texture":"#1"},
"west":{"uv":[4,10,5,11],"texture":"#1"},
"east":{"uv":[4,10,5,11],"texture":"#1"}
}
},
{
"from":[6.9391,7.6821,12.3012],
"to":[9.0641,10.3071,12.4262],
"rotation":{"origin":[6.99842,9.42754,11.73008],"axis":"x","angle":-22.5},
"faces":{
"down":{"uv":[4,10,5,11],"texture":"#1"},
"up":{"uv":[4,10,5,11],"texture":"#1"},
"north":{"uv":[11,15,12,16],"texture":"#1"},
"south":{"uv":[11,15,12,16],"texture":"#1"},
"west":{"uv":[4,10,5,11],"texture":"#1"},
"east":{"uv":[4,10,5,11],"texture":"#1"}
}
},
{
"from":[6.9391,7.4946,13.9262],
"to":[9.0641,10.1196,14.0512],
"rotation":{"origin":[6.99842,9.42754,12.85508],"axis":"x","angle":-22.5},
"faces":{
"down":{"uv":[4,10,5,11],"texture":"#1"},
"up":{"uv":[4,10,5,11],"texture":"#1"},
"north":{"uv":[11,15,12,16],"texture":"#1"},
"south":{"uv":[11,15,12,16],"texture":"#1"},
"west":{"uv":[4,10,5,11],"texture":"#1"},
"east":{"uv":[4,10,5,11],"texture":"#1"}
}
},
{
"from":[6.9391,7.6821,13.4262],
"to":[9.0641,10.3071,13.5512],
"rotation":{"origin":[6.99842,9.42754,12.85508],"axis":"x","angle":-22.5},
"faces":{
"down":{"uv":[4,10,5,11],"texture":"#1"},
"up":{"uv":[4,10,5,11],"texture":"#1"},
"north":{"uv":[11,15,12,16],"texture":"#1"},
"south":{"uv":[11,15,12,16],"texture":"#1"},
"west":{"uv":[4,10,5,11],"texture":"#1"},
"east":{"uv":[4,10,5,11],"texture":"#1"}
}
},
{
"from":[7.4391,6.4719,6.472],
"to":[8.5641,8.2219,8.7845],
"rotation":{"origin":[7.99842,7.42754,8.60508],"axis":"x","angle":45},
"faces":{
"down":{"uv":[11,14,12,15],"texture":"#1","rotation":270},
"up":{"uv":[11,14,12,15],"texture":"#1","rotation":270},
"north":{"uv":[11,14,12,15],"texture":"#1","rotation":270},
"south":{"uv":[11,14,12,15],"texture":"#1","rotation":270},
"west":{"uv":[11,14,12,15],"texture":"#1","rotation":270},
"east":{"uv":[11,14,12,15],"texture":"#1","rotation":270}
}
},
{
"from":[7.4391,5.3125,7.8062],
"to":[8.5641,7.375,8.1812],
"faces":{
"up":{"uv":[11,14,12,15],"texture":"#1","rotation":270},
"north":{"uv":[11,14,12,15],"texture":"#1","rotation":270},
"south":{"uv":[11,14,12,15],"texture":"#1","rotation":270},
"west":{"uv":[11,14,12,15],"texture":"#1","rotation":270},
"east":{"uv":[11,14,12,15],"texture":"#1","rotation":270}
}
},
{
"from":[7.4391,5.0725,7.5824],
"to":[8.5641,5.3225,10.6449],
"faces":{
"down":{"uv":[11,14,12,15],"texture":"#1","rotation":270},
"up":{"uv":[11,14,12,15],"texture":"#1","rotation":270},
"north":{"uv":[11,14,12,15],"texture":"#1","rotation":270},
"south":{"uv":[11,14,12,15],"texture":"#1","rotation":270},
"west":{"uv":[11,14,12,15],"texture":"#1","rotation":270},
"east":{"uv":[11,14,12,15],"texture":"#1","rotation":270}
}
},
{
"from":[7.4391,5.4375,8.9312],
"to":[8.5641,5.875,9.1812],
"rotation":{"origin":[7.99842,4.491859,9.0118],"axis":"x","angle":-45},
"faces":{
"north":{"uv":[11,14,12,15],"texture":"#1","rotation":270},
"south":{"uv":[11,14,12,15],"texture":"#1","rotation":270},
"west":{"uv":[11,14,12,15],"texture":"#1","rotation":270},
"east":{"uv":[11,14,12,15],"texture":"#1","rotation":270}
}
},
{
"from":[7.4391,7.2604,11.409],
"to":[8.5641,7.7604,11.7215],
"rotation":{"origin":[7.99842,7.46602,8.54214],"axis":"x","angle":45},
"faces":{
"north":{"uv":[11,14,12,15],"texture":"#1","rotation":270},
"south":{"uv":[11,14,12,15],"texture":"#1","rotation":270},
"west":{"uv":[11,14,12,15],"texture":"#1","rotation":270},
"east":{"uv":[11,14,12,15],"texture":"#1","rotation":270}
}
},
{
"from":[7.4391,5.3345,10.7775],
"to":[8.5641,5.647,11.2775],
"faces":{
"down":{"uv":[11,14,12,15],"texture":"#1","rotation":270},
"up":{"uv":[11,14,12,15],"texture":"#1","rotation":270},
"north":{"uv":[11,14,12,15],"texture":"#1","rotation":270},
"south":{"uv":[11,14,12,15],"texture":"#1","rotation":270},
"west":{"uv":[11,14,12,15],"texture":"#1","rotation":270},
"east":{"uv":[11,14,12,15],"texture":"#1","rotation":270}
}
},
{
"from":[7.4391,5.9982,9.8995],
"to":[8.5641,8.560699,10.2745],
"rotation":{"origin":[7.99842,7.42754,8.60508],"axis":"x","angle":-22.5},
"faces":{
"north":{"uv":[11,14,12,15],"texture":"#1","rotation":270},
"south":{"uv":[11,14,12,15],"texture":"#1","rotation":270},
"west":{"uv":[11,14,12,15],"texture":"#1","rotation":270},
"east":{"uv":[11,14,12,15],"texture":"#1","rotation":270}
}
},
{
"from":[7.4391,6.1833,10.3194],
"to":[8.5641,6.7458,10.6944],
"faces":{
"down":{"uv":[11,14,12,15],"texture":"#1","rotation":270},
"up":{"uv":[11,14,12,15],"texture":"#1","rotation":270},
"north":{"uv":[11,14,12,15],"texture":"#1","rotation":270},
"south":{"uv":[11,14,12,15],"texture":"#1","rotation":270},
"west":{"uv":[11,14,12,15],"texture":"#1","rotation":270},
"east":{"uv":[11,14,12,15],"texture":"#1","rotation":270}
}
},
{
"from":[7.4391,6.7215,10.0437],
"to":[8.5641,7.784,10.4187],
"rotation":{"origin":[7.99842,6.65092,8.62434],"axis":"x","angle":45},
"faces":{
"down":{"uv":[11,14,12,15],"texture":"#1","rotation":270},
"north":{"uv":[11,14,12,15],"texture":"#1","rotation":270},
"south":{"uv":[11,14,12,15],"texture":"#1","rotation":270},
"west":{"uv":[11,14,12,15],"texture":"#1","rotation":270},
"east":{"uv":[11,14,12,15],"texture":"#1","rotation":270}
}
},
{
"from":[7.0641,7.6331,-1.0743],
"to":[8.9391,7.8831,18.1757],
"faces":{
"down":{"uv":[11,14,12,15],"texture":"#1"},
"up":{"uv":[11,14,12,15],"texture":"#1"},
"north":{"uv":[11,14,12,15],"texture":"#1"},
"south":{"uv":[11,14,12,15],"texture":"#1"},
"west":{"uv":[11,14,12,15],"texture":"#1"},
"east":{"uv":[11,14,12,15],"texture":"#1"}
}
},
{
"from":[7.0641,7.6331,15.4882],
"to":[8.9391,9.133101,17.2382],
"rotation":{"origin":[7.99842,7.42754,16.85508],"axis":"x","angle":-22.5},
"faces":{
"down":{"uv":[11,14,12,15],"texture":"#1"},
"up":{"uv":[11,14,12,15],"texture":"#1"},
"south":{"uv":[11,14,12,15],"texture":"#1"},
"west":{"uv":[11,14,12,15],"texture":"#1"},
"east":{"uv":[11,14,12,15],"texture":"#1"}
}
},
{
"from":[7.0641,5.5607,14.8995],
"to":[8.9391,7.3107,16.3995],
"rotation":{"origin":[7.99842,7.42754,16.85508],"axis":"x","angle":45},
"faces":{
"up":{"uv":[11,14,12,15],"texture":"#1","rotation":270},
"south":{"uv":[11,14,12,15],"texture":"#1","rotation":270},
"west":{"uv":[11,14,12,15],"texture":"#1","rotation":270},
"east":{"uv":[11,14,12,15],"texture":"#1","rotation":270}
}
},
{
"from":[7.0641,5.5607,11.6495],
"to":[8.9391,8.810699,15.6495],
"faces":{
"down":{"uv":[11,14,12,15],"texture":"#1","rotation":270},
"up":{"uv":[11,14,12,15],"texture":"#1","rotation":270},
"north":{"uv":[11,14,12,15],"texture":"#1","rotation":270},
"south":{"uv":[11,14,12,15],"texture":"#1","rotation":270},
"west":{"uv":[11,14,12,15],"texture":"#1","rotation":270},
"east":{"uv":[11,14,12,15],"texture":"#1","rotation":270}
}
},
{
"from":[7.0641,1.1367,12.3365],
"to":[8.9391,8.6367,16.0865],
"rotation":{"origin":[7.99842,4.5036,12.7921],"axis":"x","angle":-22.5},
"faces":{
"north":{"uv":[11,14,12,15],"texture":"#1","rotation":270},
"south":{"uv":[11,14,12,15],"texture":"#1","rotation":270},
"west":{"uv":[11,14,12,15],"texture":"#1","rotation":270},
"east":{"uv":[11,14,12,15],"texture":"#1","rotation":270}
}
},
{
"from":[7.0641,0.4037,12.3742],
"to":[8.9391,2.6537,17.1242],
"faces":{
"down":{"uv":[11,14,12,15],"texture":"#1","rotation":270},
"up":{"uv":[11,14,12,15],"texture":"#1","rotation":270},
"north":{"uv":[11,14,12,15],"texture":"#1","rotation":270},
"south":{"uv":[11,14,12,15],"texture":"#1","rotation":270},
"west":{"uv":[11,14,12,15],"texture":"#1","rotation":270},
"east":{"uv":[11,14,12,15],"texture":"#1","rotation":270}
}
},
{
"from":[7.0641,2.2631,11.013],
"to":[8.9391,5.5131,11.763],
"rotation":{"origin":[7.99842,6.13,11.96858],"axis":"x","angle":-22.5},
"faces":{
"up":{"uv":[11,14,12,15],"texture":"#1","rotation":270},
"north":{"uv":[11,14,12,15],"texture":"#1","rotation":270},
"south":{"uv":[11,14,12,15],"texture":"#1","rotation":270},
"west":{"uv":[11,14,12,15],"texture":"#1","rotation":270},
"east":{"uv":[11,14,12,15],"texture":"#1","rotation":270}
}
},
{
"from":[7.0641,-0.0963,13.1242],
"to":[8.9391,0.9037,14.1242],
"rotation":{"origin":[7.99842,2.770599,13.82978],"axis":"x","angle":22.5},
"faces":{
"down":{"uv":[11,14,12,15],"texture":"#1","rotation":270},
"north":{"uv":[11,14,12,15],"texture":"#1","rotation":270},
"west":{"uv":[11,14,12,15],"texture":"#1","rotation":270},
"east":{"uv":[11,14,12,15],"texture":"#1","rotation":270}
}
},
{
"from":[7.0641,0.0093,13.0047],
"to":[8.9391,1.0093,16.2547],
"faces":{
"down":{"uv":[11,14,12,15],"texture":"#1","rotation":270},
"north":{"uv":[11,14,12,15],"texture":"#1","rotation":270},
"south":{"uv":[11,14,12,15],"texture":"#1","rotation":270},
"west":{"uv":[11,14,12,15],"texture":"#1","rotation":270},
"east":{"uv":[11,14,12,15],"texture":"#1","rotation":270}
}
},
{
"from":[7.0641,4.8107,11.8995],
"to":[8.9391,6.5607,12.8995],
"rotation":{"origin":[7.99842,7.42754,12.35508],"axis":"x","angle":22.5},
"faces":{
"down":{"uv":[11,14,12,15],"texture":"#1","rotation":270},
"up":{"uv":[11,14,12,15],"texture":"#1","rotation":270},
"north":{"uv":[11,14,12,15],"texture":"#1","rotation":270},
"south":{"uv":[11,14,12,15],"texture":"#1","rotation":270},
"west":{"uv":[11,14,12,15],"texture":"#1","rotation":270},
"east":{"uv":[11,14,12,15],"texture":"#1","rotation":270}
}
},
{
"from":[7.0641,6.298,8.908999],
"to":[8.9391,7.048,10.909],
"rotation":{"origin":[7.99842,4.5036,12.7921],"axis":"x","angle":22.5},
"faces":{
"down":{"uv":[11,14,12,15],"texture":"#1","rotation":180},
"up":{"uv":[11,14,12,15],"texture":"#1","rotation":180},
"north":{"uv":[11,14,12,15],"texture":"#1","rotation":180},
"west":{"uv":[11,14,12,15],"texture":"#1","rotation":180},
"east":{"uv":[11,14,12,15],"texture":"#1","rotation":180}
}
},
{
"from":[6.9391,0.8881,11.763],
"to":[9.0641,4.2631,15.513],
"rotation":{"origin":[7.99842,6.13,11.96858],"axis":"x","angle":-22.5},
"faces":{
"up":{"uv":[14,12,15,13],"texture":"#0","rotation":270},
"north":{"uv":[14,12,15,13],"texture":"#0","rotation":270},
"south":{"uv":[14,12,15,13],"texture":"#0","rotation":270},
"west":{"uv":[14,12,15,13],"texture":"#0","rotation":270},
"east":{"uv":[14,12,15,13],"texture":"#0","rotation":270}
}
},
{
"from":[6.9391,0.7685,13.2492],
"to":[9.0641,2.643499,17.2492],
"faces":{
"down":{"uv":[14,12,15,13],"texture":"#0","rotation":270},
"up":{"uv":[14,12,15,13],"texture":"#0","rotation":270},
"north":{"uv":[14,12,15,13],"texture":"#0","rotation":270},
"south":{"uv":[14,12,15,13],"texture":"#0","rotation":270},
"west":{"uv":[14,12,15,13],"texture":"#0","rotation":270},
"east":{"uv":[14,12,15,13],"texture":"#0","rotation":270}
}
},
{
"from":[6.9391,0.8881,11.763],
"to":[9.0641,6.2631,15.013],
"rotation":{"origin":[7.99842,6.13,11.96858],"axis":"x","angle":-22.5},
"faces":{
"up":{"uv":[14,12,15,13],"texture":"#0","rotation":270},
"north":{"uv":[14,12,15,13],"texture":"#0","rotation":270},
"south":{"uv":[14,12,15,13],"texture":"#0","rotation":270},
"west":{"uv":[14,12,15,13],"texture":"#0","rotation":270},
"east":{"uv":[14,12,15,13],"texture":"#0","rotation":270}
}
},
{
"from":[6.9391,6.1743,11.7277],
"to":[9.0641,7.0493,13.9777],
"faces":{
"down":{"uv":[14,12,15,13],"texture":"#0","rotation":270},
"up":{"uv":[14,12,15,13],"texture":"#0","rotation":270},
"north":{"uv":[14,12,15,13],"texture":"#0","rotation":270},
"south":{"uv":[14,12,15,13],"texture":"#0","rotation":270},
"west":{"uv":[14,12,15,13],"texture":"#0","rotation":270},
"east":{"uv":[14,12,15,13],"texture":"#0","rotation":270}
}
},
{
"from":[6.9391,6.6743,13.4777],
"to":[9.0641,7.7993,14.7277],
"faces":{
"down":{"uv":[14,12,15,13],"texture":"#0","rotation":270},
"up":{"uv":[14,12,15,13],"texture":"#0","rotation":270},
"north":{"uv":[14,12,15,13],"texture":"#0","rotation":270},
"south":{"uv":[14,12,15,13],"texture":"#0","rotation":270},
"west":{"uv":[14,12,15,13],"texture":"#0","rotation":270},
"east":{"uv":[14,12,15,13],"texture":"#0","rotation":270}
}
},
{
"from":[6.9372,4.8858,14.7102],
"to":[9.0622,5.7608,15.9602],
"faces":{
"down":{"uv":[14,12,15,13],"texture":"#0","rotation":270},
"up":{"uv":[14,12,15,13],"texture":"#0","rotation":270},
"north":{"uv":[14,12,15,13],"texture":"#0","rotation":270},
"south":{"uv":[14,12,15,13],"texture":"#0","rotation":270},
"west":{"uv":[14,12,15,13],"texture":"#0","rotation":270},
"east":{"uv":[14,12,15,13],"texture":"#0","rotation":270}
}
},
{
"from":[7.2876,10.8471,14.8328],
"to":[8.72134,11.3121,15.3753],
"faces":{
"up":{"uv":[14,12,15,13],"texture":"#0","rotation":270},
"north":{"uv":[14,12,15,13],"texture":"#0","rotation":270},
"south":{"uv":[14,12,15,13],"texture":"#0","rotation":270},
"west":{"uv":[14,12,15,13],"texture":"#0","rotation":270},
"east":{"uv":[14,12,15,13],"texture":"#0","rotation":270}
}
},
{
"from":[7.2876,10.8471,15.2203],
"to":[7.86884,11.6996,15.3753],
"faces":{
"up":{"uv":[14,12,15,13],"texture":"#0","rotation":270},
"north":{"uv":[14,12,15,13],"texture":"#0","rotation":270},
"south":{"uv":[14,12,15,13],"texture":"#0","rotation":270},
"west":{"uv":[14,12,15,13],"texture":"#0","rotation":270},
"east":{"uv":[14,12,15,13],"texture":"#0","rotation":270}
}
},
{
"from":[8.1401,10.8471,15.2203],
"to":[8.721339,11.6996,15.3753],
"faces":{
"up":{"uv":[14,12,15,13],"texture":"#0","rotation":270},
"north":{"uv":[14,12,15,13],"texture":"#0","rotation":270},
"south":{"uv":[14,12,15,13],"texture":"#0","rotation":270},
"west":{"uv":[14,12,15,13],"texture":"#0","rotation":270},
"east":{"uv":[14,12,15,13],"texture":"#0","rotation":270}
}
},
{
"from":[7.2876,12.3179,13.9677],
"to":[7.48134,12.8604,14.1227],
"rotation":{"origin":[8.21762,10.76794,13.1927],"axis":"x","angle":45},
"faces":{
"north":{"uv":[14,12,15,13],"texture":"#0","rotation":270},
"south":{"uv":[14,12,15,13],"texture":"#0","rotation":270},
"west":{"uv":[14,12,15,13],"texture":"#0","rotation":270},
"east":{"uv":[14,12,15,13],"texture":"#0","rotation":270}
}
},
{
"from":[8.527599,12.3179,13.9677],
"to":[8.72134,12.8604,14.1227],
"rotation":{"origin":[8.21762,10.76794,13.1927],"axis":"x","angle":45},
"faces":{
"north":{"uv":[14,12,15,13],"texture":"#0","rotation":270},
"south":{"uv":[14,12,15,13],"texture":"#0","rotation":270},
"west":{"uv":[14,12,15,13],"texture":"#0","rotation":270},
"east":{"uv":[14,12,15,13],"texture":"#0","rotation":270}
}
},
{
"from":[8.527599,12.3179,14.1227],
"to":[8.72134,12.7054,14.2777],
"rotation":{"origin":[8.21762,10.76794,13.1927],"axis":"x","angle":45},
"faces":{
"north":{"uv":[14,12,15,13],"texture":"#0","rotation":270},
"south":{"uv":[14,12,15,13],"texture":"#0","rotation":270},
"west":{"uv":[14,12,15,13],"texture":"#0","rotation":270},
"east":{"uv":[14,12,15,13],"texture":"#0","rotation":270}
}
},
{
"from":[7.2876,12.3179,14.1227],
"to":[7.48134,12.7054,14.2777],
"rotation":{"origin":[8.21762,10.76794,13.1927],"axis":"x","angle":45},
"faces":{
"north":{"uv":[14,12,15,13],"texture":"#0","rotation":270},
"south":{"uv":[14,12,15,13],"texture":"#0","rotation":270},
"west":{"uv":[14,12,15,13],"texture":"#0","rotation":270},
"east":{"uv":[14,12,15,13],"texture":"#0","rotation":270}
}
},
{
"from":[7.6601,11.0038,-1.7113],
"to":[8.348839,11.2538,-0.5238],
"faces":{
"up":{"uv":[14,12,15,13],"texture":"#0","rotation":270},
"north":{"uv":[14,12,15,13],"texture":"#0","rotation":270},
"south":{"uv":[14,12,15,13],"texture":"#0","rotation":270},
"west":{"uv":[14,12,15,13],"texture":"#0","rotation":270},
"east":{"uv":[14,12,15,13],"texture":"#0","rotation":270}
}
},
{
"from":[7.9239,10.9413,-1.7113],
"to":[8.073899,11.6913,-1.2738],
"faces":{
"up":{"uv":[14,12,15,13],"texture":"#0","rotation":270},
"north":{"uv":[14,12,15,13],"texture":"#0","rotation":270},
"south":{"uv":[14,12,15,13],"texture":"#0","rotation":270},
"west":{"uv":[14,12,15,13],"texture":"#0","rotation":270},
"east":{"uv":[14,12,15,13],"texture":"#0","rotation":270}
}
},
{
"from":[7.9239,5.1108,-3.08],
"to":[8.073899,5.6108,-2.205],
"rotation":{"origin":[8.31137,4.11076,13.10752],"axis":"x","angle":22.5},
"faces":{
"down":{"uv":[14,12,15,13],"texture":"#0","rotation":270},
"up":{"uv":[14,12,15,13],"texture":"#0","rotation":270},
"south":{"uv":[14,12,15,13],"texture":"#0","rotation":270},
"west":{"uv":[14,12,15,13],"texture":"#0","rotation":270},
"east":{"uv":[14,12,15,13],"texture":"#0","rotation":270}
}
},
{
"from":[6.9984,7.8895,9.9137],
"to":[8.9984,11.077,15.5387],
"faces":{
"down":{"uv":[4,2,5,3],"texture":"#1"},
"up":{"uv":[4,2,5,3],"texture":"#1"},
"north":{"uv":[4,2,5,3],"texture":"#1"},
"south":{"uv":[4,2,5,3],"texture":"#1"},
"west":{"uv":[4,2,5,3],"texture":"#1"},
"east":{"uv":[4,2,5,3],"texture":"#1"}
}
},
{
"from":[6.9984,8.0114,15.1167],
"to":[8.9984,10.0739,16.7417],
"rotation":{"origin":[7.99842,8.88644,15.61672],"axis":"x","angle":-22.5},
"faces":{
"up":{"uv":[4,2,5,3],"texture":"#1"},
"south":{"uv":[4,2,5,3],"texture":"#1"},
"west":{"uv":[4,2,5,3],"texture":"#1"},
"east":{"uv":[4,2,5,3],"texture":"#1"}
}
},
{
"from":[6.9984,9.6918,14.5829],
"to":[8.9984,10.6293,16.7079],
"rotation":{"origin":[7.99842,9.441799,15.58294],"axis":"x","angle":-45},
"faces":{
"down":{"uv":[4,2,5,3],"texture":"#1"},
"south":{"uv":[4,2,5,3],"texture":"#1"},
"west":{"uv":[4,2,5,3],"texture":"#1"},
"east":{"uv":[4,2,5,3],"texture":"#1"}
}
},
{
"from":[7.6778,11.5618,9.9137],
"to":[8.177799,12.1868,13.3512],
"rotation":{"origin":[8.6778,10.81182,14.35124],"axis":"z","angle":45},
"faces":{
"up":{"uv":[4,2,5,3],"texture":"#1"},
"north":{"uv":[4,2,5,3],"texture":"#1"},
"south":{"uv":[4,2,5,3],"texture":"#1"}
}
},
{
"from":[7.819,11.5618,9.9137],
"to":[8.319,12.1868,13.3512],
"rotation":{"origin":[7.319039,10.81182,14.35124],"axis":"z","angle":-45},
"faces":{
"up":{"uv":[4,2,5,3],"texture":"#1"},
"north":{"uv":[4,2,5,3],"texture":"#1"},
"south":{"uv":[4,2,5,3],"texture":"#1"}
}
},
{
"from":[7.352,10.8055,9.9137],
"to":[8.63324,11.4305,13.3512],
"faces":{
"up":{"uv":[4,2,5,3],"texture":"#1"},
"north":{"uv":[4,2,5,3],"texture":"#1"},
"south":{"uv":[4,2,5,3],"texture":"#1"},
"west":{"uv":[4,2,5,3],"texture":"#1"},
"east":{"uv":[4,2,5,3],"texture":"#1"}
}
},
{
"from":[7.0016,7.8831,15.3632],
"to":[9.0016,8.508101,16.9882],
"faces":{
"down":{"uv":[4,2,5,3],"texture":"#1"},
"up":{"uv":[4,2,5,3],"texture":"#1"},
"south":{"uv":[4,2,5,3],"texture":"#1"},
"west":{"uv":[4,2,5,3],"texture":"#1"},
"east":{"uv":[4,2,5,3],"texture":"#1"}
}
},
{
"from":[7.6234,10.0114,15.1167],
"to":[8.3734,10.3239,17.7417],
"rotation":{"origin":[7.99842,8.88644,15.61672],"axis":"x","angle":-22.5},
"faces":{
"down":{"uv":[4,2,5,3],"texture":"#1"},
"up":{"uv":[4,2,5,3],"texture":"#1"},
"south":{"uv":[4,2,5,3],"texture":"#1"},
"west":{"uv":[4,2,5,3],"texture":"#1"},
"east":{"uv":[4,2,5,3],"texture":"#1"}
}
},
{
"from":[7.6234,7.9409,14.8798],
"to":[8.3734,10.3159,15.3173],
"rotation":{"origin":[7.99842,8.4409,16.44234],"axis":"x","angle":45},
"faces":{
"up":{"uv":[4,2,5,3],"texture":"#1","rotation":270},
"north":{"uv":[4,2,5,3],"texture":"#1","rotation":270},
"south":{"uv":[4,2,5,3],"texture":"#1","rotation":270},
"west":{"uv":[4,2,5,3],"texture":"#1","rotation":270},
"east":{"uv":[4,2,5,3],"texture":"#1","rotation":270}
}
},
{
"from":[7.6234,8.2279,15.8892],
"to":[8.3734,10.8529,16.3267],
"rotation":{"origin":[7.99842,8.72792,16.45172],"axis":"x","angle":22.5},
"faces":{
"up":{"uv":[4,2,5,3],"texture":"#1","rotation":270},
"north":{"uv":[4,2,5,3],"texture":"#1","rotation":270},
"south":{"uv":[4,2,5,3],"texture":"#1","rotation":270},
"west":{"uv":[4,2,5,3],"texture":"#1","rotation":270},
"east":{"uv":[4,2,5,3],"texture":"#1","rotation":270}
}
},
{
"from":[7.18,9.0217,6.9832],
"to":[8.817499,10.9342,10.6707],
"faces":{
"down":{"uv":[6,1,7,2],"texture":"#1"},
"up":{"uv":[6,1,7,2],"texture":"#1"},
"north":{"uv":[6,1,7,2],"texture":"#1"},
"west":{"uv":[6,1,7,2],"texture":"#1"},
"east":{"uv":[6,1,7,2],"texture":"#1"}
}
},
{
"from":[7.0609,7.8895,-1.5863],
"to":[8.9359,9.1395,9.9762],
"faces":{
"down":{"uv":[4,3,5,4],"texture":"#1"},
"north":{"uv":[4,3,5,4],"texture":"#1"},
"west":{"uv":[4,3,5,4],"texture":"#1"},
"east":{"uv":[4,3,5,4],"texture":"#1"}
}
},
{
"from":[7.0609,12.8325,-8.7358],
"to":[8.9359,13.9575,-8.1108],
"rotation":{"origin":[23.49842,28.33254,7.264219],"axis":"x","angle":-22.5},
"faces":{
"north":{"uv":[4,3,5,4],"texture":"#1"},
"south":{"uv":[4,3,5,4],"texture":"#1"},
"west":{"uv":[4,3,5,4],"texture":"#1"},
"east":{"uv":[4,3,5,4],"texture":"#1"}
}
},
{
"from":[7.6484,10.5533,-2.0168],
"to":[8.3484,11.0283,10.7332],
"faces":{
"down":{"uv":[6,1,7,2],"texture":"#1"},
"north":{"uv":[6,1,7,2],"texture":"#1"},
"west":{"uv":[6,1,7,2],"texture":"#1"},
"east":{"uv":[6,1,7,2],"texture":"#1"}
}
},
{
"from":[12.1877,1.0098,-2.0168],
"to":[12.6377,1.2348,10.7332],
"rotation":{"origin":[21.71274,10.60976,13.98322],"axis":"z","angle":-45},
"faces":{
"down":{"uv":[6,1,7,2],"texture":"#1"},
"up":{"uv":[6,1,7,2],"texture":"#1"},
"north":{"uv":[6,1,7,2],"texture":"#1"}
}
},
{
"from":[11.4536,0.2132,-2.0168],
"to":[11.9036,0.4381999,10.7332],
"rotation":{"origin":[20.97864,9.93816,13.98322],"axis":"z","angle":-45},
"faces":{
"down":{"uv":[6,1,7,2],"texture":"#1"},
"up":{"uv":[6,1,7,2],"texture":"#1"},
"north":{"uv":[6,1,7,2],"texture":"#1"}
}
},
{
"from":[7.3302,8.947599,-2.0168],
"to":[7.555199,10.3976,10.7332],
"faces":{
"down":{"uv":[6,1,7,2],"texture":"#1"},
"up":{"uv":[6,1,7,2],"texture":"#1"},
"north":{"uv":[6,11,7,9],"texture":"#1"},
"west":{"uv":[6,1,7,2],"texture":"#1"},
"east":{"uv":[6,1,7,2],"texture":"#1"}
}
},
{
"from":[8.4416,8.947599,-2.0168],
"to":[8.6666,10.3976,10.7332],
"faces":{
"down":{"uv":[6,1,7,2],"texture":"#1"},
"up":{"uv":[6,1,7,2],"texture":"#1"},
"north":{"uv":[6,11,7,9],"texture":"#1"},
"west":{"uv":[6,1,7,2],"texture":"#1"},
"east":{"uv":[6,1,7,2],"texture":"#1"}
}
},
{
"from":[-1.8985,6.2674,-2.0168],
"to":[-1.6735,6.7174,10.7332],
"rotation":{"origin":[7.70146,-2.8076,13.98322],"axis":"z","angle":-45},
"faces":{
"north":{"uv":[6,1,7,2],"texture":"#1"},
"west":{"uv":[6,1,7,2],"texture":"#1"},
"east":{"uv":[6,1,7,2],"texture":"#1"}
}
},
{
"from":[-1.1122,6.6201,-2.0168],
"to":[-0.9497001,7.0701,10.7332],
"rotation":{"origin":[7.16276,-3.05494,13.98322],"axis":"z","angle":-45},
"faces":{
"north":{"uv":[6,1,7,2],"texture":"#1"},
"west":{"uv":[6,1,7,2],"texture":"#1"},
"east":{"uv":[6,1,7,2],"texture":"#1"}
}
},
{
"from":[7.5234,9.004399,-2.0168],
"to":[8.4109,9.666899,10.7332],
"faces":{
"down":{"uv":[4,3,5,4],"texture":"#1"},
"up":{"uv":[4,3,5,4],"texture":"#1"},
"north":{"uv":[4,3,5,4],"texture":"#1"},
"east":{"uv":[4,3,5,4],"texture":"#1"}
}
},
{
"from":[11.9659,1.838,-2.0168],
"to":[12.4034,2.588,9.9832],
"rotation":{"origin":[27.96592,17.83798,13.85822],"axis":"z","angle":-22.5},
"faces":{
"up":{"uv":[4,3,5,4],"texture":"#1"},
"north":{"uv":[4,3,5,4],"texture":"#1"},
"west":{"uv":[4,3,5,4],"texture":"#1"},
"east":{"uv":[4,3,5,4],"texture":"#1"}
}
},
{
"from":[1.1712,13.7012,-2.0168],
"to":[1.6712,14.3887,9.9832],
"rotation":{"origin":[16.67118,29.70116,13.85822],"axis":"z","angle":22.5},
"faces":{
"up":{"uv":[4,3,5,4],"texture":"#1"},
"north":{"uv":[4,3,5,4],"texture":"#1"},
"west":{"uv":[4,3,5,4],"texture":"#1"},
"east":{"uv":[4,3,5,4],"texture":"#1"}
}
},
{
"from":[7.0609,8.9288,-2.0168],
"to":[8.9359,9.1788,9.9832],
"faces":{
"down":{"uv":[4,3,5,4],"texture":"#1"},
"up":{"uv":[4,3,5,4],"texture":"#1"},
"north":{"uv":[4,3,5,4],"texture":"#1"},
"west":{"uv":[4,3,5,4],"texture":"#1"},
"east":{"uv":[4,3,5,4],"texture":"#1"}
}
},
{
"from":[12.2352,3.0568,-2.0168],
"to":[12.4852,3.6818,10.7332],
"rotation":{"origin":[28.23522,19.05676,13.85822],"axis":"z","angle":-22.5},
"faces":{
"up":{"uv":[6,1,7,2],"texture":"#1"},
"north":{"uv":[6,1,7,2],"texture":"#1"},
"west":{"uv":[6,1,7,2],"texture":"#1"},
"east":{"uv":[6,1,7,2],"texture":"#1"}
}
},
{
"from":[1.1519,14.9199,-2.0168],
"to":[1.4019,15.5449,10.7332],
"rotation":{"origin":[16.40188,30.91994,13.85822],"axis":"z","angle":22.5},
"faces":{
"up":{"uv":[6,1,7,2],"texture":"#1"},
"north":{"uv":[6,1,7,2],"texture":"#1"},
"west":{"uv":[6,1,7,2],"texture":"#1"},
"east":{"uv":[6,1,7,2],"texture":"#1"}
}
},
{
"from":[8.2345,10.79,-2.0168],
"to":[8.684499,11.1025,10.7332],
"rotation":{"origin":[8.45954,10.94624,4.35822],"axis":"z","angle":-45},
"faces":{
"down":{"uv":[6,1,7,2],"texture":"#1"},
"up":{"uv":[6,1,7,2],"texture":"#1"},
"north":{"uv":[6,1,7,2],"texture":"#1"},
"south":{"uv":[6,1,7,2],"texture":"#1"},
"east":{"uv":[6,1,7,2],"texture":"#1"}
}
},
{
"from":[7.3123,10.79,-2.0168],
"to":[7.7623,11.1025,10.7332],
"rotation":{"origin":[7.5373,10.94624,4.35822],"axis":"z","angle":45},
"faces":{
"down":{"uv":[6,1,7,2],"texture":"#1"},
"up":{"uv":[6,1,7,2],"texture":"#1"},
"north":{"uv":[6,1,7,2],"texture":"#1"},
"south":{"uv":[6,1,7,2],"texture":"#1"},
"west":{"uv":[6,1,7,2],"texture":"#1"}
}
},
{
"from":[7.5859,10.9283,-2.0168],
"to":[8.4109,11.2158,10.7332],
"faces":{
"down":{"uv":[6,1,7,2],"texture":"#1"},
"up":{"uv":[6,1,7,2],"texture":"#1"},
"north":{"uv":[6,1,7,2],"texture":"#1"},
"west":{"uv":[6,1,7,2],"texture":"#1"},
"east":{"uv":[6,1,7,2],"texture":"#1"}
}
},
{
"from":[-2.0331,14.4892,6.9832],
"to":[-1.4581,14.8017,10.7332],
"rotation":{"origin":[7.241899,23.9892,13.98322],"axis":"z","angle":45},
"faces":{
"down":{"uv":[6,1,7,2],"texture":"#1"},
"up":{"uv":[6,1,7,2],"texture":"#1"},
"north":{"uv":[6,1,7,2],"texture":"#1"},
"south":{"uv":[6,1,7,2],"texture":"#1"},
"west":{"uv":[6,1,7,2],"texture":"#1"}
}
},
{
"from":[7.5866,11.0533,6.9832],
"to":[8.4116,11.3408,10.7332],
"faces":{
"up":{"uv":[6,1,7,2],"texture":"#1"},
"north":{"uv":[6,1,7,2],"texture":"#1"},
"west":{"uv":[6,1,7,2],"texture":"#1"},
"east":{"uv":[6,1,7,2],"texture":"#1"}
}
},
{
"from":[12.2275,1.8673,6.9832],
"to":[12.8025,2.1798,10.7332],
"rotation":{"origin":[21.3775,11.36734,13.98322],"axis":"z","angle":-45},
"faces":{
"down":{"uv":[6,1,7,2],"texture":"#1"},
"up":{"uv":[6,1,7,2],"texture":"#1"},
"north":{"uv":[6,1,7,2],"texture":"#1"},
"south":{"uv":[6,1,7,2],"texture":"#1"},
"east":{"uv":[6,1,7,2],"texture":"#1"}
}
},
{
"from":[7.18,6.2717,7.2332],
"to":[8.817499,7.434199,7.9207],
"rotation":{"origin":[8.092521,9.38236,14.54258],"axis":"x","angle":22.5},
"faces":{
"down":{"uv":[6,1,7,2],"texture":"#1"},
"north":{"uv":[6,1,7,2],"texture":"#1"},
"west":{"uv":[6,1,7,2],"texture":"#1"},
"east":{"uv":[6,1,7,2],"texture":"#1"}
}
}
],
"display":{
"thirdperson_righthand":{
"rotation":[40,0,0],
"translation":[0,3,1],
"scale":[0.4,0.4,0.4]
},
"thirdperson_lefthand":{
"rotation":[40,0,0],
"translation":[0,3,1],
"scale":[0.4,0.4,0.4]
},
"firstperson_righthand":{
"translation":[-2.5,3.5,-4],
"scale":[0.6,0.6,0.6]
},
"firstperson_lefthand":{
"translation":[-2.5,3.5,-4],
"scale":[0.6,0.6,0.6]
},
"gui":{
"rotation":[-15,130,0],
"translation":[0,1,0],
"scale":[0.4,0.4,0.4]
},
"head":{
"translation":[0,12,0],
"scale":[0.6,0.6,0.6]
},
"ground":{
"rotation":[0,0,90],
"scale":[0.5,0.5,0.5]
},
"fixed":{
"rotation":[0,90,0],
"translation":[0,0,-1],
"scale":[0.75,0.75,0.75]
}
}
}