{
"elements":[
{
"from":[3,10,7.125],
"to":[13.125,11,8.875],
"faces":{
"down":{"uv":[3,7,4,8],"texture":"#normalguntexture"},
"up":{"uv":[3,7,4,8],"texture":"#normalguntexture"},
"north":{"uv":[3,7,4,8],"texture":"#normalguntexture"},
"south":{"uv":[3,7,4,8],"texture":"#normalguntexture"},
"west":{"uv":[3,7,4,8],"texture":"#normalguntexture"},
"east":{"uv":[3,7,4,8],"texture":"#normalguntexture"}
}
},
{
"from":[2.125,10.25,7.5],
"to":[3,11.25,8.5],
"faces":{
"down":{"uv":[3,7,4,8],"texture":"#normalguntexture"},
"up":{"uv":[3,7,4,8],"texture":"#normalguntexture"},
"north":{"uv":[3,7,4,8],"texture":"#normalguntexture"},
"south":{"uv":[3,7,4,8],"texture":"#normalguntexture"},
"west":{"uv":[3,7,4,8],"texture":"#normalguntexture"},
"east":{"uv":[3,7,4,8],"texture":"#normalguntexture"}
}
},
{
"from":[3,11,7.5],
"to":[7.375,11.375,8.5],
"faces":{
"up":{"uv":[3,7,4,8],"texture":"#normalguntexture"},
"north":{"uv":[3,7,4,8],"texture":"#normalguntexture"},
"west":{"uv":[3,7,4,8],"texture":"#normalguntexture"},
"east":{"uv":[3,7,4,8],"texture":"#normalguntexture"}
}
},
{
"from":[9.25,11,7.5],
"to":[13,11.375,8.5],
"faces":{
"up":{"uv":[3,7,4,8],"texture":"#normalguntexture"},
"north":{"uv":[3,7,4,8],"texture":"#normalguntexture"},
"west":{"uv":[3,7,4,8],"texture":"#normalguntexture"},
"east":{"uv":[3,7,4,8],"texture":"#normalguntexture"}
}
},
{
"from":[3,11,8.5],
"to":[7.375,11.375,9.03],
"rotation":{"origin":[3,11.375,8.5],"axis":"x","angle":45},
"faces":{
"down":{"uv":[3,7,4,8],"texture":"#normalguntexture"},
"up":{"uv":[3,7,4,8],"texture":"#normalguntexture"},
"south":{"uv":[3,7,4,8],"texture":"#normalguntexture"},
"west":{"uv":[3,7,4,8],"texture":"#normalguntexture"},
"east":{"uv":[3,7,4,8],"texture":"#normalguntexture"}
}
},
{
"from":[9.25,11,8.5],
"to":[13,11.375,9.03],
"rotation":{"origin":[9.25,11.375,8.5],"axis":"x","angle":45},
"faces":{
"down":{"uv":[3,7,4,8],"texture":"#normalguntexture"},
"up":{"uv":[3,7,4,8],"texture":"#normalguntexture"},
"south":{"uv":[3,7,4,8],"texture":"#normalguntexture"},
"west":{"uv":[3,7,4,8],"texture":"#normalguntexture"},
"east":{"uv":[3,7,4,8],"texture":"#normalguntexture"}
}
},
{
"from":[9.25,10.625,7.125],
"to":[13,11,7.655],
"rotation":{"origin":[9.25,11,7.125],"axis":"x","angle":-45},
"faces":{
"down":{"uv":[3,7,4,8],"texture":"#normalguntexture"},
"up":{"uv":[3,7,4,8],"texture":"#normalguntexture"},
"north":{"uv":[3,7,4,8],"texture":"#normalguntexture"},
"south":{"uv":[3,7,4,8],"texture":"#normalguntexture"},
"west":{"uv":[3,7,4,8],"texture":"#normalguntexture"},
"east":{"uv":[3,7,4,8],"texture":"#normalguntexture"}
}
},
{
"from":[3,10.625,7.125],
"to":[7.375,11,7.655],
"rotation":{"origin":[3,11,7.125],"axis":"x","angle":-45},
"faces":{
"down":{"uv":[3,7,4,8],"texture":"#normalguntexture"},
"up":{"uv":[3,7,4,8],"texture":"#normalguntexture"},
"north":{"uv":[3,7,4,8],"texture":"#normalguntexture"},
"south":{"uv":[3,7,4,8],"texture":"#normalguntexture"},
"west":{"uv":[3,7,4,8],"texture":"#normalguntexture"},
"east":{"uv":[3,7,4,8],"texture":"#normalguntexture"}
}
},
{
"from":[7.375,11,7.4375],
"to":[9.25,11.25,8.5625],
"faces":{
"up":{"uv":[3,7,4,8],"texture":"#lightguntexture"},
"north":{"uv":[3,7,4,8],"texture":"#lightguntexture"},
"south":{"uv":[3,7,4,8],"texture":"#lightguntexture"},
"west":{"uv":[3,7,4,8],"texture":"#lightguntexture"},
"east":{"uv":[3,7,4,8],"texture":"#lightguntexture"}
}
},
{
"from":[13,11,7.5],
"to":[13.53,11.375,8.5],
"rotation":{"origin":[13,11.375,7.5],"axis":"z","angle":-45},
"faces":{
"down":{"uv":[3,7,4,8],"texture":"#normalguntexture"},
"up":{"uv":[3,7,4,8],"texture":"#normalguntexture"},
"north":{"uv":[3,7,4,8],"texture":"#normalguntexture"},
"south":{"uv":[3,7,4,8],"texture":"#normalguntexture"},
"west":{"uv":[3,7,4,8],"texture":"#normalguntexture"},
"east":{"uv":[3,7,4,8],"texture":"#normalguntexture"}
}
},
{
"from":[13.125,10,7.125],
"to":[13.75,11,7.75],
"faces":{
"down":{"uv":[3,7,4,8],"texture":"#normalguntexture"},
"up":{"uv":[3,7,4,8],"texture":"#normalguntexture"},
"north":{"uv":[3,7,4,8],"texture":"#normalguntexture"},
"south":{"uv":[3,7,4,8],"texture":"#normalguntexture"},
"east":{"uv":[3,7,4,8],"texture":"#normalguntexture"}
}
},
{
"from":[13.125,10,8.25],
"to":[13.75,11,8.875],
"faces":{
"down":{"uv":[3,7,4,8],"texture":"#normalguntexture"},
"up":{"uv":[3,7,4,8],"texture":"#normalguntexture"},
"north":{"uv":[3,7,4,8],"texture":"#normalguntexture"},
"south":{"uv":[3,7,4,8],"texture":"#normalguntexture"},
"east":{"uv":[3,7,4,8],"texture":"#normalguntexture"}
}
},
{
"from":[2.125,9.5625,7.625],
"to":[3.0625,10.25,8.375],
"faces":{
"down":{"uv":[3,7,4,8],"texture":"#normalguntexture"},
"up":{"uv":[3,7,4,8],"texture":"#normalguntexture"},
"north":{"uv":[3,7,4,8],"texture":"#normalguntexture"},
"south":{"uv":[3,7,4,8],"texture":"#normalguntexture"},
"west":{"uv":[3,7,4,8],"texture":"#normalguntexture"},
"east":{"uv":[3,7,4,8],"texture":"#normalguntexture"}
}
},
{
"from":[3,9.5,7.4375],
"to":[6.25,10,8.5625],
"faces":{
"down":{"uv":[3,7,4,8],"texture":"#normalguntexture"},
"north":{"uv":[3,7,4,8],"texture":"#normalguntexture"},
"south":{"uv":[3,7,4,8],"texture":"#normalguntexture"},
"west":{"uv":[3,7,4,8],"texture":"#normalguntexture"}
}
},
{
"from":[2.125,9.4375,7.75],
"to":[3,9.5625,8.25],
"faces":{
"down":{"uv":[3,7,4,8],"texture":"#normalguntexture"},
"north":{"uv":[3,7,4,8],"texture":"#normalguntexture"},
"south":{"uv":[3,7,4,8],"texture":"#normalguntexture"},
"west":{"uv":[3,7,4,8],"texture":"#normalguntexture"},
"east":{"uv":[3,7,4,8],"texture":"#normalguntexture"}
}
},
{
"from":[3,9.375,7.5625],
"to":[6.25,9.5,8.4375],
"faces":{
"down":{"uv":[3,7,4,8],"texture":"#normalguntexture"},
"north":{"uv":[3,7,4,8],"texture":"#normalguntexture"},
"south":{"uv":[3,7,4,8],"texture":"#normalguntexture"},
"west":{"uv":[3,7,4,8],"texture":"#normalguntexture"}
}
},
{
"from":[2.5,10.125,7.5],
"to":[3,10.25,8.5],
"faces":{
"down":{"uv":[3,7,4,8],"texture":"#normalguntexture"},
"north":{"uv":[3,7,4,8],"texture":"#normalguntexture"},
"south":{"uv":[3,7,4,8],"texture":"#normalguntexture"},
"west":{"uv":[3,7,4,8],"texture":"#normalguntexture"}
}
},
{
"from":[2.125,11.25,7.625],
"to":[3,11.375,8.375],
"faces":{
"up":{"uv":[3,7,4,8],"texture":"#normalguntexture"},
"north":{"uv":[3,7,4,8],"texture":"#normalguntexture"},
"south":{"uv":[3,7,4,8],"texture":"#normalguntexture"},
"west":{"uv":[3,7,4,8],"texture":"#normalguntexture"}
}
},
{
"from":[6.25,9.375,7.4375],
"to":[9.5,10,8.5625],
"faces":{
"down":{"uv":[3,7,4,8],"texture":"#normalguntexture"},
"north":{"uv":[3,7,4,8],"texture":"#normalguntexture"},
"south":{"uv":[3,7,4,8],"texture":"#normalguntexture"},
"west":{"uv":[3,7,4,8],"texture":"#normalguntexture"},
"east":{"uv":[3,7,4,8],"texture":"#normalguntexture"}
}
},
{
"from":[7.375,9.5,7.125],
"to":[13.25,10,8.875],
"faces":{
"down":{"uv":[5,7,6,8],"texture":"#normalguntexture"},
"up":{"uv":[5,7,6,8],"texture":"#normalguntexture"},
"north":{"uv":[5,7,6,8],"texture":"#normalguntexture"},
"south":{"uv":[5,7,6,8],"texture":"#normalguntexture"},
"west":{"uv":[5,7,6,8],"texture":"#normalguntexture"},
"east":{"uv":[5,7,6,8],"texture":"#normalguntexture"}
}
},
{
"from":[13.75,10,7.125],
"to":[14,10.375,7.75],
"faces":{
"up":{"uv":[3,7,4,8],"texture":"#normalguntexture"},
"north":{"uv":[3,7,4,8],"texture":"#normalguntexture"},
"south":{"uv":[3,7,4,8],"texture":"#normalguntexture"},
"east":{"uv":[3,7,4,8],"texture":"#normalguntexture"}
}
},
{
"from":[13.75,10,8.25],
"to":[14,10.375,8.875],
"faces":{
"up":{"uv":[3,7,4,8],"texture":"#normalguntexture"},
"north":{"uv":[3,7,4,8],"texture":"#normalguntexture"},
"south":{"uv":[3,7,4,8],"texture":"#normalguntexture"},
"east":{"uv":[3,7,4,8],"texture":"#normalguntexture"}
}
},
{
"from":[13.25,9.75,7.125],
"to":[14,10,7.75],
"faces":{
"down":{"uv":[3,7,4,8],"texture":"#normalguntexture"},
"up":{"uv":[3,7,4,8],"texture":"#normalguntexture"},
"north":{"uv":[3,7,4,8],"texture":"#normalguntexture"},
"south":{"uv":[3,7,4,8],"texture":"#normalguntexture"},
"east":{"uv":[3,7,4,8],"texture":"#normalguntexture"}
}
},
{
"from":[13.25,9.25,7.375],
"to":[14,9.75,8.625],
"faces":{
"down":{"uv":[3,7,4,8],"texture":"#normalguntexture"},
"up":{"uv":[3,7,4,8],"texture":"#normalguntexture"},
"north":{"uv":[3,7,4,8],"texture":"#normalguntexture"},
"south":{"uv":[3,7,4,8],"texture":"#normalguntexture"},
"west":{"uv":[3,7,4,8],"texture":"#normalguntexture"},
"east":{"uv":[3,7,4,8],"texture":"#normalguntexture"}
}
},
{
"from":[13.25,9.75,8.25],
"to":[14,10,8.875],
"faces":{
"down":{"uv":[3,7,4,8],"texture":"#normalguntexture"},
"up":{"uv":[3,7,4,8],"texture":"#normalguntexture"},
"north":{"uv":[3,7,4,8],"texture":"#normalguntexture"},
"south":{"uv":[3,7,4,8],"texture":"#normalguntexture"},
"east":{"uv":[3,7,4,8],"texture":"#normalguntexture"}
}
},
{
"from":[9.5,9.125,7],
"to":[13.25,9.5,9],
"faces":{
"down":{"uv":[5,7,6,8],"texture":"#normalguntexture"},
"up":{"uv":[5,7,6,8],"texture":"#normalguntexture"},
"north":{"uv":[5,7,6,8],"texture":"#normalguntexture"},
"south":{"uv":[5,7,6,8],"texture":"#normalguntexture"},
"west":{"uv":[5,7,6,8],"texture":"#normalguntexture"},
"east":{"uv":[5,7,6,8],"texture":"#normalguntexture"}
}
},
{
"from":[12.0625,9.5,7],
"to":[13.1875,9.875,9],
"faces":{
"up":{"uv":[5,7,6,8],"texture":"#normalguntexture"},
"north":{"uv":[5,7,6,8],"texture":"#normalguntexture"},
"south":{"uv":[5,7,6,8],"texture":"#normalguntexture"},
"west":{"uv":[5,7,6,8],"texture":"#normalguntexture"},
"east":{"uv":[5,7,6,8],"texture":"#normalguntexture"}
}
},
{
"from":[7.5,9.625,8.875],
"to":[10,10,9],
"faces":{
"down":{"uv":[3,7,4,8],"texture":"#normalguntexture"},
"up":{"uv":[3,7,4,8],"texture":"#normalguntexture"},
"south":{"uv":[3,7,4,8],"texture":"#normalguntexture"},
"west":{"uv":[3,7,4,8],"texture":"#normalguntexture"}
}
},
{
"from":[10,9.75,9],
"to":[10.75,9.875,9.125],
"faces":{
"down":{"uv":[3,7,4,8],"texture":"#normalguntexture"},
"up":{"uv":[3,7,4,8],"texture":"#normalguntexture"},
"south":{"uv":[3,7,4,8],"texture":"#normalguntexture"},
"west":{"uv":[3,7,4,8],"texture":"#normalguntexture"},
"east":{"uv":[3,7,4,8],"texture":"#normalguntexture"}
}
},
{
"from":[10,9.5625,8.875],
"to":[10.75,10.0625,9],
"faces":{
"down":{"uv":[3,7,4,8],"texture":"#normalguntexture"},
"up":{"uv":[3,7,4,8],"texture":"#normalguntexture"},
"north":{"uv":[3,7,4,8],"texture":"#normalguntexture"},
"south":{"uv":[3,7,4,8],"texture":"#normalguntexture"},
"west":{"uv":[3,7,4,8],"texture":"#normalguntexture"},
"east":{"uv":[3,7,4,8],"texture":"#normalguntexture"}
}
},
{
"from":[11.125,9.25,8.875],
"to":[12,9.625,9.0625],
"rotation":{"origin":[11.125,9.625,8.875],"axis":"z","angle":22.5},
"faces":{
"down":{"uv":[3,7,4,8],"texture":"#normalguntexture"},
"up":{"uv":[3,7,4,8],"texture":"#normalguntexture"},
"north":{"uv":[3,7,4,8],"texture":"#normalguntexture"},
"south":{"uv":[3,7,4,8],"texture":"#normalguntexture"},
"west":{"uv":[3,7,4,8],"texture":"#normalguntexture"},
"east":{"uv":[3,7,4,8],"texture":"#normalguntexture"}
}
},
{
"from":[11.1575,9.3125,9],
"to":[11.5325,9.5625,9.125],
"rotation":{"origin":[11.1575,9.5625,9],"axis":"z","angle":22.5},
"faces":{
"down":{"uv":[3,7,4,8],"texture":"#normalguntexture"},
"up":{"uv":[3,7,4,8],"texture":"#normalguntexture"},
"north":{"uv":[3,7,4,8],"texture":"#normalguntexture"},
"south":{"uv":[3,7,4,8],"texture":"#normalguntexture"},
"west":{"uv":[3,7,4,8],"texture":"#normalguntexture"},
"east":{"uv":[3,7,4,8],"texture":"#normalguntexture"}
}
},
{
"from":[11.125,9.25,6.9375],
"to":[12,9.625,7.125],
"rotation":{"origin":[11.125,9.625,6.9375],"axis":"z","angle":22.5},
"faces":{
"down":{"uv":[3,7,4,8],"texture":"#normalguntexture"},
"up":{"uv":[3,7,4,8],"texture":"#normalguntexture"},
"north":{"uv":[3,7,4,8],"texture":"#normalguntexture"},
"south":{"uv":[3,7,4,8],"texture":"#normalguntexture"},
"west":{"uv":[3,7,4,8],"texture":"#normalguntexture"},
"east":{"uv":[3,7,4,8],"texture":"#normalguntexture"}
}
},
{
"from":[11.125,9.3125,6.875],
"to":[11.5,9.5625,7],
"rotation":{"origin":[11.125,9.5625,6.875],"axis":"z","angle":22.5},
"faces":{
"down":{"uv":[3,7,4,8],"texture":"#normalguntexture"},
"up":{"uv":[3,7,4,8],"texture":"#normalguntexture"},
"north":{"uv":[3,7,4,8],"texture":"#normalguntexture"},
"south":{"uv":[3,7,4,8],"texture":"#normalguntexture"},
"west":{"uv":[3,7,4,8],"texture":"#normalguntexture"},
"east":{"uv":[3,7,4,8],"texture":"#normalguntexture"}
}
},
{
"from":[9.5,8.75,7],
"to":[13,9.125,9],
"faces":{
"down":{"uv":[5,7,6,8],"texture":"#normalguntexture"},
"north":{"uv":[5,7,6,8],"texture":"#normalguntexture"},
"south":{"uv":[5,7,6,8],"texture":"#normalguntexture"},
"west":{"uv":[5,7,6,8],"texture":"#normalguntexture"},
"east":{"uv":[5,7,6,8],"texture":"#normalguntexture"}
}
},
{
"from":[9.625,8.125,7],
"to":[12.875,8.75,9],
"faces":{
"down":{"uv":[5,7,6,8],"texture":"#normalguntexture"},
"north":{"uv":[5,7,6,8],"texture":"#normalguntexture"},
"south":{"uv":[5,7,6,8],"texture":"#normalguntexture"},
"west":{"uv":[5,7,6,8],"texture":"#normalguntexture"},
"east":{"uv":[5,7,6,8],"texture":"#normalguntexture"}
}
},
{
"from":[9.625,7.375,7],
"to":[12.75,8.125,9],
"faces":{
"down":{"uv":[5,7,6,8],"texture":"#normalguntexture"},
"north":{"uv":[5,7,6,8],"texture":"#normalguntexture"},
"south":{"uv":[5,7,6,8],"texture":"#normalguntexture"},
"west":{"uv":[5,7,6,8],"texture":"#normalguntexture"},
"east":{"uv":[5,7,6,8],"texture":"#normalguntexture"}
}
},
{
"from":[9.75,6.375,6.875],
"to":[13,7.375,9.125],
"faces":{
"down":{"uv":[5,7,6,8],"texture":"#normalguntexture"},
"up":{"uv":[5,7,6,8],"texture":"#normalguntexture"},
"north":{"uv":[5,7,6,8],"texture":"#normalguntexture"},
"south":{"uv":[5,7,6,8],"texture":"#normalguntexture"},
"west":{"uv":[5,7,6,8],"texture":"#normalguntexture"},
"east":{"uv":[5,7,6,8],"texture":"#normalguntexture"}
}
},
{
"from":[9.875,5.375,6.875],
"to":[13.25,6.375,9.125],
"faces":{
"down":{"uv":[5,7,6,8],"texture":"#normalguntexture"},
"up":{"uv":[5,7,6,8],"texture":"#normalguntexture"},
"north":{"uv":[5,7,6,8],"texture":"#normalguntexture"},
"south":{"uv":[5,7,6,8],"texture":"#normalguntexture"},
"west":{"uv":[5,7,6,8],"texture":"#normalguntexture"},
"east":{"uv":[5,7,6,8],"texture":"#normalguntexture"}
}
},
{
"from":[10,4.375,6.875],
"to":[13.375,5.375,9.125],
"faces":{
"down":{"uv":[5,7,6,8],"texture":"#normalguntexture"},
"up":{"uv":[5,7,6,8],"texture":"#normalguntexture"},
"north":{"uv":[5,7,6,8],"texture":"#normalguntexture"},
"south":{"uv":[5,7,6,8],"texture":"#normalguntexture"},
"west":{"uv":[5,7,6,8],"texture":"#normalguntexture"},
"east":{"uv":[5,7,6,8],"texture":"#normalguntexture"}
}
},
{
"from":[10.125,3.375,6.875],
"to":[13.5,4.375,9.125],
"faces":{
"down":{"uv":[5,7,6,8],"texture":"#normalguntexture"},
"up":{"uv":[5,7,6,8],"texture":"#normalguntexture"},
"north":{"uv":[5,7,6,8],"texture":"#normalguntexture"},
"south":{"uv":[5,7,6,8],"texture":"#normalguntexture"},
"west":{"uv":[5,7,6,8],"texture":"#normalguntexture"},
"east":{"uv":[5,7,6,8],"texture":"#normalguntexture"}
}
},
{
"from":[10,3,6.875],
"to":[13.125,3.375,9.125],
"faces":{
"down":{"uv":[5,7,6,8],"texture":"#normalguntexture"},
"up":{"uv":[5,7,6,8],"texture":"#normalguntexture"},
"north":{"uv":[5,7,6,8],"texture":"#normalguntexture"},
"south":{"uv":[5,7,6,8],"texture":"#normalguntexture"},
"west":{"uv":[5,7,6,8],"texture":"#normalguntexture"},
"east":{"uv":[5,7,6,8],"texture":"#normalguntexture"}
}
},
{
"from":[10.25,7.375,6.875],
"to":[12.375,7.75,9.125],
"faces":{
"up":{"uv":[5,7,6,8],"texture":"#normalguntexture"},
"north":{"uv":[5,7,6,8],"texture":"#normalguntexture"},
"south":{"uv":[5,7,6,8],"texture":"#normalguntexture"},
"west":{"uv":[5,7,6,8],"texture":"#normalguntexture"},
"east":{"uv":[5,7,6,8],"texture":"#normalguntexture"}
}
},
{
"from":[13.0625,8.9375,7.375],
"to":[13.8125,9.4375,8.625],
"rotation":{"origin":[13.0625,9.4375,7.375],"axis":"z","angle":22.5},
"faces":{
"down":{"uv":[3,7,4,8],"texture":"#normalguntexture"},
"up":{"uv":[3,7,4,8],"texture":"#normalguntexture"},
"north":{"uv":[3,7,4,8],"texture":"#normalguntexture"},
"south":{"uv":[3,7,4,8],"texture":"#normalguntexture"},
"west":{"uv":[3,7,4,8],"texture":"#normalguntexture"},
"east":{"uv":[3,7,4,8],"texture":"#normalguntexture"}
}
},
{
"from":[12.625,8.5,7.375],
"to":[13.375,9,8.625],
"rotation":{"origin":[12.625,9,7.375],"axis":"z","angle":45},
"faces":{
"down":{"uv":[3,7,4,8],"texture":"#normalguntexture"},
"up":{"uv":[3,7,4,8],"texture":"#normalguntexture"},
"north":{"uv":[3,7,4,8],"texture":"#normalguntexture"},
"south":{"uv":[3,7,4,8],"texture":"#normalguntexture"},
"west":{"uv":[3,7,4,8],"texture":"#normalguntexture"},
"east":{"uv":[3,7,4,8],"texture":"#normalguntexture"}
}
},
{
"from":[12.6875,8.25,7.375],
"to":[13.1875,9,8.625],
"rotation":{"origin":[12.6875,9,7.375],"axis":"z","angle":-22.5},
"faces":{
"down":{"uv":[3,7,4,8],"texture":"#normalguntexture"},
"up":{"uv":[3,7,4,8],"texture":"#normalguntexture"},
"north":{"uv":[3,7,4,8],"texture":"#normalguntexture"},
"south":{"uv":[3,7,4,8],"texture":"#normalguntexture"},
"west":{"uv":[3,7,4,8],"texture":"#normalguntexture"},
"east":{"uv":[3,7,4,8],"texture":"#normalguntexture"}
}
},
{
"from":[12.375,7.375,7.375],
"to":[12.875,8.125,8.625],
"faces":{
"north":{"uv":[3,7,4,8],"texture":"#normalguntexture"},
"south":{"uv":[3,7,4,8],"texture":"#normalguntexture"},
"west":{"uv":[3,7,4,8],"texture":"#normalguntexture"},
"east":{"uv":[3,7,4,8],"texture":"#normalguntexture"}
}
},
{
"from":[8.875,9.375,7.4375],
"to":[9.5,9.75,8.5625],
"rotation":{"origin":[8.875,9.75,7.4375],"axis":"z","angle":-22.5},
"faces":{
"down":{"uv":[3,7,4,8],"texture":"#normalguntexture"},
"up":{"uv":[3,7,4,8],"texture":"#normalguntexture"},
"north":{"uv":[3,7,4,8],"texture":"#normalguntexture"},
"south":{"uv":[3,7,4,8],"texture":"#normalguntexture"},
"west":{"uv":[3,7,4,8],"texture":"#normalguntexture"},
"east":{"uv":[3,7,4,8],"texture":"#normalguntexture"}
}
},
{
"from":[9.375,9.1875,7.4375],
"to":[9.875,9.5625,8.5625],
"rotation":{"origin":[9.375,9.5625,7.4375],"axis":"z","angle":-45},
"faces":{
"down":{"uv":[3,7,4,8],"texture":"#normalguntexture"},
"up":{"uv":[3,7,4,8],"texture":"#normalguntexture"},
"north":{"uv":[3,7,4,8],"texture":"#normalguntexture"},
"south":{"uv":[3,7,4,8],"texture":"#normalguntexture"},
"west":{"uv":[3,7,4,8],"texture":"#normalguntexture"},
"east":{"uv":[3,7,4,8],"texture":"#normalguntexture"}
}
},
{
"from":[9.375,8.3425,7.4375],
"to":[9.625,9.0425,8.5625],
"rotation":{"origin":[9.375,9.0425,7.4375],"axis":"z","angle":22.5},
"faces":{
"down":{"uv":[3,7,4,8],"texture":"#normalguntexture"},
"up":{"uv":[3,7,4,8],"texture":"#normalguntexture"},
"north":{"uv":[3,7,4,8],"texture":"#normalguntexture"},
"south":{"uv":[3,7,4,8],"texture":"#normalguntexture"},
"west":{"uv":[3,7,4,8],"texture":"#normalguntexture"},
"east":{"uv":[3,7,4,8],"texture":"#normalguntexture"}
}
},
{
"from":[13.75,10.375,8.25],
"to":[13.875,10.75,8.875],
"faces":{
"up":{"uv":[3,7,4,8],"texture":"#normalguntexture"},
"north":{"uv":[3,7,4,8],"texture":"#normalguntexture"},
"south":{"uv":[3,7,4,8],"texture":"#normalguntexture"},
"east":{"uv":[3,7,4,8],"texture":"#normalguntexture"}
}
},
{
"from":[13.75,10.375,7.125],
"to":[13.875,10.75,7.75],
"faces":{
"up":{"uv":[3,7,4,8],"texture":"#normalguntexture"},
"north":{"uv":[3,7,4,8],"texture":"#normalguntexture"},
"south":{"uv":[3,7,4,8],"texture":"#normalguntexture"},
"east":{"uv":[3,7,4,8],"texture":"#normalguntexture"}
}
},
{
"from":[9.25,7.375,7],
"to":[9.625,7.75,9],
"faces":{
"down":{"uv":[3,7,4,8],"texture":"#normalguntexture"},
"up":{"uv":[3,7,4,8],"texture":"#normalguntexture"},
"north":{"uv":[3,7,4,8],"texture":"#normalguntexture"},
"south":{"uv":[3,7,4,8],"texture":"#normalguntexture"},
"west":{"uv":[3,7,4,8],"texture":"#normalguntexture"}
}
},
{
"from":[9.6875,7.5625,7],
"to":[10.0625,8.1875,9],
"rotation":{"origin":[9.6875,8.1875,7],"axis":"z","angle":-45},
"faces":{
"down":{"uv":[3,7,4,8],"texture":"#normalguntexture"},
"up":{"uv":[3,7,4,8],"texture":"#normalguntexture"},
"north":{"uv":[3,7,4,8],"texture":"#normalguntexture"},
"south":{"uv":[3,7,4,8],"texture":"#normalguntexture"},
"west":{"uv":[3,7,4,8],"texture":"#normalguntexture"},
"east":{"uv":[3,7,4,8],"texture":"#normalguntexture"}
}
},
{
"from":[9.51,7.2675,7],
"to":[10.26,7.6425,9],
"rotation":{"origin":[9.51,7.6425,7],"axis":"z","angle":-45},
"faces":{
"down":{"uv":[3,7,4,8],"texture":"#normalguntexture"},
"up":{"uv":[3,7,4,8],"texture":"#normalguntexture"},
"north":{"uv":[3,7,4,8],"texture":"#normalguntexture"},
"south":{"uv":[3,7,4,8],"texture":"#normalguntexture"},
"west":{"uv":[3,7,4,8],"texture":"#normalguntexture"},
"east":{"uv":[3,7,4,8],"texture":"#normalguntexture"}
}
},
{
"from":[8.4375,7.125,7.75],
"to":[9.3125,7.375,8.25],
"rotation":{"origin":[8.4375,7.375,7.75],"axis":"z","angle":22.5},
"faces":{
"down":{"uv":[3,7,4,8],"texture":"#normalguntexture"},
"up":{"uv":[3,7,4,8],"texture":"#normalguntexture"},
"north":{"uv":[3,7,4,8],"texture":"#normalguntexture"},
"south":{"uv":[3,7,4,8],"texture":"#normalguntexture"},
"west":{"uv":[3,7,4,8],"texture":"#normalguntexture"},
"east":{"uv":[3,7,4,8],"texture":"#normalguntexture"}
}
},
{
"from":[6.375,7.9375,7.75],
"to":[6.625,9.25,8.25],
"faces":{
"north":{"uv":[3,7,4,8],"texture":"#normalguntexture"},
"south":{"uv":[3,7,4,8],"texture":"#normalguntexture"},
"west":{"uv":[3,7,4,8],"texture":"#normalguntexture"},
"east":{"uv":[3,7,4,8],"texture":"#normalguntexture"}
}
},
{
"from":[7.155,7.145,7.75],
"to":[8.53,7.395,8.25],
"faces":{
"down":{"uv":[3,7,4,8],"texture":"#normalguntexture"},
"up":{"uv":[3,7,4,8],"texture":"#normalguntexture"},
"north":{"uv":[3,7,4,8],"texture":"#normalguntexture"},
"south":{"uv":[3,7,4,8],"texture":"#normalguntexture"},
"west":{"uv":[3,7,4,8],"texture":"#normalguntexture"},
"east":{"uv":[3,7,4,8],"texture":"#normalguntexture"}
}
},
{
"from":[6.285,7.54,7.75],
"to":[7.335,7.79,8.25],
"rotation":{"origin":[6.285,7.79,7.75],"axis":"z","angle":-22.5},
"faces":{
"down":{"uv":[3,7,4,8],"texture":"#normalguntexture"},
"up":{"uv":[3,7,4,8],"texture":"#normalguntexture"},
"north":{"uv":[3,7,4,8],"texture":"#normalguntexture"},
"south":{"uv":[3,7,4,8],"texture":"#normalguntexture"},
"west":{"uv":[3,7,4,8],"texture":"#normalguntexture"},
"east":{"uv":[3,7,4,8],"texture":"#normalguntexture"}
}
},
{
"from":[6.375,7.76,7.75],
"to":[6.625,8.01,8.25],
"rotation":{"origin":[6.375,8.01,7.75],"axis":"z","angle":-22.5},
"faces":{
"down":{"uv":[3,7,4,8],"texture":"#normalguntexture"},
"up":{"uv":[3,7,4,8],"texture":"#normalguntexture"},
"north":{"uv":[3,7,4,8],"texture":"#normalguntexture"},
"south":{"uv":[3,7,4,8],"texture":"#normalguntexture"},
"west":{"uv":[3,7,4,8],"texture":"#normalguntexture"},
"east":{"uv":[3,7,4,8],"texture":"#normalguntexture"}
}
},
{
"from":[6.375,7.4375,7.75],
"to":[6.625,7.9375,8.25],
"rotation":{"origin":[6.375,7.9375,7.75],"axis":"z","angle":22.5},
"faces":{
"down":{"uv":[3,7,4,8],"texture":"#normalguntexture"},
"north":{"uv":[3,7,4,8],"texture":"#normalguntexture"},
"south":{"uv":[3,7,4,8],"texture":"#normalguntexture"},
"west":{"uv":[3,7,4,8],"texture":"#normalguntexture"},
"east":{"uv":[3,7,4,8],"texture":"#normalguntexture"}
}
},
{
"from":[6.6875,8.8125,7.75],
"to":[6.8125,9.3125,8.25],
"rotation":{"origin":[6.6875,9.3125,7.75],"axis":"z","angle":-22.5},
"faces":{
"down":{"uv":[3,7,4,8],"texture":"#normalguntexture"},
"up":{"uv":[3,7,4,8],"texture":"#normalguntexture"},
"north":{"uv":[3,7,4,8],"texture":"#normalguntexture"},
"south":{"uv":[3,7,4,8],"texture":"#normalguntexture"},
"west":{"uv":[3,7,4,8],"texture":"#normalguntexture"},
"east":{"uv":[3,7,4,8],"texture":"#normalguntexture"}
}
},
{
"from":[6.9375,9.0625,7.75],
"to":[7.0625,9.5625,8.25],
"rotation":{"origin":[6.9375,9.5625,7.75],"axis":"z","angle":-45},
"faces":{
"down":{"uv":[3,7,4,8],"texture":"#normalguntexture"},
"up":{"uv":[3,7,4,8],"texture":"#normalguntexture"},
"north":{"uv":[3,7,4,8],"texture":"#normalguntexture"},
"south":{"uv":[3,7,4,8],"texture":"#normalguntexture"},
"west":{"uv":[3,7,4,8],"texture":"#normalguntexture"},
"east":{"uv":[3,7,4,8],"texture":"#normalguntexture"}
}
},
{
"from":[6.1875,8.75,7.75],
"to":[6.3625,9.25,8.25],
"rotation":{"origin":[6.1875,9.25,7.75],"axis":"z","angle":22.5},
"faces":{
"down":{"uv":[3,7,4,8],"texture":"#normalguntexture"},
"up":{"uv":[3,7,4,8],"texture":"#normalguntexture"},
"north":{"uv":[3,7,4,8],"texture":"#normalguntexture"},
"south":{"uv":[3,7,4,8],"texture":"#normalguntexture"},
"west":{"uv":[3,7,4,8],"texture":"#normalguntexture"},
"east":{"uv":[3,7,4,8],"texture":"#normalguntexture"}
}
},
{
"from":[5.9375,9,7.75],
"to":[6.0625,9.5,8.25],
"rotation":{"origin":[5.9375,9.5,7.75],"axis":"z","angle":45},
"faces":{
"down":{"uv":[3,7,4,8],"texture":"#normalguntexture"},
"north":{"uv":[3,7,4,8],"texture":"#normalguntexture"},
"south":{"uv":[3,7,4,8],"texture":"#normalguntexture"},
"west":{"uv":[3,7,4,8],"texture":"#normalguntexture"},
"east":{"uv":[3,7,4,8],"texture":"#normalguntexture"}
}
},
{
"from":[6.25,9.25,7.75],
"to":[6.75,9.375,8.25],
"faces":{
"down":{"uv":[3,7,4,8],"texture":"#normalguntexture"},
"north":{"uv":[3,7,4,8],"texture":"#normalguntexture"},
"south":{"uv":[3,7,4,8],"texture":"#normalguntexture"},
"west":{"uv":[3,7,4,8],"texture":"#normalguntexture"},
"east":{"uv":[3,7,4,8],"texture":"#normalguntexture"}
}
},
{
"from":[9.125,7.375,7.75],
"to":[9.5,7.625,8.25],
"rotation":{"origin":[9.125,7.625,7.75],"axis":"z","angle":-22.5},
"faces":{
"down":{"uv":[3,7,4,8],"texture":"#normalguntexture"},
"up":{"uv":[3,7,4,8],"texture":"#normalguntexture"},
"north":{"uv":[3,7,4,8],"texture":"#normalguntexture"},
"south":{"uv":[3,7,4,8],"texture":"#normalguntexture"},
"west":{"uv":[3,7,4,8],"texture":"#normalguntexture"}
}
},
{
"from":[8.25,8.5,7.75],
"to":[8.5,9.375,8.25],
"faces":{
"down":{"uv":[3,7,4,8],"texture":"#lightguntexture"},
"north":{"uv":[3,7,4,8],"texture":"#lightguntexture"},
"south":{"uv":[3,7,4,8],"texture":"#lightguntexture"},
"west":{"uv":[3,7,4,8],"texture":"#lightguntexture"},
"east":{"uv":[3,7,4,8],"texture":"#lightguntexture"}
}
},
{
"from":[8.27,7.98,7.75],
"to":[8.52,8.605,8.25],
"rotation":{"origin":[8.27,8.605,7.75],"axis":"z","angle":-22.5},
"faces":{
"down":{"uv":[3,7,4,8],"texture":"#lightguntexture"},
"up":{"uv":[3,7,4,8],"texture":"#lightguntexture"},
"north":{"uv":[3,7,4,8],"texture":"#lightguntexture"},
"south":{"uv":[3,7,4,8],"texture":"#lightguntexture"},
"west":{"uv":[3,7,4,8],"texture":"#lightguntexture"},
"east":{"uv":[3,7,4,8],"texture":"#lightguntexture"}
}
},
{
"from":[8.1875,9.125,7.75],
"to":[8.3125,9.375,8.25],
"rotation":{"origin":[8.1875,9.375,7.75],"axis":"z","angle":22.5},
"faces":{
"down":{"uv":[3,7,4,8],"texture":"#lightguntexture"},
"north":{"uv":[3,7,4,8],"texture":"#lightguntexture"},
"south":{"uv":[3,7,4,8],"texture":"#lightguntexture"},
"west":{"uv":[3,7,4,8],"texture":"#lightguntexture"},
"east":{"uv":[3,7,4,8],"texture":"#lightguntexture"}
}
},
{
"from":[8.4075,9.125,7.75],
"to":[8.6575,9.5,8.25],
"rotation":{"origin":[8.4075,9.5,7.75],"axis":"z","angle":-22.5},
"faces":{
"down":{"uv":[3,7,4,8],"texture":"#lightguntexture"},
"north":{"uv":[3,7,4,8],"texture":"#lightguntexture"},
"south":{"uv":[3,7,4,8],"texture":"#lightguntexture"},
"west":{"uv":[3,7,4,8],"texture":"#lightguntexture"},
"east":{"uv":[3,7,4,8],"texture":"#lightguntexture"}
}
},
{
"from":[13.625,9.5625,7.8125],
"to":[14.125,11.0625,8.1875],
"rotation":{"origin":[13.625,11.0625,7.8125],"axis":"z","angle":-45},
"faces":{
"down":{"uv":[3,7,4,8],"texture":"#lightguntexture"},
"up":{"uv":[3,7,4,8],"texture":"#lightguntexture"},
"north":{"uv":[3,7,4,8],"texture":"#lightguntexture"},
"south":{"uv":[3,7,4,8],"texture":"#lightguntexture"},
"west":{"uv":[3,7,4,8],"texture":"#lightguntexture"},
"east":{"uv":[3,7,4,8],"texture":"#lightguntexture"}
}
},
{
"from":[2.49,11.355,7.9375],
"to":[2.99,11.725,8.0625],
"faces":{
"down":{"uv":[3,7,4,8],"texture":"#normalguntexture"},
"up":{"uv":[3,7,4,8],"texture":"#normalguntexture"},
"north":{"uv":[3,7,4,8],"texture":"#normalguntexture"},
"south":{"uv":[3,7,4,8],"texture":"#normalguntexture"},
"west":{"uv":[3,7,4,8],"texture":"#normalguntexture"},
"east":{"uv":[3,7,4,8],"texture":"#normalguntexture"}
}
},
{
"from":[2.135,11,7.9375],
"to":[2.635,11.375,8.0625],
"rotation":{"origin":[2.135,11.375,7.9375],"axis":"z","angle":45},
"faces":{
"down":{"uv":[3,7,4,8],"texture":"#normalguntexture"},
"up":{"uv":[3,7,4,8],"texture":"#normalguntexture"},
"north":{"uv":[3,7,4,8],"texture":"#normalguntexture"},
"south":{"uv":[3,7,4,8],"texture":"#normalguntexture"},
"west":{"uv":[3,7,4,8],"texture":"#normalguntexture"},
"east":{"uv":[3,7,4,8],"texture":"#normalguntexture"}
}
},
{
"from":[13.125,3.125,7.625],
"to":[13.375,3.375,8.375],
"faces":{
"down":{"uv":[5,7,6,8],"texture":"#normalguntexture"},
"north":{"uv":[5,7,6,8],"texture":"#normalguntexture"},
"south":{"uv":[5,7,6,8],"texture":"#normalguntexture"},
"east":{"uv":[5,7,6,8],"texture":"#normalguntexture"}
}
},
{
"from":[9.875,2.625,7.125],
"to":[12.875,3,8.875],
"faces":{
"down":{"uv":[3,7,4,8],"texture":"#normalguntexture"},
"up":{"uv":[3,7,4,8],"texture":"#normalguntexture"},
"north":{"uv":[3,7,4,8],"texture":"#normalguntexture"},
"south":{"uv":[3,7,4,8],"texture":"#normalguntexture"},
"west":{"uv":[3,7,4,8],"texture":"#normalguntexture"},
"east":{"uv":[3,7,4,8],"texture":"#normalguntexture"}
}
},
{
"from":[12,11.375,7.5625],
"to":[12.875,11.5,7.8125],
"faces":{
"up":{"uv":[3,7,4,8],"texture":"#normalguntexture"},
"north":{"uv":[3,7,4,8],"texture":"#normalguntexture"},
"south":{"uv":[3,7,4,8],"texture":"#normalguntexture"},
"west":{"uv":[3,7,4,8],"texture":"#normalguntexture"},
"east":{"uv":[3,7,4,8],"texture":"#normalguntexture"}
}
},
{
"from":[12,11.375,8.1875],
"to":[12.875,11.5,8.4375],
"faces":{
"up":{"uv":[3,7,4,8],"texture":"#normalguntexture"},
"north":{"uv":[3,7,4,8],"texture":"#normalguntexture"},
"south":{"uv":[3,7,4,8],"texture":"#normalguntexture"},
"west":{"uv":[3,7,4,8],"texture":"#normalguntexture"},
"east":{"uv":[3,7,4,8],"texture":"#normalguntexture"}
}
},
{
"from":[12.625,11.5,8.1875],
"to":[12.875,11.625,8.4375],
"faces":{
"up":{"uv":[3,7,4,8],"texture":"#normalguntexture"},
"north":{"uv":[3,7,4,8],"texture":"#normalguntexture"},
"south":{"uv":[3,7,4,8],"texture":"#normalguntexture"},
"west":{"uv":[3,7,4,8],"texture":"#normalguntexture"},
"east":{"uv":[3,7,4,8],"texture":"#normalguntexture"}
}
},
{
"from":[12.625,11.5,7.5625],
"to":[12.875,11.625,7.8125],
"faces":{
"up":{"uv":[3,7,4,8],"texture":"#normalguntexture"},
"north":{"uv":[3,7,4,8],"texture":"#normalguntexture"},
"south":{"uv":[3,7,4,8],"texture":"#normalguntexture"},
"west":{"uv":[3,7,4,8],"texture":"#normalguntexture"},
"east":{"uv":[3,7,4,8],"texture":"#normalguntexture"}
}
},
{
"from":[12.625,11.375,7.8125],
"to":[12.875,11.5,8.1875],
"faces":{
"up":{"uv":[3,7,4,8],"texture":"#normalguntexture"},
"west":{"uv":[3,7,4,8],"texture":"#normalguntexture"},
"east":{"uv":[3,7,4,8],"texture":"#normalguntexture"}
}
},
{
"from":[12.76,11.4375,8.25],
"to":[12.885,11.5625,8.375],
"faces":{
"down":{"uv":[3,7,4,8],"texture":"#lightguntexture"},
"up":{"uv":[3,7,4,8],"texture":"#lightguntexture"},
"north":{"uv":[3,7,4,8],"texture":"#lightguntexture"},
"south":{"uv":[3,7,4,8],"texture":"#lightguntexture"},
"west":{"uv":[3,7,4,8],"texture":"#lightguntexture"},
"east":{"uv":[3,7,4,8],"texture":"#lightguntexture"}
}
},
{
"from":[12.76,11.4375,7.625],
"to":[12.885,11.5625,7.75],
"faces":{
"down":{"uv":[3,7,4,8],"texture":"#lightguntexture"},
"up":{"uv":[3,7,4,8],"texture":"#lightguntexture"},
"north":{"uv":[3,7,4,8],"texture":"#lightguntexture"},
"south":{"uv":[3,7,4,8],"texture":"#lightguntexture"},
"west":{"uv":[3,7,4,8],"texture":"#lightguntexture"},
"east":{"uv":[3,7,4,8],"texture":"#lightguntexture"}
}
},
{
"from":[2.93,11.6125,7.9625],
"to":[3.005,11.6875,8.0375],
"faces":{
"down":{"uv":[3,7,4,8],"texture":"#lightguntexture"},
"up":{"uv":[3,7,4,8],"texture":"#lightguntexture"},
"north":{"uv":[3,7,4,8],"texture":"#lightguntexture"},
"south":{"uv":[3,7,4,8],"texture":"#lightguntexture"},
"west":{"uv":[3,7,4,8],"texture":"#lightguntexture"},
"east":{"uv":[3,7,4,8],"texture":"#lightguntexture"}
}
},
{
"from":[2.0625,10.375,7.625],
"to":[2.1875,11.125,8.375],
"faces":{
"down":{"uv":[3,7,4,8],"texture":"#lightguntexture"},
"up":{"uv":[3,7,4,8],"texture":"#lightguntexture"},
"north":{"uv":[3,7,4,8],"texture":"#lightguntexture"},
"south":{"uv":[3,7,4,8],"texture":"#lightguntexture"},
"west":{"uv":[3,7,4,8],"texture":"#lightguntexture"},
"east":{"uv":[3,7,4,8],"texture":"#lightguntexture"}
}
},
{
"from":[13,6.375,6.875],
"to":[13.125,6.875,9.125],
"faces":{
"down":{"uv":[5,7,6,8],"texture":"#normalguntexture"},
"up":{"uv":[5,7,6,8],"texture":"#normalguntexture"},
"north":{"uv":[5,7,6,8],"texture":"#normalguntexture"},
"south":{"uv":[5,7,6,8],"texture":"#normalguntexture"},
"west":{"uv":[5,7,6,8],"texture":"#normalguntexture"},
"east":{"uv":[5,7,6,8],"texture":"#normalguntexture"}
}
}
],
"display":{
"thirdperson_righthand":{
"rotation":[-170,-90,140],
"translation":[0,2,2.7],
"scale":[0.7,0.7,0.7]
},
"thirdperson_lefthand":{
"rotation":[-170,90,-140],
"translation":[0,2,2.7],
"scale":[0.7,0.7,0.7]
},
"head":{
"rotation":[0,-90,0],
"translation":[0,12,0],
"scale":[0.6,0.6,0.6]
},
"ground":{
"rotation":[90,0,0],
"translation":[1,0,0],
"scale":[0.5,0.5,0.5]
},
"fixed":{
"rotation":[0,0,0],
"translation":[0,0,-1],
"scale":[1,1,1]
},
"firstperson_righthand":{
"rotation":[0,-90,0],
"translation":[-2.5,3,-2],
"scale":[0.7,0.7,0.7]
},
"firstperson_lefthand":{
"rotation":[0,90,0],
"translation":[-2.5,3,-2],
"scale":[0.7,0.7,0.7]
},
"gui":{
"rotation":[-15,40,0],
"translation":[0,0,0],
"scale":[0.6,0.6,0.6]
}
}
}