{
"__comment":"Made by Rijam, guncolony.com ©",
"textures":{
"1":"guns/normalguntexture",
"2":"guns/normalguntexture",
"3":"guns/normalguntexture"
},
"elements":[
{
"from":[6.18,6.3,7.3031],
"to":[12.48,7.699998,8.7031],
"faces":{
"down":{"uv":[7,6,8,7],"texture":"#1"},
"up":{"uv":[7,6,8,7],"texture":"#1"},
"north":{"uv":[7,6,8,7],"texture":"#1"},
"south":{"uv":[7,6,8,7],"texture":"#1"},
"west":{"uv":[7,6,8,7],"texture":"#1"},
"east":{"uv":[7,6,8,7],"texture":"#1"}
}
},
{
"from":[2.68,6.3875,7.3906],
"to":[6.179998,7.7,8.615599],
"faces":{
"down":{"uv":[7,6,8,7],"texture":"#1"},
"up":{"uv":[7,6,8,7],"texture":"#1"},
"north":{"uv":[7,6,8,7],"texture":"#1"},
"south":{"uv":[7,6,8,7],"texture":"#1"},
"west":{"uv":[7,6,8,7],"texture":"#1"},
"east":{"uv":[7,6,8,7],"texture":"#1"}
}
},
{
"from":[2.68,6.3,7.4431],
"to":[3.03,6.387498,8.563101],
"faces":{
"down":{"uv":[7,6,8,7],"texture":"#1"},
"up":{"uv":[7,6,8,7],"texture":"#1"},
"north":{"uv":[7,6,8,7],"texture":"#1"},
"south":{"uv":[7,6,8,7],"texture":"#1"},
"west":{"uv":[7,6,8,7],"texture":"#1"},
"east":{"uv":[7,6,8,7],"texture":"#1"}
}
},
{
"from":[3.38,6.3,7.4431],
"to":[3.6425,6.387498,8.563101],
"faces":{
"down":{"uv":[7,6,8,7],"texture":"#1"},
"up":{"uv":[7,6,8,7],"texture":"#1"},
"north":{"uv":[7,6,8,7],"texture":"#1"},
"south":{"uv":[7,6,8,7],"texture":"#1"},
"west":{"uv":[7,6,8,7],"texture":"#1"},
"east":{"uv":[7,6,8,7],"texture":"#1"}
}
},
{
"from":[3.9925,6.3,7.4431],
"to":[4.255,6.387498,8.563101],
"faces":{
"down":{"uv":[7,6,8,7],"texture":"#1"},
"up":{"uv":[7,6,8,7],"texture":"#1"},
"north":{"uv":[7,6,8,7],"texture":"#1"},
"south":{"uv":[7,6,8,7],"texture":"#1"},
"west":{"uv":[7,6,8,7],"texture":"#1"},
"east":{"uv":[7,6,8,7],"texture":"#1"}
}
},
{
"from":[4.605,6.3,7.4431],
"to":[5.48,6.387498,8.563101],
"faces":{
"down":{"uv":[7,6,8,7],"texture":"#1"},
"up":{"uv":[7,6,8,7],"texture":"#1"},
"north":{"uv":[7,6,8,7],"texture":"#1"},
"south":{"uv":[7,6,8,7],"texture":"#1"},
"west":{"uv":[7,6,8,7],"texture":"#1"},
"east":{"uv":[7,6,8,7],"texture":"#1"}
}
},
{
"from":[5.48,6.3,7.3906],
"to":[6.18,6.387498,8.615599],
"faces":{
"down":{"uv":[7.5,6.25,8.375,7.625],"texture":"#1"},
"up":{"uv":[7.5,6.25,8.375,7.625],"texture":"#1"},
"north":{"uv":[7.5,6.375,8.375,7.5],"texture":"#1"},
"south":{"uv":[7.5,6.375,8.375,7.5],"texture":"#1"},
"west":{"uv":[7.625,6.25,8.5,7.375],"texture":"#1"},
"east":{"uv":[7.625,6.25,8.5,7.375],"texture":"#1"}
}
},
{
"from":[7.4925,7.7,8.2219],
"to":[12.2175,9.0125,8.7469],
"faces":{
"down":{"uv":[12,4,13,5],"texture":"#2"},
"up":{"uv":[12,4,13,5],"texture":"#2"},
"north":{"uv":[12,4,13,5],"texture":"#2"},
"south":{"uv":[12,4,13,5],"texture":"#2"},
"west":{"uv":[12,4,13,5],"texture":"#2"},
"east":{"uv":[12,4,13,5],"texture":"#2"}
}
},
{
"from":[7.4925,7.7,7.2594],
"to":[12.2175,9.0125,7.7844],
"faces":{
"down":{"uv":[12,4,13,5],"texture":"#2"},
"up":{"uv":[12,4,13,5],"texture":"#2"},
"north":{"uv":[12,4,13,5],"texture":"#2"},
"south":{"uv":[12,4,13,5],"texture":"#2"},
"west":{"uv":[12,4,13,5],"texture":"#2"},
"east":{"uv":[12,4,13,5],"texture":"#2"}
}
},
{
"from":[2.68,7.7,7.2594],
"to":[7.4925,8.1375,8.7469],
"faces":{
"down":{"uv":[12,4,13,5],"texture":"#2"},
"up":{"uv":[12,4,13,5],"texture":"#2"},
"north":{"uv":[12,4,13,5],"texture":"#2"},
"south":{"uv":[12,4,13,5],"texture":"#2"},
"west":{"uv":[12,4,13,5],"texture":"#2"},
"east":{"uv":[12,4,13,5],"texture":"#2"}
}
},
{
"from":[2.68,8.1375,7.3906],
"to":[7.4925,9.0125,8.615599],
"faces":{
"down":{"uv":[12,4,13,5],"texture":"#2"},
"up":{"uv":[11,1,12,2],"texture":"#3"},
"north":{"uv":[12,4,13,5],"texture":"#2"},
"south":{"uv":[12,4,13,5],"texture":"#2"},
"west":{"uv":[12,4,13,5],"texture":"#2"},
"east":{"uv":[12,4,13,5],"texture":"#2"}
}
},
{
"from":[7.4925,7.7,7.7844],
"to":[11.8675,9.0125,8.2219],
"faces":{
"down":{"uv":[12,4,13,5],"texture":"#2"},
"up":{"uv":[12,4,13,5],"texture":"#2"},
"north":{"uv":[12,4,13,5],"texture":"#2"},
"south":{"uv":[12,4,13,5],"texture":"#2"},
"west":{"uv":[12,4,13,5],"texture":"#2"},
"east":{"uv":[11,1,12,2],"texture":"#2"}
}
},
{
"from":[2.68,9.0125,7.3906],
"to":[6.179998,9.1,8.615599],
"faces":{
"down":{"uv":[12,4,13,5],"texture":"#2"},
"up":{"uv":[12,4,13,5],"texture":"#2"},
"north":{"uv":[12,4,13,5],"texture":"#2"},
"south":{"uv":[12,4,13,5],"texture":"#2"},
"west":{"uv":[12,4,13,5],"texture":"#2"},
"east":{"uv":[12,4,13,5],"texture":"#2"}
}
},
{
"from":[7.755,9.0125,7.3906],
"to":[12.2175,9.1,8.615599],
"faces":{
"down":{"uv":[12,4,13,5],"texture":"#2"},
"up":{"uv":[12,4,13,5],"texture":"#2"},
"north":{"uv":[12,4,13,5],"texture":"#2"},
"south":{"uv":[12,4,13,5],"texture":"#2"},
"west":{"uv":[12,4,13,5],"texture":"#2"},
"east":{"uv":[12,4,13,5],"texture":"#2"}
}
},
{
"from":[2.9425,8.8375,7.9156],
"to":[3.4675,9.1,8.090599],
"rotation":{"origin":[2.9425,9.1,7.915625],"axis":"z","angle":22.5},
"faces":{
"down":{"uv":[7,6,8,7],"texture":"#3"},
"up":{"uv":[7,6,8,7],"texture":"#3"},
"north":{"uv":[7,6,8,7],"texture":"#3"},
"south":{"uv":[7,6,8,7],"texture":"#3"},
"west":{"uv":[7,6,8,7],"texture":"#3"},
"east":{"uv":[7,6,8,7],"texture":"#3"}
}
},
{
"from":[12.2175,7.7,8.2219],
"to":[12.305,8.75,8.7469],
"faces":{
"down":{"uv":[12,4,13,5],"texture":"#2"},
"up":{"uv":[12,4,13,5],"texture":"#2"},
"north":{"uv":[12,4,13,5],"texture":"#2"},
"south":{"uv":[12,4,13,5],"texture":"#2"},
"west":{"uv":[12,4,13,5],"texture":"#2"},
"east":{"uv":[12,4,13,5],"texture":"#2"}
}
},
{
"from":[12.305,7.7,8.2219],
"to":[12.3925,8.3125,8.7469],
"faces":{
"down":{"uv":[12,4,13,5],"texture":"#2"},
"up":{"uv":[12,4,13,5],"texture":"#2"},
"north":{"uv":[12,4,13,5],"texture":"#2"},
"south":{"uv":[12,4,13,5],"texture":"#2"},
"west":{"uv":[12,4,13,5],"texture":"#2"},
"east":{"uv":[12,4,13,5],"texture":"#2"}
}
},
{
"from":[12.3925,7.7,8.2219],
"to":[12.48,7.9625,8.7469],
"faces":{
"down":{"uv":[12,4,13,5],"texture":"#2"},
"up":{"uv":[12,4,13,5],"texture":"#2"},
"north":{"uv":[12,4,13,5],"texture":"#2"},
"south":{"uv":[12,4,13,5],"texture":"#2"},
"west":{"uv":[12,4,13,5],"texture":"#2"},
"east":{"uv":[12,4,13,5],"texture":"#2"}
}
},
{
"from":[12.2175,7.7,7.2594],
"to":[12.305,8.75,7.7844],
"faces":{
"down":{"uv":[12,4,13,5],"texture":"#2"},
"up":{"uv":[12,4,13,5],"texture":"#2"},
"north":{"uv":[12,4,13,5],"texture":"#2"},
"south":{"uv":[12,4,13,5],"texture":"#2"},
"west":{"uv":[12,4,13,5],"texture":"#2"},
"east":{"uv":[12,4,13,5],"texture":"#2"}
}
},
{
"from":[12.305,7.7,7.2594],
"to":[12.3925,8.3125,7.7844],
"faces":{
"down":{"uv":[12,4,13,5],"texture":"#2"},
"up":{"uv":[12,4,13,5],"texture":"#2"},
"north":{"uv":[12,4,13,5],"texture":"#2"},
"south":{"uv":[12,4,13,5],"texture":"#2"},
"west":{"uv":[12,4,13,5],"texture":"#2"},
"east":{"uv":[12,4,13,5],"texture":"#2"}
}
},
{
"from":[12.3925,7.7,7.2594],
"to":[12.48,7.9625,7.7844],
"faces":{
"down":{"uv":[12,4,13,5],"texture":"#2"},
"up":{"uv":[12,4,13,5],"texture":"#2"},
"north":{"uv":[12,4,13,5],"texture":"#2"},
"south":{"uv":[12,4,13,5],"texture":"#2"},
"west":{"uv":[12,4,13,5],"texture":"#2"},
"east":{"uv":[12,4,13,5],"texture":"#2"}
}
},
{
"from":[8.98,5.8625,7.3031],
"to":[12.2175,6.3,8.7031],
"faces":{
"down":{"uv":[7,6,8,7],"texture":"#1"},
"up":{"uv":[7,6,8,7],"texture":"#1"},
"north":{"uv":[7,6,8,7],"texture":"#1"},
"south":{"uv":[7,6,8,7],"texture":"#1"},
"west":{"uv":[7,6,8,7],"texture":"#1"},
"east":{"uv":[7,6,8,7],"texture":"#1"}
}
},
{
"from":[8.98,5.425,7.3031],
"to":[12.305,5.8625,8.7031],
"faces":{
"down":{"uv":[7,6,8,7],"texture":"#1"},
"up":{"uv":[7,6,8,7],"texture":"#1"},
"north":{"uv":[7,6,8,7],"texture":"#1"},
"south":{"uv":[7,6,8,7],"texture":"#1"},
"west":{"uv":[7,6,8,7],"texture":"#1"},
"east":{"uv":[7,6,8,7],"texture":"#1"}
}
},
{
"from":[9.0675,4.9875,7.3031],
"to":[12.3925,5.425,8.7031],
"faces":{
"down":{"uv":[7,6,8,7],"texture":"#1"},
"up":{"uv":[7,6,8,7],"texture":"#1"},
"north":{"uv":[7,6,8,7],"texture":"#1"},
"south":{"uv":[7,6,8,7],"texture":"#1"},
"west":{"uv":[7,6,8,7],"texture":"#1"},
"east":{"uv":[7,6,8,7],"texture":"#1"}
}
},
{
"from":[9.155,4.55,7.3031],
"to":[12.48,4.9875,8.7031],
"faces":{
"down":{"uv":[7,6,8,7],"texture":"#1"},
"up":{"uv":[7,6,8,7],"texture":"#1"},
"north":{"uv":[7,6,8,7],"texture":"#1"},
"south":{"uv":[7,6,8,7],"texture":"#1"},
"west":{"uv":[7,6,8,7],"texture":"#1"},
"east":{"uv":[7,6,8,7],"texture":"#1"}
}
},
{
"from":[9.242499,4.1125,7.3031],
"to":[12.6113,4.55,8.7031],
"faces":{
"down":{"uv":[7,6,8,7],"texture":"#1"},
"up":{"uv":[7,6,8,7],"texture":"#1"},
"north":{"uv":[7,6,8,7],"texture":"#1"},
"south":{"uv":[7,6,8,7],"texture":"#1"},
"west":{"uv":[7,6,8,7],"texture":"#1"},
"east":{"uv":[7,6,8,7],"texture":"#1"}
}
},
{
"from":[9.33,3.675,7.3031],
"to":[12.7425,4.1125,8.7031],
"faces":{
"down":{"uv":[7,6,8,7],"texture":"#1"},
"up":{"uv":[7,6,8,7],"texture":"#1"},
"north":{"uv":[7,6,8,7],"texture":"#1"},
"south":{"uv":[7,6,8,7],"texture":"#1"},
"west":{"uv":[7,6,8,7],"texture":"#1"},
"east":{"uv":[7,6,8,7],"texture":"#1"}
}
},
{
"from":[9.4175,3.2375,7.3031],
"to":[12.83,3.675,8.7031],
"faces":{
"down":{"uv":[7,6,8,7],"texture":"#1"},
"up":{"uv":[7,6,8,7],"texture":"#1"},
"north":{"uv":[7,6,8,7],"texture":"#1"},
"south":{"uv":[7,6,8,7],"texture":"#1"},
"west":{"uv":[7,6,8,7],"texture":"#1"},
"east":{"uv":[7,6,8,7],"texture":"#1"}
}
},
{
"from":[9.505,2.8,7.3031],
"to":[12.9175,3.2375,8.7031],
"faces":{
"down":{"uv":[7,6,8,7],"texture":"#1"},
"up":{"uv":[7,6,8,7],"texture":"#1"},
"north":{"uv":[7,6,8,7],"texture":"#1"},
"south":{"uv":[7,6,8,7],"texture":"#1"},
"west":{"uv":[7,6,8,7],"texture":"#1"},
"east":{"uv":[7,6,8,7],"texture":"#1"}
}
},
{
"from":[9.5925,2.3625,7.3031],
"to":[13.005,2.8,8.7031],
"faces":{
"down":{"uv":[7,6,8,7],"texture":"#1"},
"up":{"uv":[7,6,8,7],"texture":"#1"},
"north":{"uv":[7,6,8,7],"texture":"#1"},
"south":{"uv":[7,6,8,7],"texture":"#1"},
"west":{"uv":[7,6,8,7],"texture":"#1"},
"east":{"uv":[7,6,8,7],"texture":"#1"}
}
},
{
"from":[9.679999,1.925,7.3031],
"to":[13.0488,2.3625,8.7031],
"faces":{
"down":{"uv":[7,6,8,7],"texture":"#1"},
"up":{"uv":[7,6,8,7],"texture":"#1"},
"north":{"uv":[7,6,8,7],"texture":"#1"},
"south":{"uv":[7,6,8,7],"texture":"#1"},
"west":{"uv":[7,6,8,7],"texture":"#1"},
"east":{"uv":[7,6,8,7],"texture":"#1"}
}
},
{
"from":[9.7675,1.4875,7.3031],
"to":[13.0925,1.925,8.7031],
"faces":{
"down":{"uv":[7,6,8,7],"texture":"#1"},
"up":{"uv":[7,6,8,7],"texture":"#1"},
"north":{"uv":[7,6,8,7],"texture":"#1"},
"south":{"uv":[7,6,8,7],"texture":"#1"},
"west":{"uv":[7,6,8,7],"texture":"#1"},
"east":{"uv":[7,6,8,7],"texture":"#1"}
}
},
{
"from":[2.5925,7.9188,7.4344],
"to":[2.68,9.056299,8.571899],
"faces":{
"down":{"uv":[7,6,8,7],"texture":"#3"},
"up":{"uv":[7,6,8,7],"texture":"#3"},
"north":{"uv":[7,6,8,7],"texture":"#3"},
"south":{"uv":[7,6,8,7],"texture":"#3"},
"west":{"uv":[7,6,8,7],"texture":"#3"},
"east":{"uv":[7,6,8,7],"texture":"#3"}
}
},
{
"from":[2.5925,7.4812,7.5656],
"to":[2.68,7.9187,7.8281],
"faces":{
"down":{"uv":[7,6,8,7],"texture":"#3"},
"up":{"uv":[7,6,8,7],"texture":"#3"},
"north":{"uv":[7,6,8,7],"texture":"#3"},
"south":{"uv":[7,6,8,7],"texture":"#3"},
"west":{"uv":[7,6,8,7],"texture":"#3"},
"east":{"uv":[7,6,8,7],"texture":"#3"}
}
},
{
"from":[2.5925,7.4812,8.1781],
"to":[2.68,7.9187,8.440599],
"faces":{
"down":{"uv":[7,6,8,7],"texture":"#3"},
"up":{"uv":[7,6,8,7],"texture":"#3"},
"north":{"uv":[7,6,8,7],"texture":"#3"},
"south":{"uv":[7,6,8,7],"texture":"#3"},
"west":{"uv":[7,6,8,7],"texture":"#3"},
"east":{"uv":[7,6,8,7],"texture":"#3"}
}
},
{
"from":[2.5925,7.3062,7.8281],
"to":[2.68,7.5687,8.178099],
"faces":{
"down":{"uv":[7,6,8,7],"texture":"#3"},
"up":{"uv":[7,6,8,7],"texture":"#3"},
"north":{"uv":[7,6,8,7],"texture":"#3"},
"south":{"uv":[7,6,8,7],"texture":"#3"},
"west":{"uv":[7,6,8,7],"texture":"#3"},
"east":{"uv":[7,6,8,7],"texture":"#3"}
}
},
{
"from":[2.5925,7.3938,8.1781],
"to":[2.68,7.481299,8.3531],
"faces":{
"down":{"uv":[7,6,8,7],"texture":"#3"},
"up":{"uv":[7,6,8,7],"texture":"#3"},
"north":{"uv":[7,6,8,7],"texture":"#3"},
"south":{"uv":[7,6,8,7],"texture":"#3"},
"west":{"uv":[7,6,8,7],"texture":"#3"},
"east":{"uv":[7,6,8,7],"texture":"#3"}
}
},
{
"from":[2.5925,7.3938,7.6531],
"to":[2.68,7.481299,7.8281],
"faces":{
"down":{"uv":[7,6,8,7],"texture":"#3"},
"up":{"uv":[7,6,8,7],"texture":"#3"},
"north":{"uv":[7,6,8,7],"texture":"#3"},
"south":{"uv":[7,6,8,7],"texture":"#3"},
"west":{"uv":[7,6,8,7],"texture":"#3"},
"east":{"uv":[7,6,8,7],"texture":"#3"}
}
},
{
"from":[5.83,4.9,7.6531],
"to":[6.005,6.3,8.3531],
"faces":{
"down":{"uv":[7,6,8,7],"texture":"#1"},
"up":{"uv":[7,6,8,7],"texture":"#1"},
"north":{"uv":[7,6,8,7],"texture":"#1"},
"south":{"uv":[7,6,8,7],"texture":"#1"},
"west":{"uv":[7,6,8,7],"texture":"#1"},
"east":{"uv":[7,6,8,7],"texture":"#1"}
}
},
{
"from":[5.655,4.725,7.6531],
"to":[8.279999,4.9,8.3531],
"faces":{
"down":{"uv":[7,6,8,7],"texture":"#1"},
"up":{"uv":[7,6,8,7],"texture":"#1"},
"north":{"uv":[7,6,8,7],"texture":"#1"},
"south":{"uv":[7,6,8,7],"texture":"#1"},
"west":{"uv":[7,6,8,7],"texture":"#1"},
"east":{"uv":[7,6,8,7],"texture":"#1"}
}
},
{
"from":[8.215199,4.711,7.6531],
"to":[9.2652,4.886,8.3531],
"rotation":{"origin":[8.21525,4.886,7.653125],"axis":"z","angle":22.5},
"faces":{
"down":{"uv":[7,6,8,7],"texture":"#1"},
"up":{"uv":[7,6,8,7],"texture":"#1"},
"north":{"uv":[7,6,8,7],"texture":"#1"},
"south":{"uv":[7,6,8,7],"texture":"#1"},
"west":{"uv":[7,6,8,7],"texture":"#1"},
"east":{"uv":[7,6,8,7],"texture":"#1"}
}
},
{
"from":[5.9612,5.9062,7.6531],
"to":[6.136199,6.2562,8.3531],
"rotation":{"origin":[5.96125,6.25625,7.653125],"axis":"z","angle":-22.5},
"faces":{
"down":{"uv":[7,6,8,7],"texture":"#1"},
"up":{"uv":[7,6,8,7],"texture":"#1"},
"north":{"uv":[7,6,8,7],"texture":"#1"},
"south":{"uv":[7,6,8,7],"texture":"#1"},
"west":{"uv":[7,6,8,7],"texture":"#1"},
"east":{"uv":[7,6,8,7],"texture":"#1"}
}
},
{
"from":[6.2238,6.1688,7.6531],
"to":[6.398798,6.5188,8.3531],
"rotation":{"origin":[6.22375,6.51875,7.653125],"axis":"z","angle":-45},
"faces":{
"down":{"uv":[7.5,6.25,8.375,7.625],"texture":"#1"},
"up":{"uv":[7.5,6.25,8.375,7.625],"texture":"#1"},
"north":{"uv":[7.5,6.375,8.375,7.5],"texture":"#1"},
"south":{"uv":[7.5,6.375,8.375,7.5],"texture":"#1"},
"west":{"uv":[7.625,6.25,8.5,7.375],"texture":"#1"},
"east":{"uv":[7.625,6.25,8.5,7.375],"texture":"#1"}
}
},
{
"from":[5.6988,5.95,7.6531],
"to":[5.8738,6.3,8.3531],
"rotation":{"origin":[5.69875,6.3,7.653125],"axis":"z","angle":22.5},
"faces":{
"down":{"uv":[7,6,8,7],"texture":"#1"},
"up":{"uv":[7,6,8,7],"texture":"#1"},
"north":{"uv":[7,6,8,7],"texture":"#1"},
"south":{"uv":[7,6,8,7],"texture":"#1"},
"west":{"uv":[7,6,8,7],"texture":"#1"},
"east":{"uv":[7,6,8,7],"texture":"#1"}
}
},
{
"from":[5.83,4.8562,7.6531],
"to":[6.005,5.2937,8.3531],
"rotation":{"origin":[5.83,5.29375,7.653125],"axis":"z","angle":-22.5},
"faces":{
"down":{"uv":[7,6,8,7],"texture":"#1"},
"up":{"uv":[7,6,8,7],"texture":"#1"},
"north":{"uv":[7,6,8,7],"texture":"#1"},
"south":{"uv":[7,6,8,7],"texture":"#1"},
"west":{"uv":[7,6,8,7],"texture":"#1"},
"east":{"uv":[7,6,8,7],"texture":"#1"}
}
},
{
"from":[5.8738,4.6375,7.6531],
"to":[6.0488,4.9875,8.3531],
"rotation":{"origin":[5.87375,4.9875,7.653125],"axis":"z","angle":45},
"faces":{
"down":{"uv":[7,6,8,7],"texture":"#1"},
"up":{"uv":[7,6,8,7],"texture":"#1"},
"north":{"uv":[7,6,8,7],"texture":"#1"},
"south":{"uv":[7,6,8,7],"texture":"#1"},
"west":{"uv":[7,6,8,7],"texture":"#1"},
"east":{"uv":[7,6,8,7],"texture":"#1"}
}
},
{
"from":[8.8925,4.9,7.4781],
"to":[9.155,5.425,8.528099],
"faces":{
"down":{"uv":[7,6,8,7],"texture":"#1"},
"up":{"uv":[7,6,8,7],"texture":"#1"},
"north":{"uv":[7,6,8,7],"texture":"#1"},
"south":{"uv":[7,6,8,7],"texture":"#1"},
"west":{"uv":[7,6,8,7],"texture":"#1"},
"east":{"uv":[7,6,8,7],"texture":"#1"}
}
},
{
"from":[8.8925,4.375,7.4781],
"to":[9.155,4.9,8.528099],
"rotation":{"origin":[8.8925,4.9,7.478125],"axis":"z","angle":45},
"faces":{
"down":{"uv":[7,6,8,7],"texture":"#1"},
"up":{"uv":[7,6,8,7],"texture":"#1"},
"north":{"uv":[7,6,8,7],"texture":"#1"},
"south":{"uv":[7,6,8,7],"texture":"#1"},
"west":{"uv":[7,6,8,7],"texture":"#1"},
"east":{"uv":[7,6,8,7],"texture":"#1"}
}
},
{
"from":[8.9958,5.404,7.4781],
"to":[9.170799,5.6665,8.528099],
"rotation":{"origin":[8.99575,5.6665,7.478125],"axis":"z","angle":-22.5},
"faces":{
"down":{"uv":[7,6,8,7],"texture":"#1"},
"up":{"uv":[7,6,8,7],"texture":"#1"},
"north":{"uv":[7,6,8,7],"texture":"#1"},
"south":{"uv":[7,6,8,7],"texture":"#1"},
"west":{"uv":[7,6,8,7],"texture":"#1"},
"east":{"uv":[7,6,8,7],"texture":"#1"}
}
},
{
"from":[8.8488,5.775,7.4781],
"to":[9.1113,6.2125,8.528099],
"rotation":{"origin":[8.84875,6.2125,7.478125],"axis":"z","angle":22.5},
"faces":{
"down":{"uv":[7,6,8,7],"texture":"#1"},
"up":{"uv":[7,6,8,7],"texture":"#1"},
"north":{"uv":[7,6,8,7],"texture":"#1"},
"south":{"uv":[7,6,8,7],"texture":"#1"},
"west":{"uv":[7,6,8,7],"texture":"#1"},
"east":{"uv":[7,6,8,7],"texture":"#1"}
}
},
{
"from":[8.63,6.3,7.4781],
"to":[9.0675,6.5625,8.528099],
"rotation":{"origin":[8.63,6.5625,7.478125],"axis":"z","angle":-22.5},
"faces":{
"down":{"uv":[7,6,8,7],"texture":"#1"},
"up":{"uv":[7,6,8,7],"texture":"#1"},
"north":{"uv":[7,6,8,7],"texture":"#1"},
"south":{"uv":[7,6,8,7],"texture":"#1"},
"west":{"uv":[7,6,8,7],"texture":"#1"},
"east":{"uv":[7,6,8,7],"texture":"#1"}
}
},
{
"from":[7.58,5.5125,7.8281],
"to":[7.8425,6.3,8.178099],
"faces":{
"down":{"uv":[7,6,8,7],"texture":"#3"},
"up":{"uv":[7,6,8,7],"texture":"#3"},
"north":{"uv":[7,6,8,7],"texture":"#3"},
"south":{"uv":[7,6,8,7],"texture":"#3"},
"west":{"uv":[7,6,8,7],"texture":"#3"},
"east":{"uv":[7,6,8,7],"texture":"#3"}
}
},
{
"from":[7.8862,5.6438,7.8281],
"to":[8.148701,6.4313,8.178099],
"rotation":{"origin":[7.88625,6.43125,7.828125],"axis":"z","angle":-22.5},
"faces":{
"down":{"uv":[7,6,8,7],"texture":"#3"},
"up":{"uv":[7,6,8,7],"texture":"#3"},
"north":{"uv":[7,6,8,7],"texture":"#3"},
"south":{"uv":[7,6,8,7],"texture":"#3"},
"west":{"uv":[7,6,8,7],"texture":"#3"},
"east":{"uv":[7,6,8,7],"texture":"#3"}
}
},
{
"from":[7.601,5.2728,7.8281],
"to":[7.8635,5.6228,8.178099],
"rotation":{"origin":[7.601,5.62275,7.828125],"axis":"z","angle":-22.5},
"faces":{
"down":{"uv":[7,6,8,7],"texture":"#3"},
"up":{"uv":[7,6,8,7],"texture":"#3"},
"north":{"uv":[7,6,8,7],"texture":"#3"},
"south":{"uv":[7,6,8,7],"texture":"#3"},
"west":{"uv":[7,6,8,7],"texture":"#3"},
"east":{"uv":[7,6,8,7],"texture":"#3"}
}
},
{
"from":[7.5275,5.1258,7.8281],
"to":[7.789999,5.388299,8.178099],
"rotation":{"origin":[7.5275,5.38825,7.828125],"axis":"z","angle":-45},
"faces":{
"down":{"uv":[7,6,8,7],"texture":"#3"},
"up":{"uv":[7,6,8,7],"texture":"#3"},
"north":{"uv":[7,6,8,7],"texture":"#3"},
"south":{"uv":[7,6,8,7],"texture":"#3"},
"west":{"uv":[7,6,8,7],"texture":"#3"},
"east":{"uv":[7,6,8,7],"texture":"#3"}
}
},
{
"from":[7.1862,4.9,7.8281],
"to":[7.448699,5.1625,8.178099],
"rotation":{"origin":[7.18625,5.1625,7.828125],"axis":"z","angle":22.5},
"faces":{
"down":{"uv":[7,6,8,7],"texture":"#3"},
"up":{"uv":[7,6,8,7],"texture":"#3"},
"north":{"uv":[7,6,8,7],"texture":"#3"},
"south":{"uv":[7,6,8,7],"texture":"#3"},
"west":{"uv":[7,6,8,7],"texture":"#3"},
"east":{"uv":[7,6,8,7],"texture":"#3"}
}
},
{
"from":[12.2175,5.775,7.3031],
"to":[12.655,6.65,8.7031],
"rotation":{"origin":[12.2175,6.65,7.303125],"axis":"z","angle":-22.5},
"faces":{
"down":{"uv":[7,6,8,7],"texture":"#1"},
"up":{"uv":[7,6,8,7],"texture":"#1"},
"north":{"uv":[7,6,8,7],"texture":"#1"},
"south":{"uv":[7,6,8,7],"texture":"#1"},
"west":{"uv":[7,6,8,7],"texture":"#1"},
"east":{"uv":[7,6,8,7],"texture":"#1"}
}
},
{
"from":[12.48,6.5625,7.3031],
"to":[13.53,6.825,8.7031],
"faces":{
"down":{"uv":[7,6,8,7],"texture":"#1"},
"up":{"uv":[7,6,8,7],"texture":"#1"},
"north":{"uv":[7,6,8,7],"texture":"#1"},
"south":{"uv":[7,6,8,7],"texture":"#1"},
"west":{"uv":[7,6,8,7],"texture":"#1"},
"east":{"uv":[7,6,8,7],"texture":"#1"}
}
},
{
"from":[12.8125,6.7812,7.3031],
"to":[13.425,7.0437,8.7031],
"rotation":{"origin":[12.8125,7.04375,7.303125],"axis":"z","angle":-22.5},
"faces":{
"down":{"uv":[7,6,8,7],"texture":"#1"},
"up":{"uv":[7,6,8,7],"texture":"#1"},
"north":{"uv":[7,6,8,7],"texture":"#1"},
"south":{"uv":[7,6,8,7],"texture":"#1"},
"west":{"uv":[7,6,8,7],"texture":"#1"},
"east":{"uv":[7,6,8,7],"texture":"#1"}
}
},
{
"from":[12.5238,6.9562,7.3031],
"to":[13.1363,7.3937,8.7031],
"rotation":{"origin":[12.5238,7.39375,7.303125],"axis":"z","angle":-45},
"faces":{
"down":{"uv":[7,6,8,7],"texture":"#1"},
"up":{"uv":[7,6,8,7],"texture":"#1"},
"north":{"uv":[7,6,8,7],"texture":"#1"},
"south":{"uv":[7,6,8,7],"texture":"#1"},
"west":{"uv":[7,6,8,7],"texture":"#1"},
"east":{"uv":[7,6,8,7],"texture":"#1"}
}
},
{
"from":[12.2175,7.0875,7.3031],
"to":[12.48,7.525,8.7031],
"rotation":{"origin":[12.2175,7.525,7.303125],"axis":"z","angle":22.5},
"faces":{
"down":{"uv":[7,6,8,7],"texture":"#1"},
"up":{"uv":[7,6,8,7],"texture":"#1"},
"north":{"uv":[7,6,8,7],"texture":"#1"},
"south":{"uv":[7,6,8,7],"texture":"#1"},
"west":{"uv":[7,6,8,7],"texture":"#1"},
"east":{"uv":[7,6,8,7],"texture":"#1"}
}
},
{
"from":[12.5675,6.3,7.3031],
"to":[13.2675,6.5625,8.7031],
"rotation":{"origin":[12.5675,6.5625,7.303125],"axis":"z","angle":22.5},
"faces":{
"down":{"uv":[7,6,8,7],"texture":"#1"},
"up":{"uv":[7,6,8,7],"texture":"#1"},
"north":{"uv":[7,6,8,7],"texture":"#1"},
"south":{"uv":[7,6,8,7],"texture":"#1"},
"west":{"uv":[7,6,8,7],"texture":"#1"},
"east":{"uv":[7,6,8,7],"texture":"#1"}
}
},
{
"from":[12.5063,6.2125,7.3031],
"to":[12.8562,6.65,8.7031],
"rotation":{"origin":[12.5063,6.65,7.303125],"axis":"z","angle":-45},
"faces":{
"down":{"uv":[7,6,8,7],"texture":"#1"},
"up":{"uv":[7,6,8,7],"texture":"#1"},
"north":{"uv":[7,6,8,7],"texture":"#1"},
"south":{"uv":[7,6,8,7],"texture":"#1"},
"west":{"uv":[7,6,8,7],"texture":"#1"},
"east":{"uv":[7,6,8,7],"texture":"#1"}
}
},
{
"from":[9.7675,1.225,7.3031],
"to":[12.2175,1.4875,8.7031],
"faces":{
"down":{"uv":[12,4,13,5],"texture":"#1"},
"up":{"uv":[12,4,13,5],"texture":"#1"},
"north":{"uv":[12,4,13,5],"texture":"#1"},
"south":{"uv":[12,4,13,5],"texture":"#1"},
"west":{"uv":[12,4,13,5],"texture":"#1"},
"east":{"uv":[12,4,13,5],"texture":"#1"}
}
},
{
"from":[12.2175,1.3125,7.3031],
"to":[12.5675,1.4875,8.7031],
"faces":{
"down":{"uv":[7,6,8,7],"texture":"#1"},
"up":{"uv":[7,6,8,7],"texture":"#1"},
"north":{"uv":[7,6,8,7],"texture":"#1"},
"south":{"uv":[7,6,8,7],"texture":"#1"},
"west":{"uv":[7,6,8,7],"texture":"#1"},
"east":{"uv":[7,6,8,7],"texture":"#1"}
}
},
{
"from":[12.5675,1.4,7.3031],
"to":[12.9175,1.4875,8.7031],
"faces":{
"down":{"uv":[7,6,8,7],"texture":"#1"},
"up":{"uv":[7,6,8,7],"texture":"#1"},
"north":{"uv":[7,6,8,7],"texture":"#1"},
"south":{"uv":[7,6,8,7],"texture":"#1"},
"west":{"uv":[7,6,8,7],"texture":"#1"},
"east":{"uv":[7,6,8,7],"texture":"#1"}
}
},
{
"from":[11.7625,9.099999,7.5656],
"to":[12.1125,9.362499,7.7406],
"faces":{
"down":{"uv":[7,6,8,7],"texture":"#3"},
"up":{"uv":[7,6,8,7],"texture":"#3"},
"north":{"uv":[7,6,8,7],"texture":"#3"},
"south":{"uv":[7,6,8,7],"texture":"#3"},
"west":{"uv":[7,6,8,7],"texture":"#3"},
"east":{"uv":[7,6,8,7],"texture":"#3"}
}
},
{
"from":[11.7625,9.099999,8.2656],
"to":[12.1125,9.362499,8.4406],
"faces":{
"down":{"uv":[7,6,8,7],"texture":"#3"},
"up":{"uv":[7,6,8,7],"texture":"#3"},
"north":{"uv":[7,6,8,7],"texture":"#3"},
"south":{"uv":[7,6,8,7],"texture":"#3"},
"west":{"uv":[7,6,8,7],"texture":"#3"},
"east":{"uv":[7,6,8,7],"texture":"#3"}
}
},
{
"from":[11.1133,8.8322,7.5656],
"to":[11.8133,9.094701,7.7406],
"rotation":{"origin":[11.1133,9.09475,7.565625],"axis":"z","angle":22.5},
"faces":{
"down":{"uv":[7,6,8,7],"texture":"#3"},
"up":{"uv":[7,6,8,7],"texture":"#3"},
"north":{"uv":[7,6,8,7],"texture":"#3"},
"south":{"uv":[7,6,8,7],"texture":"#3"},
"west":{"uv":[7,6,8,7],"texture":"#3"},
"east":{"uv":[7,6,8,7],"texture":"#3"}
}
},
{
"from":[11.115,8.8288,8.2656],
"to":[11.815,9.091301,8.4406],
"rotation":{"origin":[11.115,9.09125,8.265625],"axis":"z","angle":22.5},
"faces":{
"down":{"uv":[7,6,8,7],"texture":"#3"},
"up":{"uv":[7,6,8,7],"texture":"#3"},
"north":{"uv":[7,6,8,7],"texture":"#3"},
"south":{"uv":[7,6,8,7],"texture":"#3"},
"west":{"uv":[7,6,8,7],"texture":"#3"},
"east":{"uv":[7,6,8,7],"texture":"#3"}
}
},
{
"from":[6.425,7,8.4844],
"to":[7.5625,7.525,8.7469],
"faces":{
"down":{"uv":[12,4,13,5],"texture":"#3"},
"up":{"uv":[12,4,13,5],"texture":"#3"},
"north":{"uv":[12,4,13,5],"texture":"#3"},
"south":{"uv":[12,4,13,5],"texture":"#3"},
"west":{"uv":[12,4,13,5],"texture":"#3"},
"east":{"uv":[12,4,13,5],"texture":"#3"}
}
},
{
"from":[5.5938,6.2125,7.3031],
"to":[6.2063,7.699998,8.7031],
"rotation":{"origin":[5.59375,7.7,7.303125],"axis":"z","angle":22.5},
"faces":{
"down":{"uv":[7.5,6.25,8.375,7.625],"texture":"#1"},
"up":{"uv":[7.5,6.25,8.375,7.625],"texture":"#1"},
"north":{"uv":[7.5,6.375,8.375,7.5],"texture":"#1"},
"south":{"uv":[7.5,6.375,8.375,7.5],"texture":"#1"},
"west":{"uv":[7.625,6.25,8.5,7.375],"texture":"#1"},
"east":{"uv":[7.625,6.25,8.5,7.375],"texture":"#1"}
}
},
{
"from":[10.275,7.2625,7.2156],
"to":[10.8,7.525,8.7906],
"faces":{
"down":{"uv":[11,1,12,2],"texture":"#3"},
"up":{"uv":[11,1,12,2],"texture":"#3"},
"north":{"uv":[11,1,12,2],"texture":"#3"},
"south":{"uv":[11,1,12,2],"texture":"#3"},
"west":{"uv":[11,1,12,2],"texture":"#3"},
"east":{"uv":[11,1,12,2],"texture":"#3"}
}
},
{
"from":[10.0612,4.55,7.3],
"to":[11.9987,4.9875,8.707],
"faces":{
"north":{"uv":[11,1,12,2],"texture":"#1"},
"south":{"uv":[11,1,12,2],"texture":"#1"}
}
},
{
"from":[10.3737,3.2375,7.3],
"to":[12.3112,3.675,8.707],
"faces":{
"north":{"uv":[11,1,12,2],"texture":"#1"},
"south":{"uv":[11,1,12,2],"texture":"#1"}
}
},
{
"from":[10.155,4.1125,7.3],
"to":[12.0925,4.55,8.707],
"faces":{
"north":{"uv":[11,1,12,2],"texture":"#1"},
"south":{"uv":[11,1,12,2],"texture":"#1"}
}
},
{
"from":[10.28,3.675,7.3],
"to":[12.2175,4.1125,8.707],
"faces":{
"north":{"uv":[11,1,12,2],"texture":"#1"},
"south":{"uv":[11,1,12,2],"texture":"#1"}
}
},
{
"from":[10.4362,2.8,7.3],
"to":[12.3737,3.2375,8.707],
"faces":{
"north":{"uv":[11,1,12,2],"texture":"#1"},
"south":{"uv":[11,1,12,2],"texture":"#1"}
}
},
{
"from":[10.53,2.3625,7.3],
"to":[12.4675,2.8,8.707],
"faces":{
"north":{"uv":[11,1,12,2],"texture":"#1"},
"south":{"uv":[11,1,12,2],"texture":"#1"}
}
},
{
"from":[10.5924,1.925,7.3],
"to":[12.5299,2.3625,8.707],
"faces":{
"north":{"uv":[11,1,12,2],"texture":"#1"},
"south":{"uv":[11,1,12,2],"texture":"#1"}
}
},
{
"from":[10.655,1.4875,7.3],
"to":[12.5925,1.925,8.707],
"faces":{
"north":{"uv":[11,1,12,2],"texture":"#1"},
"south":{"uv":[11,1,12,2],"texture":"#1"}
}
}
],
"display":{
"thirdperson_righthand":{
"rotation":[-170,-90,130],
"translation":[0,3.5,4],
"scale":[0.7,0.7,0.7]
},
"thirdperson_lefthand":{
"rotation":[-170,90,-130],
"translation":[0,3.5,4],
"scale":[0.7,0.7,0.7]
},
"firstperson_righthand":{
"rotation":[0,-90,0],
"translation":[-2.5,4.25,-3.5],
"scale":[0.8,0.8,0.8]
},
"firstperson_lefthand":{
"rotation":[0,90,0],
"translation":[-2.5,4.25,-3.5],
"scale":[0.8,0.8,0.8]
},
"gui":{
"rotation":[-15,40,0],
"translation":[0,1,0],
"scale":[0.6,0.6,0.6]
},
"head":{
"rotation":[0,-90,0],
"translation":[0,12,0],
"scale":[0.6,0.6,0.6]
},
"ground":{
"rotation":[90,0,0],
"translation":[1,0,0],
"scale":[0.6,0.6,0.6]
},
"fixed":{
"translation":[0,2,-1]
}
}
}