{
"elements":[
{
"from":[7.7505,9.386499,-1.6254],
"to":[8.2505,9.511499,5.9996],
"faces":{
"down":{"uv":[11,15,12,16],"texture":"#0"},
"up":{"uv":[11,15,12,16],"texture":"#0"},
"north":{"uv":[11,15,12,16],"texture":"#0"},
"west":{"uv":[11,15,12,16],"texture":"#0"},
"east":{"uv":[11,15,12,16],"texture":"#0"}
}
},
{
"from":[7.7512,10.469,-1.6264],
"to":[8.2512,10.594,5.9986],
"faces":{
"down":{"uv":[11,15,12,16],"texture":"#0"},
"up":{"uv":[11,15,12,16],"texture":"#0"},
"north":{"uv":[11,15,12,16],"texture":"#0"},
"west":{"uv":[11,15,12,16],"texture":"#0"},
"east":{"uv":[11,15,12,16],"texture":"#0"}
}
},
{
"from":[7.6921,10.4942,-1.6263],
"to":[8.192099,10.6192,5.9987],
"rotation":{"origin":[7.94105,9.93172,-1.5002],"axis":"z","angle":-45},
"faces":{
"down":{"uv":[11,15,12,16],"texture":"#0"},
"up":{"uv":[11,15,12,16],"texture":"#0"},
"north":{"uv":[11,15,12,16],"texture":"#0"},
"south":{"uv":[11,15,12,16],"texture":"#0"}
}
},
{
"from":[7.8098,9.361899,-1.6264],
"to":[8.309799,9.486899,5.9986],
"rotation":{"origin":[8.06091,10.04937,-1.50245],"axis":"z","angle":-45},
"faces":{
"down":{"uv":[11,15,12,16],"texture":"#0"},
"up":{"uv":[11,15,12,16],"texture":"#0"},
"north":{"uv":[11,15,12,16],"texture":"#0"}
}
},
{
"from":[8.4796,9.7402,-1.626],
"to":[8.6046,10.2402,5.999],
"faces":{
"down":{"uv":[11,15,12,16],"texture":"#0","rotation":270},
"up":{"uv":[11,15,12,16],"texture":"#0","rotation":270},
"north":{"uv":[11,15,12,16],"texture":"#0","rotation":270},
"west":{"uv":[11,15,12,16],"texture":"#0","rotation":270},
"east":{"uv":[11,15,12,16],"texture":"#0","rotation":270}
}
},
{
"from":[7.3975,9.7407,-1.6265],
"to":[7.5225,10.2407,5.9985],
"faces":{
"down":{"uv":[11,15,12,16],"texture":"#0","rotation":270},
"up":{"uv":[11,15,12,16],"texture":"#0","rotation":270},
"north":{"uv":[11,15,12,16],"texture":"#0","rotation":270},
"west":{"uv":[11,15,12,16],"texture":"#0","rotation":270},
"east":{"uv":[11,15,12,16],"texture":"#0","rotation":270}
}
},
{
"from":[8.5047,9.7991,-1.6256],
"to":[8.6297,10.2991,5.9994],
"rotation":{"origin":[7.9422,10.05019,-1.49956],"axis":"z","angle":-45},
"faces":{
"north":{"uv":[11,15,12,16],"texture":"#0","rotation":270},
"west":{"uv":[11,15,12,16],"texture":"#0","rotation":270},
"east":{"uv":[11,15,12,16],"texture":"#0","rotation":270}
}
},
{
"from":[7.3723,9.681499,-1.6265],
"to":[7.4973,10.1815,5.9985],
"rotation":{"origin":[8.05977,9.93039,-1.5026],"axis":"z","angle":-45},
"faces":{
"north":{"uv":[11,15,12,16],"texture":"#0","rotation":270},
"south":{"uv":[11,15,12,16],"texture":"#0","rotation":270},
"west":{"uv":[11,15,12,16],"texture":"#0","rotation":270},
"east":{"uv":[11,15,12,16],"texture":"#0","rotation":270}
}
},
{
"from":[7.3248,8.8758,-1.5004],
"to":[8.66855,9.46955,1.2496],
"faces":{
"down":{"uv":[6,4,7,5],"texture":"#0"},
"up":{"uv":[6,4,7,5],"texture":"#0"},
"north":{"uv":[6,4,7,5],"texture":"#0"},
"south":{"uv":[6,4,7,5],"texture":"#0"},
"west":{"uv":[6,4,7,5],"texture":"#0"},
"east":{"uv":[6,4,7,5],"texture":"#0"}
}
},
{
"from":[7.1223,9.4471,-1.5015],
"to":[7.34105,10.43147,1.7485],
"rotation":{"origin":[8.05977,9.80539,-1.5026],"axis":"z","angle":-45},
"faces":{
"north":{"uv":[6,4,7,5],"texture":"#0","rotation":270},
"south":{"uv":[6,4,7,5],"texture":"#0","rotation":270},
"west":{"uv":[6,4,7,5],"texture":"#0","rotation":270},
"east":{"uv":[6,4,7,5],"texture":"#0","rotation":270}
}
},
{
"from":[7.3171,10.5255,-1.5013],
"to":[8.3171,10.74425,1.7487],
"rotation":{"origin":[7.94105,9.80672,-1.5002],"axis":"z","angle":-45},
"faces":{
"down":{"uv":[6,4,7,5],"texture":"#0"},
"up":{"uv":[6,4,7,5],"texture":"#0"},
"north":{"uv":[6,4,7,5],"texture":"#0"},
"south":{"uv":[6,4,7,5],"texture":"#0"}
}
},
{
"from":[7.1329,9.578899,-1.5019],
"to":[7.47665,10.2039,1.7481],
"faces":{
"down":{"uv":[6,4,7,5],"texture":"#0","rotation":270},
"up":{"uv":[6,4,7,5],"texture":"#0","rotation":270},
"north":{"uv":[6,4,7,5],"texture":"#0","rotation":270},
"south":{"uv":[6,4,7,5],"texture":"#0","rotation":270},
"west":{"uv":[6,4,7,5],"texture":"#0","rotation":270},
"east":{"uv":[6,4,7,5],"texture":"#0","rotation":270}
}
},
{
"from":[7.3006,9.8005,-1.5018],
"to":[7.70685,10.4255,1.7482],
"rotation":{"origin":[8.2381,9.79942,-1.50292],"axis":"z","angle":45},
"faces":{
"down":{"uv":[6,4,7,5],"texture":"#0","rotation":270},
"north":{"uv":[6,4,7,5],"texture":"#0","rotation":270},
"south":{"uv":[6,4,7,5],"texture":"#0","rotation":270},
"west":{"uv":[6,4,7,5],"texture":"#0","rotation":270},
"east":{"uv":[6,4,7,5],"texture":"#0","rotation":270}
}
},
{
"from":[7.2966,8.9134,-1.5004],
"to":[7.70285,9.2884,1.2496],
"rotation":{"origin":[7.46842,9.35091,-0.1879],"axis":"z","angle":-45},
"faces":{
"down":{"uv":[6,4,7,5],"texture":"#0","rotation":270},
"north":{"uv":[6,4,7,5],"texture":"#0","rotation":270},
"south":{"uv":[6,4,7,5],"texture":"#0","rotation":270},
"west":{"uv":[6,4,7,5],"texture":"#0","rotation":270}
}
},
{
"from":[8.526199,9.5787,-1.5013],
"to":[8.869949,10.2037,1.7487],
"faces":{
"down":{"uv":[6,4,7,5],"texture":"#0","rotation":270},
"up":{"uv":[6,4,7,5],"texture":"#0","rotation":270},
"north":{"uv":[6,4,7,5],"texture":"#0","rotation":270},
"south":{"uv":[6,4,7,5],"texture":"#0","rotation":270},
"west":{"uv":[6,4,7,5],"texture":"#0","rotation":270},
"east":{"uv":[6,4,7,5],"texture":"#0","rotation":270}
}
},
{
"from":[8.295899,9.8003,-1.5012],
"to":[8.702149,10.4253,1.7488],
"rotation":{"origin":[7.76466,9.79919,-1.5023],"axis":"z","angle":-45},
"faces":{
"down":{"uv":[6,4,7,5],"texture":"#0","rotation":270},
"north":{"uv":[6,4,7,5],"texture":"#0","rotation":270},
"south":{"uv":[6,4,7,5],"texture":"#0","rotation":270},
"west":{"uv":[6,4,7,5],"texture":"#0","rotation":270},
"east":{"uv":[6,4,7,5],"texture":"#0","rotation":270}
}
},
{
"from":[8.2906,8.9134,-1.5004],
"to":[8.69685,9.2884,1.2496],
"rotation":{"origin":[8.52493,9.35093,-0.18794],"axis":"z","angle":45},
"faces":{
"down":{"uv":[6,4,7,5],"texture":"#0","rotation":270},
"north":{"uv":[6,4,7,5],"texture":"#0","rotation":270},
"south":{"uv":[6,4,7,5],"texture":"#0","rotation":270},
"east":{"uv":[6,4,7,5],"texture":"#0","rotation":270}
}
},
{
"from":[7.8396,10.5673,-1.5015],
"to":[8.1521,10.91105,1.7485],
"faces":{
"up":{"uv":[6,4,7,5],"texture":"#0"},
"north":{"uv":[6,4,7,5],"texture":"#0"},
"west":{"uv":[6,4,7,5],"texture":"#0"},
"east":{"uv":[6,4,7,5],"texture":"#0"}
}
},
{
"from":[6.9973,9.556499,1.7485],
"to":[7.34105,10.3065,5.9985],
"rotation":{"origin":[8.05977,9.80539,-0.8776],"axis":"z","angle":-45},
"faces":{
"north":{"uv":[6,4,7,5],"texture":"#0","rotation":270},
"south":{"uv":[6,4,7,5],"texture":"#0","rotation":270},
"west":{"uv":[6,4,7,5],"texture":"#0","rotation":270},
"east":{"uv":[6,4,7,5],"texture":"#0","rotation":270}
}
},
{
"from":[7.4421,10.5255,1.7487],
"to":[8.1921,10.86925,5.9987],
"rotation":{"origin":[7.94105,9.80672,-0.8751999],"axis":"z","angle":-45},
"faces":{
"down":{"uv":[6,4,7,5],"texture":"#0"},
"up":{"uv":[6,4,7,5],"texture":"#0"},
"north":{"uv":[6,4,7,5],"texture":"#0"},
"south":{"uv":[6,4,7,5],"texture":"#0"}
}
},
{
"from":[7.1326,9.7557,1.7484],
"to":[7.47635,10.3807,5.9984],
"faces":{
"down":{"uv":[6,4,7,5],"texture":"#0","rotation":270},
"up":{"uv":[6,4,7,5],"texture":"#0","rotation":270},
"north":{"uv":[6,4,7,5],"texture":"#0","rotation":270},
"west":{"uv":[6,4,7,5],"texture":"#0","rotation":270},
"east":{"uv":[6,4,7,5],"texture":"#0","rotation":270}
}
},
{
"from":[8.5265,9.755199,1.7486],
"to":[8.87025,10.3802,5.9986],
"faces":{
"down":{"uv":[6,4,7,5],"texture":"#0","rotation":270},
"up":{"uv":[6,4,7,5],"texture":"#0","rotation":270},
"north":{"uv":[6,4,7,5],"texture":"#0","rotation":270},
"west":{"uv":[6,4,7,5],"texture":"#0","rotation":270},
"east":{"uv":[6,4,7,5],"texture":"#0","rotation":270}
}
},
{
"from":[7.6628,10.567,1.7488],
"to":[8.33468,10.91075,5.9988],
"faces":{
"down":{"uv":[6,4,7,5],"texture":"#0"},
"up":{"uv":[6,4,7,5],"texture":"#0"},
"north":{"uv":[6,4,7,5],"texture":"#0"},
"west":{"uv":[6,4,7,5],"texture":"#0"},
"east":{"uv":[6,4,7,5],"texture":"#0"}
}
},
{
"from":[7.3012,9.537399,1.7477],
"to":[7.64495,10.1624,5.9977],
"rotation":{"origin":[8.23866,9.53633,1.74663],"axis":"z","angle":22.5},
"faces":{
"north":{"uv":[6,4,7,5],"texture":"#0","rotation":270},
"south":{"uv":[6,4,7,5],"texture":"#0","rotation":270},
"west":{"uv":[6,4,7,5],"texture":"#0","rotation":270},
"east":{"uv":[6,4,7,5],"texture":"#0","rotation":270}
}
},
{
"from":[8.3587,9.5363,1.7485],
"to":[8.70245,10.1613,5.9985],
"rotation":{"origin":[7.76493,9.53522,1.74743],"axis":"z","angle":-22.5},
"faces":{
"north":{"uv":[6,4,7,5],"texture":"#0","rotation":270},
"south":{"uv":[6,4,7,5],"texture":"#0","rotation":270},
"west":{"uv":[6,4,7,5],"texture":"#0","rotation":270},
"east":{"uv":[6,4,7,5],"texture":"#0","rotation":270}
}
},
{
"from":[7.3784,9.1719,1.7481],
"to":[8.6284,9.4844,5.9981],
"faces":{
"down":{"uv":[6,4,7,5],"texture":"#0"},
"up":{"uv":[6,4,7,5],"texture":"#0"},
"west":{"uv":[6,4,7,5],"texture":"#0"},
"east":{"uv":[6,4,7,5],"texture":"#0"}
}
},
{
"from":[7.3721,9.0303,2.5782],
"to":[8.622101,9.4678,3.4532],
"rotation":{"origin":[8.21696,10.0928,2.07716],"axis":"x","angle":22.5},
"faces":{
"down":{"uv":[6,4,7,5],"texture":"#0"},
"south":{"uv":[6,4,7,5],"texture":"#0"},
"west":{"uv":[6,4,7,5],"texture":"#0"},
"east":{"uv":[6,4,7,5],"texture":"#0"}
}
},
{
"from":[7.3764,8.1192,2.9827],
"to":[8.6264,8.6817,3.9827],
"rotation":{"origin":[8.22121,9.30666,3.7316],"axis":"x","angle":45},
"faces":{
"down":{"uv":[6,4,7,5],"texture":"#0"},
"up":{"uv":[6,4,7,5],"texture":"#0"},
"west":{"uv":[6,4,7,5],"texture":"#0"},
"east":{"uv":[6,4,7,5],"texture":"#0"}
}
},
{
"from":[7.3764,8.6192,3.2952],
"to":[8.6264,9.0567,3.62333],
"rotation":{"origin":[8.22121,9.30666,3.7316],"axis":"x","angle":45},
"faces":{
"south":{"uv":[6,4,7,5],"texture":"#0"},
"west":{"uv":[6,4,7,5],"texture":"#0"},
"east":{"uv":[6,4,7,5],"texture":"#0"}
}
},
{
"from":[7.3762,8.2893,3.0698],
"to":[8.6262,8.7268,5.944799],
"faces":{
"down":{"uv":[6,4,7,5],"texture":"#0"},
"up":{"uv":[6,4,7,5],"texture":"#0"},
"north":{"uv":[6,4,7,5],"texture":"#0"},
"west":{"uv":[6,4,7,5],"texture":"#0"},
"east":{"uv":[6,4,7,5],"texture":"#0"}
}
},
{
"from":[8.0794,8.7268,3.0698],
"to":[8.62628,9.2268,5.944799],
"faces":{
"north":{"uv":[6,4,7,5],"texture":"#0"},
"west":{"uv":[6,4,7,5],"texture":"#0"},
"east":{"uv":[6,4,7,5],"texture":"#0"}
}
},
{
"from":[7.3784,8.9219,0.8731],
"to":[8.6284,9.4844,3.2481],
"faces":{
"down":{"uv":[6,4,7,5],"texture":"#0"},
"up":{"uv":[6,4,7,5],"texture":"#0"},
"south":{"uv":[6,4,7,5],"texture":"#0"},
"west":{"uv":[6,4,7,5],"texture":"#0"},
"east":{"uv":[6,4,7,5],"texture":"#0"}
}
},
{
"from":[7.5794,8.7893,2.9448],
"to":[8.62628,9.1018,5.944799],
"faces":{
"down":{"uv":[10,6,11,7],"texture":"#0"},
"up":{"uv":[10,6,11,7],"texture":"#0"},
"north":{"uv":[10,6,11,7],"texture":"#0"},
"west":{"uv":[10,6,11,7],"texture":"#0"},
"east":{"uv":[10,6,11,7],"texture":"#0"}
}
},
{
"from":[7.2044,8.257999,5.9448],
"to":[8.81378,10.133,7.35105],
"faces":{
"down":{"uv":[3,3,4,4],"texture":"#0","rotation":180},
"north":{"uv":[3,3,4,4],"texture":"#0","rotation":180},
"south":{"uv":[3,3,4,4],"texture":"#0","rotation":180},
"west":{"uv":[3,3,4,4],"texture":"#0","rotation":180},
"east":{"uv":[3,3,4,4],"texture":"#0","rotation":180}
}
},
{
"from":[7.4544,8.007999,5.9448],
"to":[8.56378,8.257999,7.35105],
"faces":{
"down":{"uv":[3,3,4,4],"texture":"#0","rotation":180},
"north":{"uv":[3,3,4,4],"texture":"#0","rotation":180},
"south":{"uv":[3,3,4,4],"texture":"#0","rotation":180},
"west":{"uv":[3,3,4,4],"texture":"#0","rotation":180},
"east":{"uv":[3,3,4,4],"texture":"#0","rotation":180}
}
},
{
"from":[7.9533,7.314,5.9427],
"to":[8.31267,7.564,7.34895],
"rotation":{"origin":[8.71998,8.68901,3.81659],"axis":"z","angle":-45},
"faces":{
"down":{"uv":[3,3,4,4],"texture":"#0","rotation":180},
"up":{"uv":[3,3,4,4],"texture":"#0","rotation":180},
"north":{"uv":[3,3,4,4],"texture":"#0","rotation":180},
"south":{"uv":[3,3,4,4],"texture":"#0","rotation":180}
}
},
{
"from":[7.5988,7.6119,5.9452],
"to":[7.94255,7.8619,7.35145],
"rotation":{"origin":[7.59985,8.98691,3.81906],"axis":"z","angle":45},
"faces":{
"down":{"uv":[3,3,4,4],"texture":"#0","rotation":180},
"up":{"uv":[3,3,4,4],"texture":"#0","rotation":180},
"north":{"uv":[3,3,4,4],"texture":"#0","rotation":180},
"south":{"uv":[3,3,4,4],"texture":"#0","rotation":180}
}
},
{
"from":[7.5013,9.1538,5.9473],
"to":[8.3113,10.9763,7.35917],
"rotation":{"origin":[7.9045,9.86252,-6.21658],"axis":"z","angle":-45},
"faces":{
"down":{"uv":[3,3,4,4],"texture":"#0"},
"up":{"uv":[3,3,4,4],"texture":"#0"},
"north":{"uv":[3,3,4,4],"texture":"#0"},
"south":{"uv":[3,3,4,4],"texture":"#0"},
"west":{"uv":[3,3,4,4],"texture":"#0"},
"east":{"uv":[3,3,4,4],"texture":"#0"}
}
},
{
"from":[7.6919,8.9394,5.9472],
"to":[8.5019,9.1419,7.35907],
"rotation":{"origin":[8.09867,10.0531,-6.22023],"axis":"z","angle":-45},
"faces":{
"down":{"uv":[3,3,4,4],"texture":"#0"},
"up":{"uv":[3,3,4,4],"texture":"#0"},
"north":{"uv":[3,3,4,4],"texture":"#0"},
"south":{"uv":[3,3,4,4],"texture":"#0"}
}
},
{
"from":[7.0239,9.552999,5.9469],
"to":[8.9814,10.363,7.35878],
"faces":{
"down":{"uv":[3,3,4,4],"texture":"#0","rotation":270},
"up":{"uv":[3,3,4,4],"texture":"#0","rotation":270},
"north":{"uv":[3,3,4,4],"texture":"#0","rotation":270},
"south":{"uv":[3,3,4,4],"texture":"#0","rotation":270},
"west":{"uv":[3,3,4,4],"texture":"#0","rotation":270}
}
},
{
"from":[8.8176,9.647699,5.9483],
"to":[9.020101,10.4577,7.36018],
"rotation":{"origin":[7.90636,10.05444,-6.21554],"axis":"z","angle":-45},
"faces":{
"north":{"uv":[3,3,4,4],"texture":"#0","rotation":270},
"south":{"uv":[3,3,4,4],"texture":"#0","rotation":270},
"east":{"uv":[3,3,4,4],"texture":"#0","rotation":270}
}
},
{
"from":[6.9831,9.4571,5.9469],
"to":[8.805599,10.2671,7.35877],
"rotation":{"origin":[8.09682,9.86036,-6.22045],"axis":"z","angle":-45},
"faces":{
"down":{"uv":[3,3,4,4],"texture":"#0","rotation":270},
"up":{"uv":[3,3,4,4],"texture":"#0","rotation":270},
"north":{"uv":[3,3,4,4],"texture":"#0","rotation":270},
"south":{"uv":[3,3,4,4],"texture":"#0","rotation":270},
"west":{"uv":[3,3,4,4],"texture":"#0","rotation":270},
"east":{"uv":[3,3,4,4],"texture":"#0","rotation":270}
}
},
{
"from":[7.3294,10.6643,5.9448],
"to":[8.68878,11.00805,10.9448],
"faces":{
"down":{"uv":[3,3,4,4],"texture":"#0","rotation":180},
"up":{"uv":[3,3,4,4],"texture":"#0","rotation":180},
"west":{"uv":[3,3,4,4],"texture":"#0","rotation":180},
"east":{"uv":[3,3,4,4],"texture":"#0","rotation":180}
}
},
{
"from":[7.3408,8.9016,12.1193],
"to":[8.70018,11.30785,12.9943],
"rotation":{"origin":[8.01142,8.45679,12.87736],"axis":"x","angle":-22.5},
"faces":{
"down":{"uv":[3,3,4,4],"texture":"#0","rotation":90},
"up":{"uv":[3,3,4,4],"texture":"#0","rotation":90},
"north":{"uv":[3,3,4,4],"texture":"#0","rotation":90},
"south":{"uv":[3,3,4,4],"texture":"#0","rotation":90},
"west":{"uv":[3,3,4,4],"texture":"#0","rotation":90},
"east":{"uv":[3,3,4,4],"texture":"#0","rotation":90}
}
},
{
"from":[7.3438,9.053599,12.7542],
"to":[8.703179,11.20985,14.3792],
"rotation":{"origin":[8.01444,8.10879,14.26224],"axis":"x","angle":-45},
"faces":{
"down":{"uv":[3,3,4,4],"texture":"#0","rotation":90},
"up":{"uv":[3,3,4,4],"texture":"#0","rotation":90},
"north":{"uv":[3,3,4,4],"texture":"#0","rotation":90},
"south":{"uv":[3,3,4,4],"texture":"#0","rotation":90},
"west":{"uv":[3,3,4,4],"texture":"#0","rotation":90},
"east":{"uv":[3,3,4,4],"texture":"#0","rotation":90}
}
},
{
"from":[7.3459,4.8092,11.8239],
"to":[8.705279,8.4342,15.10515],
"rotation":{"origin":[8.01654,8.31725,15.67487],"axis":"x","angle":22.5},
"faces":{
"down":{"uv":[3,3,4,4],"texture":"#0"},
"up":{"uv":[3,3,4,4],"texture":"#0"},
"north":{"uv":[3,3,4,4],"texture":"#0"},
"south":{"uv":[3,3,4,4],"texture":"#0"},
"west":{"uv":[3,3,4,4],"texture":"#0"},
"east":{"uv":[3,3,4,4],"texture":"#0"}
}
},
{
"from":[7.3294,6.633,10.9448],
"to":[8.68878,11.008,11.85105],
"faces":{
"up":{"uv":[3,3,4,4],"texture":"#0","rotation":180},
"north":{"uv":[3,3,4,4],"texture":"#0","rotation":180},
"south":{"uv":[3,3,4,4],"texture":"#0","rotation":180},
"west":{"uv":[3,3,4,4],"texture":"#0","rotation":180},
"east":{"uv":[3,3,4,4],"texture":"#0","rotation":180}
}
},
{
"from":[7.3294,6.508,6.4448],
"to":[8.68878,7.133,11.85105],
"faces":{
"down":{"uv":[3,3,4,4],"texture":"#0","rotation":180},
"up":{"uv":[3,3,4,4],"texture":"#0","rotation":180},
"north":{"uv":[3,3,4,4],"texture":"#0","rotation":180},
"south":{"uv":[3,3,4,4],"texture":"#0","rotation":180},
"west":{"uv":[3,3,4,4],"texture":"#0","rotation":180},
"east":{"uv":[3,3,4,4],"texture":"#0","rotation":180}
}
},
{
"from":[7.4537,4.8122,8.250299],
"to":[8.56308,5.5622,9.156549],
"rotation":{"origin":[8.13339,9.18722,10.95338],"axis":"x","angle":45},
"faces":{
"down":{"uv":[3,3,4,4],"texture":"#0","rotation":180},
"up":{"uv":[3,3,4,4],"texture":"#0","rotation":180},
"north":{"uv":[3,3,4,4],"texture":"#0","rotation":180},
"west":{"uv":[3,3,4,4],"texture":"#0","rotation":180},
"east":{"uv":[3,3,4,4],"texture":"#0","rotation":180}
}
},
{
"from":[7.4544,7.133,6.4448],
"to":[8.56378,8.008,7.35105],
"faces":{
"north":{"uv":[3,3,4,4],"texture":"#0","rotation":180},
"south":{"uv":[3,3,4,4],"texture":"#0","rotation":180},
"west":{"uv":[3,3,4,4],"texture":"#0","rotation":180},
"east":{"uv":[3,3,4,4],"texture":"#0","rotation":180}
}
},
{
"from":[7.3294,10.383,5.9448],
"to":[8.68878,11.008,7.35105],
"faces":{
"north":{"uv":[3,3,4,4],"texture":"#0","rotation":180},
"south":{"uv":[3,3,4,4],"texture":"#0","rotation":180},
"west":{"uv":[3,3,4,4],"texture":"#0","rotation":180},
"east":{"uv":[3,3,4,4],"texture":"#0","rotation":180}
}
},
{
"from":[7.514,7.2299,7.365],
"to":[8.486,10.6049,10.8435],
"faces":{
"down":{"uv":[11,13,12,14],"texture":"#0"},
"up":{"uv":[11,13,12,14],"texture":"#0"},
"north":{"uv":[11,13,12,14],"texture":"#0"},
"south":{"uv":[11,13,12,14],"texture":"#0"},
"west":{"uv":[11,13,12,14],"texture":"#0"},
"east":{"uv":[11,13,12,14],"texture":"#0"}
}
},
{
"from":[7.514,7.2299,7.365],
"to":[8.486,10.6049,10.8435],
"rotation":{"origin":[8,8.91741,9.10425],"axis":"z","angle":-45},
"faces":{
"down":{"uv":[11,13,12,14],"texture":"#0"},
"up":{"uv":[11,13,12,14],"texture":"#0"},
"north":{"uv":[11,13,12,14],"texture":"#0"},
"south":{"uv":[11,13,12,14],"texture":"#0"},
"west":{"uv":[11,13,12,14],"texture":"#0"},
"east":{"uv":[11,13,12,14],"texture":"#0"}
}
},
{
"from":[6.3125,8.431399,7.365],
"to":[9.6875,9.403399,10.8435],
"faces":{
"down":{"uv":[11,13,12,14],"texture":"#0","rotation":90},
"up":{"uv":[11,13,12,14],"texture":"#0","rotation":90},
"north":{"uv":[11,13,12,14],"texture":"#0","rotation":90},
"south":{"uv":[11,13,12,14],"texture":"#0","rotation":90},
"west":{"uv":[11,13,12,14],"texture":"#0","rotation":90},
"east":{"uv":[11,13,12,14],"texture":"#0","rotation":90}
}
},
{
"from":[6.3125,8.431399,7.365],
"to":[9.6875,9.403399,10.8435],
"rotation":{"origin":[8,8.91741,9.10425],"axis":"z","angle":-45},
"faces":{
"down":{"uv":[11,13,12,14],"texture":"#0","rotation":90},
"up":{"uv":[11,13,12,14],"texture":"#0","rotation":90},
"north":{"uv":[11,13,12,14],"texture":"#0","rotation":90},
"south":{"uv":[11,13,12,14],"texture":"#0","rotation":90},
"west":{"uv":[11,13,12,14],"texture":"#0","rotation":90},
"east":{"uv":[11,13,12,14],"texture":"#0","rotation":90}
}
},
{
"from":[7.739,7.2018,9.4275],
"to":[8.261,10.63305,10.8435],
"rotation":{"origin":[8,8.91741,9.10425],"axis":"z","angle":-22.5},
"faces":{
"down":{"uv":[11,13,12,14],"texture":"#0"},
"up":{"uv":[11,13,12,14],"texture":"#0"},
"north":{"uv":[11,13,12,14],"texture":"#0"},
"south":{"uv":[11,13,12,14],"texture":"#0"},
"west":{"uv":[11,13,12,14],"texture":"#0"},
"east":{"uv":[11,13,12,14],"texture":"#0"}
}
},
{
"from":[6.2844,8.6564,9.4275],
"to":[9.71564,9.178399,10.8435],
"rotation":{"origin":[8,8.91741,9.948],"axis":"z","angle":22.5},
"faces":{
"down":{"uv":[11,13,12,14],"texture":"#0","rotation":90},
"up":{"uv":[11,13,12,14],"texture":"#0","rotation":90},
"north":{"uv":[11,13,12,14],"texture":"#0","rotation":90},
"south":{"uv":[11,13,12,14],"texture":"#0","rotation":90},
"west":{"uv":[11,13,12,14],"texture":"#0","rotation":90},
"east":{"uv":[11,13,12,14],"texture":"#0","rotation":90}
}
},
{
"from":[6.2844,8.6564,9.4275],
"to":[9.71564,9.178399,10.8435],
"rotation":{"origin":[8,8.91741,9.948],"axis":"z","angle":-22.5},
"faces":{
"down":{"uv":[11,13,12,14],"texture":"#0","rotation":90},
"up":{"uv":[11,13,12,14],"texture":"#0","rotation":90},
"north":{"uv":[11,13,12,14],"texture":"#0","rotation":90},
"south":{"uv":[11,13,12,14],"texture":"#0","rotation":90},
"west":{"uv":[11,13,12,14],"texture":"#0","rotation":90},
"east":{"uv":[11,13,12,14],"texture":"#0","rotation":90}
}
},
{
"from":[7.739,7.2018,9.4275],
"to":[8.261,10.63305,10.8435],
"rotation":{"origin":[8,8.91741,9.948],"axis":"z","angle":22.5},
"faces":{
"down":{"uv":[11,13,12,14],"texture":"#0"},
"up":{"uv":[11,13,12,14],"texture":"#0"},
"north":{"uv":[11,13,12,14],"texture":"#0"},
"south":{"uv":[11,13,12,14],"texture":"#0"},
"west":{"uv":[11,13,12,14],"texture":"#0"},
"east":{"uv":[11,13,12,14],"texture":"#0"}
}
},
{
"from":[7.7498,7.4289,7.365],
"to":[8.271799,10.43515,9.531],
"rotation":{"origin":[8.01076,8.89142,8.2605],"axis":"z","angle":22.5},
"faces":{
"down":{"uv":[11,13,12,14],"texture":"#0"},
"up":{"uv":[11,13,12,14],"texture":"#0"},
"north":{"uv":[11,13,12,14],"texture":"#0"},
"south":{"uv":[11,13,12,14],"texture":"#0"},
"west":{"uv":[11,13,12,14],"texture":"#0"},
"east":{"uv":[11,13,12,14],"texture":"#0"}
}
},
{
"from":[7.7299,7.4207,7.365],
"to":[8.2519,10.40195,9.531],
"rotation":{"origin":[8.01076,8.89142,8.2605],"axis":"z","angle":-22.5},
"faces":{
"down":{"uv":[11,13,12,14],"texture":"#0"},
"up":{"uv":[11,13,12,14],"texture":"#0"},
"north":{"uv":[11,13,12,14],"texture":"#0"},
"south":{"uv":[11,13,12,14],"texture":"#0"},
"west":{"uv":[11,13,12,14],"texture":"#0"},
"east":{"uv":[11,13,12,14],"texture":"#0"}
}
},
{
"from":[6.5201,8.6585,7.365],
"to":[9.50135,9.1805,9.531],
"rotation":{"origin":[8.01076,8.89142,8.2605],"axis":"z","angle":22.5},
"faces":{
"down":{"uv":[11,13,12,14],"texture":"#0","rotation":90},
"up":{"uv":[11,13,12,14],"texture":"#0","rotation":90},
"north":{"uv":[11,13,12,14],"texture":"#0","rotation":90},
"south":{"uv":[11,13,12,14],"texture":"#0","rotation":90},
"west":{"uv":[11,13,12,14],"texture":"#0","rotation":90},
"east":{"uv":[11,13,12,14],"texture":"#0","rotation":90}
}
},
{
"from":[6.5002,8.6503,7.365],
"to":[9.481449,9.1723,9.531],
"rotation":{"origin":[8.01076,8.89142,8.2605],"axis":"z","angle":-22.5},
"faces":{
"down":{"uv":[11,13,12,14],"texture":"#0","rotation":90},
"up":{"uv":[11,13,12,14],"texture":"#0","rotation":90},
"north":{"uv":[11,13,12,14],"texture":"#0","rotation":90},
"south":{"uv":[11,13,12,14],"texture":"#0","rotation":90},
"west":{"uv":[11,13,12,14],"texture":"#0","rotation":90},
"east":{"uv":[11,13,12,14],"texture":"#0","rotation":90}
}
},
{
"from":[7.4544,4.5698,6.867],
"to":[8.56378,5.3823,7.617],
"rotation":{"origin":[8.125,7,5.875],"axis":"x","angle":-45},
"faces":{
"down":{"uv":[8,6,9,7],"texture":"#0","rotation":90},
"north":{"uv":[8,6,9,7],"texture":"#0","rotation":90},
"west":{"uv":[8,6,9,7],"texture":"#0","rotation":90},
"east":{"uv":[8,6,9,7],"texture":"#0","rotation":90}
}
},
{
"from":[7.4856,4.2747,7.8842],
"to":[8.53248,5.18095,8.149819],
"rotation":{"origin":[8.125,6.07991,7.01717],"axis":"x","angle":-22.5},
"faces":{
"down":{"uv":[8,6,9,7],"texture":"#0","rotation":90},
"north":{"uv":[8,6,9,7],"texture":"#0","rotation":90},
"south":{"uv":[8,6,9,7],"texture":"#0","rotation":90},
"west":{"uv":[8,6,9,7],"texture":"#0","rotation":90},
"east":{"uv":[8,6,9,7],"texture":"#0","rotation":90}
}
},
{
"from":[7.4544,5.5811,8.1622],
"to":[8.56378,6.48735,8.42782],
"faces":{
"down":{"uv":[8,6,9,7],"texture":"#0","rotation":90},
"north":{"uv":[8,6,9,7],"texture":"#0","rotation":90},
"south":{"uv":[8,6,9,7],"texture":"#0","rotation":90},
"west":{"uv":[8,6,9,7],"texture":"#0","rotation":90},
"east":{"uv":[8,6,9,7],"texture":"#0","rotation":90}
}
},
{
"from":[7.5168,4.9255,9.3937],
"to":[8.501181,5.19113,10.29995],
"rotation":{"origin":[8.125,7.05854,8.4947],"axis":"x","angle":22.5},
"faces":{
"down":{"uv":[8,6,9,7],"texture":"#0"},
"up":{"uv":[8,6,9,7],"texture":"#0"},
"north":{"uv":[8,6,9,7],"texture":"#0"},
"west":{"uv":[8,6,9,7],"texture":"#0"},
"east":{"uv":[8,6,9,7],"texture":"#0"}
}
},
{
"from":[7.5168,4.397,9.3462],
"to":[8.501181,4.66263,11.00245],
"faces":{
"down":{"uv":[8,6,9,7],"texture":"#0"},
"up":{"uv":[8,6,9,7],"texture":"#0"},
"north":{"uv":[8,6,9,7],"texture":"#0"},
"south":{"uv":[8,6,9,7],"texture":"#0"},
"west":{"uv":[8,6,9,7],"texture":"#0"},
"east":{"uv":[8,6,9,7],"texture":"#0"}
}
},
{
"from":[7.5168,3.1366,9.7575],
"to":[8.501181,3.40223,10.41375],
"rotation":{"origin":[8.125,5.26964,8.85855],"axis":"x","angle":-45},
"faces":{
"down":{"uv":[8,6,9,7],"texture":"#0"},
"up":{"uv":[8,6,9,7],"texture":"#0"},
"south":{"uv":[8,6,9,7],"texture":"#0"},
"west":{"uv":[8,6,9,7],"texture":"#0"},
"east":{"uv":[8,6,9,7],"texture":"#0"}
}
},
{
"from":[7.5168,4.8774,11.3844],
"to":[8.501181,6.53365,11.65002],
"rotation":{"origin":[8.00904,5.33055,11.51724],"axis":"x","angle":22.5},
"faces":{
"down":{"uv":[8,6,9,7],"texture":"#0","rotation":270},
"up":{"uv":[8,6,9,7],"texture":"#0","rotation":270},
"north":{"uv":[8,6,9,7],"texture":"#0","rotation":270},
"south":{"uv":[8,6,9,7],"texture":"#0","rotation":270},
"west":{"uv":[8,6,9,7],"texture":"#0","rotation":270},
"east":{"uv":[8,6,9,7],"texture":"#0","rotation":270}
}
},
{
"from":[7.8294,2.851,8.3982],
"to":[8.18878,3.7885,9.24195],
"rotation":{"origin":[8.125,7,5.875],"axis":"x","angle":-45},
"faces":{
"down":{"uv":[8,6,9,7],"texture":"#0","rotation":90},
"north":{"uv":[8,6,9,7],"texture":"#0","rotation":90},
"south":{"uv":[8,6,9,7],"texture":"#0","rotation":90},
"west":{"uv":[8,6,9,7],"texture":"#0","rotation":90},
"east":{"uv":[8,6,9,7],"texture":"#0","rotation":90}
}
},
{
"from":[7.8294,5.4,10.343],
"to":[8.18878,6.18125,10.593],
"faces":{
"down":{"uv":[8,6,9,7],"texture":"#0","rotation":90},
"up":{"uv":[8,6,9,7],"texture":"#0","rotation":90},
"north":{"uv":[8,6,9,7],"texture":"#0","rotation":90},
"south":{"uv":[8,6,9,7],"texture":"#0","rotation":90},
"west":{"uv":[8,6,9,7],"texture":"#0","rotation":90},
"east":{"uv":[8,6,9,7],"texture":"#0","rotation":90}
}
},
{
"from":[7.8294,5.0871,10.0878],
"to":[8.18878,5.3371,10.61905],
"rotation":{"origin":[8.00904,5.21214,10.22837],"axis":"x","angle":-45},
"faces":{
"down":{"uv":[8,6,9,7],"texture":"#0","rotation":180},
"up":{"uv":[8,6,9,7],"texture":"#0","rotation":180},
"north":{"uv":[8,6,9,7],"texture":"#0","rotation":180},
"west":{"uv":[8,6,9,7],"texture":"#0","rotation":180},
"east":{"uv":[8,6,9,7],"texture":"#0","rotation":180}
}
},
{
"from":[7.8294,4.8653,9.793],
"to":[8.18878,5.1153,10.19925],
"rotation":{"origin":[8.00904,4.99032,9.8086],"axis":"x","angle":-22.5},
"faces":{
"down":{"uv":[8,6,9,7],"texture":"#0","rotation":180},
"up":{"uv":[8,6,9,7],"texture":"#0","rotation":180},
"north":{"uv":[8,6,9,7],"texture":"#0","rotation":180},
"south":{"uv":[8,6,9,7],"texture":"#0","rotation":180},
"west":{"uv":[8,6,9,7],"texture":"#0","rotation":180},
"east":{"uv":[8,6,9,7],"texture":"#0","rotation":180}
}
},
{
"from":[7.0959,5.1842,14.1989],
"to":[8.95528,8.8092,15.60515],
"faces":{
"down":{"uv":[10,3,11,4],"texture":"#2"},
"up":{"uv":[10,3,11,4],"texture":"#2"},
"north":{"uv":[10,3,11,4],"texture":"#2"},
"south":{"uv":[10,3,11,4],"texture":"#2"},
"west":{"uv":[10,3,11,4],"texture":"#2"},
"east":{"uv":[10,3,11,4],"texture":"#2"}
}
},
{
"from":[7.0959,6.3092,13.4489],
"to":[8.95528,8.0592,14.85515],
"rotation":{"origin":[8.01654,8.69225,15.67487],"axis":"x","angle":-45},
"faces":{
"down":{"uv":[10,3,11,4],"texture":"#2"},
"north":{"uv":[10,3,11,4],"texture":"#2"},
"south":{"uv":[10,3,11,4],"texture":"#2"},
"west":{"uv":[10,3,11,4],"texture":"#2"},
"east":{"uv":[10,3,11,4],"texture":"#2"}
}
},
{
"from":[7.0959,2.3181,13.1944],
"to":[8.95528,6.6931,16.47565],
"rotation":{"origin":[8.01654,7.32609,17.29537],"axis":"x","angle":-22.5},
"faces":{
"up":{"uv":[10,3,11,4],"texture":"#2"},
"north":{"uv":[10,3,11,4],"texture":"#2"},
"south":{"uv":[10,3,11,4],"texture":"#2"},
"west":{"uv":[10,3,11,4],"texture":"#2"},
"east":{"uv":[10,3,11,4],"texture":"#2"}
}
},
{
"from":[7.0959,0.5106,15.0482],
"to":[8.95528,2.3856,18.45445],
"faces":{
"down":{"uv":[10,3,11,4],"texture":"#2"},
"up":{"uv":[10,3,11,4],"texture":"#2"},
"north":{"uv":[10,3,11,4],"texture":"#2"},
"south":{"uv":[10,3,11,4],"texture":"#2"},
"west":{"uv":[10,3,11,4],"texture":"#2"},
"east":{"uv":[10,3,11,4],"texture":"#2"}
}
},
{
"from":[7.0959,5.4342,14.6989],
"to":[8.95528,7.5592,15.98015],
"rotation":{"origin":[8.01654,8.69225,15.67487],"axis":"x","angle":22.5},
"faces":{
"north":{"uv":[10,3,11,4],"texture":"#2"},
"west":{"uv":[10,3,11,4],"texture":"#2"},
"east":{"uv":[10,3,11,4],"texture":"#2"}
}
},
{
"from":[7.0959,3.1681,11.9936],
"to":[8.95528,4.918099,12.7436],
"rotation":{"origin":[8.01654,5.59829,16.00163],"axis":"x","angle":22.5},
"faces":{
"down":{"uv":[10,3,11,4],"texture":"#2","rotation":90},
"north":{"uv":[10,3,11,4],"texture":"#2","rotation":90},
"west":{"uv":[10,3,11,4],"texture":"#2","rotation":90},
"east":{"uv":[10,3,11,4],"texture":"#2","rotation":90}
}
},
{
"from":[7.0959,4.5974,12.0384],
"to":[8.95528,6.50365,15.2884],
"faces":{
"down":{"uv":[10,3,11,4],"texture":"#2","rotation":90},
"up":{"uv":[10,3,11,4],"texture":"#2","rotation":90},
"north":{"uv":[10,3,11,4],"texture":"#2","rotation":90},
"south":{"uv":[10,3,11,4],"texture":"#2","rotation":90},
"west":{"uv":[10,3,11,4],"texture":"#2","rotation":90},
"east":{"uv":[10,3,11,4],"texture":"#2","rotation":90}
}
},
{
"from":[7.2209,4.3181,12.6944],
"to":[8.830279,4.9431,13.22565],
"rotation":{"origin":[8.01654,7.32609,17.29537],"axis":"x","angle":-22.5},
"faces":{
"down":{"uv":[10,3,11,4],"texture":"#2"},
"up":{"uv":[10,3,11,4],"texture":"#2"},
"north":{"uv":[10,3,11,4],"texture":"#2"},
"south":{"uv":[10,3,11,4],"texture":"#2"},
"west":{"uv":[10,3,11,4],"texture":"#2"},
"east":{"uv":[10,3,11,4],"texture":"#2"}
}
},
{
"from":[7.2209,3.0681,12.6944],
"to":[8.830279,3.6931,13.22565],
"rotation":{"origin":[8.01654,7.32609,17.29537],"axis":"x","angle":-22.5},
"faces":{
"down":{"uv":[10,3,11,4],"texture":"#2"},
"up":{"uv":[10,3,11,4],"texture":"#2"},
"north":{"uv":[10,3,11,4],"texture":"#2"},
"south":{"uv":[10,3,11,4],"texture":"#2"},
"west":{"uv":[10,3,11,4],"texture":"#2"},
"east":{"uv":[10,3,11,4],"texture":"#2"}
}
},
{
"from":[7.4709,1.8181,12.8194],
"to":[8.580279,6.6931,13.22565],
"rotation":{"origin":[8.01654,7.32609,17.29537],"axis":"x","angle":-22.5},
"faces":{
"north":{"uv":[10,3,11,4],"texture":"#2"},
"south":{"uv":[10,3,11,4],"texture":"#2"},
"west":{"uv":[10,3,11,4],"texture":"#2"},
"east":{"uv":[10,3,11,4],"texture":"#2"}
}
},
{
"from":[7.7188,9.053599,14.3167],
"to":[8.328179,11.08485,14.6917],
"rotation":{"origin":[8.01444,8.10879,14.32474],"axis":"x","angle":-45},
"faces":{
"down":{"uv":[11,15,12,16],"texture":"#0","rotation":180},
"north":{"uv":[11,15,12,16],"texture":"#0","rotation":180},
"south":{"uv":[11,15,12,16],"texture":"#0","rotation":180},
"west":{"uv":[11,15,12,16],"texture":"#0","rotation":180},
"east":{"uv":[11,15,12,16],"texture":"#0","rotation":180}
}
},
{
"from":[7.7188,10.0976,11.9486],
"to":[8.328179,10.4726,12.47985],
"faces":{
"down":{"uv":[11,15,12,16],"texture":"#0","rotation":180},
"up":{"uv":[11,15,12,16],"texture":"#0","rotation":180},
"north":{"uv":[11,15,12,16],"texture":"#0","rotation":180},
"south":{"uv":[11,15,12,16],"texture":"#0","rotation":180},
"west":{"uv":[11,15,12,16],"texture":"#0","rotation":180},
"east":{"uv":[11,15,12,16],"texture":"#0","rotation":180}
}
},
{
"from":[7.7188,8.632,11.7862],
"to":[8.328179,9.007,13.81745],
"rotation":{"origin":[8.01444,8.10879,14.26224],"axis":"x","angle":22.5},
"faces":{
"down":{"uv":[11,15,12,16],"texture":"#0","rotation":180},
"up":{"uv":[11,15,12,16],"texture":"#0","rotation":180},
"north":{"uv":[11,15,12,16],"texture":"#0","rotation":180},
"south":{"uv":[11,15,12,16],"texture":"#0","rotation":180},
"west":{"uv":[11,15,12,16],"texture":"#0","rotation":180},
"east":{"uv":[11,15,12,16],"texture":"#0","rotation":180}
}
},
{
"from":[7.7188,9.678599,14.3167],
"to":[8.328179,10.20985,15.4417],
"rotation":{"origin":[8.01444,8.10879,14.32474],"axis":"x","angle":-45},
"faces":{
"down":{"uv":[11,15,12,16],"texture":"#0","rotation":180},
"up":{"uv":[11,15,12,16],"texture":"#0","rotation":180},
"north":{"uv":[11,15,12,16],"texture":"#0","rotation":180},
"west":{"uv":[11,15,12,16],"texture":"#0","rotation":180},
"east":{"uv":[11,15,12,16],"texture":"#0","rotation":180}
}
},
{
"from":[7.7188,9.978,13.6289],
"to":[8.328179,10.38425,14.6289],
"faces":{
"down":{"uv":[11,15,12,16],"texture":"#0","rotation":180},
"up":{"uv":[11,15,12,16],"texture":"#0","rotation":180},
"north":{"uv":[11,15,12,16],"texture":"#0","rotation":180},
"south":{"uv":[11,15,12,16],"texture":"#0","rotation":180},
"west":{"uv":[11,15,12,16],"texture":"#0","rotation":180},
"east":{"uv":[11,15,12,16],"texture":"#0","rotation":180}
}
},
{
"from":[7.2668,10.883,11.4448],
"to":[8.782431,11.258,11.97605],
"faces":{
"down":{"uv":[0,0,1,1],"texture":"#0","rotation":180},
"up":{"uv":[0,0,1,1],"texture":"#0","rotation":180},
"north":{"uv":[0,0,1,1],"texture":"#0","rotation":180},
"south":{"uv":[0,0,1,1],"texture":"#0","rotation":180},
"west":{"uv":[0,0,1,1],"texture":"#0","rotation":180},
"east":{"uv":[0,0,1,1],"texture":"#0","rotation":180}
}
},
{
"from":[7.3294,11.258,11.8198],
"to":[7.938779,11.5705,11.97605],
"faces":{
"up":{"uv":[0,0,1,1],"texture":"#0","rotation":180},
"north":{"uv":[0,0,1,1],"texture":"#0","rotation":180},
"south":{"uv":[0,0,1,1],"texture":"#0","rotation":180},
"west":{"uv":[0,0,1,1],"texture":"#0","rotation":180},
"east":{"uv":[0,0,1,1],"texture":"#0","rotation":180}
}
},
{
"from":[8.0794,11.258,11.8198],
"to":[8.68878,11.5705,11.97605],
"faces":{
"up":{"uv":[0,0,1,1],"texture":"#0","rotation":180},
"north":{"uv":[0,0,1,1],"texture":"#0","rotation":180},
"south":{"uv":[0,0,1,1],"texture":"#0","rotation":180},
"west":{"uv":[0,0,1,1],"texture":"#0","rotation":180},
"east":{"uv":[0,0,1,1],"texture":"#0","rotation":180}
}
},
{
"from":[7.8396,10.8173,-1.3765],
"to":[8.1521,11.1923,0.7485],
"faces":{
"up":{"uv":[0,0,1,1],"texture":"#0","rotation":180},
"north":{"uv":[0,0,1,1],"texture":"#0","rotation":180},
"south":{"uv":[0,0,1,1],"texture":"#0","rotation":180},
"west":{"uv":[0,0,1,1],"texture":"#0","rotation":180},
"east":{"uv":[0,0,1,1],"texture":"#0","rotation":180}
}
},
{
"from":[7.9333,10.8173,-1.1265],
"to":[8.0583,11.5673,-0.03275001],
"faces":{
"up":{"uv":[0,0.28125,1,1.5625],"texture":"#0","rotation":180},
"north":{"uv":[0,0.28125,1,1.5625],"texture":"#0","rotation":180},
"south":{"uv":[0,0.28125,1,1.5625],"texture":"#0","rotation":180},
"west":{"uv":[0,0.28125,1,1.5625],"texture":"#0","rotation":180},
"east":{"uv":[0,0.28125,1,1.5625],"texture":"#0","rotation":180}
}
},
{
"from":[7.6628,10.5357,2.4988],
"to":[8.33468,11.1607,9.3738],
"faces":{
"down":{"uv":[11,15,12,16],"texture":"#0","rotation":180},
"north":{"uv":[11,15,12,16],"texture":"#0","rotation":180},
"west":{"uv":[11,15,12,16],"texture":"#0","rotation":180},
"east":{"uv":[11,15,12,16],"texture":"#0","rotation":180}
}
},
{
"from":[7.5378,11.1607,2.4988],
"to":[8.45968,11.2857,9.3738],
"faces":{
"down":{"uv":[11,15,12,16],"texture":"#0","rotation":180},
"up":{"uv":[11,15,12,16],"texture":"#0","rotation":180},
"north":{"uv":[11,15,12,16],"texture":"#0","rotation":180},
"south":{"uv":[11,15,12,16],"texture":"#0","rotation":180},
"west":{"uv":[11,15,12,16],"texture":"#0","rotation":180},
"east":{"uv":[11,15,12,16],"texture":"#0","rotation":180}
}
},
{
"from":[7.8432,10.6708,8.998799],
"to":[8.061949,11.46768,9.373799],
"rotation":{"origin":[7.91015,11.00801,9],"axis":"z","angle":45},
"faces":{
"up":{"uv":[11,15,12,16],"texture":"#0","rotation":270},
"north":{"uv":[11,15,12,16],"texture":"#0","rotation":270},
"south":{"uv":[11,15,12,16],"texture":"#0","rotation":270},
"west":{"uv":[11,15,12,16],"texture":"#0","rotation":270},
"east":{"uv":[11,15,12,16],"texture":"#0","rotation":270}
}
},
{
"from":[7.8432,10.6708,7.4988],
"to":[8.061949,11.46768,7.8738],
"rotation":{"origin":[7.91015,11.00801,7.5],"axis":"z","angle":45},
"faces":{
"up":{"uv":[11,15,12,16],"texture":"#0","rotation":270},
"north":{"uv":[11,15,12,16],"texture":"#0","rotation":270},
"south":{"uv":[11,15,12,16],"texture":"#0","rotation":270},
"west":{"uv":[11,15,12,16],"texture":"#0","rotation":270},
"east":{"uv":[11,15,12,16],"texture":"#0","rotation":270}
}
},
{
"from":[7.8432,10.6708,8.248799],
"to":[8.061949,11.46768,8.623799],
"rotation":{"origin":[7.91015,11.00801,8.25],"axis":"z","angle":45},
"faces":{
"up":{"uv":[11,15,12,16],"texture":"#0","rotation":270},
"north":{"uv":[11,15,12,16],"texture":"#0","rotation":270},
"south":{"uv":[11,15,12,16],"texture":"#0","rotation":270},
"west":{"uv":[11,15,12,16],"texture":"#0","rotation":270},
"east":{"uv":[11,15,12,16],"texture":"#0","rotation":270}
}
},
{
"from":[7.8432,10.6708,6.7488],
"to":[8.061949,11.46768,7.1238],
"rotation":{"origin":[7.91015,11.00801,6.75],"axis":"z","angle":45},
"faces":{
"up":{"uv":[11,15,12,16],"texture":"#0","rotation":270},
"north":{"uv":[11,15,12,16],"texture":"#0","rotation":270},
"south":{"uv":[11,15,12,16],"texture":"#0","rotation":270},
"west":{"uv":[11,15,12,16],"texture":"#0","rotation":270},
"east":{"uv":[11,15,12,16],"texture":"#0","rotation":270}
}
},
{
"from":[7.8432,10.6708,5.2488],
"to":[8.061949,11.46768,5.6238],
"rotation":{"origin":[7.91015,11.00801,5.25],"axis":"z","angle":45},
"faces":{
"up":{"uv":[11,15,12,16],"texture":"#0","rotation":270},
"north":{"uv":[11,15,12,16],"texture":"#0","rotation":270},
"south":{"uv":[11,15,12,16],"texture":"#0","rotation":270},
"west":{"uv":[11,15,12,16],"texture":"#0","rotation":270},
"east":{"uv":[11,15,12,16],"texture":"#0","rotation":270}
}
},
{
"from":[7.8432,10.6708,4.4988],
"to":[8.061949,11.46768,4.8738],
"rotation":{"origin":[7.91015,11.00801,4.5],"axis":"z","angle":45},
"faces":{
"up":{"uv":[11,15,12,16],"texture":"#0","rotation":270},
"north":{"uv":[11,15,12,16],"texture":"#0","rotation":270},
"south":{"uv":[11,15,12,16],"texture":"#0","rotation":270},
"west":{"uv":[11,15,12,16],"texture":"#0","rotation":270},
"east":{"uv":[11,15,12,16],"texture":"#0","rotation":270}
}
},
{
"from":[7.8432,10.6708,2.9988],
"to":[8.061949,11.46768,3.3738],
"rotation":{"origin":[7.91015,11.00801,3],"axis":"z","angle":45},
"faces":{
"up":{"uv":[11,15,12,16],"texture":"#0","rotation":270},
"north":{"uv":[11,15,12,16],"texture":"#0","rotation":270},
"south":{"uv":[11,15,12,16],"texture":"#0","rotation":270},
"west":{"uv":[11,15,12,16],"texture":"#0","rotation":270},
"east":{"uv":[11,15,12,16],"texture":"#0","rotation":270}
}
},
{
"from":[7.8432,10.6708,3.7488],
"to":[8.061949,11.46768,4.123799],
"rotation":{"origin":[7.91015,11.00801,3.75],"axis":"z","angle":45},
"faces":{
"up":{"uv":[11,15,12,16],"texture":"#0","rotation":270},
"north":{"uv":[11,15,12,16],"texture":"#0","rotation":270},
"south":{"uv":[11,15,12,16],"texture":"#0","rotation":270},
"west":{"uv":[11,15,12,16],"texture":"#0","rotation":270},
"east":{"uv":[11,15,12,16],"texture":"#0","rotation":270}
}
},
{
"from":[7.8432,10.6708,5.9988],
"to":[8.061949,11.46768,6.3738],
"rotation":{"origin":[7.91015,11.00801,6],"axis":"z","angle":45},
"faces":{
"up":{"uv":[11,15,12,16],"texture":"#0","rotation":270},
"north":{"uv":[11,15,12,16],"texture":"#0","rotation":270},
"south":{"uv":[11,15,12,16],"texture":"#0","rotation":270},
"west":{"uv":[11,15,12,16],"texture":"#0","rotation":270},
"east":{"uv":[11,15,12,16],"texture":"#0","rotation":270}
}
},
{
"from":[7.9603,10.7308,8.998799],
"to":[8.179049,11.52768,9.373799],
"rotation":{"origin":[8.02729,11.06801,9],"axis":"z","angle":-45},
"faces":{
"up":{"uv":[11,15,12,16],"texture":"#0","rotation":270},
"north":{"uv":[11,15,12,16],"texture":"#0","rotation":270},
"south":{"uv":[11,15,12,16],"texture":"#0","rotation":270},
"west":{"uv":[11,15,12,16],"texture":"#0","rotation":270},
"east":{"uv":[11,15,12,16],"texture":"#0","rotation":270}
}
},
{
"from":[7.9603,10.7308,8.248799],
"to":[8.179049,11.52768,8.623799],
"rotation":{"origin":[8.02729,11.06801,8.25],"axis":"z","angle":-45},
"faces":{
"up":{"uv":[11,15,12,16],"texture":"#0","rotation":270},
"north":{"uv":[11,15,12,16],"texture":"#0","rotation":270},
"south":{"uv":[11,15,12,16],"texture":"#0","rotation":270},
"west":{"uv":[11,15,12,16],"texture":"#0","rotation":270},
"east":{"uv":[11,15,12,16],"texture":"#0","rotation":270}
}
},
{
"from":[7.9603,10.7308,7.4988],
"to":[8.179049,11.52768,7.8738],
"rotation":{"origin":[8.02729,11.06801,7.5],"axis":"z","angle":-45},
"faces":{
"up":{"uv":[11,15,12,16],"texture":"#0","rotation":270},
"north":{"uv":[11,15,12,16],"texture":"#0","rotation":270},
"south":{"uv":[11,15,12,16],"texture":"#0","rotation":270},
"west":{"uv":[11,15,12,16],"texture":"#0","rotation":270},
"east":{"uv":[11,15,12,16],"texture":"#0","rotation":270}
}
},
{
"from":[7.9603,10.7308,6.7488],
"to":[8.179049,11.52768,7.1238],
"rotation":{"origin":[8.02729,11.06801,6.75],"axis":"z","angle":-45},
"faces":{
"up":{"uv":[11,15,12,16],"texture":"#0","rotation":270},
"north":{"uv":[11,15,12,16],"texture":"#0","rotation":270},
"south":{"uv":[11,15,12,16],"texture":"#0","rotation":270},
"west":{"uv":[11,15,12,16],"texture":"#0","rotation":270},
"east":{"uv":[11,15,12,16],"texture":"#0","rotation":270}
}
},
{
"from":[7.9603,10.7308,5.2488],
"to":[8.179049,11.52768,5.6238],
"rotation":{"origin":[8.02729,11.06801,5.25],"axis":"z","angle":-45},
"faces":{
"up":{"uv":[11,15,12,16],"texture":"#0","rotation":270},
"north":{"uv":[11,15,12,16],"texture":"#0","rotation":270},
"south":{"uv":[11,15,12,16],"texture":"#0","rotation":270},
"west":{"uv":[11,15,12,16],"texture":"#0","rotation":270},
"east":{"uv":[11,15,12,16],"texture":"#0","rotation":270}
}
},
{
"from":[7.9603,10.7308,4.4988],
"to":[8.179049,11.52768,4.8738],
"rotation":{"origin":[8.02729,11.06801,4.5],"axis":"z","angle":-45},
"faces":{
"up":{"uv":[11,15,12,16],"texture":"#0","rotation":270},
"north":{"uv":[11,15,12,16],"texture":"#0","rotation":270},
"south":{"uv":[11,15,12,16],"texture":"#0","rotation":270},
"west":{"uv":[11,15,12,16],"texture":"#0","rotation":270},
"east":{"uv":[11,15,12,16],"texture":"#0","rotation":270}
}
},
{
"from":[7.9603,10.7308,3.7488],
"to":[8.179049,11.52768,4.123799],
"rotation":{"origin":[8.02729,11.06801,3.75],"axis":"z","angle":-45},
"faces":{
"up":{"uv":[11,15,12,16],"texture":"#0","rotation":270},
"north":{"uv":[11,15,12,16],"texture":"#0","rotation":270},
"south":{"uv":[11,15,12,16],"texture":"#0","rotation":270},
"west":{"uv":[11,15,12,16],"texture":"#0","rotation":270},
"east":{"uv":[11,15,12,16],"texture":"#0","rotation":270}
}
},
{
"from":[7.9603,10.7308,2.9988],
"to":[8.179049,11.52768,3.3738],
"rotation":{"origin":[8.02729,11.06801,3],"axis":"z","angle":-45},
"faces":{
"up":{"uv":[11,15,12,16],"texture":"#0","rotation":270},
"north":{"uv":[11,15,12,16],"texture":"#0","rotation":270},
"south":{"uv":[11,15,12,16],"texture":"#0","rotation":270},
"west":{"uv":[11,15,12,16],"texture":"#0","rotation":270},
"east":{"uv":[11,15,12,16],"texture":"#0","rotation":270}
}
},
{
"from":[7.9603,10.7308,5.9988],
"to":[8.179049,11.52768,6.3738],
"rotation":{"origin":[8.02729,11.06801,6],"axis":"z","angle":-45},
"faces":{
"up":{"uv":[11,15,12,16],"texture":"#0","rotation":270},
"north":{"uv":[11,15,12,16],"texture":"#0","rotation":270},
"south":{"uv":[11,15,12,16],"texture":"#0","rotation":270},
"west":{"uv":[11,15,12,16],"texture":"#0","rotation":270},
"east":{"uv":[11,15,12,16],"texture":"#0","rotation":270}
}
},
{
"from":[7.1373,8.7821,-1.2504],
"to":[8.85605,9.0321,0.7496001],
"faces":{
"down":{"uv":[9,11,10,12],"texture":"#1","rotation":180},
"up":{"uv":[9,11,10,12],"texture":"#1","rotation":180},
"north":{"uv":[9,11,10,12],"texture":"#1","rotation":180},
"south":{"uv":[9,11,10,12],"texture":"#1","rotation":180},
"west":{"uv":[9,11,10,12],"texture":"#1","rotation":180},
"east":{"uv":[9,11,10,12],"texture":"#1","rotation":180}
}
},
{
"from":[7.3873,8.2821,-1.2504],
"to":[8.60605,8.9071,0.7496001],
"faces":{
"down":{"uv":[9,11,10,12],"texture":"#1","rotation":180},
"north":{"uv":[9,11,10,12],"texture":"#1","rotation":180},
"south":{"uv":[9,11,10,12],"texture":"#1","rotation":180},
"west":{"uv":[9,11,10,12],"texture":"#1","rotation":180},
"east":{"uv":[9,11,10,12],"texture":"#1","rotation":180}
}
},
{
"from":[7.1055,8.6515,-1.2504],
"to":[7.57425,9.0265,-0.6253999],
"rotation":{"origin":[7.96823,8.74443,-0.5],"axis":"z","angle":45},
"faces":{
"down":{"uv":[9,11,10,12],"texture":"#1","rotation":180},
"up":{"uv":[9,11,10,12],"texture":"#1","rotation":180},
"north":{"uv":[9,11,10,12],"texture":"#1","rotation":180},
"south":{"uv":[9,11,10,12],"texture":"#1","rotation":180},
"west":{"uv":[9,11,10,12],"texture":"#1","rotation":180}
}
},
{
"from":[8.0957,8.2765,-1.2504],
"to":[8.43945,8.7765,-0.6253999],
"rotation":{"origin":[8.58343,8.74443,-0.5],"axis":"z","angle":45},
"faces":{
"down":{"uv":[9,11,10,12],"texture":"#1","rotation":180},
"north":{"uv":[9,11,10,12],"texture":"#1","rotation":180},
"south":{"uv":[9,11,10,12],"texture":"#1","rotation":180},
"west":{"uv":[9,11,10,12],"texture":"#1","rotation":180},
"east":{"uv":[9,11,10,12],"texture":"#1","rotation":180}
}
},
{
"from":[8.0957,8.2765,-0.3754],
"to":[8.43945,8.7765,0.7496001],
"rotation":{"origin":[8.58343,8.74443,-0.625],"axis":"z","angle":45},
"faces":{
"down":{"uv":[9,11,10,12],"texture":"#1","rotation":180},
"north":{"uv":[9,11,10,12],"texture":"#1","rotation":180},
"south":{"uv":[9,11,10,12],"texture":"#1","rotation":180},
"west":{"uv":[9,11,10,12],"texture":"#1","rotation":180},
"east":{"uv":[9,11,10,12],"texture":"#1","rotation":180}
}
},
{
"from":[7.1055,8.6515,-0.3754],
"to":[7.57425,9.0265,0.7496001],
"rotation":{"origin":[7.96823,8.74443,-0.625],"axis":"z","angle":45},
"faces":{
"down":{"uv":[9,11,10,12],"texture":"#1","rotation":180},
"up":{"uv":[9,11,10,12],"texture":"#1","rotation":180},
"north":{"uv":[9,11,10,12],"texture":"#1","rotation":180},
"south":{"uv":[9,11,10,12],"texture":"#1","rotation":180},
"west":{"uv":[9,11,10,12],"texture":"#1","rotation":180}
}
},
{
"from":[7.4185,8.0633,-1.2504],
"to":[8.57475,8.28205,-0.6253999],
"faces":{
"down":{"uv":[9,11,10,12],"texture":"#1","rotation":180},
"north":{"uv":[9,11,10,12],"texture":"#1","rotation":180},
"south":{"uv":[9,11,10,12],"texture":"#1","rotation":180},
"west":{"uv":[9,11,10,12],"texture":"#1","rotation":180},
"east":{"uv":[9,11,10,12],"texture":"#1","rotation":180}
}
},
{
"from":[7.4185,8.0633,-0.3754],
"to":[8.57475,8.28205,0.7496001],
"faces":{
"down":{"uv":[9,11,10,12],"texture":"#1","rotation":180},
"north":{"uv":[9,11,10,12],"texture":"#1","rotation":180},
"south":{"uv":[9,11,10,12],"texture":"#1","rotation":180},
"west":{"uv":[9,11,10,12],"texture":"#1","rotation":180},
"east":{"uv":[9,11,10,12],"texture":"#1","rotation":180}
}
}
],
"display":{
"thirdperson_righthand":{
"rotation":[40,0,0],
"translation":[0,3,0],
"scale":[0.5,0.5,0.5]
},
"thirdperson_lefthand":{
"rotation":[40,0,0],
"translation":[0,3,0],
"scale":[0.5,0.5,0.5]
},
"firstperson_righthand":{
"translation":[-2.5,4,-2],
"scale":[0.55,0.55,0.55]
},
"firstperson_lefthand":{
"translation":[-2.5,4,-2],
"scale":[0.55,0.55,0.55]
},
"gui":{
"rotation":[-15,135,0],
"translation":[0,1,0],
"scale":[0.6,0.6,0.6]
},
"head":{
"translation":[0,12,0],
"scale":[0.6,0.6,0.6]
},
"ground":{
"rotation":[0,0,90],
"scale":[0.5,0.5,0.5]
},
"fixed":{
"rotation":[0,90,0],
"translation":[0,0,-1],
"scale":[0.7,0.7,0.7]
}
}
}