{
"elements":[
{
"from":[5.5,8,7.25],
"to":[6.75,9.5,8.75],
"faces":{
"down":{"uv":[5.5,7.25,6.75,8.75],"texture":"#texture1"},
"up":{"uv":[5.5,7.25,6.75,8.75],"texture":"#texture1"},
"north":{"uv":[9.25,6.5,10.5,8],"texture":"#texture1"},
"south":{"uv":[5.5,6.5,6.75,8],"texture":"#texture1"},
"west":{"uv":[7.25,6.5,8.75,8],"texture":"#texture1"},
"east":{"uv":[7.25,6.5,8.75,8],"texture":"#texture1"}
}
},
{
"from":[4.1875,9.5,7.8237],
"to":[4.3125,9.75,8.0737],
"rotation":{"origin":[4.1875,9.5,7.82375],"axis":"x","angle":45},
"faces":{
"down":{"uv":[4.1875,7.92625,4.3125,8.17625],"texture":"#texture1"},
"up":{"uv":[4.1875,7.82375,4.3125,8.07375],"texture":"#texture1"},
"north":{"uv":[11.6875,6.25,11.8125,6.5],"texture":"#texture1"},
"south":{"uv":[4.1875,6.25,4.3125,6.5],"texture":"#texture1"},
"west":{"uv":[7.82375,6.25,8.07375,6.5],"texture":"#texture1"},
"east":{"uv":[7.92625,6.25,8.17625,6.5],"texture":"#texture1"}
}
},
{
"from":[6.75,8,7.25],
"to":[8.25,8.75,8],
"faces":{
"down":{"uv":[6.75,8,8.25,8.75],"texture":"#texture1"},
"up":{"uv":[6.75,7.25,8.25,8],"texture":"#texture1"},
"north":{"uv":[7.75,7.25,9.25,8],"texture":"#texture1"},
"south":{"uv":[6.75,7.25,8.25,8],"texture":"#texture1"},
"west":{"uv":[7.25,7.25,8,8],"texture":"#texture1"},
"east":{"uv":[8,7.25,8.75,8],"texture":"#texture1"}
}
},
{
"from":[6.75,8,8],
"to":[8.25,9.5,8.75],
"faces":{
"down":{"uv":[6.75,7.25,8.25,8],"texture":"#texture1"},
"up":{"uv":[6.75,8,8.25,8.75],"texture":"#texture1"},
"north":{"uv":[7.75,6.5,9.25,8],"texture":"#texture1"},
"south":{"uv":[6.75,6.5,8.25,8],"texture":"#texture1"},
"west":{"uv":[8,6.5,8.75,8],"texture":"#texture1"},
"east":{"uv":[7.25,6.5,8,8],"texture":"#texture1"}
}
},
{
"from":[6.75,8.75,7.375],
"to":[8.25,9.375,8],
"faces":{
"down":{"uv":[6.75,8,8.25,8.625],"texture":"#texture1"},
"up":{"uv":[6.75,7.375,8.25,8],"texture":"#texture1"},
"north":{"uv":[7.75,6.625,9.25,7.25],"texture":"#texture1"},
"south":{"uv":[6.75,6.625,8.25,7.25],"texture":"#texture1"},
"west":{"uv":[7.375,6.625,8,7.25],"texture":"#texture1"},
"east":{"uv":[8,6.625,8.625,7.25],"texture":"#texture1"}
}
},
{
"from":[4,8,7.3125],
"to":[5.5,8.75,8.6875],
"faces":{
"down":{"uv":[4,7.3125,5.5,8.6875],"texture":"#texture1"},
"up":{"uv":[4,7.3125,5.5,8.6875],"texture":"#texture1"},
"north":{"uv":[10.5,7.25,12,8],"texture":"#texture1"},
"south":{"uv":[4,7.25,5.5,8],"texture":"#texture1"},
"west":{"uv":[7.3125,7.25,8.6875,8],"texture":"#texture1"},
"east":{"uv":[7.3125,7.25,8.6875,8],"texture":"#texture1"}
}
},
{
"from":[10.875,6.9375,7.375],
"to":[11.1875,7.4375,8.625],
"rotation":{"origin":[10.875,7.4375,7.375],"axis":"z","angle":-22.5},
"faces":{
"down":{"uv":[10.68366,7.375,10.99616,8.625],"texture":"#texture"},
"up":{"uv":[10.68366,7.375,10.99616,8.625],"texture":"#texture"},
"north":{"uv":[5.003841,8.52444,5.316341,9.02444],"texture":"#texture"},
"south":{"uv":[10.68366,8.52444,10.99616,9.02444],"texture":"#texture"},
"west":{"uv":[7.375,8.52444,8.625,9.02444],"texture":"#texture"},
"east":{"uv":[7.375,8.52444,8.625,9.02444],"texture":"#texture"}
}
},
{
"from":[10.625,7.875,7.625],
"to":[12.25,8.25,8.375],
"rotation":{"origin":[10.625,8.25,7.625],"axis":"z","angle":-22.5},
"faces":{
"down":{"uv":[10.48149,7.625,12.10649,8.375],"texture":"#texture1"},
"up":{"uv":[10.48149,7.625,12.10649,8.375],"texture":"#texture1"},
"north":{"uv":[3.893506,7.721455,5.518506,8.096455],"texture":"#texture1"},
"south":{"uv":[10.48149,7.721455,12.10649,8.096455],"texture":"#texture1"},
"west":{"uv":[7.625,7.721455,8.375,8.096455],"texture":"#texture1"},
"east":{"uv":[7.625,7.721455,8.375,8.096455],"texture":"#texture1"}
}
},
{
"from":[8.25,8,7.25],
"to":[11,9.5,8.75],
"faces":{
"down":{"uv":[8.25,7.25,11,8.75],"texture":"#texture1"},
"up":{"uv":[8.25,7.25,11,8.75],"texture":"#texture1"},
"north":{"uv":[5,6.5,7.75,8],"texture":"#texture1"},
"south":{"uv":[8.25,6.5,11,8],"texture":"#texture1"},
"west":{"uv":[7.25,6.5,8.75,8],"texture":"#texture1"},
"east":{"uv":[7.25,6.5,8.75,8],"texture":"#texture1"}
}
},
{
"from":[10.625,7.875,7.375],
"to":[12.25,8.25,7.625],
"rotation":{"origin":[10.625,8.25,7.375],"axis":"z","angle":-22.5},
"faces":{
"down":{"uv":[10.48149,8.375,12.10649,8.625],"texture":"#texture"},
"up":{"uv":[10.48149,7.375,12.10649,7.625],"texture":"#texture"},
"north":{"uv":[3.893506,7.721455,5.518506,8.096455],"texture":"#texture"},
"south":{"uv":[10.48149,7.721455,12.10649,8.096455],"texture":"#texture"},
"west":{"uv":[7.375,7.721455,7.625,8.096455],"texture":"#texture"},
"east":{"uv":[8.375,7.721455,8.625,8.096455],"texture":"#texture"}
}
},
{
"from":[10.625,7.875,8.375],
"to":[12.25,8.25,8.625],
"rotation":{"origin":[10.625,8.25,8.375],"axis":"z","angle":-22.5},
"faces":{
"down":{"uv":[10.48149,7.375,12.10649,7.625],"texture":"#texture"},
"up":{"uv":[10.48149,8.375,12.10649,8.625],"texture":"#texture"},
"north":{"uv":[3.893506,7.721455,5.518506,8.096455],"texture":"#texture"},
"south":{"uv":[10.48149,7.721455,12.10649,8.096455],"texture":"#texture"},
"west":{"uv":[8.375,7.721455,8.625,8.096455],"texture":"#texture"},
"east":{"uv":[7.375,7.721455,7.625,8.096455],"texture":"#texture"}
}
},
{
"from":[10.625,8.25,7.75],
"to":[11,9.375,8.125],
"rotation":{"origin":[11,8.25,7.75],"axis":"z","angle":-22.5},
"faces":{
"down":{"uv":[10.65355,7.875,11.02855,8.25],"texture":"#texture1"},
"up":{"uv":[10.65355,7.75,11.02855,8.125],"texture":"#texture1"},
"north":{"uv":[4.971455,6.481494,5.346455,7.606494],"texture":"#texture1"},
"south":{"uv":[10.65355,6.481494,11.02855,7.606494],"texture":"#texture1"},
"west":{"uv":[7.75,6.481494,8.125,7.606494],"texture":"#texture1"},
"east":{"uv":[7.875,6.481494,8.25,7.606494],"texture":"#texture1"}
}
},
{
"from":[8.375,3,7.375],
"to":[10.375,8,8.625],
"rotation":{"origin":[8.375,8,7.375],"axis":"z","angle":22.5},
"faces":{
"down":{"uv":[10.28841,7.375,12.28841,8.625],"texture":"#texture"},
"up":{"uv":[10.28841,7.375,12.28841,8.625],"texture":"#texture"},
"north":{"uv":[3.711589,7.619401,5.711589,12.6194],"texture":"#texture"},
"south":{"uv":[10.28841,7.619401,12.28841,12.6194],"texture":"#texture"},
"west":{"uv":[7.375,7.619401,8.625,12.6194],"texture":"#texture"},
"east":{"uv":[7.375,7.619401,8.625,12.6194],"texture":"#texture"}
}
},
{
"from":[10.5625,7.625,7.375],
"to":[11.1875,7.875,8.625],
"faces":{
"down":{"uv":[10.5625,7.375,11.1875,8.625],"texture":"#texture"},
"up":{"uv":[10.5625,7.375,11.1875,8.625],"texture":"#texture"},
"north":{"uv":[4.812499,8.125,5.437499,8.375],"texture":"#texture"},
"south":{"uv":[10.5625,8.125,11.1875,8.375],"texture":"#texture"},
"west":{"uv":[7.375,8.125,8.625,8.375],"texture":"#texture"},
"east":{"uv":[7.375,8.125,8.625,8.375],"texture":"#texture"}
}
},
{
"from":[10.6875,7.3125,7.375],
"to":[11.9375,7.625,8.625],
"faces":{
"down":{"uv":[10.6875,7.375,11.9375,8.625],"texture":"#texture"},
"up":{"uv":[10.6875,7.375,11.9375,8.625],"texture":"#texture"},
"north":{"uv":[4.062499,8.375,5.312499,8.6875],"texture":"#texture"},
"south":{"uv":[10.6875,8.375,11.9375,8.6875],"texture":"#texture"},
"west":{"uv":[7.375,8.375,8.625,8.6875],"texture":"#texture"},
"east":{"uv":[7.375,8.375,8.625,8.6875],"texture":"#texture"}
}
},
{
"from":[7,6,7.75],
"to":[9.25,6.25,8.25],
"faces":{
"down":{"uv":[7.000001,7.75,9.250001,8.25],"texture":"#texture"},
"up":{"uv":[7.000001,7.75,9.250001,8.25],"texture":"#texture"},
"north":{"uv":[6.749999,9.75,8.999999,10],"texture":"#texture"},
"south":{"uv":[7.000001,9.75,9.250001,10],"texture":"#texture"},
"west":{"uv":[7.75,9.75,8.25,10],"texture":"#texture"},
"east":{"uv":[7.75,9.75,8.25,10],"texture":"#texture"}
}
},
{
"from":[7,7.5,7.375],
"to":[8,8,8.625],
"faces":{
"down":{"uv":[7.000001,7.375,8.000001,8.625],"texture":"#texture1"},
"up":{"uv":[7.000001,7.375,8.000001,8.625],"texture":"#texture1"},
"north":{"uv":[7.999999,8,8.999999,8.5],"texture":"#texture1"},
"south":{"uv":[7.000001,8,8.000001,8.5],"texture":"#texture1"},
"west":{"uv":[7.375,8,8.625,8.5],"texture":"#texture1"},
"east":{"uv":[7.375,8,8.625,8.5],"texture":"#texture1"}
}
},
{
"from":[5.5,6.75,7.5],
"to":[7,7.375,8.5],
"faces":{
"down":{"uv":[5.500001,7.5,7.000001,8.5],"texture":"#texture2"},
"up":{"uv":[5.500001,7.5,7.000001,8.5],"texture":"#texture2"},
"north":{"uv":[8.999999,8.625,10.5,9.25],"texture":"#texture2"},
"south":{"uv":[5.500001,8.625,7.000001,9.25],"texture":"#texture2"},
"west":{"uv":[7.5,8.625,8.5,9.25],"texture":"#texture2"},
"east":{"uv":[7.5,8.625,8.5,9.25],"texture":"#texture2"}
}
},
{
"from":[5.5,6,7.6875],
"to":[7,6.75,8.3125],
"faces":{
"down":{"uv":[5.500001,7.6875,7.000001,8.3125],"texture":"#texture2"},
"up":{"uv":[5.500001,7.6875,7.000001,8.3125],"texture":"#texture2"},
"north":{"uv":[8.999999,9.25,10.5,10],"texture":"#texture2"},
"south":{"uv":[5.500001,9.25,7.000001,10],"texture":"#texture2"},
"west":{"uv":[7.6875,9.25,8.3125,10],"texture":"#texture2"},
"east":{"uv":[7.6875,9.25,8.3125,10],"texture":"#texture2"}
}
},
{
"from":[5.5,7.5,7.125],
"to":[7,8,8.875],
"faces":{
"down":{"uv":[5.500001,7.125,7.000001,8.875],"texture":"#texture2"},
"up":{"uv":[5.500001,7.125,7.000001,8.875],"texture":"#texture2"},
"north":{"uv":[8.999999,8,10.5,8.5],"texture":"#texture2"},
"south":{"uv":[5.500001,8,7.000001,8.5],"texture":"#texture2"},
"west":{"uv":[7.125,8,8.875,8.5],"texture":"#texture2"},
"east":{"uv":[7.125,8,8.875,8.5],"texture":"#texture2"}
}
},
{
"from":[5.5,7.4375,7.25],
"to":[7,7.5,7.375],
"faces":{
"down":{"uv":[5.500001,8.625,7.000001,8.75],"texture":"#texture2"},
"up":{"uv":[5.500001,7.25,7.000001,7.375],"texture":"#texture2"},
"north":{"uv":[8.999999,8.5,10.5,8.5625],"texture":"#texture2"},
"south":{"uv":[5.500001,8.5,7.000001,8.5625],"texture":"#texture2"},
"west":{"uv":[7.25,8.5,7.375,8.5625],"texture":"#texture2"},
"east":{"uv":[8.625,8.5,8.75,8.5625],"texture":"#texture2"}
}
},
{
"from":[5.5,7.375,7.375],
"to":[7,7.5,8.625],
"faces":{
"down":{"uv":[5.500001,7.375,7.000001,8.625],"texture":"#texture2"},
"up":{"uv":[5.500001,7.375,7.000001,8.625],"texture":"#texture2"},
"north":{"uv":[8.999999,8.5,10.5,8.625],"texture":"#texture2"},
"south":{"uv":[5.500001,8.5,7.000001,8.625],"texture":"#texture2"},
"west":{"uv":[7.375,8.5,8.625,8.625],"texture":"#texture2"},
"east":{"uv":[7.375,8.5,8.625,8.625],"texture":"#texture2"}
}
},
{
"from":[5.5,7.4375,8.625],
"to":[7,7.5,8.75],
"faces":{
"down":{"uv":[5.500001,7.25,7.000001,7.375],"texture":"#texture2"},
"up":{"uv":[5.500001,8.625,7.000001,8.75],"texture":"#texture2"},
"north":{"uv":[8.999999,8.5,10.5,8.5625],"texture":"#texture2"},
"south":{"uv":[5.500001,8.5,7.000001,8.5625],"texture":"#texture2"},
"west":{"uv":[8.625,8.5,8.75,8.5625],"texture":"#texture2"},
"east":{"uv":[7.25,8.5,7.375,8.5625],"texture":"#texture2"}
}
},
{
"from":[5.5,6.25,7.625],
"to":[7,6.75,7.6875],
"faces":{
"down":{"uv":[5.500001,8.3125,7.000001,8.375],"texture":"#texture2"},
"up":{"uv":[5.500001,7.625,7.000001,7.6875],"texture":"#texture2"},
"north":{"uv":[8.999999,9.25,10.5,9.75],"texture":"#texture2"},
"south":{"uv":[5.500001,9.25,7.000001,9.75],"texture":"#texture2"},
"west":{"uv":[7.625,9.25,7.6875,9.75],"texture":"#texture2"},
"east":{"uv":[8.3125,9.25,8.375,9.75],"texture":"#texture2"}
}
},
{
"from":[5.5,7.0625,8.5],
"to":[7,7.375,8.5625],
"faces":{
"down":{"uv":[5.500001,7.4375,7.000001,7.5],"texture":"#texture2"},
"up":{"uv":[5.500001,8.5,7.000001,8.5625],"texture":"#texture2"},
"north":{"uv":[8.999999,8.625,10.5,8.9375],"texture":"#texture2"},
"south":{"uv":[5.500001,8.625,7.000001,8.9375],"texture":"#texture2"},
"west":{"uv":[8.5,8.625,8.5625,8.9375],"texture":"#texture2"},
"east":{"uv":[7.4375,8.625,7.5,8.9375],"texture":"#texture2"}
}
},
{
"from":[5.5,7.0625,7.4375],
"to":[7,7.375,7.5],
"faces":{
"down":{"uv":[5.500001,8.5,7.000001,8.5625],"texture":"#texture2"},
"up":{"uv":[5.500001,7.4375,7.000001,7.5],"texture":"#texture2"},
"north":{"uv":[8.999999,8.625,10.5,8.9375],"texture":"#texture2"},
"south":{"uv":[5.500001,8.625,7.000001,8.9375],"texture":"#texture2"},
"west":{"uv":[7.4375,8.625,7.5,8.9375],"texture":"#texture2"},
"east":{"uv":[8.5,8.625,8.5625,8.9375],"texture":"#texture2"}
}
},
{
"from":[5.25,6.4375,7.75],
"to":[5.5,6.9375,8.25],
"faces":{
"down":{"uv":[7,15.125,7.999999,16],"texture":"#texture3"},
"up":{"uv":[7,15.125,7.999999,16],"texture":"#texture3"},
"north":{"uv":[7,15.125,7.999999,16],"texture":"#texture3"},
"south":{"uv":[7,15.125,7.999999,16],"texture":"#texture3"},
"west":{"uv":[7,15.125,7.999999,16],"texture":"#texture3"},
"east":{"uv":[7,15.125,7.999999,16],"texture":"#texture3"}
}
},
{
"from":[5.5,6.5,7.5625],
"to":[7,6.75,7.625],
"faces":{
"down":{"uv":[5.500001,8.375,7.000001,8.4375],"texture":"#texture2"},
"up":{"uv":[5.500001,7.5625,7.000001,7.625],"texture":"#texture2"},
"north":{"uv":[8.999999,9.25,10.5,9.5],"texture":"#texture2"},
"south":{"uv":[5.500001,9.25,7.000001,9.5],"texture":"#texture2"},
"west":{"uv":[7.5625,9.25,7.625,9.5],"texture":"#texture2"},
"east":{"uv":[8.375,9.25,8.4375,9.5],"texture":"#texture2"}
}
},
{
"from":[5.5,6.5,8.375],
"to":[7,6.75,8.4375],
"faces":{
"down":{"uv":[5.500001,7.5625,7.000001,7.625],"texture":"#texture2"},
"up":{"uv":[5.500001,8.375,7.000001,8.4375],"texture":"#texture2"},
"north":{"uv":[8.999999,9.25,10.5,9.5],"texture":"#texture2"},
"south":{"uv":[5.500001,9.25,7.000001,9.5],"texture":"#texture2"},
"west":{"uv":[8.375,9.25,8.4375,9.5],"texture":"#texture2"},
"east":{"uv":[7.5625,9.25,7.625,9.5],"texture":"#texture2"}
}
},
{
"from":[8,7.5,7.375],
"to":[8.625,8,8.625],
"faces":{
"down":{"uv":[8.000001,7.375,8.625001,8.625],"texture":"#texture"},
"up":{"uv":[8.000001,7.375,8.625001,8.625],"texture":"#texture"},
"north":{"uv":[7.374999,8,7.999999,8.5],"texture":"#texture"},
"south":{"uv":[8.000001,8,8.625001,8.5],"texture":"#texture"},
"west":{"uv":[7.375,8,8.625,8.5],"texture":"#texture"},
"east":{"uv":[7.375,8,8.625,8.5],"texture":"#texture"}
}
},
{
"from":[8.125,6.5,7.875],
"to":[8.375,7,8.125],
"rotation":{"origin":[8.375,7,7.875],"axis":"z","angle":-22.5},
"faces":{
"down":{"uv":[7.952688,7.875,8.202688,8.125],"texture":"#texture"},
"up":{"uv":[7.952688,7.875,8.202688,8.125],"texture":"#texture"},
"north":{"uv":[7.797312,8.866269,8.047312,9.366269],"texture":"#texture"},
"south":{"uv":[7.952688,8.866269,8.202688,9.366269],"texture":"#texture"},
"west":{"uv":[7.875,8.866269,8.125,9.366269],"texture":"#texture"},
"east":{"uv":[7.875,8.866269,8.125,9.366269],"texture":"#texture"}
}
},
{
"from":[8.125,7,7.875],
"to":[8.375,7.5,8.125],
"faces":{
"down":{"uv":[8.125,7.875,8.375,8.125],"texture":"#texture"},
"up":{"uv":[8.125,7.875,8.375,8.125],"texture":"#texture"},
"north":{"uv":[7.625,8.5,7.875,9],"texture":"#texture"},
"south":{"uv":[8.125,8.5,8.375,9],"texture":"#texture"},
"west":{"uv":[7.875,8.5,8.125,9],"texture":"#texture"},
"east":{"uv":[7.875,8.5,8.125,9],"texture":"#texture"}
}
},
{
"from":[5.5,6.25,8.3125],
"to":[7,6.75,8.375],
"faces":{
"down":{"uv":[5.500001,7.625,7.000001,7.6875],"texture":"#texture2"},
"up":{"uv":[5.500001,8.3125,7.000001,8.375],"texture":"#texture2"},
"north":{"uv":[8.999999,9.25,10.5,9.75],"texture":"#texture2"},
"south":{"uv":[5.500001,9.25,7.000001,9.75],"texture":"#texture2"},
"west":{"uv":[8.3125,9.25,8.375,9.75],"texture":"#texture2"},
"east":{"uv":[7.625,9.25,7.6875,9.75],"texture":"#texture2"}
}
},
{
"from":[4,8.75,7.25],
"to":[5.5,9.5,8.75],
"faces":{
"down":{"uv":[4,7.25,5.5,8.75],"texture":"#texture1"},
"up":{"uv":[4,7.25,5.5,8.75],"texture":"#texture1"},
"north":{"uv":[10.5,6.5,12,7.25],"texture":"#texture1"},
"south":{"uv":[4,6.5,5.5,7.25],"texture":"#texture1"},
"west":{"uv":[7.25,6.5,8.75,7.25],"texture":"#texture1"},
"east":{"uv":[7.25,6.5,8.75,7.25],"texture":"#texture1"}
}
},
{
"from":[-2,8.6875,7.125],
"to":[4,9.3125,8.875],
"faces":{
"down":{"uv":[0,7.125,4,8.875],"texture":"#texture1"},
"up":{"uv":[0,7.125,4,8.875],"texture":"#texture1"},
"north":{"uv":[12,6.6875,16,7.3125],"texture":"#texture1"},
"south":{"uv":[0,6.6875,4,7.3125],"texture":"#texture1"},
"west":{"uv":[7.125,6.6875,8.875,7.3125],"texture":"#texture1"},
"east":{"uv":[7.125,6.6875,8.875,7.3125],"texture":"#texture1"}
}
},
{
"from":[-2,8.6875,7.125],
"to":[4,9.0625,7.91342],
"rotation":{"origin":[-2,8.6875,7.125],"axis":"x","angle":45},
"faces":{
"down":{"uv":[0,8.08658,4,8.875],"texture":"#texture1"},
"up":{"uv":[0,7.125,4,7.91342],"texture":"#texture1"},
"north":{"uv":[12,6.9375,16,7.3125],"texture":"#texture1"},
"south":{"uv":[0,6.9375,4,7.3125],"texture":"#texture1"},
"west":{"uv":[7.125,6.9375,7.91342,7.3125],"texture":"#texture1"},
"east":{"uv":[8.08658,6.9375,8.875,7.3125],"texture":"#texture1"}
}
},
{
"from":[-2,8.125,7.6875],
"to":[4,9.875,8.3125],
"faces":{
"down":{"uv":[0,7.6875,4,8.3125],"texture":"#texture1"},
"up":{"uv":[0,7.6875,4,8.3125],"texture":"#texture1"},
"north":{"uv":[12,6.125,16,7.875],"texture":"#texture1"},
"south":{"uv":[0,6.125,4,7.875],"texture":"#texture1"},
"west":{"uv":[7.6875,6.125,8.3125,7.875],"texture":"#texture1"},
"east":{"uv":[7.6875,6.125,8.3125,7.875],"texture":"#texture1"}
}
},
{
"from":[-2,9.3125,8.5],
"to":[4,10.10092,8.875],
"rotation":{"origin":[-2,9.3125,8.875],"axis":"x","angle":-45},
"faces":{
"down":{"uv":[0,7.015165,4,7.390165],"texture":"#texture1"},
"up":{"uv":[0,8.609835,4,8.984835],"texture":"#texture1"},
"north":{"uv":[12,6.164246,16,6.952665],"texture":"#texture1"},
"south":{"uv":[0,6.164246,4,6.952665],"texture":"#texture1"},
"west":{"uv":[8.609835,6.164246,8.984835,6.952665],"texture":"#texture1"},
"east":{"uv":[7.015165,6.164246,7.390165,6.952665],"texture":"#texture1"}
}
},
{
"from":[-2,9.5,6.8991],
"to":[4,9.875,7.68752],
"rotation":{"origin":[-2,9.875,7.6875],"axis":"x","angle":-45},
"faces":{
"down":{"uv":[0,7.816412,4,8.604832],"texture":"#texture1"},
"up":{"uv":[0,7.395168,4,8.183588],"texture":"#texture1"},
"north":{"uv":[12,6.572663,16,6.947663],"texture":"#texture1"},
"south":{"uv":[0,6.572663,4,6.947663],"texture":"#texture1"},
"west":{"uv":[7.395168,6.572663,8.183588,6.947663],"texture":"#texture1"},
"east":{"uv":[7.816411,6.572663,8.604832,6.947663],"texture":"#texture1"}
}
},
{
"from":[-2,8.125,8.3125],
"to":[4,8.5,9.10092],
"rotation":{"origin":[-2,8.125,8.3125],"axis":"x","angle":-45},
"faces":{
"down":{"uv":[0,6.89908,4,7.6875],"texture":"#texture1"},
"up":{"uv":[0,8.3125,4,9.10092],"texture":"#texture1"},
"north":{"uv":[12,7.5,16,7.875],"texture":"#texture1"},
"south":{"uv":[0,7.5,4,7.875],"texture":"#texture1"},
"west":{"uv":[8.3125,7.5,9.10092,7.875],"texture":"#texture1"},
"east":{"uv":[6.89908,7.5,7.6875,7.875],"texture":"#texture1"}
}
}
],
"display":{
"thirdperson_righthand":{
"rotation":[-180,-90,130],
"translation":[0,2,2],
"scale":[0.9,0.9,0.9]
},
"thirdperson_lefthand":{
"rotation":[-180,90,-130],
"translation":[0,2,2],
"scale":[0.9,0.9,0.9]
},
"firstperson_righthand":{
"rotation":[0,-90,0],
"translation":[-2.5,3.5,-2]
},
"firstperson_lefthand":{
"rotation":[0,90,0],
"translation":[-2.5,3.5,-2]
},
"gui":{
"rotation":[-15,40,0],
"translation":[1,0,0],
"scale":[0.75,0.75,0.75]
},
"head":{
"rotation":[0,-90,0],
"translation":[0,12,0]
},
"ground":{
"rotation":[90,0,0],
"scale":[0.8,0.8,0.8]
},
"fixed":{
"translation":[0,0,-1]
}
}
}