{
"__comment":"Made by Breaks, guncolony.com ©",
"textures":{
"1":"guns/normalguntexture",
"2":"blocks/concrete_lime"
},
"elements":[
{
"from":[7.4885,3.3508,13.6045],
"to":[8.4885,3.44455,15.667],
"faces":{
"down":{"uv":[1,1,2,2],"texture":"#1","cullface":"south"},
"up":{"uv":[1,1,2,2],"texture":"#1","cullface":"south"},
"north":{"uv":[1,1,2,2],"texture":"#1","cullface":"south"},
"west":{"uv":[1,1,2,2],"texture":"#1","cullface":"south"},
"east":{"uv":[1,1,2,2],"texture":"#1","cullface":"south"}
}
},
{
"from":[7.4885,4.7258,13.5107],
"to":[8.4885,5.0383,15.9482],
"faces":{
"down":{"uv":[14,12,15,13],"texture":"#1","cullface":"south"},
"up":{"uv":[14,12,15,13],"texture":"#1","cullface":"south"},
"north":{"uv":[14,12,15,13],"texture":"#1","cullface":"south"},
"south":{"uv":[14,12,15,13],"texture":"#1","cullface":"south"},
"west":{"uv":[14,12,15,13],"texture":"#1","cullface":"south"},
"east":{"uv":[14,12,15,13],"texture":"#1","cullface":"south"}
}
},
{
"from":[7.4885,7.0383,12.9795],
"to":[8.4885,7.2883,15.2295],
"faces":{
"down":{"uv":[14,12,15,13],"texture":"#1"},
"north":{"uv":[14,12,15,13],"texture":"#1"},
"south":{"uv":[14,12,15,13],"texture":"#1","cullface":"south"},
"west":{"uv":[14,12,15,13],"texture":"#1"},
"east":{"uv":[14,12,15,13],"texture":"#1"}
}
},
{
"from":[7.4885,5.0383,13.417],
"to":[8.4885,5.38205,15.88575],
"faces":{
"down":{"uv":[14,12,15,13],"texture":"#1","cullface":"south"},
"up":{"uv":[14,12,15,13],"texture":"#1","cullface":"south"},
"north":{"uv":[14,12,15,13],"texture":"#1","cullface":"south"},
"south":{"uv":[14,12,15,13],"texture":"#1","cullface":"south"},
"west":{"uv":[14,12,15,13],"texture":"#1","cullface":"south"},
"east":{"uv":[14,12,15,13],"texture":"#1","cullface":"south"}
}
},
{
"from":[7.4885,5.6633,13.292],
"to":[8.4885,5.8508,15.76075],
"faces":{
"down":{"uv":[14,12,15,13],"texture":"#1","cullface":"south"},
"up":{"uv":[14,12,15,13],"texture":"#1","cullface":"south"},
"north":{"uv":[14,12,15,13],"texture":"#1","cullface":"south"},
"south":{"uv":[14,12,15,13],"texture":"#1","cullface":"south"},
"west":{"uv":[14,12,15,13],"texture":"#1","cullface":"south"},
"east":{"uv":[14,12,15,13],"texture":"#1","cullface":"south"}
}
},
{
"from":[7.4885,6.2883,13.1357],
"to":[8.4885,6.5383,15.5107],
"faces":{
"down":{"uv":[14,12,15,13],"texture":"#1","cullface":"south"},
"up":{"uv":[14,12,15,13],"texture":"#1","cullface":"south"},
"north":{"uv":[14,12,15,13],"texture":"#1","cullface":"south"},
"south":{"uv":[14,12,15,13],"texture":"#1","cullface":"south"},
"west":{"uv":[14,12,15,13],"texture":"#1","cullface":"south"},
"east":{"uv":[14,12,15,13],"texture":"#1","cullface":"south"}
}
},
{
"from":[7.4885,6.5383,13.0732],
"to":[8.4885,6.6633,15.4482],
"faces":{
"down":{"uv":[14,12,15,13],"texture":"#1","cullface":"south"},
"up":{"uv":[14,12,15,13],"texture":"#1","cullface":"south"},
"north":{"uv":[14,12,15,13],"texture":"#1","cullface":"south"},
"south":{"uv":[14,12,15,13],"texture":"#1","cullface":"south"},
"west":{"uv":[14,12,15,13],"texture":"#1","cullface":"south"},
"east":{"uv":[14,12,15,13],"texture":"#1","cullface":"south"}
}
},
{
"from":[7.4885,7.5383,12.7295],
"to":[8.4885,7.63205,15.542],
"faces":{
"down":{"uv":[14,12,15,13],"texture":"#1","cullface":"south"},
"north":{"uv":[14,12,15,13],"texture":"#1","cullface":"south"},
"south":{"uv":[14,12,15,13],"texture":"#1","cullface":"south"},
"west":{"uv":[14,12,15,13],"texture":"#1","cullface":"south"},
"east":{"uv":[14,12,15,13],"texture":"#1","cullface":"south"}
}
},
{
"from":[7.4885,6.7883,13.042],
"to":[8.4885,6.9133,15.32325],
"faces":{
"down":{"uv":[14,12,15,13],"texture":"#1"},
"up":{"uv":[14,12,15,13],"texture":"#1"},
"north":{"uv":[14,12,15,13],"texture":"#1"},
"south":{"uv":[14,12,15,13],"texture":"#1","cullface":"south"},
"west":{"uv":[14,12,15,13],"texture":"#1"},
"east":{"uv":[14,12,15,13],"texture":"#1"}
}
},
{
"from":[7.4885,7.2883,12.9482],
"to":[8.4885,7.38205,15.2607],
"faces":{
"down":{"uv":[14,12,15,13],"texture":"#1"},
"north":{"uv":[14,12,15,13],"texture":"#1"},
"south":{"uv":[14,12,15,13],"texture":"#1","cullface":"south"},
"west":{"uv":[14,12,15,13],"texture":"#1"},
"east":{"uv":[14,12,15,13],"texture":"#1"}
}
},
{
"from":[7.4885,7.7883,12.2295],
"to":[8.4885,7.9133,16.01075],
"faces":{
"down":{"uv":[14,12,15,13],"texture":"#1","cullface":"south"},
"up":{"uv":[14,12,15,13],"texture":"#1","cullface":"south"},
"north":{"uv":[14,12,15,13],"texture":"#1","cullface":"south"},
"south":{"uv":[14,12,15,13],"texture":"#1","cullface":"south"},
"west":{"uv":[14,12,15,13],"texture":"#1","cullface":"south"},
"east":{"uv":[14,12,15,13],"texture":"#1","cullface":"south"}
}
},
{
"from":[7.4885,8.0383,10.9795],
"to":[8.4885,8.1633,13.542],
"faces":{
"north":{"uv":[7.5,6.5,8.5,7.5],"texture":"#1","cullface":"south"},
"west":{"uv":[7.5,6.5,8.5,7.5],"texture":"#1","cullface":"south"},
"east":{"uv":[7.5,6.5,8.5,7.5],"texture":"#1","cullface":"south"}
}
},
{
"from":[7.4885,7.9133,13.542],
"to":[8.4885,8.0383,15.9795],
"faces":{
"up":{"uv":[14,12,15,13],"texture":"#1","cullface":"south"},
"south":{"uv":[14,12,15,13],"texture":"#1","cullface":"south"},
"west":{"uv":[14,12,15,13],"texture":"#1","cullface":"south"},
"east":{"uv":[14,12,15,13],"texture":"#1","cullface":"south"}
}
},
{
"from":[7.4885,8.2883,7.6045],
"to":[8.4885,8.4133,13.542],
"faces":{
"down":{"uv":[7.5,6.5,8.5,7.5],"texture":"#1","cullface":"south"},
"north":{"uv":[7.5,6.5,8.5,7.5],"texture":"#1","cullface":"south"},
"west":{"uv":[7.5,6.5,8.5,7.5],"texture":"#1","cullface":"south"},
"east":{"uv":[7.5,6.5,8.5,7.5],"texture":"#1","cullface":"south"}
}
},
{
"from":[7.4572,8.4133,6.9795],
"to":[8.519699,8.44455,15.792],
"faces":{
"down":{"uv":[7.5,6.5,8.5,7.5],"texture":"#1","cullface":"south"},
"north":{"uv":[7.5,6.5,8.5,7.5],"texture":"#1","cullface":"south"},
"south":{"uv":[7.5,6.5,8.5,7.5],"texture":"#1","cullface":"south"},
"west":{"uv":[7.5,6.5,8.5,7.5],"texture":"#1","cullface":"south"},
"east":{"uv":[7.5,6.5,8.5,7.5],"texture":"#1","cullface":"south"}
}
},
{
"from":[7.4885,8.1633,13.542],
"to":[8.4885,8.2883,15.8545],
"faces":{
"up":{"uv":[14,12,15,13],"texture":"#1","cullface":"south"},
"south":{"uv":[14,12,15,13],"texture":"#1","cullface":"south"},
"west":{"uv":[14,12,15,13],"texture":"#1","cullface":"south"},
"east":{"uv":[14,12,15,13],"texture":"#1","cullface":"south"}
}
},
{
"from":[7.3947,8.6633,6.9795],
"to":[8.5822,8.7883,15.7295],
"faces":{
"up":{"uv":[7.5,6.5,8.5,7.5],"texture":"#1","cullface":"south"},
"north":{"uv":[7.5,6.5,8.5,7.5],"texture":"#1","cullface":"south"},
"south":{"uv":[7.5,6.5,8.5,7.5],"texture":"#1","cullface":"south"},
"west":{"uv":[7.5,6.5,8.5,7.5],"texture":"#1","cullface":"south"},
"east":{"uv":[7.5,6.5,8.5,7.5],"texture":"#1","cullface":"south"}
}
},
{
"from":[7.3947,8.5383,6.9795],
"to":[8.5822,8.6633,15.76075],
"faces":{
"up":{"uv":[7.5,6.5,8.5,7.5],"texture":"#1","cullface":"south"},
"north":{"uv":[7.5,6.5,8.5,7.5],"texture":"#1","cullface":"south"},
"south":{"uv":[7.5,6.5,8.5,7.5],"texture":"#1","cullface":"south"},
"west":{"uv":[7.5,6.5,8.5,7.5],"texture":"#1","cullface":"south"},
"east":{"uv":[7.5,6.5,8.5,7.5],"texture":"#1","cullface":"south"}
}
},
{
"from":[7.4885,8.9133,6.9795],
"to":[8.4885,9.0383,15.69825],
"faces":{
"up":{"uv":[7.5,6.5,8.5,7.5],"texture":"#1","cullface":"south"},
"north":{"uv":[7.5,6.5,8.5,7.5],"texture":"#1","cullface":"south"},
"south":{"uv":[7.5,6.5,8.5,7.5],"texture":"#1","cullface":"south"},
"west":{"uv":[7.5,6.5,8.5,7.5],"texture":"#1","cullface":"south"},
"east":{"uv":[7.5,6.5,8.5,7.5],"texture":"#1","cullface":"south"}
}
},
{
"from":[7.426,8.7883,6.9795],
"to":[8.551,8.9133,15.7295],
"faces":{
"up":{"uv":[7.5,6.5,8.5,7.5],"texture":"#1","cullface":"south"},
"north":{"uv":[7.5,6.5,8.5,7.5],"texture":"#1","cullface":"south"},
"south":{"uv":[7.5,6.5,8.5,7.5],"texture":"#1","cullface":"south"},
"west":{"uv":[7.5,6.5,8.5,7.5],"texture":"#1","cullface":"south"},
"east":{"uv":[7.5,6.5,8.5,7.5],"texture":"#1","cullface":"south"}
}
},
{
"from":[7.4885,9.0383,6.9795],
"to":[8.4885,9.1633,15.667],
"faces":{
"north":{"uv":[7.5,6.5,8.5,7.5],"texture":"#1","cullface":"south"},
"south":{"uv":[7.5,6.5,8.5,7.5],"texture":"#1","cullface":"south"},
"west":{"uv":[7.5,6.5,8.5,7.5],"texture":"#1","cullface":"south"},
"east":{"uv":[7.5,6.5,8.5,7.5],"texture":"#1","cullface":"south"}
}
},
{
"from":[7.4885,9.1633,6.9795],
"to":[8.4885,9.2883,15.667],
"faces":{
"up":{"uv":[7.5,6.5,8.5,7.5],"texture":"#1","cullface":"south"},
"north":{"uv":[7.5,6.5,8.5,7.5],"texture":"#1","cullface":"south"},
"south":{"uv":[7.5,6.5,8.5,7.5],"texture":"#1","cullface":"south"},
"west":{"uv":[7.5,6.5,8.5,7.5],"texture":"#1","cullface":"south"},
"east":{"uv":[7.5,6.5,8.5,7.5],"texture":"#1","cullface":"south"}
}
},
{
"from":[7.4885,9.2883,6.9795],
"to":[8.4885,9.4133,15.63575],
"faces":{
"up":{"uv":[7.5,6.5,8.5,7.5],"texture":"#1","cullface":"south"},
"north":{"uv":[7.5,6.5,8.5,7.5],"texture":"#1","cullface":"south"},
"south":{"uv":[7.5,6.5,8.5,7.5],"texture":"#1","cullface":"south"},
"west":{"uv":[7.5,6.5,8.5,7.5],"texture":"#1","cullface":"south"},
"east":{"uv":[7.5,6.5,8.5,7.5],"texture":"#1","cullface":"south"}
}
},
{
"from":[7.4885,9.4133,6.9795],
"to":[8.4885,9.5383,15.57325],
"faces":{
"up":{"uv":[7.5,6.5,8.5,7.5],"texture":"#1","cullface":"south"},
"north":{"uv":[7.5,6.5,8.5,7.5],"texture":"#1","cullface":"south"},
"south":{"uv":[7.5,6.5,8.5,7.5],"texture":"#1","cullface":"south"},
"west":{"uv":[7.5,6.5,8.5,7.5],"texture":"#1","cullface":"south"},
"east":{"uv":[7.5,6.5,8.5,7.5],"texture":"#1","cullface":"south"}
}
},
{
"from":[7.5197,9.5383,6.9795],
"to":[8.457199,9.6008,15.542],
"faces":{
"up":{"uv":[7.5,6.5,8.5,7.5],"texture":"#1","cullface":"south"},
"north":{"uv":[7.5,6.5,8.5,7.5],"texture":"#1","cullface":"south"},
"south":{"uv":[7.5,6.5,8.5,7.5],"texture":"#1","cullface":"south"},
"west":{"uv":[7.5,6.5,8.5,7.5],"texture":"#1","cullface":"south"},
"east":{"uv":[7.5,6.5,8.5,7.5],"texture":"#1","cullface":"south"}
}
},
{
"from":[7.5822,9.6008,6.9795],
"to":[8.394699,9.7258,15.51075],
"faces":{
"up":{"uv":[7.5,6.5,8.5,7.5],"texture":"#1","cullface":"south"},
"north":{"uv":[7.5,6.5,8.5,7.5],"texture":"#1","cullface":"south"},
"south":{"uv":[7.5,6.5,8.5,7.5],"texture":"#1","cullface":"south"},
"west":{"uv":[7.5,6.5,8.5,7.5],"texture":"#1","cullface":"south"},
"east":{"uv":[7.5,6.5,8.5,7.5],"texture":"#1","cullface":"south"}
}
},
{
"from":[7.6447,9.7258,11.8232],
"to":[8.332199,9.8508,15.4482],
"faces":{
"up":{"uv":[7.5,6.5,8.5,7.5],"texture":"#1","cullface":"south"},
"north":{"uv":[7.5,6.5,8.5,7.5],"texture":"#1","cullface":"south"},
"south":{"uv":[7.5,6.5,8.5,7.5],"texture":"#1","cullface":"south"},
"west":{"uv":[7.5,6.5,8.5,7.5],"texture":"#1","cullface":"south"},
"east":{"uv":[7.5,6.5,8.5,7.5],"texture":"#1","cullface":"south"}
}
},
{
"from":[7.551,7.8508,7.0107],
"to":[8.426,7.9758,12.22945],
"faces":{
"down":{"uv":[7.5,6.5,8.5,7.5],"texture":"#1"},
"up":{"uv":[7.5,6.5,8.5,7.5],"texture":"#1"},
"north":{"uv":[7.5,6.5,8.5,7.5],"texture":"#1"},
"south":{"uv":[7.5,6.5,8.5,7.5],"texture":"#1"},
"west":{"uv":[7.5,6.5,8.5,7.5],"texture":"#1"},
"east":{"uv":[7.5,6.5,8.5,7.5],"texture":"#1"}
}
},
{
"from":[7.551,7.9758,7.0107],
"to":[8.426,8.1008,11.22945],
"faces":{
"up":{"uv":[7.5,6.5,8.5,7.5],"texture":"#1"},
"north":{"uv":[7.5,6.5,8.5,7.5],"texture":"#1"},
"south":{"uv":[7.5,6.5,8.5,7.5],"texture":"#1"},
"west":{"uv":[7.5,6.5,8.5,7.5],"texture":"#1"},
"east":{"uv":[7.5,6.5,8.5,7.5],"texture":"#1"}
}
},
{
"from":[7.551,8.1008,7.0107],
"to":[8.426,8.19455,7.5732],
"faces":{
"north":{"uv":[7.5,6.5,8.5,7.5],"texture":"#1"},
"south":{"uv":[7.5,6.5,8.5,7.5],"texture":"#1"},
"west":{"uv":[7.5,6.5,8.5,7.5],"texture":"#1"},
"east":{"uv":[7.5,6.5,8.5,7.5],"texture":"#1"}
}
},
{
"from":[7.7385,8.1008,7.5732],
"to":[8.26975,8.19455,10.5107],
"faces":{
"west":{"uv":[7.5,6.5,8.5,7.5],"texture":"#1"},
"east":{"uv":[7.5,6.5,8.5,7.5],"texture":"#1"}
}
},
{
"from":[7.551,8.1945,7.0107],
"to":[8.426,8.35075,10.8857],
"faces":{
"down":{"uv":[7.5,6.5,8.5,7.5],"texture":"#1"},
"up":{"uv":[7.5,6.5,8.5,7.5],"texture":"#1"},
"north":{"uv":[7.5,6.5,8.5,7.5],"texture":"#1"},
"south":{"uv":[7.5,6.5,8.5,7.5],"texture":"#1"},
"west":{"uv":[7.5,6.5,8.5,7.5],"texture":"#1"},
"east":{"uv":[7.5,6.5,8.5,7.5],"texture":"#1"}
}
},
{
"from":[7.551,8.1008,10.4795],
"to":[8.426,8.19455,10.9795],
"faces":{
"up":{"uv":[7.5,6.5,8.5,7.5],"texture":"#1"},
"north":{"uv":[7.5,6.5,8.5,7.5],"texture":"#1"},
"south":{"uv":[7.5,6.5,8.5,7.5],"texture":"#1"},
"west":{"uv":[7.5,6.5,8.5,7.5],"texture":"#1"},
"east":{"uv":[7.5,6.5,8.5,7.5],"texture":"#1"}
}
},
{
"from":[7.551,8.3508,7.0107],
"to":[8.426,8.50705,8.2607],
"faces":{
"north":{"uv":[7.5,6.5,8.5,7.5],"texture":"#1"},
"south":{"uv":[7.5,6.5,8.5,7.5],"texture":"#1"},
"west":{"uv":[7.5,6.5,8.5,7.5],"texture":"#1"},
"east":{"uv":[7.5,6.5,8.5,7.5],"texture":"#1"}
}
},
{
"from":[7.8322,8.6633,15.6357],
"to":[8.144699,9.56955,15.6982],
"faces":{
"up":{"uv":[1,1,2,2],"texture":"#1","cullface":"south"},
"north":{"uv":[1,1,2,2],"texture":"#1","cullface":"south"},
"west":{"uv":[1,1,2,2],"texture":"#1","cullface":"south"},
"east":{"uv":[1,1,2,2],"texture":"#1","cullface":"south"}
}
},
{
"from":[7.4885,4.4133,13.5732],
"to":[8.4885,4.7258,16.0107],
"faces":{
"down":{"uv":[14,12,15,13],"texture":"#1","cullface":"south"},
"up":{"uv":[14,12,15,13],"texture":"#1","cullface":"south"},
"north":{"uv":[14,12,15,13],"texture":"#1","cullface":"south"},
"south":{"uv":[14,12,15,13],"texture":"#1","cullface":"south"},
"west":{"uv":[14,12,15,13],"texture":"#1","cullface":"south"},
"east":{"uv":[14,12,15,13],"texture":"#1","cullface":"south"}
}
},
{
"from":[7.4885,4.2258,13.6357],
"to":[8.4885,4.4133,16.0732],
"faces":{
"down":{"uv":[14,12,15,13],"texture":"#1","cullface":"south"},
"up":{"uv":[14,12,15,13],"texture":"#1","cullface":"south"},
"north":{"uv":[14,12,15,13],"texture":"#1","cullface":"south"},
"south":{"uv":[14,12,15,13],"texture":"#1","cullface":"south"},
"west":{"uv":[14,12,15,13],"texture":"#1","cullface":"south"},
"east":{"uv":[14,12,15,13],"texture":"#1","cullface":"south"}
}
},
{
"from":[7.4885,3.4445,13.6982],
"to":[8.4885,3.53825,16.1357],
"faces":{
"down":{"uv":[14,12,15,13],"texture":"#1","cullface":"south"},
"up":{"uv":[14,12,15,13],"texture":"#1","cullface":"south"},
"north":{"uv":[14,12,15,13],"texture":"#1","cullface":"south"},
"south":{"uv":[14,12,15,13],"texture":"#1","cullface":"south"},
"west":{"uv":[14,12,15,13],"texture":"#1","cullface":"south"},
"east":{"uv":[14,12,15,13],"texture":"#1","cullface":"south"}
}
},
{
"from":[7.4885,3.5383,13.7295],
"to":[8.4885,3.8508,16.13575],
"faces":{
"up":{"uv":[14,12,15,13],"texture":"#1","cullface":"south"},
"north":{"uv":[14,12,15,13],"texture":"#1","cullface":"south"},
"south":{"uv":[14,12,15,13],"texture":"#1","cullface":"south"},
"west":{"uv":[14,12,15,13],"texture":"#1","cullface":"south"},
"east":{"uv":[14,12,15,13],"texture":"#1","cullface":"south"}
}
},
{
"from":[7.4885,3.8508,13.6982],
"to":[8.4885,4.2258,16.10445],
"faces":{
"down":{"uv":[14,12,15,13],"texture":"#1","cullface":"south"},
"up":{"uv":[14,12,15,13],"texture":"#1","cullface":"south"},
"north":{"uv":[14,12,15,13],"texture":"#1","cullface":"south"},
"south":{"uv":[14,12,15,13],"texture":"#1","cullface":"south"},
"west":{"uv":[14,12,15,13],"texture":"#1","cullface":"south"},
"east":{"uv":[14,12,15,13],"texture":"#1","cullface":"south"}
}
},
{
"from":[7.4885,5.382,13.3545],
"to":[8.4885,5.66325,15.792],
"faces":{
"down":{"uv":[14,12,15,13],"texture":"#1","cullface":"south"},
"up":{"uv":[14,12,15,13],"texture":"#1","cullface":"south"},
"north":{"uv":[14,12,15,13],"texture":"#1","cullface":"south"},
"south":{"uv":[14,12,15,13],"texture":"#1","cullface":"south"},
"west":{"uv":[14,12,15,13],"texture":"#1","cullface":"south"},
"east":{"uv":[14,12,15,13],"texture":"#1","cullface":"south"}
}
},
{
"from":[7.4885,5.8508,13.2607],
"to":[8.4885,6.0383,15.6982],
"faces":{
"down":{"uv":[14,12,15,13],"texture":"#1","cullface":"south"},
"up":{"uv":[14,12,15,13],"texture":"#1","cullface":"south"},
"north":{"uv":[14,12,15,13],"texture":"#1","cullface":"south"},
"south":{"uv":[14,12,15,13],"texture":"#1","cullface":"south"},
"west":{"uv":[14,12,15,13],"texture":"#1","cullface":"south"},
"east":{"uv":[14,12,15,13],"texture":"#1","cullface":"south"}
}
},
{
"from":[7.4885,6.0383,13.1982],
"to":[8.4885,6.2883,15.60445],
"faces":{
"down":{"uv":[14,12,15,13],"texture":"#1","cullface":"south"},
"up":{"uv":[14,12,15,13],"texture":"#1","cullface":"south"},
"north":{"uv":[14,12,15,13],"texture":"#1","cullface":"south"},
"south":{"uv":[14,12,15,13],"texture":"#1","cullface":"south"},
"west":{"uv":[14,12,15,13],"texture":"#1","cullface":"south"},
"east":{"uv":[14,12,15,13],"texture":"#1","cullface":"south"}
}
},
{
"from":[7.4885,6.6633,13.0732],
"to":[8.4885,6.7883,15.3857],
"faces":{
"up":{"uv":[14,12,15,13],"texture":"#1","cullface":"south"},
"north":{"uv":[14,12,15,13],"texture":"#1","cullface":"south"},
"south":{"uv":[14,12,15,13],"texture":"#1","cullface":"south"},
"west":{"uv":[14,12,15,13],"texture":"#1","cullface":"south"},
"east":{"uv":[14,12,15,13],"texture":"#1","cullface":"south"}
}
},
{
"from":[7.4885,6.9133,13.042],
"to":[8.4885,7.0383,15.26075],
"faces":{
"up":{"uv":[14,12,15,13],"texture":"#1"},
"north":{"uv":[14,12,15,13],"texture":"#1"},
"south":{"uv":[14,12,15,13],"texture":"#1","cullface":"south"},
"west":{"uv":[14,12,15,13],"texture":"#1"},
"east":{"uv":[14,12,15,13],"texture":"#1"}
}
},
{
"from":[7.4885,7.382,12.8857],
"to":[8.4885,7.4445,15.3232],
"faces":{
"down":{"uv":[14,12,15,13],"texture":"#1"},
"north":{"uv":[14,12,15,13],"texture":"#1"},
"south":{"uv":[14,12,15,13],"texture":"#1","cullface":"south"},
"west":{"uv":[14,12,15,13],"texture":"#1"},
"east":{"uv":[14,12,15,13],"texture":"#1"}
}
},
{
"from":[7.4885,7.632,12.5732],
"to":[8.4885,7.6945,15.85445],
"faces":{
"down":{"uv":[14,12,15,13],"texture":"#1","cullface":"south"},
"north":{"uv":[14,12,15,13],"texture":"#1","cullface":"south"},
"south":{"uv":[14,12,15,13],"texture":"#1","cullface":"south"},
"west":{"uv":[14,12,15,13],"texture":"#1","cullface":"south"},
"east":{"uv":[14,12,15,13],"texture":"#1","cullface":"south"}
}
},
{
"from":[7.4885,7.6945,12.4482],
"to":[8.4885,7.78825,15.97945],
"faces":{
"down":{"uv":[14,12,15,13],"texture":"#1","cullface":"south"},
"north":{"uv":[14,12,15,13],"texture":"#1","cullface":"south"},
"south":{"uv":[14,12,15,13],"texture":"#1","cullface":"south"},
"west":{"uv":[14,12,15,13],"texture":"#1","cullface":"south"},
"east":{"uv":[14,12,15,13],"texture":"#1","cullface":"south"}
}
},
{
"from":[7.8322,8.6633,15.542],
"to":[8.144699,9.44455,15.63575],
"faces":{
"up":{"uv":[1,1,2,2],"texture":"#1","cullface":"south"},
"north":{"uv":[1,1,2,2],"texture":"#1","cullface":"south"},
"west":{"uv":[1,1,2,2],"texture":"#1","cullface":"south"},
"east":{"uv":[1,1,2,2],"texture":"#1","cullface":"south"}
}
},
{
"from":[7.8322,9.1008,15.8232],
"to":[8.144699,9.6008,15.85445],
"faces":{
"down":{"uv":[1,1,2,2],"texture":"#1","cullface":"south"},
"up":{"uv":[1,1,2,2],"texture":"#1","cullface":"south"},
"south":{"uv":[1,1,2,2],"texture":"#1","cullface":"south"},
"west":{"uv":[1,1,2,2],"texture":"#1","cullface":"south"},
"east":{"uv":[1,1,2,2],"texture":"#1","cullface":"south"}
}
},
{
"from":[7.8322,8.9758,15.7607],
"to":[8.144699,9.63205,15.8232],
"faces":{
"down":{"uv":[1,1,2,2],"texture":"#1","cullface":"south"},
"up":{"uv":[1,1,2,2],"texture":"#1","cullface":"south"},
"north":{"uv":[1,1,2,2],"texture":"#1","cullface":"south"},
"south":{"uv":[1,1,2,2],"texture":"#1","cullface":"south"},
"west":{"uv":[1,1,2,2],"texture":"#1","cullface":"south"},
"east":{"uv":[1,1,2,2],"texture":"#1","cullface":"south"}
}
},
{
"from":[7.8322,9.2258,15.8545],
"to":[8.144699,9.56955,15.88575],
"faces":{
"down":{"uv":[1,1,2,2],"texture":"#1","cullface":"south"},
"up":{"uv":[1,1,2,2],"texture":"#1","cullface":"south"},
"south":{"uv":[1,1,2,2],"texture":"#1","cullface":"south"},
"west":{"uv":[1,1,2,2],"texture":"#1","cullface":"south"},
"east":{"uv":[1,1,2,2],"texture":"#1","cullface":"south"}
}
},
{
"from":[7.8322,9.2883,15.8857],
"to":[8.144699,9.5383,15.91695],
"faces":{
"down":{"uv":[1,1,2,2],"texture":"#1","cullface":"south"},
"up":{"uv":[1,1,2,2],"texture":"#1","cullface":"south"},
"south":{"uv":[1,1,2,2],"texture":"#1","cullface":"south"},
"west":{"uv":[1,1,2,2],"texture":"#1","cullface":"south"},
"east":{"uv":[1,1,2,2],"texture":"#1","cullface":"south"}
}
},
{
"from":[7.8322,8.6633,15.6982],
"to":[8.144699,9.6008,15.7607],
"faces":{
"up":{"uv":[1,1,2,2],"texture":"#1","cullface":"south"},
"north":{"uv":[1,1,2,2],"texture":"#1","cullface":"south"},
"south":{"uv":[1,1,2,2],"texture":"#1","cullface":"south"},
"west":{"uv":[1,1,2,2],"texture":"#1","cullface":"south"},
"east":{"uv":[1,1,2,2],"texture":"#1","cullface":"south"}
}
},
{
"from":[8.1135,9.8508,15.292],
"to":[8.33225,10.00705,15.417],
"faces":{
"up":{"uv":[7.5,6.5,8.5,7.5],"texture":"#1","cullface":"south"},
"north":{"uv":[7.5,6.5,8.5,7.5],"texture":"#1","cullface":"south"},
"south":{"uv":[7.5,6.5,8.5,7.5],"texture":"#1","cullface":"south"},
"west":{"uv":[7.5,6.5,8.5,7.5],"texture":"#1","cullface":"south"},
"east":{"uv":[7.5,6.5,8.5,7.5],"texture":"#1","cullface":"south"}
}
},
{
"from":[7.6447,9.7258,6.9795],
"to":[8.332199,9.8508,10.32325],
"faces":{
"up":{"uv":[7.5,6.5,8.5,7.5],"texture":"#1"},
"north":{"uv":[7.5,6.5,8.5,7.5],"texture":"#1"},
"south":{"uv":[7.5,6.5,8.5,7.5],"texture":"#1"},
"west":{"uv":[7.5,6.5,8.5,7.5],"texture":"#1"},
"east":{"uv":[7.5,6.5,8.5,7.5],"texture":"#1"}
}
},
{
"from":[7.6447,9.8508,14.4795],
"to":[8.332199,9.9133,15.292],
"faces":{
"up":{"uv":[7.5,6.5,8.5,7.5],"texture":"#1"},
"north":{"uv":[7.5,6.5,8.5,7.5],"texture":"#1"},
"south":{"uv":[7.5,6.5,8.5,7.5],"texture":"#1","cullface":"south"},
"west":{"uv":[7.5,6.5,8.5,7.5],"texture":"#1"},
"east":{"uv":[7.5,6.5,8.5,7.5],"texture":"#1"}
}
},
{
"from":[7.8635,9.8508,15.292],
"to":[8.1135,9.9758,15.417],
"faces":{
"up":{"uv":[7.5,6.5,8.5,7.5],"texture":"#1","cullface":"south"},
"north":{"uv":[7.5,6.5,8.5,7.5],"texture":"#1","cullface":"south"},
"south":{"uv":[7.5,6.5,8.5,7.5],"texture":"#1","cullface":"south"}
}
},
{
"from":[7.6447,9.8508,15.292],
"to":[7.86345,10.00705,15.417],
"faces":{
"up":{"uv":[7.5,6.5,8.5,7.5],"texture":"#1","cullface":"south"},
"north":{"uv":[7.5,6.5,8.5,7.5],"texture":"#1","cullface":"south"},
"south":{"uv":[7.5,6.5,8.5,7.5],"texture":"#1","cullface":"south"},
"west":{"uv":[7.5,6.5,8.5,7.5],"texture":"#1","cullface":"south"},
"east":{"uv":[7.5,6.5,8.5,7.5],"texture":"#1","cullface":"south"}
}
},
{
"from":[7.6447,9.7258,10.3232],
"to":[8.332199,9.81955,11.8232],
"faces":{
"up":{"uv":[1,1,2,2],"texture":"#1"},
"west":{"uv":[1,1,2,2],"texture":"#1"},
"east":{"uv":[1,1,2,2],"texture":"#1"}
}
},
{
"from":[7.9729,9.8508,7.1357],
"to":[8.00415,10.13205,7.79195],
"faces":{
"up":{"uv":[7.5,6.5,8.5,7.5],"texture":"#1"},
"north":{"uv":[7.5,6.5,8.5,7.5],"texture":"#1"},
"south":{"uv":[7.5,6.5,8.5,7.5],"texture":"#1"},
"west":{"uv":[7.5,6.5,8.5,7.5],"texture":"#1"},
"east":{"uv":[7.5,6.5,8.5,7.5],"texture":"#1"}
}
},
{
"from":[7.9729,10.132,7.167],
"to":[8.00415,10.16325,7.792],
"faces":{
"up":{"uv":[7.5,6.5,8.5,7.5],"texture":"#1"},
"north":{"uv":[7.5,6.5,8.5,7.5],"texture":"#1"},
"south":{"uv":[7.5,6.5,8.5,7.5],"texture":"#1"},
"west":{"uv":[7.5,6.5,8.5,7.5],"texture":"#1"},
"east":{"uv":[7.5,6.5,8.5,7.5],"texture":"#1"}
}
},
{
"from":[7.426,8.4445,6.9795],
"to":[8.551,8.47575,15.792],
"faces":{
"down":{"uv":[7.5,6.5,8.5,7.5],"texture":"#1","cullface":"south"},
"north":{"uv":[7.5,6.5,8.5,7.5],"texture":"#1","cullface":"south"},
"south":{"uv":[7.5,6.5,8.5,7.5],"texture":"#1","cullface":"south"},
"west":{"uv":[7.5,6.5,8.5,7.5],"texture":"#1","cullface":"south"},
"east":{"uv":[7.5,6.5,8.5,7.5],"texture":"#1","cullface":"south"}
}
},
{
"from":[7.3947,8.4758,6.9795],
"to":[8.5822,8.5383,15.792],
"faces":{
"down":{"uv":[7.5,6.5,8.5,7.5],"texture":"#1","cullface":"south"},
"up":{"uv":[7.5,6.5,8.5,7.5],"texture":"#1","cullface":"south"},
"north":{"uv":[7.5,6.5,8.5,7.5],"texture":"#1","cullface":"south"},
"south":{"uv":[7.5,6.5,8.5,7.5],"texture":"#1","cullface":"south"},
"west":{"uv":[7.5,6.5,8.5,7.5],"texture":"#1","cullface":"south"},
"east":{"uv":[7.5,6.5,8.5,7.5],"texture":"#1","cullface":"south"}
}
},
{
"from":[7.676,6.5383,12.6357],
"to":[8.301,6.6008,13.10445],
"faces":{
"down":{"uv":[1,1,2,2],"texture":"#1"},
"up":{"uv":[1,1,2,2],"texture":"#1"},
"north":{"uv":[1,1,2,2],"texture":"#1"},
"west":{"uv":[1,1,2,2],"texture":"#1"},
"east":{"uv":[1,1,2,2],"texture":"#1"}
}
},
{
"from":[7.551,6.4445,12.7607],
"to":[8.426,6.5695,13.1357],
"faces":{
"down":{"uv":[1,1,2,2],"texture":"#1"},
"up":{"uv":[1,1,2,2],"texture":"#1"},
"north":{"uv":[1,1,2,2],"texture":"#1"},
"south":{"uv":[1,1,2,2],"texture":"#1"},
"west":{"uv":[1,1,2,2],"texture":"#1"},
"east":{"uv":[1,1,2,2],"texture":"#1"}
}
},
{
"from":[7.676,6.7258,12.8545],
"to":[8.301,6.7883,13.13575],
"faces":{
"up":{"uv":[1,1,2,2],"texture":"#1"},
"north":{"uv":[1,1,2,2],"texture":"#1"},
"west":{"uv":[1,1,2,2],"texture":"#1"},
"east":{"uv":[1,1,2,2],"texture":"#1"}
}
},
{
"from":[7.676,6.6008,12.7295],
"to":[8.301,6.6633,13.13575],
"faces":{
"down":{"uv":[1,1,2,2],"texture":"#1"},
"up":{"uv":[1,1,2,2],"texture":"#1"},
"north":{"uv":[1,1,2,2],"texture":"#1"},
"west":{"uv":[1,1,2,2],"texture":"#1"},
"east":{"uv":[1,1,2,2],"texture":"#1"}
}
},
{
"from":[7.676,6.6633,12.792],
"to":[8.301,6.7258,13.13575],
"faces":{
"up":{"uv":[1,1,2,2],"texture":"#1"},
"north":{"uv":[1,1,2,2],"texture":"#1"},
"west":{"uv":[1,1,2,2],"texture":"#1"},
"east":{"uv":[1,1,2,2],"texture":"#1"}
}
},
{
"from":[7.676,6.8508,12.917],
"to":[8.301,6.9133,13.07325],
"faces":{
"up":{"uv":[1,1,2,2],"texture":"#1"},
"north":{"uv":[1,1,2,2],"texture":"#1"},
"west":{"uv":[1,1,2,2],"texture":"#1"},
"east":{"uv":[1,1,2,2],"texture":"#1"}
}
},
{
"from":[7.676,6.7883,12.8857],
"to":[8.301,6.8508,13.10445],
"faces":{
"up":{"uv":[1,1,2,2],"texture":"#1"},
"north":{"uv":[1,1,2,2],"texture":"#1"},
"west":{"uv":[1,1,2,2],"texture":"#1"},
"east":{"uv":[1,1,2,2],"texture":"#1"}
}
},
{
"from":[7.676,6.9133,12.9482],
"to":[8.301,6.9758,13.04195],
"faces":{
"up":{"uv":[1,1,2,2],"texture":"#1"},
"north":{"uv":[1,1,2,2],"texture":"#1"},
"west":{"uv":[1,1,2,2],"texture":"#1"},
"east":{"uv":[1,1,2,2],"texture":"#1"}
}
},
{
"from":[7.676,6.9758,12.9795],
"to":[8.301,7.0383,13.07325],
"faces":{
"down":{"uv":[1,1,2,2],"texture":"#1"},
"north":{"uv":[1,1,2,2],"texture":"#1"},
"west":{"uv":[1,1,2,2],"texture":"#1"},
"east":{"uv":[1,1,2,2],"texture":"#1"}
}
},
{
"from":[7.4885,7.4445,12.8232],
"to":[8.4885,7.53825,15.3857],
"faces":{
"down":{"uv":[14,12,15,13],"texture":"#1","cullface":"south"},
"north":{"uv":[14,12,15,13],"texture":"#1","cullface":"south"},
"south":{"uv":[14,12,15,13],"texture":"#1","cullface":"south"},
"west":{"uv":[14,12,15,13],"texture":"#1","cullface":"south"},
"east":{"uv":[14,12,15,13],"texture":"#1","cullface":"south"}
}
},
{
"from":[7.676,6.4758,12.542],
"to":[8.301,6.5383,13.01075],
"faces":{
"down":{"uv":[1,1,2,2],"texture":"#1"},
"up":{"uv":[1,1,2,2],"texture":"#1"},
"north":{"uv":[1,1,2,2],"texture":"#1"},
"west":{"uv":[1,1,2,2],"texture":"#1"},
"east":{"uv":[1,1,2,2],"texture":"#1"}
}
},
{
"from":[7.676,6.4758,12.4795],
"to":[8.301,6.50705,12.542],
"faces":{
"down":{"uv":[1,1,2,2],"texture":"#1"},
"up":{"uv":[1,1,2,2],"texture":"#1"},
"north":{"uv":[1,1,2,2],"texture":"#1"},
"west":{"uv":[1,1,2,2],"texture":"#1"},
"east":{"uv":[1,1,2,2],"texture":"#1"}
}
},
{
"from":[7.676,6.4445,12.417],
"to":[8.301,6.47575,12.51075],
"faces":{
"down":{"uv":[1,1,2,2],"texture":"#1"},
"up":{"uv":[1,1,2,2],"texture":"#1"},
"north":{"uv":[1,1,2,2],"texture":"#1"},
"south":{"uv":[1,1,2,2],"texture":"#1"},
"west":{"uv":[1,1,2,2],"texture":"#1"},
"east":{"uv":[1,1,2,2],"texture":"#1"}
}
},
{
"from":[7.676,6.4133,12.2295],
"to":[8.301,6.44455,12.417],
"faces":{
"down":{"uv":[1,1,2,2],"texture":"#1"},
"up":{"uv":[1,1,2,2],"texture":"#1"},
"north":{"uv":[1,1,2,2],"texture":"#1"},
"south":{"uv":[1,1,2,2],"texture":"#1"},
"west":{"uv":[1,1,2,2],"texture":"#1"},
"east":{"uv":[1,1,2,2],"texture":"#1"}
}
},
{
"from":[7.676,6.382,11.4482],
"to":[8.301,6.41325,12.22945],
"faces":{
"down":{"uv":[1,1,2,2],"texture":"#1"},
"up":{"uv":[1,1,2,2],"texture":"#1"},
"north":{"uv":[1,1,2,2],"texture":"#1"},
"south":{"uv":[1,1,2,2],"texture":"#1"},
"west":{"uv":[1,1,2,2],"texture":"#1"},
"east":{"uv":[1,1,2,2],"texture":"#1"}
}
},
{
"from":[7.676,6.4133,11.667],
"to":[8.301,6.44455,12.07325],
"faces":{
"up":{"uv":[1,1,2,2],"texture":"#1"},
"north":{"uv":[1,1,2,2],"texture":"#1"},
"south":{"uv":[1,1,2,2],"texture":"#1"},
"west":{"uv":[1,1,2,2],"texture":"#1"},
"east":{"uv":[1,1,2,2],"texture":"#1"}
}
},
{
"from":[7.676,6.3508,10.4795],
"to":[8.301,6.38205,12.13575],
"faces":{
"down":{"uv":[1,1,2,2],"texture":"#1"},
"up":{"uv":[1,1,2,2],"texture":"#1"},
"north":{"uv":[1,1,2,2],"texture":"#1"},
"south":{"uv":[1,1,2,2],"texture":"#1"},
"west":{"uv":[1,1,2,2],"texture":"#1"},
"east":{"uv":[1,1,2,2],"texture":"#1"}
}
},
{
"from":[7.676,6.3195,10.6045],
"to":[8.301,6.35075,12.042],
"faces":{
"down":{"uv":[1,1,2,2],"texture":"#1"},
"north":{"uv":[1,1,2,2],"texture":"#1"},
"south":{"uv":[1,1,2,2],"texture":"#1"},
"west":{"uv":[1,1,2,2],"texture":"#1"},
"east":{"uv":[1,1,2,2],"texture":"#1"}
}
},
{
"from":[7.676,6.2883,11.292],
"to":[8.301,6.31955,12.01075],
"faces":{
"down":{"uv":[1,1,2,2],"texture":"#1"},
"north":{"uv":[1,1,2,2],"texture":"#1"},
"south":{"uv":[1,1,2,2],"texture":"#1"},
"west":{"uv":[1,1,2,2],"texture":"#1"},
"east":{"uv":[1,1,2,2],"texture":"#1"}
}
},
{
"from":[7.676,6.382,10.4482],
"to":[8.301,6.41325,10.91695],
"faces":{
"down":{"uv":[1,1,2,2],"texture":"#1"},
"up":{"uv":[1,1,2,2],"texture":"#1"},
"north":{"uv":[1,1,2,2],"texture":"#1"},
"south":{"uv":[1,1,2,2],"texture":"#1"},
"west":{"uv":[1,1,2,2],"texture":"#1"},
"east":{"uv":[1,1,2,2],"texture":"#1"}
}
},
{
"from":[7.676,6.4133,10.417],
"to":[8.301,6.44455,10.63575],
"faces":{
"down":{"uv":[1,1,2,2],"texture":"#1"},
"up":{"uv":[1,1,2,2],"texture":"#1"},
"north":{"uv":[1,1,2,2],"texture":"#1"},
"south":{"uv":[1,1,2,2],"texture":"#1"},
"west":{"uv":[1,1,2,2],"texture":"#1"},
"east":{"uv":[1,1,2,2],"texture":"#1"}
}
},
{
"from":[7.676,6.4445,10.3857],
"to":[8.301,6.47575,10.5732],
"faces":{
"down":{"uv":[1,1,2,2],"texture":"#1"},
"up":{"uv":[1,1,2,2],"texture":"#1"},
"north":{"uv":[1,1,2,2],"texture":"#1"},
"south":{"uv":[1,1,2,2],"texture":"#1"},
"west":{"uv":[1,1,2,2],"texture":"#1"},
"east":{"uv":[1,1,2,2],"texture":"#1"}
}
},
{
"from":[7.676,6.4758,10.3857],
"to":[8.301,6.50705,10.54195],
"faces":{
"north":{"uv":[1,1,2,2],"texture":"#1"},
"south":{"uv":[1,1,2,2],"texture":"#1"},
"west":{"uv":[1,1,2,2],"texture":"#1"},
"east":{"uv":[1,1,2,2],"texture":"#1"}
}
},
{
"from":[7.676,6.507,10.3545],
"to":[8.301,6.5695,10.542],
"faces":{
"down":{"uv":[1,1,2,2],"texture":"#1"},
"up":{"uv":[1,1,2,2],"texture":"#1"},
"north":{"uv":[1,1,2,2],"texture":"#1"},
"south":{"uv":[1,1,2,2],"texture":"#1"},
"west":{"uv":[1,1,2,2],"texture":"#1"},
"east":{"uv":[1,1,2,2],"texture":"#1"}
}
},
{
"from":[7.676,6.5695,10.3545],
"to":[8.301,6.60075,10.51075],
"faces":{
"north":{"uv":[1,1,2,2],"texture":"#1"},
"south":{"uv":[1,1,2,2],"texture":"#1"},
"west":{"uv":[1,1,2,2],"texture":"#1"},
"east":{"uv":[1,1,2,2],"texture":"#1"}
}
},
{
"from":[7.676,6.6008,10.3232],
"to":[8.301,6.6633,10.5107],
"faces":{
"down":{"uv":[1,1,2,2],"texture":"#1"},
"up":{"uv":[1,1,2,2],"texture":"#1"},
"north":{"uv":[1,1,2,2],"texture":"#1"},
"south":{"uv":[1,1,2,2],"texture":"#1"},
"west":{"uv":[1,1,2,2],"texture":"#1"},
"east":{"uv":[1,1,2,2],"texture":"#1"}
}
},
{
"from":[7.676,6.6633,10.292],
"to":[8.301,6.7258,10.4795],
"faces":{
"down":{"uv":[1,1,2,2],"texture":"#1"},
"up":{"uv":[1,1,2,2],"texture":"#1"},
"north":{"uv":[1,1,2,2],"texture":"#1"},
"south":{"uv":[1,1,2,2],"texture":"#1"},
"west":{"uv":[1,1,2,2],"texture":"#1"},
"east":{"uv":[1,1,2,2],"texture":"#1"}
}
},
{
"from":[7.676,6.7258,10.2607],
"to":[8.301,6.7883,10.4482],
"faces":{
"down":{"uv":[1,1,2,2],"texture":"#1"},
"north":{"uv":[1,1,2,2],"texture":"#1"},
"south":{"uv":[1,1,2,2],"texture":"#1"},
"west":{"uv":[1,1,2,2],"texture":"#1"},
"east":{"uv":[1,1,2,2],"texture":"#1"}
}
},
{
"from":[7.676,6.7883,10.2295],
"to":[8.301,6.81955,10.44825],
"faces":{
"down":{"uv":[1,1,2,2],"texture":"#1"},
"up":{"uv":[1,1,2,2],"texture":"#1"},
"north":{"uv":[1,1,2,2],"texture":"#1"},
"south":{"uv":[1,1,2,2],"texture":"#1"},
"west":{"uv":[1,1,2,2],"texture":"#1"},
"east":{"uv":[1,1,2,2],"texture":"#1"}
}
},
{
"from":[7.676,6.8195,10.2295],
"to":[8.301,6.882,10.417],
"faces":{
"up":{"uv":[1,1,2,2],"texture":"#1"},
"north":{"uv":[1,1,2,2],"texture":"#1"},
"south":{"uv":[1,1,2,2],"texture":"#1"},
"west":{"uv":[1,1,2,2],"texture":"#1"},
"east":{"uv":[1,1,2,2],"texture":"#1"}
}
},
{
"from":[7.676,6.882,10.1982],
"to":[8.301,6.97575,10.3857],
"faces":{
"down":{"uv":[1,1,2,2],"texture":"#1"},
"up":{"uv":[1,1,2,2],"texture":"#1"},
"north":{"uv":[1,1,2,2],"texture":"#1"},
"south":{"uv":[1,1,2,2],"texture":"#1"},
"west":{"uv":[1,1,2,2],"texture":"#1"},
"east":{"uv":[1,1,2,2],"texture":"#1"}
}
},
{
"from":[7.676,6.9758,10.167],
"to":[8.301,7.06955,10.3545],
"faces":{
"down":{"uv":[1,1,2,2],"texture":"#1"},
"up":{"uv":[1,1,2,2],"texture":"#1"},
"north":{"uv":[1,1,2,2],"texture":"#1"},
"south":{"uv":[1,1,2,2],"texture":"#1"},
"west":{"uv":[1,1,2,2],"texture":"#1"},
"east":{"uv":[1,1,2,2],"texture":"#1"}
}
},
{
"from":[7.676,7.0695,10.1357],
"to":[8.301,7.132,10.3232],
"faces":{
"down":{"uv":[1,1,2,2],"texture":"#1"},
"north":{"uv":[1,1,2,2],"texture":"#1"},
"south":{"uv":[1,1,2,2],"texture":"#1"},
"west":{"uv":[1,1,2,2],"texture":"#1"},
"east":{"uv":[1,1,2,2],"texture":"#1"}
}
},
{
"from":[7.676,7.132,10.1045],
"to":[8.301,7.16325,10.32325],
"faces":{
"down":{"uv":[1,1,2,2],"texture":"#1"},
"up":{"uv":[1,1,2,2],"texture":"#1"},
"north":{"uv":[1,1,2,2],"texture":"#1"},
"south":{"uv":[1,1,2,2],"texture":"#1"},
"west":{"uv":[1,1,2,2],"texture":"#1"},
"east":{"uv":[1,1,2,2],"texture":"#1"}
}
},
{
"from":[7.676,7.1633,10.0732],
"to":[8.301,7.25705,10.29195],
"faces":{
"down":{"uv":[1,1,2,2],"texture":"#1"},
"up":{"uv":[1,1,2,2],"texture":"#1"},
"north":{"uv":[1,1,2,2],"texture":"#1"},
"south":{"uv":[1,1,2,2],"texture":"#1"},
"west":{"uv":[1,1,2,2],"texture":"#1"},
"east":{"uv":[1,1,2,2],"texture":"#1"}
}
},
{
"from":[7.676,7.257,10.042],
"to":[8.301,7.35075,10.26075],
"faces":{
"down":{"uv":[1,1,2,2],"texture":"#1"},
"up":{"uv":[1,1,2,2],"texture":"#1"},
"north":{"uv":[1,1,2,2],"texture":"#1"},
"south":{"uv":[1,1,2,2],"texture":"#1"},
"west":{"uv":[1,1,2,2],"texture":"#1"},
"east":{"uv":[1,1,2,2],"texture":"#1"}
}
},
{
"from":[7.676,7.3508,10.0107],
"to":[8.301,7.44455,10.22945],
"faces":{
"down":{"uv":[1,1,2,2],"texture":"#1"},
"up":{"uv":[1,1,2,2],"texture":"#1"},
"north":{"uv":[1,1,2,2],"texture":"#1"},
"south":{"uv":[1,1,2,2],"texture":"#1"},
"west":{"uv":[1,1,2,2],"texture":"#1"},
"east":{"uv":[1,1,2,2],"texture":"#1"}
}
},
{
"from":[7.676,7.4445,9.948199],
"to":[8.301,7.53825,10.1982],
"faces":{
"down":{"uv":[1,1,2,2],"texture":"#1"},
"north":{"uv":[1,1,2,2],"texture":"#1"},
"south":{"uv":[1,1,2,2],"texture":"#1"},
"west":{"uv":[1,1,2,2],"texture":"#1"},
"east":{"uv":[1,1,2,2],"texture":"#1"}
}
},
{
"from":[7.676,7.5383,9.917],
"to":[8.301,7.63205,10.19825],
"faces":{
"down":{"uv":[1,1,2,2],"texture":"#1"},
"north":{"uv":[1,1,2,2],"texture":"#1"},
"south":{"uv":[1,1,2,2],"texture":"#1"},
"west":{"uv":[1,1,2,2],"texture":"#1"},
"east":{"uv":[1,1,2,2],"texture":"#1"}
}
},
{
"from":[7.676,7.632,9.8857],
"to":[8.301,7.72575,10.1982],
"faces":{
"down":{"uv":[1,1,2,2],"texture":"#1"},
"north":{"uv":[1,1,2,2],"texture":"#1"},
"south":{"uv":[1,1,2,2],"texture":"#1"},
"west":{"uv":[1,1,2,2],"texture":"#1"},
"east":{"uv":[1,1,2,2],"texture":"#1"}
}
},
{
"from":[7.676,7.6945,9.8545],
"to":[8.301,7.78825,10.2295],
"faces":{
"down":{"uv":[1,1,2,2],"texture":"#1"},
"north":{"uv":[1,1,2,2],"texture":"#1"},
"south":{"uv":[1,1,2,2],"texture":"#1"},
"west":{"uv":[1,1,2,2],"texture":"#1"},
"east":{"uv":[1,1,2,2],"texture":"#1"}
}
},
{
"from":[7.676,7.7883,9.7295],
"to":[8.301,7.81955,10.417],
"faces":{
"down":{"uv":[1,1,2,2],"texture":"#1"},
"north":{"uv":[1,1,2,2],"texture":"#1"},
"south":{"uv":[1,1,2,2],"texture":"#1"},
"west":{"uv":[1,1,2,2],"texture":"#1"},
"east":{"uv":[1,1,2,2],"texture":"#1"}
}
},
{
"from":[7.676,7.8195,9.6982],
"to":[8.301,7.85075,10.5732],
"faces":{
"down":{"uv":[1,1,2,2],"texture":"#1"},
"north":{"uv":[1,1,2,2],"texture":"#1"},
"south":{"uv":[1,1,2,2],"texture":"#1"},
"west":{"uv":[1,1,2,2],"texture":"#1"},
"east":{"uv":[1,1,2,2],"texture":"#1"}
}
},
{
"from":[7.7072,7.5695,11.667],
"to":[8.269699,7.97575,11.76075],
"rotation":{"origin":[7.70723,7.569518,11.66699],"axis":"x","angle":-45},
"faces":{
"down":{"uv":[7.5,6.5,8.5,7.5],"texture":"#1"},
"north":{"uv":[7.5,6.5,8.5,7.5],"texture":"#1"},
"south":{"uv":[7.5,6.5,8.5,7.5],"texture":"#1"},
"west":{"uv":[7.5,6.5,8.5,7.5],"texture":"#1"},
"east":{"uv":[7.5,6.5,8.5,7.5],"texture":"#1"}
}
},
{
"from":[7.7072,7.0695,11.7607],
"to":[8.269699,7.3195,11.8857],
"faces":{
"down":{"uv":[7.5,6.5,8.5,7.5],"texture":"#1"},
"up":{"uv":[7.5,6.5,8.5,7.5],"texture":"#1"},
"north":{"uv":[7.5,6.5,8.5,7.5],"texture":"#1"},
"south":{"uv":[7.5,6.5,8.5,7.5],"texture":"#1"},
"west":{"uv":[7.5,6.5,8.5,7.5],"texture":"#1"},
"east":{"uv":[7.5,6.5,8.5,7.5],"texture":"#1"}
}
},
{
"from":[7.7072,7.257,11.7607],
"to":[8.269699,7.632,11.8857],
"rotation":{"origin":[7.70723,7.257018,11.76074],"axis":"x","angle":-22.5},
"faces":{
"up":{"uv":[7.5,6.5,8.5,7.5],"texture":"#1"},
"north":{"uv":[7.5,6.5,8.5,7.5],"texture":"#1"},
"south":{"uv":[7.5,6.5,8.5,7.5],"texture":"#1"},
"west":{"uv":[7.5,6.5,8.5,7.5],"texture":"#1"},
"east":{"uv":[7.5,6.5,8.5,7.5],"texture":"#1"}
}
},
{
"from":[7.7072,6.882,11.5732],
"to":[8.269699,7.22575,11.66695],
"rotation":{"origin":[7.70723,6.882018,11.57324],"axis":"x","angle":45},
"faces":{
"down":{"uv":[7.5,6.5,8.5,7.5],"texture":"#1"},
"up":{"uv":[7.5,6.5,8.5,7.5],"texture":"#1"},
"north":{"uv":[7.5,6.5,8.5,7.5],"texture":"#1"},
"south":{"uv":[7.5,6.5,8.5,7.5],"texture":"#1"},
"west":{"uv":[7.5,6.5,8.5,7.5],"texture":"#1"},
"east":{"uv":[7.5,6.5,8.5,7.5],"texture":"#1"}
}
},
{
"from":[7.7239,9.1397,6.7311],
"to":[7.841542,9.299389,7.0111],
"rotation":{"origin":[7.723867,9.139661,6.960272],"axis":"z","angle":-45},
"faces":{
"down":{"uv":[14,12,15,13],"texture":"#1"},
"north":{"uv":[14,12,15,13],"texture":"#1"}
}
},
{
"from":[8.0281,9.0566,6.7311],
"to":[8.187793,9.174238,7.0111],
"rotation":{"origin":[8.187835,9.056571,6.960272],"axis":"z","angle":-45},
"faces":{
"north":{"uv":[14,12,15,13],"texture":"#1"},
"east":{"uv":[14,12,15,13],"texture":"#1"}
}
},
{
"from":[7.807,9.4861,6.7311],
"to":[7.966692,9.603739,7.0111],
"rotation":{"origin":[7.806983,9.603709,6.960272],"axis":"z","angle":-45},
"faces":{
"north":{"uv":[14,12,15,13],"texture":"#1"},
"west":{"uv":[14,12,15,13],"texture":"#1"}
}
},
{
"from":[8.1571,9.1305,6.7311],
"to":[8.316792,9.250267,7.0111],
"rotation":{"origin":[8.316782,9.250297,6.731076],"axis":"z","angle":-22.5},
"faces":{
"north":{"uv":[14,12,15,13],"texture":"#1"},
"east":{"uv":[14,12,15,13],"texture":"#1"}
}
},
{
"from":[8.0773,9.010799,6.7311],
"to":[8.197071,9.170488,7.0111],
"rotation":{"origin":[8.077253,9.010767,6.960272],"axis":"z","angle":22.5},
"faces":{
"down":{"uv":[14,12,15,13],"texture":"#1"},
"north":{"uv":[14,12,15,13],"texture":"#1"}
}
},
{
"from":[7.7978,9.010799,6.7311],
"to":[7.917571,9.170488,7.0111],
"rotation":{"origin":[7.917567,9.010767,6.731076],"axis":"z","angle":-22.5},
"faces":{
"down":{"uv":[14,12,15,13],"texture":"#1"},
"north":{"uv":[14,12,15,13],"texture":"#1"}
}
},
{
"from":[7.678,9.1305,6.7311],
"to":[7.837693,9.250267,7.0111],
"rotation":{"origin":[7.678037,9.250297,6.960272],"axis":"z","angle":22.5},
"faces":{
"north":{"uv":[14,12,15,13],"texture":"#1"},
"west":{"uv":[14,12,15,13],"texture":"#1"}
}
},
{
"from":[7.7978,9.489799,6.7311],
"to":[7.917571,9.649488,7.0111],
"rotation":{"origin":[7.917567,9.649512,6.960272],"axis":"z","angle":22.5},
"faces":{
"up":{"uv":[14,12,15,13],"texture":"#1"},
"north":{"uv":[14,12,15,13],"texture":"#1"}
}
},
{
"from":[7.678,9.41,6.7311],
"to":[7.837693,9.529767,7.0111],
"rotation":{"origin":[7.678037,9.409983,6.731076],"axis":"z","angle":-22.5},
"faces":{
"north":{"uv":[14,12,15,13],"texture":"#1"},
"west":{"uv":[14,12,15,13],"texture":"#1"}
}
},
{
"from":[8.1113,9.520599,6.7311],
"to":[8.270992,9.638238,7.0111],
"rotation":{"origin":[8.270952,9.520646,6.960272],"axis":"z","angle":45},
"faces":{
"north":{"uv":[14,12,15,13],"texture":"#1"},
"east":{"uv":[14,12,15,13],"texture":"#1"}
}
},
{
"from":[8.0772,9.489799,6.7311],
"to":[8.196971,9.649488,7.0111],
"rotation":{"origin":[8.077253,9.649512,6.731076],"axis":"z","angle":-22.5},
"faces":{
"up":{"uv":[14,12,15,13],"texture":"#1"},
"north":{"uv":[14,12,15,13],"texture":"#1"}
}
},
{
"from":[8.1571,9.41,6.7311],
"to":[8.316792,9.529767,7.0111],
"rotation":{"origin":[8.316782,9.409983,6.960272],"axis":"z","angle":22.5},
"faces":{
"north":{"uv":[14,12,15,13],"texture":"#1"},
"east":{"uv":[14,12,15,13],"texture":"#1"}
}
},
{
"from":[7.678,9.250299,6.7311],
"to":[8.316748,9.409979,7.0111],
"faces":{
"north":{"uv":[14,12,15,13],"texture":"#1"},
"west":{"uv":[14,12,15,13],"texture":"#1"},
"east":{"uv":[14,12,15,13],"texture":"#1"}
}
},
{
"from":[7.9176,9.010799,6.7311],
"to":[8.077289,9.649538,7.0111],
"faces":{
"down":{"uv":[14,12,15,13],"texture":"#1"},
"up":{"uv":[14,12,15,13],"texture":"#1"},
"north":{"uv":[14,12,15,13],"texture":"#1"}
}
},
{
"from":[7.4885,3.3508,15.667],
"to":[8.4885,3.4758,16.13575],
"faces":{
"down":{"uv":[14,12,15,13],"texture":"#1","cullface":"south"},
"north":{"uv":[14,12,15,13],"texture":"#1","cullface":"south"},
"south":{"uv":[14,12,15,13],"texture":"#1","cullface":"south"},
"west":{"uv":[14,12,15,13],"texture":"#1","cullface":"south"},
"east":{"uv":[14,12,15,13],"texture":"#1","cullface":"south"}
}
},
{
"from":[7.4885,7.9133,10.9795],
"to":[8.4885,8.0383,13.542],
"faces":{
"down":{"uv":[7.5,6.5,8.5,7.5],"texture":"#1","cullface":"south"},
"north":{"uv":[7.5,6.5,8.5,7.5],"texture":"#1","cullface":"south"},
"west":{"uv":[7.5,6.5,8.5,7.5],"texture":"#1","cullface":"south"},
"east":{"uv":[7.5,6.5,8.5,7.5],"texture":"#1","cullface":"south"}
}
},
{
"from":[7.4885,8.0383,13.542],
"to":[8.4885,8.1633,15.917],
"faces":{
"up":{"uv":[14,12,15,13],"texture":"#1","cullface":"south"},
"south":{"uv":[14,12,15,13],"texture":"#1","cullface":"south"},
"west":{"uv":[14,12,15,13],"texture":"#1","cullface":"south"},
"east":{"uv":[14,12,15,13],"texture":"#1","cullface":"south"}
}
},
{
"from":[7.4885,8.1633,10.8545],
"to":[8.4885,8.2883,13.542],
"faces":{
"down":{"uv":[7.5,6.5,8.5,7.5],"texture":"#1","cullface":"south"},
"north":{"uv":[7.5,6.5,8.5,7.5],"texture":"#1","cullface":"south"},
"west":{"uv":[7.5,6.5,8.5,7.5],"texture":"#1","cullface":"south"},
"east":{"uv":[7.5,6.5,8.5,7.5],"texture":"#1","cullface":"south"}
}
},
{
"from":[7.4885,8.2883,13.542],
"to":[8.4885,8.4133,15.82325],
"faces":{
"up":{"uv":[14,12,15,13],"texture":"#1","cullface":"south"},
"south":{"uv":[14,12,15,13],"texture":"#1","cullface":"south"},
"west":{"uv":[14,12,15,13],"texture":"#1","cullface":"south"},
"east":{"uv":[14,12,15,13],"texture":"#1","cullface":"south"}
}
},
{
"from":[8.176,9.9133,15.417],
"to":[8.2385,9.9758,15.418],
"faces":{
"south":{"uv":[7.5,6.5,8.5,7.5],"texture":"#2","cullface":"south"}
}
},
{
"from":[7.7385,9.9133,15.417],
"to":[7.801,9.9758,15.418],
"faces":{
"south":{"uv":[7.5,6.5,8.5,7.5],"texture":"#2","cullface":"south"}
}
},
{
"from":[7.7813,9.156199,6.731],
"to":[8.181299,9.556199,6.931],
"faces":{
"north":{"uv":[14,12,15,13],"texture":"#1"}
}
}
],
"display":{
"thirdperson_righthand":{
"rotation":[40,0,0],
"translation":[0,4,-1],
"scale":[0.9,0.9,0.9]
},
"thirdperson_lefthand":{
"rotation":[40,0,0],
"translation":[0,4,-1],
"scale":[0.9,0.9,0.9]
},
"firstperson_righthand":{
"translation":[-2.5,4,-4],
"scale":[0.9,0.9,0.9]
},
"firstperson_lefthand":{
"translation":[-2.5,4,-4],
"scale":[0.9,0.9,0.9]
},
"gui":{
"rotation":[-15,130,0],
"translation":[0.75,0,0],
"scale":[0.7,0.7,0.7]
},
"head":{
"translation":[0,12,0]
},
"ground":{
"rotation":[0,0,90],
"scale":[0.75,0.75,0.75]
},
"fixed":{
"rotation":[0,90,0],
"translation":[0,0,-1],
"scale":[1.125,1.125,1.125]
}
}
}