{
"__comment":"Made by Rijam, guncolony.com ©",
"textures":{
"1":"guns/brightguntexture",
"2":"guns/wood"
},
"elements":[
{
"from":[7.75,8.25,7.1562],
"to":[8.0834,9,8.6562],
"faces":{
"north":{"uv":[9,9,10,10],"texture":"#1"},
"south":{"uv":[9,9,10,10],"texture":"#1"},
"east":{"uv":[9,9,10,10],"texture":"#1"}
}
},
{
"from":[2.75,6.5,7.1563],
"to":[4.75,8,8.6563],
"faces":{
"down":{"uv":[4,7.24999,6,8.74999],"texture":"#2"},
"north":{"uv":[10,8,12,9.5],"texture":"#2"},
"south":{"uv":[4,8,6,9.5],"texture":"#2"},
"west":{"uv":[7.25001,8,8.75001,9.5],"texture":"#2"},
"east":{"uv":[7.24999,8,8.74999,9.5],"texture":"#2"}
}
},
{
"from":[2.75,4,7.1563],
"to":[3.75,6.5,8.6563],
"faces":{
"down":{"uv":[4,7.24999,5,8.74999],"texture":"#2"},
"north":{"uv":[11,9.5,12,12],"texture":"#2"},
"south":{"uv":[4,9.5,5,12],"texture":"#2"},
"west":{"uv":[7.25001,9.5,8.75001,12],"texture":"#2"},
"east":{"uv":[7.24999,9.5,8.74999,12],"texture":"#2"}
}
},
{
"from":[2.5,4,7.3438],
"to":[2.75,5.75,8.4688],
"faces":{
"down":{"uv":[3.75,7.43749,4,8.56249],"texture":"#2"},
"up":{"uv":[3.75,7.43751,4,8.56251],"texture":"#2"},
"north":{"uv":[12,10.25,12.25,12],"texture":"#2"},
"south":{"uv":[3.75,10.25,4,12],"texture":"#2"},
"west":{"uv":[7.43751,10.25,8.56251,12],"texture":"#2"}
}
},
{
"from":[3.75,6,7.3438],
"to":[4.25,6.71,8.468718],
"rotation":{"origin":[4.25,6,7.3438],"axis":"z","angle":-45},
"faces":{
"north":{"uv":[10.35355,8.93645,10.85355,9.64645],"texture":"#2"},
"south":{"uv":[5.14645,8.93645,5.64645,9.64645],"texture":"#2"},
"west":{"uv":[7.43755,8.93645,8.56247,9.64645],"texture":"#2"},
"east":{"uv":[7.43753,8.93645,8.56245,9.64645],"texture":"#2"}
}
},
{
"from":[3.25,6,7.1566],
"to":[3.75,6.71,8.65585],
"rotation":{"origin":[3.75,6,7.15664],"axis":"z","angle":-45},
"faces":{
"north":{"uv":[10.85355,8.93645,11.35355,9.64645],"texture":"#2"},
"south":{"uv":[4.64645,8.93645,5.14645,9.64645],"texture":"#2"},
"west":{"uv":[7.25039,8.93645,8.74964,9.64645],"texture":"#2"},
"east":{"uv":[7.25036,8.93645,8.74961,9.64645],"texture":"#2"}
}
},
{
"from":[2.5626,7.5,7.1562],
"to":[2.7501,7.8125,8.6562],
"faces":{
"down":{"uv":[3.71875,7.25,4,8.75],"texture":"#2"},
"north":{"uv":[12,8.25,12.28125,8.5],"texture":"#2"},
"south":{"uv":[3.71875,8.25,4,8.5],"texture":"#2"}
}
},
{
"from":[0.5432,11.3752,7.1562],
"to":[0.76195,11.81714,8.6562],
"rotation":{"origin":[6.23063,11.87519,8],"axis":"z","angle":45},
"faces":{
"north":{"uv":[12,8.25,12.28125,8.5],"texture":"#2"},
"south":{"uv":[3.71875,8.25,4,8.5],"texture":"#2"},
"west":{"uv":[7.25,8.25,8.75,8.5],"texture":"#2"}
}
},
{
"from":[2.25,8,7.1562],
"to":[2.75,8.1875,8.6562],
"faces":{
"north":{"uv":[9,9,10,10],"texture":"#1"},
"south":{"uv":[9,9,10,10],"texture":"#1"},
"west":{"uv":[9,9,10,10],"texture":"#1"}
}
},
{
"from":[3.875,4,7.3438],
"to":[4.25,6.5,8.4688],
"faces":{
"down":{"uv":[5.125,7.43749,5.5,8.56249],"texture":"#2"},
"north":{"uv":[10.5,9.5,10.875,12],"texture":"#2"},
"south":{"uv":[5.125,9.5,5.5,12],"texture":"#2"},
"east":{"uv":[7.43749,9.5,8.56249,12],"texture":"#2"}
}
},
{
"from":[2.625,5.75,7.3438],
"to":[2.75,7.25,8.4688],
"faces":{
"north":{"uv":[12,8.75,12.125,10.25],"texture":"#2"},
"south":{"uv":[3.875,8.75,4,10.25],"texture":"#2"},
"west":{"uv":[7.43751,8.75,8.56251,10.25],"texture":"#2"}
}
},
{
"from":[2.625,4,7.25],
"to":[2.75,5.75,8.5625],
"faces":{
"down":{"uv":[3.875,7.34374,4,8.65624],"texture":"#2"},
"up":{"uv":[3.875,7.34376,4,8.65626],"texture":"#2"},
"north":{"uv":[12,10.25,12.125,12],"texture":"#2"},
"south":{"uv":[3.875,10.25,4,12],"texture":"#2"},
"west":{"uv":[7.34376,10.25,8.65626,12],"texture":"#2"}
}
},
{
"from":[3.75,4,7.25],
"to":[4,6.25,8.5625],
"faces":{
"down":{"uv":[5,7.34374,5.25,8.65624],"texture":"#2"},
"north":{"uv":[10.75,9.75,11,12],"texture":"#2"},
"south":{"uv":[5,9.75,5.25,12],"texture":"#2"},
"east":{"uv":[7.34374,9.75,8.65624,12],"texture":"#2"}
}
},
{
"from":[4.25,4,7.5313],
"to":[4.375,6.125,8.2813],
"faces":{
"down":{"uv":[5.5,7.62499,5.625,8.37499],"texture":"#2"},
"north":{"uv":[10.375,9.875,10.5,12],"texture":"#2"},
"south":{"uv":[5.5,9.875,5.625,12],"texture":"#2"},
"east":{"uv":[7.62499,9.875,8.37499,12],"texture":"#2"}
}
},
{
"from":[2.5938,7.25,7.2812],
"to":[2.75005,7.5,8.5312],
"faces":{
"down":{"uv":[3.84375,7.375,4,8.625],"texture":"#2"},
"north":{"uv":[12,8.5,12.15625,8.75],"texture":"#2"},
"south":{"uv":[3.84375,8.5,4,8.75],"texture":"#2"},
"west":{"uv":[7.375,8.5,8.625,8.75],"texture":"#2"}
}
},
{
"from":[2.25,7.8125,7.1562],
"to":[2.75,8,8.6562],
"faces":{
"down":{"uv":[3.5,7.25,4,8.75],"texture":"#2"},
"north":{"uv":[12,8,12.5,8.25],"texture":"#2"},
"south":{"uv":[3.5,8,4,8.25],"texture":"#2"},
"west":{"uv":[7.25,8,8.75,8.25],"texture":"#2"}
}
},
{
"from":[3.75,9,7.1562],
"to":[12.75,9.25,8.6562],
"faces":{
"down":{"uv":[9,9,10,10],"texture":"#1"},
"up":{"uv":[9,9,10,10],"texture":"#1"},
"north":{"uv":[9,9,10,10],"texture":"#1"},
"south":{"uv":[9,9,10,10],"texture":"#1"},
"east":{"uv":[9,9,10,10],"texture":"#1"}
}
},
{
"from":[9.75,8.4375,7.1562],
"to":[10.0834,9,8.6562],
"faces":{
"down":{"uv":[9,9,10,10],"texture":"#1"},
"north":{"uv":[9,9,10,10],"texture":"#1"},
"south":{"uv":[9,9,10,10],"texture":"#1"},
"west":{"uv":[9,9,10,10],"texture":"#1"},
"east":{"uv":[9,9,10,10],"texture":"#1"}
}
},
{
"from":[8.75,8.25,7.1562],
"to":[9.0834,8.4375,8.6562],
"faces":{
"down":{"uv":[9,9,10,10],"texture":"#1"},
"up":{"uv":[9,9,10,10],"texture":"#1"},
"north":{"uv":[9,9,10,10],"texture":"#1"},
"south":{"uv":[9,9,10,10],"texture":"#1"},
"west":{"uv":[9,9,10,10],"texture":"#1"},
"east":{"uv":[9,9,10,10],"texture":"#1"}
}
},
{
"from":[7.75,8.0625,7.1562],
"to":[8.0834,8.1875,8.6562],
"faces":{
"down":{"uv":[9,9,10,10],"texture":"#1"},
"north":{"uv":[9,9,10,10],"texture":"#1"},
"south":{"uv":[9,9,10,10],"texture":"#1"},
"east":{"uv":[9,9,10,10],"texture":"#1"}
}
},
{
"from":[8.0834,8.125,7.1562],
"to":[8.4168,8.1875,8.6562],
"faces":{
"down":{"uv":[9,9,10,10],"texture":"#1"},
"north":{"uv":[9,9,10,10],"texture":"#1"},
"south":{"uv":[9,9,10,10],"texture":"#1"},
"east":{"uv":[9,9,10,10],"texture":"#1"}
}
},
{
"from":[9.0834,8.3125,7.1562],
"to":[9.4168,8.375,8.6562],
"faces":{
"down":{"uv":[9,9,10,10],"texture":"#1"},
"north":{"uv":[9,9,10,10],"texture":"#1"},
"south":{"uv":[9,9,10,10],"texture":"#1"},
"east":{"uv":[9,9,10,10],"texture":"#1"}
}
},
{
"from":[9.0834,8.375,7.1562],
"to":[9.7501,8.5,8.6562],
"faces":{
"down":{"uv":[9,9,10,10],"texture":"#1"},
"up":{"uv":[9,9,10,10],"texture":"#1"},
"north":{"uv":[9,9,10,10],"texture":"#1"},
"south":{"uv":[9,9,10,10],"texture":"#1"},
"west":{"uv":[9,9,10,10],"texture":"#1"},
"east":{"uv":[9,9,10,10],"texture":"#1"}
}
},
{
"from":[7.75,8.1875,7.1562],
"to":[8.75,8.25,8.6562],
"faces":{
"down":{"uv":[9,9,10,10],"texture":"#1"},
"up":{"uv":[9,9,10,10],"texture":"#1"},
"north":{"uv":[9,9,10,10],"texture":"#1"},
"south":{"uv":[9,9,10,10],"texture":"#1"},
"east":{"uv":[9,9,10,10],"texture":"#1"}
}
},
{
"from":[10.0834,8.5,7.1562],
"to":[10.5834,9,8.6562],
"faces":{
"down":{"uv":[9,9,10,10],"texture":"#1"},
"north":{"uv":[9,9,10,10],"texture":"#1"},
"south":{"uv":[9,9,10,10],"texture":"#1"}
}
},
{
"from":[8.083099,8.875,7.1562],
"to":[9.749799,9,8.6562],
"faces":{
"down":{"uv":[9,9,10,10],"texture":"#1"},
"north":{"uv":[9,9,10,10],"texture":"#1"},
"south":{"uv":[9,9,10,10],"texture":"#1"}
}
},
{
"from":[8.0834,8.25,7.1562],
"to":[8.7501,8.3125,8.6562],
"faces":{
"up":{"uv":[9,9,10,10],"texture":"#1"},
"north":{"uv":[9,9,10,10],"texture":"#1"},
"south":{"uv":[9,9,10,10],"texture":"#1"}
}
},
{
"from":[8.416699,8.3125,7.1562],
"to":[8.750099,8.375,8.6562],
"faces":{
"up":{"uv":[9,9,10,10],"texture":"#1"},
"north":{"uv":[9,9,10,10],"texture":"#1"},
"south":{"uv":[9,9,10,10],"texture":"#1"},
"west":{"uv":[9,9,10,10],"texture":"#1"}
}
},
{
"from":[9.416699,8.5,7.1562],
"to":[9.750099,8.5625,8.6562],
"faces":{
"up":{"uv":[9,9,10,10],"texture":"#1"},
"north":{"uv":[9,9,10,10],"texture":"#1"},
"south":{"uv":[9,9,10,10],"texture":"#1"},
"west":{"uv":[9,9,10,10],"texture":"#1"}
}
},
{
"from":[8.0829,8.5625,7.25],
"to":[9.7704,8.875,8.5625],
"faces":{
"north":{"uv":[9,9,10,10],"texture":"#1"},
"south":{"uv":[9,9,10,10],"texture":"#1"}
}
},
{
"from":[8.0834,8.375,7.25],
"to":[8.7501,8.5625,8.5625],
"faces":{
"north":{"uv":[9,9,10,10],"texture":"#1"},
"south":{"uv":[9,9,10,10],"texture":"#1"}
}
},
{
"from":[8.75,8.5,7.25],
"to":[9.4167,8.5625,8.5625],
"faces":{
"north":{"uv":[9,9,10,10],"texture":"#1"},
"south":{"uv":[9,9,10,10],"texture":"#1"}
}
},
{
"from":[8.75,8.4375,7.25],
"to":[9.0837,8.5,8.5625],
"faces":{
"north":{"uv":[9,9,10,10],"texture":"#1"},
"south":{"uv":[9,9,10,10],"texture":"#1"}
}
},
{
"from":[8.0834,8.3125,7.25],
"to":[8.4171,8.375,8.5625],
"faces":{
"north":{"uv":[9,9,10,10],"texture":"#1"},
"south":{"uv":[9,9,10,10],"texture":"#1"}
}
},
{
"from":[4.7775,6.5225,7.6562],
"to":[5.1275,6.6475,8.1562],
"rotation":{"origin":[4.7775,6.6475,7.65625],"axis":"z","angle":-45},
"faces":{
"down":{"uv":[9,9,10,10],"texture":"#1"},
"up":{"uv":[9,9,10,10],"texture":"#1"},
"north":{"uv":[9,9,10,10],"texture":"#1"},
"south":{"uv":[9,9,10,10],"texture":"#1"}
}
},
{
"from":[10.5866,8.5159,7.1563],
"to":[11.8991,8.9909,8.6562],
"rotation":{"origin":[10.625,8.5,7.1563],"axis":"z","angle":22.5},
"faces":{
"down":{"uv":[9,9,10,10],"texture":"#1"},
"north":{"uv":[9,9,10,10],"texture":"#1"},
"south":{"uv":[9,9,10,10],"texture":"#1"}
}
},
{
"from":[4.0625,9.25,7],
"to":[4.3125,10.78125,8.8125],
"faces":{
"down":{"uv":[8,11,9,12],"texture":"#1"},
"up":{"uv":[8,11,9,12],"texture":"#1"},
"north":{"uv":[8,11,9,12],"texture":"#1"},
"south":{"uv":[8,11,9,12],"texture":"#1"},
"west":{"uv":[8,11,9,12],"texture":"#1"},
"east":{"uv":[8,11,9,12],"texture":"#1"}
}
},
{
"from":[3,9,7],
"to":[3.75,9.25,8.8125],
"faces":{
"down":{"uv":[8,11,9,12],"texture":"#1"},
"up":{"uv":[8,11,9,12],"texture":"#1"},
"north":{"uv":[8,11,9,12],"texture":"#1"},
"south":{"uv":[8,11,9,12],"texture":"#1"},
"east":{"uv":[8,11,9,12],"texture":"#1"}
}
},
{
"from":[7.75,9.25,7.0312],
"to":[12,9.875,8.7812],
"faces":{
"down":{"uv":[1,4,2,5],"texture":"#1"},
"up":{"uv":[1,4,2,5],"texture":"#1"},
"north":{"uv":[1,4,2,5],"texture":"#1"},
"south":{"uv":[1,4,2,5],"texture":"#1"}
}
},
{
"from":[7.75,10.125,8.4688],
"to":[10,10.75,8.7813],
"faces":{
"down":{"uv":[1,4,2,5],"texture":"#1"},
"up":{"uv":[1,4,2,5],"texture":"#1"},
"north":{"uv":[1,4,2,5],"texture":"#1"},
"south":{"uv":[1,4,2,5],"texture":"#1"}
}
},
{
"from":[10,10.125,7.0312],
"to":[12,10.75,8.7812],
"faces":{
"down":{"uv":[1,4,2,5],"texture":"#1"},
"up":{"uv":[1,4,2,5],"texture":"#1"},
"north":{"uv":[1,4,2,5],"texture":"#1"},
"south":{"uv":[1,4,2,5],"texture":"#1"},
"west":{"uv":[1,4,2,5],"texture":"#1"}
}
},
{
"from":[7.75,10.125,7.0312],
"to":[10,10.75,7.3437],
"faces":{
"down":{"uv":[1,4,2,5],"texture":"#1"},
"up":{"uv":[1,4,2,5],"texture":"#1"},
"north":{"uv":[1,4,2,5],"texture":"#1"},
"south":{"uv":[1,4,2,5],"texture":"#1"}
}
},
{
"from":[12,9.25,7.0312],
"to":[12.75,10.75,8.7812],
"faces":{
"down":{"uv":[1,4,2,5],"texture":"#1"},
"up":{"uv":[1,4,2,5],"texture":"#1"},
"north":{"uv":[1,4,2,5],"texture":"#1"},
"south":{"uv":[1,4,2,5],"texture":"#1"},
"west":{"uv":[1,4,2,5],"texture":"#1"},
"east":{"uv":[1,4,2,5],"texture":"#1"}
}
},
{
"from":[11.75,9.875,6.9062],
"to":[12,10.125,8.9062],
"faces":{
"down":{"uv":[8,11,9,12],"texture":"#1"},
"up":{"uv":[8,11,9,12],"texture":"#1"},
"north":{"uv":[8,11,9,12],"texture":"#1"},
"south":{"uv":[8,11,9,12],"texture":"#1"},
"west":{"uv":[8,11,9,12],"texture":"#1"},
"east":{"uv":[8,11,9,12],"texture":"#1"}
}
},
{
"from":[7.75,10.125,7.3438],
"to":[10,10.6875,8.4688],
"faces":{
"up":{"uv":[1,1,2,2],"texture":"#1"}
}
},
{
"from":[7.75,9.875,7.0938],
"to":[11.75,10.125,8.7188],
"faces":{
"up":{"uv":[1,1,2,2],"texture":"#1"},
"north":{"uv":[1,1,2,2],"texture":"#1"},
"south":{"uv":[1,1,2,2],"texture":"#1"}
}
},
{
"from":[12,9.875,6.9375],
"to":[12.125,10.125,7.03125],
"faces":{
"down":{"uv":[8,11,9,12],"texture":"#1"},
"up":{"uv":[8,11,9,12],"texture":"#1"},
"north":{"uv":[8,11,9,12],"texture":"#1"},
"east":{"uv":[8,11,9,12],"texture":"#1"}
}
},
{
"from":[11.625,9.875,6.9375],
"to":[11.75,10.125,7.03125],
"faces":{
"down":{"uv":[8,11,9,12],"texture":"#1"},
"up":{"uv":[8,11,9,12],"texture":"#1"},
"north":{"uv":[8,11,9,12],"texture":"#1"},
"south":{"uv":[8,11,9,12],"texture":"#1"},
"west":{"uv":[8,11,9,12],"texture":"#1"}
}
},
{
"from":[11.75,10.125,6.9375],
"to":[12,10.25,7.03125],
"faces":{
"up":{"uv":[8,11,9,12],"texture":"#1"},
"north":{"uv":[8,11,9,12],"texture":"#1"},
"west":{"uv":[8,11,9,12],"texture":"#1"},
"east":{"uv":[8,11,9,12],"texture":"#1"}
}
},
{
"from":[11.75,9.75,6.9375],
"to":[12,9.875,7.03125],
"faces":{
"down":{"uv":[8,11,9,12],"texture":"#1"},
"north":{"uv":[8,11,9,12],"texture":"#1"},
"west":{"uv":[8,11,9,12],"texture":"#1"},
"east":{"uv":[8,11,9,12],"texture":"#1"}
}
},
{
"from":[12.125,9.875,6.9688],
"to":[12.1875,10.125,7.0313],
"faces":{
"down":{"uv":[8,11,9,12],"texture":"#1"},
"up":{"uv":[8,11,9,12],"texture":"#1"},
"north":{"uv":[8,11,9,12],"texture":"#1"},
"east":{"uv":[8,11,9,12],"texture":"#1"}
}
},
{
"from":[11.5625,9.875,6.9688],
"to":[11.625,10.125,7.0313],
"faces":{
"down":{"uv":[8,11,9,12],"texture":"#1"},
"up":{"uv":[8,11,9,12],"texture":"#1"},
"north":{"uv":[8,11,9,12],"texture":"#1"},
"south":{"uv":[8,11,9,12],"texture":"#1"},
"west":{"uv":[8,11,9,12],"texture":"#1"}
}
},
{
"from":[11.75,9.6875,6.9688],
"to":[12,9.75,7.0313],
"faces":{
"down":{"uv":[8,11,9,12],"texture":"#1"},
"north":{"uv":[8,11,9,12],"texture":"#1"},
"west":{"uv":[8,11,9,12],"texture":"#1"},
"east":{"uv":[8,11,9,12],"texture":"#1"}
}
},
{
"from":[11.75,10.25,6.9688],
"to":[12,10.3125,7.0313],
"faces":{
"up":{"uv":[8,11,9,12],"texture":"#1"},
"north":{"uv":[8,11,9,12],"texture":"#1"},
"west":{"uv":[8,11,9,12],"texture":"#1"},
"east":{"uv":[8,11,9,12],"texture":"#1"}
}
},
{
"from":[12,10.125,6.9688],
"to":[12.125,10.25,7.0313],
"faces":{
"up":{"uv":[8,11,9,12],"texture":"#1"},
"north":{"uv":[8,11,9,12],"texture":"#1"},
"east":{"uv":[8,11,9,12],"texture":"#1"}
}
},
{
"from":[11.625,9.75,6.9688],
"to":[11.75,9.875,7.0313],
"faces":{
"down":{"uv":[8,11,9,12],"texture":"#1"},
"north":{"uv":[8,11,9,12],"texture":"#1"},
"west":{"uv":[8,11,9,12],"texture":"#1"}
}
},
{
"from":[12,9.75,6.9688],
"to":[12.125,9.875,7.0313],
"faces":{
"down":{"uv":[8,11,9,12],"texture":"#1"},
"north":{"uv":[8,11,9,12],"texture":"#1"},
"east":{"uv":[8,11,9,12],"texture":"#1"}
}
},
{
"from":[11.625,10.125,6.9688],
"to":[11.75,10.25,7.0313],
"faces":{
"up":{"uv":[8,11,9,12],"texture":"#1"},
"north":{"uv":[8,11,9,12],"texture":"#1"},
"west":{"uv":[8,11,9,12],"texture":"#1"}
}
},
{
"from":[11.625,10.125,8.781199],
"to":[11.75,10.25,8.843699],
"faces":{
"up":{"uv":[8,11,9,12],"texture":"#1"},
"south":{"uv":[8,11,9,12],"texture":"#1"},
"west":{"uv":[8,11,9,12],"texture":"#1"}
}
},
{
"from":[12,9.75,8.781199],
"to":[12.125,9.875,8.843699],
"faces":{
"down":{"uv":[8,11,9,12],"texture":"#1"},
"south":{"uv":[8,11,9,12],"texture":"#1"},
"east":{"uv":[8,11,9,12],"texture":"#1"}
}
},
{
"from":[11.625,9.75,8.781199],
"to":[11.75,9.875,8.843699],
"faces":{
"down":{"uv":[8,11,9,12],"texture":"#1"},
"south":{"uv":[8,11,9,12],"texture":"#1"},
"west":{"uv":[8,11,9,12],"texture":"#1"}
}
},
{
"from":[12,10.125,8.781199],
"to":[12.125,10.25,8.843699],
"faces":{
"up":{"uv":[8,11,9,12],"texture":"#1"},
"south":{"uv":[8,11,9,12],"texture":"#1"},
"east":{"uv":[8,11,9,12],"texture":"#1"}
}
},
{
"from":[11.75,10.25,8.781199],
"to":[12,10.3125,8.843699],
"faces":{
"up":{"uv":[8,11,9,12],"texture":"#1"},
"south":{"uv":[8,11,9,12],"texture":"#1"},
"west":{"uv":[8,11,9,12],"texture":"#1"},
"east":{"uv":[8,11,9,12],"texture":"#1"}
}
},
{
"from":[11.75,9.6875,8.781199],
"to":[12,9.75,8.843699],
"faces":{
"down":{"uv":[8,11,9,12],"texture":"#1"},
"south":{"uv":[8,11,9,12],"texture":"#1"},
"west":{"uv":[8,11,9,12],"texture":"#1"},
"east":{"uv":[8,11,9,12],"texture":"#1"}
}
},
{
"from":[11.5625,9.875,8.781199],
"to":[11.625,10.125,8.843699],
"faces":{
"down":{"uv":[8,11,9,12],"texture":"#1"},
"up":{"uv":[8,11,9,12],"texture":"#1"},
"north":{"uv":[8,11,9,12],"texture":"#1"},
"south":{"uv":[8,11,9,12],"texture":"#1"},
"west":{"uv":[8,11,9,12],"texture":"#1"}
}
},
{
"from":[12.125,9.875,8.781199],
"to":[12.1875,10.125,8.843699],
"faces":{
"down":{"uv":[8,11,9,12],"texture":"#1"},
"up":{"uv":[8,11,9,12],"texture":"#1"},
"south":{"uv":[8,11,9,12],"texture":"#1"},
"east":{"uv":[8,11,9,12],"texture":"#1"}
}
},
{
"from":[11.75,9.75,8.781199],
"to":[12,9.875,8.874949],
"faces":{
"down":{"uv":[8,11,9,12],"texture":"#1"},
"south":{"uv":[8,11,9,12],"texture":"#1"},
"west":{"uv":[8,11,9,12],"texture":"#1"},
"east":{"uv":[8,11,9,12],"texture":"#1"}
}
},
{
"from":[11.75,10.125,8.781199],
"to":[12,10.25,8.874949],
"faces":{
"up":{"uv":[8,11,9,12],"texture":"#1"},
"south":{"uv":[8,11,9,12],"texture":"#1"},
"west":{"uv":[8,11,9,12],"texture":"#1"},
"east":{"uv":[8,11,9,12],"texture":"#1"}
}
},
{
"from":[11.625,9.875,8.7813],
"to":[11.75,10.125,8.87505],
"faces":{
"down":{"uv":[8,11,9,12],"texture":"#1"},
"up":{"uv":[8,11,9,12],"texture":"#1"},
"north":{"uv":[8,11,9,12],"texture":"#1"},
"south":{"uv":[8,11,9,12],"texture":"#1"},
"west":{"uv":[8,11,9,12],"texture":"#1"}
}
},
{
"from":[12,9.875,8.781199],
"to":[12.125,10.125,8.874949],
"faces":{
"down":{"uv":[8,11,9,12],"texture":"#1"},
"up":{"uv":[8,11,9,12],"texture":"#1"},
"south":{"uv":[8,11,9,12],"texture":"#1"},
"east":{"uv":[8,11,9,12],"texture":"#1"}
}
},
{
"from":[12.75,9.4688,7.1562],
"to":[13.75,10.0313,8.6562],
"faces":{
"down":{"uv":[9,9,10,10],"texture":"#1"},
"up":{"uv":[9,9,10,10],"texture":"#1"},
"north":{"uv":[9,9,10,10],"texture":"#1"},
"south":{"uv":[9,9,10,10],"texture":"#1"},
"east":{"uv":[9,9,10,10],"texture":"#1"}
}
},
{
"from":[12.75,9,7.625],
"to":[13.75,10.5,8.1875],
"faces":{
"down":{"uv":[9,9,10,10],"texture":"#1"},
"up":{"uv":[9,9,10,10],"texture":"#1"},
"north":{"uv":[9,9,10,10],"texture":"#1"},
"south":{"uv":[9,9,10,10],"texture":"#1"},
"west":{"uv":[9,9,10,10],"texture":"#1"},
"east":{"uv":[9,9,10,10],"texture":"#1"}
}
},
{
"from":[12.75,9.4688,7.1562],
"to":[13.75,9.8188,7.8191],
"rotation":{"origin":[12.75,9.46875,7.15625],"axis":"x","angle":45},
"faces":{
"down":{"uv":[9,9,10,10],"texture":"#1"},
"up":{"uv":[9,9,10,10],"texture":"#1"},
"west":{"uv":[9,9,10,10],"texture":"#1"},
"east":{"uv":[9,9,10,10],"texture":"#1"}
}
},
{
"from":[12.75,9,8.1875],
"to":[13.75,9.35,8.8504],
"rotation":{"origin":[12.75,9,8.1875],"axis":"x","angle":-45},
"faces":{
"down":{"uv":[9,9,10,10],"texture":"#1"},
"up":{"uv":[9,9,10,10],"texture":"#1"},
"west":{"uv":[9,9,10,10],"texture":"#1"},
"east":{"uv":[9,9,10,10],"texture":"#1"}
}
},
{
"from":[12.75,10.15,8.1875],
"to":[13.75,10.5,8.8504],
"rotation":{"origin":[12.75,10.5,8.1875],"axis":"x","angle":45},
"faces":{
"down":{"uv":[9,9,10,10],"texture":"#1"},
"up":{"uv":[9,9,10,10],"texture":"#1"},
"east":{"uv":[9,9,10,10],"texture":"#1"}
}
},
{
"from":[12.75,9.6812,7.1562],
"to":[13.75,10.0312,7.8191],
"rotation":{"origin":[12.75,10.03125,7.15625],"axis":"x","angle":-45},
"faces":{
"down":{"uv":[9,9,10,10],"texture":"#1"},
"up":{"uv":[9,9,10,10],"texture":"#1"},
"east":{"uv":[9,9,10,10],"texture":"#1"}
}
},
{
"from":[13.75,9.25,7.6563],
"to":[16.25,10.25005,8.156319],
"faces":{
"down":{"uv":[8,11,9,12],"texture":"#1"},
"up":{"uv":[8,11,9,12],"texture":"#1"},
"north":{"uv":[8,11,9,12],"texture":"#1"},
"south":{"uv":[8,11,9,12],"texture":"#1"},
"east":{"uv":[8,11,9,12],"texture":"#1"}
}
},
{
"from":[13.75,9.5,7.4062],
"to":[16.25,10.00002,8.40625],
"faces":{
"down":{"uv":[8,11,9,12],"texture":"#1"},
"up":{"uv":[8,11,9,12],"texture":"#1"},
"north":{"uv":[8,11,9,12],"texture":"#1"},
"south":{"uv":[8,11,9,12],"texture":"#1"},
"east":{"uv":[8,11,9,12],"texture":"#1"}
}
},
{
"from":[13.75,9.5,7.4062],
"to":[16.25,9.68668,7.75982],
"rotation":{"origin":[13.75,9.49997,7.40625],"axis":"x","angle":45},
"faces":{
"down":{"uv":[8,11,9,12],"texture":"#1"},
"up":{"uv":[8,11,9,12],"texture":"#1"},
"west":{"uv":[8,11,9,12],"texture":"#1"},
"east":{"uv":[8,11,9,12],"texture":"#1"}
}
},
{
"from":[13.75,10.0633,8.1563],
"to":[16.25,10.24998,8.50992],
"rotation":{"origin":[13.75,10.25001,8.15629],"axis":"x","angle":45},
"faces":{
"down":{"uv":[8,11,9,12],"texture":"#1"},
"up":{"uv":[8,11,9,12],"texture":"#1"},
"west":{"uv":[8,11,9,12],"texture":"#1"},
"east":{"uv":[8,11,9,12],"texture":"#1"}
}
},
{
"from":[13.75,9.25,8.1563],
"to":[16.25,9.43668,8.50992],
"rotation":{"origin":[13.75,9.24996,8.15629],"axis":"x","angle":-45},
"faces":{
"down":{"uv":[8,11,9,12],"texture":"#1"},
"up":{"uv":[8,11,9,12],"texture":"#1"},
"west":{"uv":[8,11,9,12],"texture":"#1"},
"east":{"uv":[8,11,9,12],"texture":"#1"}
}
},
{
"from":[13.75,9.8133,7.4062],
"to":[16.25,9.99998,7.75982],
"rotation":{"origin":[13.75,10,7.40625],"axis":"x","angle":-45},
"faces":{
"down":{"uv":[8,11,9,12],"texture":"#1"},
"up":{"uv":[8,11,9,12],"texture":"#1"},
"west":{"uv":[8,11,9,12],"texture":"#1"},
"east":{"uv":[8,11,9,12],"texture":"#1"}
}
},
{
"from":[3,9.25,7.0312],
"to":[7.75,10.75,8.7812],
"faces":{
"down":{"uv":[1,4,2,5],"texture":"#1"},
"up":{"uv":[1,4,2,5],"texture":"#1"},
"north":{"uv":[1,4,2,5],"texture":"#1"},
"south":{"uv":[1,4,2,5],"texture":"#1"},
"east":{"uv":[1,4,2,5],"texture":"#1"}
}
},
{
"from":[4.875,9.25,7],
"to":[5.125,10.78125,8.8125],
"faces":{
"down":{"uv":[8,11,9,12],"texture":"#1"},
"up":{"uv":[8,11,9,12],"texture":"#1"},
"north":{"uv":[8,11,9,12],"texture":"#1"},
"south":{"uv":[8,11,9,12],"texture":"#1"},
"west":{"uv":[8,11,9,12],"texture":"#1"},
"east":{"uv":[8,11,9,12],"texture":"#1"}
}
},
{
"from":[8.0938,7.75,7.4062],
"to":[9.5938,8.375,8.4062],
"faces":{
"down":{"uv":[9,9,10,10],"texture":"#1"},
"up":{"uv":[9,9,10,10],"texture":"#1"},
"north":{"uv":[9,9,10,10],"texture":"#1"},
"south":{"uv":[9,9,10,10],"texture":"#1"},
"west":{"uv":[9,9,10,10],"texture":"#1"},
"east":{"uv":[9,9,10,10],"texture":"#1"}
}
},
{
"from":[8.156199,7.25,7.4062],
"to":[9.656199,7.75,8.4062],
"faces":{
"down":{"uv":[9,9,10,10],"texture":"#1"},
"up":{"uv":[9,9,10,10],"texture":"#1"},
"north":{"uv":[9,9,10,10],"texture":"#1"},
"south":{"uv":[9,9,10,10],"texture":"#1"},
"west":{"uv":[9,9,10,10],"texture":"#1"},
"east":{"uv":[9,9,10,10],"texture":"#1"}
}
},
{
"from":[7.9688,7.75,7.6562],
"to":[8.0938,8.375,8.1562],
"faces":{
"down":{"uv":[8,11,9,12],"texture":"#1"},
"north":{"uv":[8,11,9,12],"texture":"#1"},
"south":{"uv":[8,11,9,12],"texture":"#1"},
"west":{"uv":[8,11,9,12],"texture":"#1"}
}
},
{
"from":[8.031199,7.25,7.6562],
"to":[8.156199,7.75,8.1562],
"faces":{
"down":{"uv":[8,11,9,12],"texture":"#1"},
"north":{"uv":[8,11,9,12],"texture":"#1"},
"south":{"uv":[8,11,9,12],"texture":"#1"},
"west":{"uv":[8,11,9,12],"texture":"#1"}
}
},
{
"from":[8.2188,6.75,7.4062],
"to":[9.7188,7.25,8.4062],
"faces":{
"down":{"uv":[9,9,10,10],"texture":"#1"},
"up":{"uv":[9,9,10,10],"texture":"#1"},
"north":{"uv":[9,9,10,10],"texture":"#1"},
"south":{"uv":[9,9,10,10],"texture":"#1"},
"west":{"uv":[9,9,10,10],"texture":"#1"},
"east":{"uv":[9,9,10,10],"texture":"#1"}
}
},
{
"from":[8.281199,6.4375,7.4062],
"to":[9.781199,6.75,8.4062],
"faces":{
"down":{"uv":[9,9,10,10],"texture":"#1"},
"up":{"uv":[9,9,10,10],"texture":"#1"},
"north":{"uv":[9,9,10,10],"texture":"#1"},
"south":{"uv":[9,9,10,10],"texture":"#1"},
"west":{"uv":[9,9,10,10],"texture":"#1"},
"east":{"uv":[9,9,10,10],"texture":"#1"}
}
},
{
"from":[8.3438,6.125,7.4062],
"to":[9.8438,6.4375,8.4062],
"faces":{
"down":{"uv":[9,9,10,10],"texture":"#1"},
"up":{"uv":[9,9,10,10],"texture":"#1"},
"north":{"uv":[9,9,10,10],"texture":"#1"},
"south":{"uv":[9,9,10,10],"texture":"#1"},
"west":{"uv":[9,9,10,10],"texture":"#1"},
"east":{"uv":[9,9,10,10],"texture":"#1"}
}
},
{
"from":[8.406199,5.8125,7.4062],
"to":[9.906199,6.125,8.4062],
"faces":{
"down":{"uv":[9,9,10,10],"texture":"#1"},
"up":{"uv":[9,9,10,10],"texture":"#1"},
"north":{"uv":[9,9,10,10],"texture":"#1"},
"south":{"uv":[9,9,10,10],"texture":"#1"},
"west":{"uv":[9,9,10,10],"texture":"#1"},
"east":{"uv":[9,9,10,10],"texture":"#1"}
}
},
{
"from":[8.656199,4.8125,7.4062],
"to":[10.18745,5.0625,8.4062],
"faces":{
"down":{"uv":[9,9,10,10],"texture":"#1"},
"up":{"uv":[9,9,10,10],"texture":"#1"},
"north":{"uv":[9,9,10,10],"texture":"#1"},
"south":{"uv":[9,9,10,10],"texture":"#1"},
"west":{"uv":[9,9,10,10],"texture":"#1"},
"east":{"uv":[9,9,10,10],"texture":"#1"}
}
},
{
"from":[8.4688,5.5625,7.4062],
"to":[9.9688,5.8125,8.4062],
"faces":{
"down":{"uv":[9,9,10,10],"texture":"#1"},
"up":{"uv":[9,9,10,10],"texture":"#1"},
"north":{"uv":[9,9,10,10],"texture":"#1"},
"south":{"uv":[9,9,10,10],"texture":"#1"},
"west":{"uv":[9,9,10,10],"texture":"#1"},
"east":{"uv":[9,9,10,10],"texture":"#1"}
}
},
{
"from":[8.531199,5.3125,7.4062],
"to":[10.0312,5.5625,8.4062],
"faces":{
"down":{"uv":[9,9,10,10],"texture":"#1"},
"up":{"uv":[9,9,10,10],"texture":"#1"},
"north":{"uv":[9,9,10,10],"texture":"#1"},
"south":{"uv":[9,9,10,10],"texture":"#1"},
"west":{"uv":[9,9,10,10],"texture":"#1"},
"east":{"uv":[9,9,10,10],"texture":"#1"}
}
},
{
"from":[8.5938,5.0625,7.4062],
"to":[10.0938,5.3125,8.4062],
"faces":{
"down":{"uv":[9,9,10,10],"texture":"#1"},
"up":{"uv":[9,9,10,10],"texture":"#1"},
"north":{"uv":[9,9,10,10],"texture":"#1"},
"south":{"uv":[9,9,10,10],"texture":"#1"},
"west":{"uv":[9,9,10,10],"texture":"#1"},
"east":{"uv":[9,9,10,10],"texture":"#1"}
}
},
{
"from":[8.781199,4.5,7.4062],
"to":[10.3437,4.65625,8.4062],
"faces":{
"down":{"uv":[9,9,10,10],"texture":"#1"},
"up":{"uv":[9,9,10,10],"texture":"#1"},
"north":{"uv":[9,9,10,10],"texture":"#1"},
"south":{"uv":[9,9,10,10],"texture":"#1"},
"west":{"uv":[9,9,10,10],"texture":"#1"},
"east":{"uv":[9,9,10,10],"texture":"#1"}
}
},
{
"from":[8.7188,4.6562,7.4062],
"to":[10.2813,4.81245,8.4062],
"faces":{
"down":{"uv":[9,9,10,10],"texture":"#1"},
"up":{"uv":[9,9,10,10],"texture":"#1"},
"north":{"uv":[9,9,10,10],"texture":"#1"},
"south":{"uv":[9,9,10,10],"texture":"#1"},
"west":{"uv":[9,9,10,10],"texture":"#1"},
"east":{"uv":[9,9,10,10],"texture":"#1"}
}
},
{
"from":[8.8438,4.3438,7.4062],
"to":[10.4063,4.50005,8.4062],
"faces":{
"down":{"uv":[9,9,10,10],"texture":"#1"},
"up":{"uv":[9,9,10,10],"texture":"#1"},
"north":{"uv":[9,9,10,10],"texture":"#1"},
"south":{"uv":[9,9,10,10],"texture":"#1"},
"west":{"uv":[9,9,10,10],"texture":"#1"},
"east":{"uv":[9,9,10,10],"texture":"#1"}
}
},
{
"from":[8.906199,4.1875,7.4062],
"to":[10.4687,4.34375,8.4062],
"faces":{
"down":{"uv":[9,9,10,10],"texture":"#1"},
"up":{"uv":[9,9,10,10],"texture":"#1"},
"north":{"uv":[9,9,10,10],"texture":"#1"},
"south":{"uv":[9,9,10,10],"texture":"#1"},
"west":{"uv":[9,9,10,10],"texture":"#1"},
"east":{"uv":[9,9,10,10],"texture":"#1"}
}
},
{
"from":[8.9688,4.0625,7.4062],
"to":[10.5313,4.1875,8.4062],
"faces":{
"down":{"uv":[9,9,10,10],"texture":"#1"},
"up":{"uv":[9,9,10,10],"texture":"#1"},
"north":{"uv":[9,9,10,10],"texture":"#1"},
"south":{"uv":[9,9,10,10],"texture":"#1"},
"west":{"uv":[9,9,10,10],"texture":"#1"},
"east":{"uv":[9,9,10,10],"texture":"#1"}
}
},
{
"from":[9.031199,3.9375,7.4062],
"to":[10.3437,4.0625,8.4062],
"faces":{
"down":{"uv":[9,9,10,10],"texture":"#1"},
"north":{"uv":[9,9,10,10],"texture":"#1"},
"south":{"uv":[9,9,10,10],"texture":"#1"},
"west":{"uv":[9,9,10,10],"texture":"#1"},
"east":{"uv":[9,9,10,10],"texture":"#1"}
}
},
{
"from":[9.0938,3.8125,7.4062],
"to":[10.1563,3.9375,8.4062],
"faces":{
"down":{"uv":[9,9,10,10],"texture":"#1"},
"north":{"uv":[9,9,10,10],"texture":"#1"},
"south":{"uv":[9,9,10,10],"texture":"#1"},
"west":{"uv":[9,9,10,10],"texture":"#1"},
"east":{"uv":[9,9,10,10],"texture":"#1"}
}
},
{
"from":[9.156199,3.6875,7.4062],
"to":[9.937449,3.8125,8.4062],
"faces":{
"down":{"uv":[9,9,10,10],"texture":"#1"},
"north":{"uv":[9,9,10,10],"texture":"#1"},
"south":{"uv":[9,9,10,10],"texture":"#1"},
"west":{"uv":[9,9,10,10],"texture":"#1"},
"east":{"uv":[9,9,10,10],"texture":"#1"}
}
},
{
"from":[9.2188,3.5625,7.4062],
"to":[9.7188,3.6875,8.4062],
"faces":{
"down":{"uv":[9,9,10,10],"texture":"#1"},
"north":{"uv":[9,9,10,10],"texture":"#1"},
"south":{"uv":[9,9,10,10],"texture":"#1"},
"west":{"uv":[9,9,10,10],"texture":"#1"},
"east":{"uv":[9,9,10,10],"texture":"#1"}
}
},
{
"from":[9.281199,3.4375,7.4062],
"to":[9.468699,3.5625,8.4062],
"faces":{
"down":{"uv":[9,9,10,10],"texture":"#1"},
"north":{"uv":[9,9,10,10],"texture":"#1"},
"south":{"uv":[9,9,10,10],"texture":"#1"},
"west":{"uv":[9,9,10,10],"texture":"#1"},
"east":{"uv":[9,9,10,10],"texture":"#1"}
}
},
{
"from":[8.0938,6.75,7.6562],
"to":[8.2188,7.25,8.1562],
"faces":{
"down":{"uv":[8,11,9,12],"texture":"#1"},
"north":{"uv":[8,11,9,12],"texture":"#1"},
"south":{"uv":[8,11,9,12],"texture":"#1"},
"west":{"uv":[8,11,9,12],"texture":"#1"}
}
},
{
"from":[8.156199,6.4375,7.6562],
"to":[8.281199,6.75,8.1562],
"faces":{
"down":{"uv":[8,11,9,12],"texture":"#1"},
"north":{"uv":[8,11,9,12],"texture":"#1"},
"south":{"uv":[8,11,9,12],"texture":"#1"},
"west":{"uv":[8,11,9,12],"texture":"#1"}
}
},
{
"from":[8.2188,6.125,7.6562],
"to":[8.3438,6.4375,8.1562],
"faces":{
"down":{"uv":[8,11,9,12],"texture":"#1"},
"north":{"uv":[8,11,9,12],"texture":"#1"},
"south":{"uv":[8,11,9,12],"texture":"#1"},
"west":{"uv":[8,11,9,12],"texture":"#1"}
}
},
{
"from":[8.281199,5.8125,7.6562],
"to":[8.406199,6.125,8.1562],
"faces":{
"down":{"uv":[8,11,9,12],"texture":"#1"},
"north":{"uv":[8,11,9,12],"texture":"#1"},
"south":{"uv":[8,11,9,12],"texture":"#1"},
"west":{"uv":[8,11,9,12],"texture":"#1"}
}
},
{
"from":[8.3438,5.5625,7.6562],
"to":[8.4688,5.8125,8.1562],
"faces":{
"down":{"uv":[8,11,9,12],"texture":"#1"},
"north":{"uv":[8,11,9,12],"texture":"#1"},
"south":{"uv":[8,11,9,12],"texture":"#1"},
"west":{"uv":[8,11,9,12],"texture":"#1"}
}
},
{
"from":[8.406199,5.3125,7.6562],
"to":[8.531199,5.5625,8.1562],
"faces":{
"down":{"uv":[8,11,9,12],"texture":"#1"},
"north":{"uv":[8,11,9,12],"texture":"#1"},
"south":{"uv":[8,11,9,12],"texture":"#1"},
"west":{"uv":[8,11,9,12],"texture":"#1"}
}
},
{
"from":[8.4688,5.0625,7.6562],
"to":[8.5938,5.3125,8.1562],
"faces":{
"down":{"uv":[8,11,9,12],"texture":"#1"},
"north":{"uv":[8,11,9,12],"texture":"#1"},
"south":{"uv":[8,11,9,12],"texture":"#1"},
"west":{"uv":[8,11,9,12],"texture":"#1"}
}
},
{
"from":[8.531199,4.8125,7.6562],
"to":[8.656199,5.0625,8.1562],
"faces":{
"down":{"uv":[8,11,9,12],"texture":"#1"},
"north":{"uv":[8,11,9,12],"texture":"#1"},
"south":{"uv":[8,11,9,12],"texture":"#1"},
"west":{"uv":[8,11,9,12],"texture":"#1"}
}
},
{
"from":[8.5938,4.6562,7.6562],
"to":[8.7188,4.81245,8.1562],
"faces":{
"down":{"uv":[8,11,9,12],"texture":"#1"},
"north":{"uv":[8,11,9,12],"texture":"#1"},
"south":{"uv":[8,11,9,12],"texture":"#1"},
"west":{"uv":[8,11,9,12],"texture":"#1"}
}
},
{
"from":[8.656199,4.5,7.6562],
"to":[8.781199,4.65625,8.1562],
"faces":{
"down":{"uv":[8,11,9,12],"texture":"#1"},
"north":{"uv":[8,11,9,12],"texture":"#1"},
"south":{"uv":[8,11,9,12],"texture":"#1"},
"west":{"uv":[8,11,9,12],"texture":"#1"}
}
},
{
"from":[8.7188,4.3438,7.6562],
"to":[8.8438,4.50005,8.1562],
"faces":{
"down":{"uv":[8,11,9,12],"texture":"#1"},
"north":{"uv":[8,11,9,12],"texture":"#1"},
"south":{"uv":[8,11,9,12],"texture":"#1"},
"west":{"uv":[8,11,9,12],"texture":"#1"}
}
},
{
"from":[8.781199,4.1875,7.6562],
"to":[8.906199,4.34375,8.1562],
"faces":{
"down":{"uv":[8,11,9,12],"texture":"#1"},
"north":{"uv":[8,11,9,12],"texture":"#1"},
"south":{"uv":[8,11,9,12],"texture":"#1"},
"west":{"uv":[8,11,9,12],"texture":"#1"}
}
},
{
"from":[8.8438,4.0625,7.6562],
"to":[8.9688,4.1875,8.1562],
"faces":{
"down":{"uv":[8,11,9,12],"texture":"#1"},
"north":{"uv":[8,11,9,12],"texture":"#1"},
"south":{"uv":[8,11,9,12],"texture":"#1"},
"west":{"uv":[8,11,9,12],"texture":"#1"}
}
},
{
"from":[8.906199,3.9375,7.6562],
"to":[9.031199,4.0625,8.1562],
"faces":{
"down":{"uv":[8,11,9,12],"texture":"#1"},
"north":{"uv":[8,11,9,12],"texture":"#1"},
"south":{"uv":[8,11,9,12],"texture":"#1"},
"west":{"uv":[8,11,9,12],"texture":"#1"}
}
},
{
"from":[8.9688,3.8125,7.6562],
"to":[9.0938,3.9375,8.1562],
"faces":{
"down":{"uv":[8,11,9,12],"texture":"#1"},
"north":{"uv":[8,11,9,12],"texture":"#1"},
"south":{"uv":[8,11,9,12],"texture":"#1"},
"west":{"uv":[8,11,9,12],"texture":"#1"}
}
},
{
"from":[9.031199,3.6875,7.6562],
"to":[9.156199,3.8125,8.1562],
"faces":{
"down":{"uv":[8,11,9,12],"texture":"#1"},
"north":{"uv":[8,11,9,12],"texture":"#1"},
"south":{"uv":[8,11,9,12],"texture":"#1"},
"west":{"uv":[8,11,9,12],"texture":"#1"}
}
},
{
"from":[9.0938,3.5625,7.6562],
"to":[9.2188,3.6875,8.1562],
"faces":{
"down":{"uv":[8,11,9,12],"texture":"#1"},
"north":{"uv":[8,11,9,12],"texture":"#1"},
"south":{"uv":[8,11,9,12],"texture":"#1"},
"west":{"uv":[8,11,9,12],"texture":"#1"}
}
},
{
"from":[9.156199,3.4375,7.6562],
"to":[9.281199,3.5625,8.1562],
"faces":{
"down":{"uv":[8,11,9,12],"texture":"#1"},
"north":{"uv":[8,11,9,12],"texture":"#1"},
"south":{"uv":[8,11,9,12],"texture":"#1"},
"west":{"uv":[8,11,9,12],"texture":"#1"}
}
},
{
"from":[2.75,8,7.1562],
"to":[7.75,9,8.6562],
"faces":{
"down":{"uv":[9,9,10,10],"texture":"#1"},
"north":{"uv":[9,9,10,10],"texture":"#1"},
"south":{"uv":[9,9,10,10],"texture":"#1"},
"west":{"uv":[9,9,10,10],"texture":"#1"},
"east":{"uv":[9,9,10,10],"texture":"#1"}
}
},
{
"from":[4.75,6.5,7.6562],
"to":[4.78125,8,8.1562],
"faces":{
"north":{"uv":[9,9,10,10],"texture":"#1"},
"south":{"uv":[9,9,10,10],"texture":"#1"},
"west":{"uv":[9,9,10,10],"texture":"#1"},
"east":{"uv":[9,9,10,10],"texture":"#1"}
}
},
{
"from":[4.9375,6.3126,7.6562],
"to":[6.4375,6.4376,8.1562],
"faces":{
"down":{"uv":[9,9,10,10],"texture":"#1"},
"up":{"uv":[9,9,10,10],"texture":"#1"},
"north":{"uv":[9,9,10,10],"texture":"#1"},
"south":{"uv":[9,9,10,10],"texture":"#1"}
}
},
{
"from":[6.4375,6.3125,7.6562],
"to":[6.75,6.4375,8.1562],
"rotation":{"origin":[6.4375,6.3125,7.65625],"axis":"z","angle":22.5},
"faces":{
"down":{"uv":[9,9,10,10],"texture":"#1"},
"up":{"uv":[9,9,10,10],"texture":"#1"},
"north":{"uv":[9,9,10,10],"texture":"#1"},
"south":{"uv":[9,9,10,10],"texture":"#1"}
}
},
{
"from":[6.8175,6.6512,7.6562],
"to":[6.9425,6.9637,8.1562],
"rotation":{"origin":[6.9425,6.65125,7.65625],"axis":"z","angle":-22.5},
"faces":{
"north":{"uv":[9,9,10,10],"texture":"#1"},
"south":{"uv":[9,9,10,10],"texture":"#1"},
"west":{"uv":[9,9,10,10],"texture":"#1"},
"east":{"uv":[9,9,10,10],"texture":"#1"}
}
},
{
"from":[6.7238,6.4325,7.6562],
"to":[7.0363,6.5575,8.1562],
"rotation":{"origin":[6.72375,6.4325,7.65625],"axis":"z","angle":45},
"faces":{
"down":{"uv":[9,9,10,10],"texture":"#1"},
"up":{"uv":[9,9,10,10],"texture":"#1"},
"north":{"uv":[9,9,10,10],"texture":"#1"},
"south":{"uv":[9,9,10,10],"texture":"#1"}
}
},
{
"from":[6.9375,6.9375,7.6562],
"to":[7.0625,7.5,8.1562],
"faces":{
"north":{"uv":[9,9,10,10],"texture":"#1"},
"south":{"uv":[9,9,10,10],"texture":"#1"},
"west":{"uv":[9,9,10,10],"texture":"#1"},
"east":{"uv":[9,9,10,10],"texture":"#1"}
}
},
{
"from":[6.9375,7.5,7.6562],
"to":[7.0625,7.8125,8.1562],
"rotation":{"origin":[7.0625,7.5,7.65625],"axis":"z","angle":22.5},
"faces":{
"north":{"uv":[9,9,10,10],"texture":"#1"},
"south":{"uv":[9,9,10,10],"texture":"#1"},
"west":{"uv":[9,9,10,10],"texture":"#1"},
"east":{"uv":[9,9,10,10],"texture":"#1"}
}
},
{
"from":[6.8175,7.7888,7.6562],
"to":[6.9425,8.1013,8.1562],
"rotation":{"origin":[6.9425,7.78875,7.65625],"axis":"z","angle":45},
"faces":{
"north":{"uv":[9,9,10,10],"texture":"#1"},
"south":{"uv":[9,9,10,10],"texture":"#1"},
"west":{"uv":[9,9,10,10],"texture":"#1"},
"east":{"uv":[9,9,10,10],"texture":"#1"}
}
},
{
"from":[6.4137,7.8825,7.6562],
"to":[6.7262,8.0075,8.1562],
"rotation":{"origin":[6.72625,8.0075,7.65625],"axis":"z","angle":-22.5},
"faces":{
"down":{"uv":[9,9,10,10],"texture":"#1"},
"north":{"uv":[9,9,10,10],"texture":"#1"},
"south":{"uv":[9,9,10,10],"texture":"#1"}
}
},
{
"from":[5.25,7.25,7.6562],
"to":[5.4375,8,8.1562],
"faces":{
"north":{"uv":[9,9,10,10],"texture":"#1"},
"south":{"uv":[9,9,10,10],"texture":"#1"},
"west":{"uv":[9,9,10,10],"texture":"#1"},
"east":{"uv":[9,9,10,10],"texture":"#1"}
}
},
{
"from":[5.25,7.7812,7.6562],
"to":[5.34375,8.06245,8.1562],
"rotation":{"origin":[5.25,7.78125,7.65625],"axis":"z","angle":22.5},
"faces":{
"north":{"uv":[9,9,10,10],"texture":"#1"},
"south":{"uv":[9,9,10,10],"texture":"#1"},
"west":{"uv":[9,9,10,10],"texture":"#1"}
}
},
{
"from":[5.3437,7.7812,7.6562],
"to":[5.43745,8.06245,8.1562],
"rotation":{"origin":[5.4375,7.78125,7.65625],"axis":"z","angle":-22.5},
"faces":{
"north":{"uv":[9,9,10,10],"texture":"#1"},
"south":{"uv":[9,9,10,10],"texture":"#1"},
"east":{"uv":[9,9,10,10],"texture":"#1"}
}
},
{
"from":[5.25,6.7812,7.6562],
"to":[5.4375,7.24995,8.1562],
"rotation":{"origin":[5.25,7.25,7.65625],"axis":"z","angle":22.5},
"faces":{
"north":{"uv":[9,9,10,10],"texture":"#1"},
"south":{"uv":[9,9,10,10],"texture":"#1"},
"west":{"uv":[9,9,10,10],"texture":"#1"},
"east":{"uv":[9,9,10,10],"texture":"#1"}
}
},
{
"from":[5.4288,6.8174,7.6562],
"to":[5.77255,6.97365,8.1562],
"rotation":{"origin":[5.42875,6.81755,7.65625],"axis":"z","angle":-22.5},
"faces":{
"down":{"uv":[9,9,10,10],"texture":"#1"},
"up":{"uv":[9,9,10,10],"texture":"#1"},
"north":{"uv":[9,9,10,10],"texture":"#1"},
"south":{"uv":[9,9,10,10],"texture":"#1"},
"east":{"uv":[9,9,10,10],"texture":"#1"}
}
},
{
"from":[7.0312,7.9063,7.6562],
"to":[7.7187,8.00005,8.1562],
"faces":{
"down":{"uv":[9,9,10,10],"texture":"#1"},
"north":{"uv":[9,9,10,10],"texture":"#1"},
"south":{"uv":[9,9,10,10],"texture":"#1"},
"west":{"uv":[9,9,10,10],"texture":"#1"},
"east":{"uv":[9,9,10,10],"texture":"#1"}
}
},
{
"from":[2.75,9.25,7],
"to":[3,10.78125,8.8125],
"faces":{
"up":{"uv":[8,11,9,12],"texture":"#1"},
"north":{"uv":[8,11,9,12],"texture":"#1"},
"south":{"uv":[8,11,9,12],"texture":"#1"},
"west":{"uv":[8,11,9,12],"texture":"#1"},
"east":{"uv":[8,11,9,12],"texture":"#1"}
}
},
{
"from":[2.75,9,7.1562],
"to":[3,9.25,8.6562],
"faces":{
"north":{"uv":[9,9,10,10],"texture":"#1"},
"south":{"uv":[9,9,10,10],"texture":"#1"},
"west":{"uv":[9,9,10,10],"texture":"#1"}
}
},
{
"from":[2.75,9.25,7],
"to":[3.10355,9.5,8.8125],
"rotation":{"origin":[2.75,9.25,7],"axis":"z","angle":-45},
"faces":{
"down":{"uv":[8,11,9,12],"texture":"#1"},
"up":{"uv":[8,11,9,12],"texture":"#1"},
"north":{"uv":[8,11,9,12],"texture":"#1"},
"south":{"uv":[8,11,9,12],"texture":"#1"}
}
},
{
"from":[2.0625,9.5938,7],
"to":[2.75,9.9045,8.8125],
"faces":{
"down":{"uv":[9,9,10,10],"texture":"#1"},
"up":{"uv":[9,9,10,10],"texture":"#1"},
"north":{"uv":[9,9,10,10],"texture":"#1"},
"south":{"uv":[9,9,10,10],"texture":"#1"},
"west":{"uv":[9,9,10,10],"texture":"#1"}
}
},
{
"from":[2.5391,8.1875,7.1562],
"to":[2.75004,8.30469,8.6562],
"faces":{
"north":{"uv":[9,9,10,10],"texture":"#1"},
"south":{"uv":[9,9,10,10],"texture":"#1"}
}
},
{
"from":[2.5387,8.307,7.1562],
"to":[2.69495,8.6195,8.6562],
"rotation":{"origin":[2.53875,8.30705,7.1562],"axis":"z","angle":-45},
"faces":{
"north":{"uv":[9,9,10,10],"texture":"#1"},
"south":{"uv":[9,9,10,10],"texture":"#1"},
"west":{"uv":[9,9,10,10],"texture":"#1"}
}
},
{
"from":[2.3098,8.043099,7.1562],
"to":[2.6223,8.199349,8.6562],
"rotation":{"origin":[2.30979,8.04314,7.1562],"axis":"z","angle":22.5},
"faces":{
"up":{"uv":[9,9,10,10],"texture":"#1"},
"north":{"uv":[9,9,10,10],"texture":"#1"},
"south":{"uv":[9,9,10,10],"texture":"#1"}
}
},
{
"from":[2.6562,10.125,7],
"to":[2.74995,10.40625,8.8125],
"faces":{
"up":{"uv":[9,9,10,10],"texture":"#1"},
"north":{"uv":[9,9,10,10],"texture":"#1"},
"south":{"uv":[9,9,10,10],"texture":"#1"},
"west":{"uv":[9,9,10,10],"texture":"#1"}
}
},
{
"from":[3.2188,3.75,7.5312],
"to":[3.3438,3.875,8.2812],
"faces":{
"down":{"uv":[9,9,10,10],"texture":"#1"},
"north":{"uv":[9,9,10,10],"texture":"#1"},
"south":{"uv":[9,9,10,10],"texture":"#1"},
"west":{"uv":[9,9,10,10],"texture":"#1"},
"east":{"uv":[9,9,10,10],"texture":"#1"}
}
},
{
"from":[3.2188,3.875,7.5312],
"to":[4.00005,4,8.2812],
"faces":{
"down":{"uv":[9,9,10,10],"texture":"#1"},
"north":{"uv":[9,9,10,10],"texture":"#1"},
"south":{"uv":[9,9,10,10],"texture":"#1"},
"west":{"uv":[9,9,10,10],"texture":"#1"},
"east":{"uv":[9,9,10,10],"texture":"#1"}
}
},
{
"from":[3.875,3.75,7.5312],
"to":[4,3.875,8.2812],
"faces":{
"down":{"uv":[9,9,10,10],"texture":"#1"},
"north":{"uv":[9,9,10,10],"texture":"#1"},
"south":{"uv":[9,9,10,10],"texture":"#1"},
"west":{"uv":[9,9,10,10],"texture":"#1"},
"east":{"uv":[9,9,10,10],"texture":"#1"}
}
},
{
"from":[4.5312,10.9062,8],
"to":[4.6562,11.1562,8.25],
"faces":{
"up":{"uv":[9,9,10,10],"texture":"#1"},
"north":{"uv":[9,9,10,10],"texture":"#1"},
"west":{"uv":[9,9,10,10],"texture":"#1"},
"east":{"uv":[9,9,10,10],"texture":"#1"}
}
},
{
"from":[4.4375,11.1875,8.25],
"to":[4.75,11.25,8.375],
"faces":{
"up":{"uv":[9,9,10,10],"texture":"#1"},
"north":{"uv":[9,9,10,10],"texture":"#1"},
"south":{"uv":[9,9,10,10],"texture":"#1"},
"west":{"uv":[9,9,10,10],"texture":"#1"},
"east":{"uv":[9,9,10,10],"texture":"#1"}
}
},
{
"from":[4.3438,10.75,7.4375],
"to":[4.8438,11.1875,7.5625],
"faces":{
"up":{"uv":[9,9,10,10],"texture":"#1"},
"north":{"uv":[9,9,10,10],"texture":"#1"},
"south":{"uv":[9,9,10,10],"texture":"#1"},
"west":{"uv":[9,9,10,10],"texture":"#1"},
"east":{"uv":[9,9,10,10],"texture":"#1"}
}
},
{
"from":[4.8125,10.7812,7.4062],
"to":[4.875,10.9062,7.8437],
"faces":{
"up":{"uv":[9,9,10,10],"texture":"#1"},
"north":{"uv":[9,9,10,10],"texture":"#1"},
"south":{"uv":[9,9,10,10],"texture":"#1"},
"west":{"uv":[9,9,10,10],"texture":"#1"},
"east":{"uv":[9,9,10,10],"texture":"#1"}
}
},
{
"from":[4.5312,10.9062,7.8125],
"to":[4.6562,11.0312,8],
"faces":{
"up":{"uv":[9,9,10,10],"texture":"#1"},
"west":{"uv":[9,9,10,10],"texture":"#1"},
"east":{"uv":[9,9,10,10],"texture":"#1"}
}
},
{
"from":[4.5312,10.9062,7.5625],
"to":[4.6562,11.1562,7.8125],
"faces":{
"up":{"uv":[9,9,10,10],"texture":"#1"},
"south":{"uv":[9,9,10,10],"texture":"#1"},
"west":{"uv":[9,9,10,10],"texture":"#1"},
"east":{"uv":[9,9,10,10],"texture":"#1"}
}
},
{
"from":[11.9062,10.75,8.281199],
"to":[12.4062,11.125,8.343699],
"faces":{
"up":{"uv":[9,9,10,10],"texture":"#1"},
"north":{"uv":[9,9,10,10],"texture":"#1"},
"south":{"uv":[9,9,10,10],"texture":"#1"},
"west":{"uv":[9,9,10,10],"texture":"#1"},
"east":{"uv":[9,9,10,10],"texture":"#1"}
}
},
{
"from":[4.4375,11.1875,7.4375],
"to":[4.75,11.25,7.5625],
"faces":{
"up":{"uv":[9,9,10,10],"texture":"#1"},
"north":{"uv":[9,9,10,10],"texture":"#1"},
"south":{"uv":[9,9,10,10],"texture":"#1"},
"west":{"uv":[9,9,10,10],"texture":"#1"},
"east":{"uv":[9,9,10,10],"texture":"#1"}
}
},
{
"from":[4.3438,10.75,8.25],
"to":[4.8438,11.1875,8.375],
"faces":{
"up":{"uv":[9,9,10,10],"texture":"#1"},
"north":{"uv":[9,9,10,10],"texture":"#1"},
"south":{"uv":[9,9,10,10],"texture":"#1"},
"west":{"uv":[9,9,10,10],"texture":"#1"},
"east":{"uv":[9,9,10,10],"texture":"#1"}
}
},
{
"from":[4.4688,10.7812,7.5625],
"to":[4.81255,10.9062,8.25],
"faces":{
"up":{"uv":[9,9,10,10],"texture":"#1"},
"west":{"uv":[9,9,10,10],"texture":"#1"},
"east":{"uv":[9,9,10,10],"texture":"#1"}
}
},
{
"from":[4.8125,10.7812,7.9688],
"to":[4.875,10.9062,8.25005],
"faces":{
"up":{"uv":[9,9,10,10],"texture":"#1"},
"north":{"uv":[9,9,10,10],"texture":"#1"},
"south":{"uv":[9,9,10,10],"texture":"#1"},
"west":{"uv":[9,9,10,10],"texture":"#1"},
"east":{"uv":[9,9,10,10],"texture":"#1"}
}
},
{
"from":[11.9062,10.75,7.4687],
"to":[12.4062,10.8125,8.3437],
"faces":{
"up":{"uv":[9,9,10,10],"texture":"#1"},
"west":{"uv":[9,9,10,10],"texture":"#1"},
"east":{"uv":[9,9,10,10],"texture":"#1"}
}
},
{
"from":[12.1562,11.125,7.375],
"to":[12.4062,11.28125,7.53125],
"faces":{
"down":{"uv":[9,9,10,10],"texture":"#1"},
"up":{"uv":[9,9,10,10],"texture":"#1"},
"north":{"uv":[9,9,10,10],"texture":"#1"},
"south":{"uv":[9,9,10,10],"texture":"#1"},
"west":{"uv":[9,9,10,10],"texture":"#1"},
"east":{"uv":[9,9,10,10],"texture":"#1"}
}
},
{
"from":[12.1562,11.125,8.281199],
"to":[12.4062,11.28125,8.437449],
"faces":{
"down":{"uv":[9,9,10,10],"texture":"#1"},
"up":{"uv":[9,9,10,10],"texture":"#1"},
"north":{"uv":[9,9,10,10],"texture":"#1"},
"south":{"uv":[9,9,10,10],"texture":"#1"},
"west":{"uv":[9,9,10,10],"texture":"#1"},
"east":{"uv":[9,9,10,10],"texture":"#1"}
}
},
{
"from":[12.2812,10.9688,7.875],
"to":[12.3437,11.0938,7.9375],
"faces":{
"up":{"uv":[9,9,10,10],"texture":"#1"},
"north":{"uv":[9,9,10,10],"texture":"#1"},
"south":{"uv":[9,9,10,10],"texture":"#1"},
"west":{"uv":[9,9,10,10],"texture":"#1"},
"east":{"uv":[9,9,10,10],"texture":"#1"}
}
},
{
"from":[11.9062,10.75,7.4688],
"to":[12.4062,11.125,7.5313],
"faces":{
"up":{"uv":[9,9,10,10],"texture":"#1"},
"north":{"uv":[9,9,10,10],"texture":"#1"},
"south":{"uv":[9,9,10,10],"texture":"#1"},
"west":{"uv":[9,9,10,10],"texture":"#1"},
"east":{"uv":[9,9,10,10],"texture":"#1"}
}
},
{
"from":[12.25,10.8125,7.8438],
"to":[12.375,10.96875,7.9688],
"faces":{
"up":{"uv":[9,9,10,10],"texture":"#1"},
"north":{"uv":[9,9,10,10],"texture":"#1"},
"south":{"uv":[9,9,10,10],"texture":"#1"},
"west":{"uv":[9,9,10,10],"texture":"#1"},
"east":{"uv":[9,9,10,10],"texture":"#1"}
}
},
{
"from":[2.2812,10.125,8.375],
"to":[2.6562,10.625,8.75],
"faces":{
"up":{"uv":[8,11,9,12],"texture":"#1"},
"north":{"uv":[8,11,9,12],"texture":"#1"},
"south":{"uv":[8,11,9,12],"texture":"#1"},
"west":{"uv":[8,11,9,12],"texture":"#1"},
"east":{"uv":[8,11,9,12],"texture":"#1"}
}
},
{
"from":[2.2812,9.375,7],
"to":[2.74995,10.125,8.8125],
"faces":{
"down":{"uv":[9,9,10,10],"texture":"#1"},
"up":{"uv":[9,9,10,10],"texture":"#1"},
"north":{"uv":[9,9,10,10],"texture":"#1"},
"south":{"uv":[9,9,10,10],"texture":"#1"},
"west":{"uv":[9,9,10,10],"texture":"#1"}
}
},
{
"from":[2.1312,8.8828,7],
"to":[2.3812,9.19339,8.8125],
"rotation":{"origin":[3.33005,9.47659,8],"axis":"z","angle":-45},
"faces":{
"north":{"uv":[9,9,10,10],"texture":"#1","rotation":90},
"south":{"uv":[9,9,10,10],"texture":"#1","rotation":270},
"west":{"uv":[9,9,10,10],"texture":"#1","rotation":270}
}
},
{
"from":[2.3058,10.3783,7],
"to":[2.5558,10.68889,8.8125],
"rotation":{"origin":[3.50461,9.84706,8],"axis":"z","angle":45},
"faces":{
"north":{"uv":[9,9,10,10],"texture":"#1","rotation":90},
"south":{"uv":[9,9,10,10],"texture":"#1","rotation":270},
"west":{"uv":[9,9,10,10],"texture":"#1","rotation":270}
}
},
{
"from":[2.3438,10.9688,8.4375],
"to":[2.5938,11.32235,8.6875],
"rotation":{"origin":[2.34375,10.96875,8.4375],"axis":"z","angle":-45},
"faces":{
"north":{"uv":[8,11,9,12],"texture":"#1"},
"south":{"uv":[8,11,9,12],"texture":"#1"},
"west":{"uv":[8,11,9,12],"texture":"#1"},
"east":{"uv":[8,11,9,12],"texture":"#1"}
}
},
{
"from":[2.2812,10.125,7.0625],
"to":[2.6562,10.625,7.4375],
"faces":{
"up":{"uv":[8,11,9,12],"texture":"#1"},
"north":{"uv":[8,11,9,12],"texture":"#1"},
"south":{"uv":[8,11,9,12],"texture":"#1"},
"west":{"uv":[8,11,9,12],"texture":"#1"},
"east":{"uv":[8,11,9,12],"texture":"#1"}
}
},
{
"from":[2.3438,10.5938,7.125],
"to":[2.5938,10.9688,7.375],
"faces":{
"north":{"uv":[8,11,9,12],"texture":"#1"},
"south":{"uv":[8,11,9,12],"texture":"#1"},
"west":{"uv":[8,11,9,12],"texture":"#1"},
"east":{"uv":[8,11,9,12],"texture":"#1"}
}
},
{
"from":[13.7175,10.8238,7.125],
"to":[14.04385,11.0738,7.375],
"rotation":{"origin":[13.7175,10.82375,7.125],"axis":"z","angle":-45},
"faces":{
"down":{"uv":[9,12,8,11],"texture":"#1","rotation":90},
"up":{"uv":[8,11,9,12],"texture":"#1","rotation":270},
"north":{"uv":[9,12,8,11],"texture":"#1","rotation":270},
"south":{"uv":[9,12,8,11],"texture":"#1","rotation":90}
}
},
{
"from":[3.0625,10.9375,8.406199],
"to":[3.8125,11.25,8.718699],
"faces":{
"down":{"uv":[8,11,9,12],"texture":"#1"},
"up":{"uv":[8,11,9,12],"texture":"#1"},
"north":{"uv":[8,11,9,12],"texture":"#1"},
"south":{"uv":[8,11,9,12],"texture":"#1"},
"west":{"uv":[8,11,9,12],"texture":"#1"},
"east":{"uv":[8,11,9,12],"texture":"#1"}
}
},
{
"from":[2.5938,10.9688,7.125],
"to":[5.3438,11.2188,7.375],
"faces":{
"down":{"uv":[8,11,9,12],"texture":"#1"},
"up":{"uv":[8,11,9,12],"texture":"#1"},
"north":{"uv":[8,11,9,12],"texture":"#1"},
"south":{"uv":[8,11,9,12],"texture":"#1"},
"east":{"uv":[8,11,9,12],"texture":"#1"}
}
},
{
"from":[5.3438,10.9375,7.125],
"to":[8.0938,11.1875,7.375],
"faces":{
"down":{"uv":[8,11,9,12],"texture":"#1"},
"up":{"uv":[8,11,9,12],"texture":"#1"},
"north":{"uv":[8,11,9,12],"texture":"#1"},
"south":{"uv":[8,11,9,12],"texture":"#1"},
"west":{"uv":[8,11,9,12],"texture":"#1"},
"east":{"uv":[8,11,9,12],"texture":"#1"}
}
},
{
"from":[8.0938,10.9062,7.125],
"to":[10.8438,11.1562,7.375],
"faces":{
"down":{"uv":[8,11,9,12],"texture":"#1"},
"up":{"uv":[8,11,9,12],"texture":"#1"},
"north":{"uv":[8,11,9,12],"texture":"#1"},
"south":{"uv":[8,11,9,12],"texture":"#1"},
"west":{"uv":[8,11,9,12],"texture":"#1"},
"east":{"uv":[8,11,9,12],"texture":"#1"}
}
},
{
"from":[10.8438,10.875,7.125],
"to":[13.5938,11.125,7.375],
"faces":{
"down":{"uv":[8,11,9,12],"texture":"#1"},
"up":{"uv":[8,11,9,12],"texture":"#1"},
"north":{"uv":[8,11,9,12],"texture":"#1"},
"south":{"uv":[8,11,9,12],"texture":"#1"},
"west":{"uv":[8,11,9,12],"texture":"#1"}
}
},
{
"from":[14,8.406199,7.125],
"to":[14.25,10.4687,7.375],
"faces":{
"north":{"uv":[8,11,9,12],"texture":"#1"},
"south":{"uv":[8,11,9,12],"texture":"#1"},
"west":{"uv":[8,11,9,12],"texture":"#1"},
"east":{"uv":[8,11,9,12],"texture":"#1"}
}
},
{
"from":[14.6562,7.75,8.4375],
"to":[14.99995,8,8.6875],
"faces":{
"down":{"uv":[8,11,9,12],"texture":"#1"},
"up":{"uv":[8,11,9,12],"texture":"#1"},
"north":{"uv":[8,11,9,12],"texture":"#1"},
"south":{"uv":[8,11,9,12],"texture":"#1"}
}
},
{
"from":[14,10.4688,7.125],
"to":[14.25,10.7938,7.375],
"rotation":{"origin":[14.25,10.4688,7.125],"axis":"z","angle":22.5},
"faces":{
"north":{"uv":[9,12,8,11],"texture":"#1"},
"south":{"uv":[9,12,8,11],"texture":"#1"},
"west":{"uv":[9,12,8,11],"texture":"#1"},
"east":{"uv":[9,12,8,11],"texture":"#1"}
}
},
{
"from":[13.5938,10.875,7.125],
"to":[13.9188,11.125,7.375],
"rotation":{"origin":[13.59375,11.12502,7.125],"axis":"z","angle":-22.5},
"faces":{
"down":{"uv":[8,11,9,12],"texture":"#1"},
"up":{"uv":[8,11,9,12],"texture":"#1"},
"north":{"uv":[8,11,9,12],"texture":"#1"},
"south":{"uv":[8,11,9,12],"texture":"#1"}
}
},
{
"from":[5.3438,10.9375,8.4375],
"to":[8.0938,11.1875,8.6875],
"faces":{
"down":{"uv":[8,11,9,12],"texture":"#1"},
"up":{"uv":[8,11,9,12],"texture":"#1"},
"north":{"uv":[8,11,9,12],"texture":"#1"},
"south":{"uv":[8,11,9,12],"texture":"#1"},
"west":{"uv":[8,11,9,12],"texture":"#1"},
"east":{"uv":[8,11,9,12],"texture":"#1"}
}
},
{
"from":[8.0938,10.9062,8.4375],
"to":[10.8438,11.1562,8.6875],
"faces":{
"down":{"uv":[8,11,9,12],"texture":"#1"},
"up":{"uv":[8,11,9,12],"texture":"#1"},
"north":{"uv":[8,11,9,12],"texture":"#1"},
"south":{"uv":[8,11,9,12],"texture":"#1"},
"west":{"uv":[8,11,9,12],"texture":"#1"},
"east":{"uv":[8,11,9,12],"texture":"#1"}
}
},
{
"from":[10.8438,10.875,8.4375],
"to":[13.5938,11.125,8.6875],
"faces":{
"down":{"uv":[8,11,9,12],"texture":"#1"},
"up":{"uv":[8,11,9,12],"texture":"#1"},
"north":{"uv":[8,11,9,12],"texture":"#1"},
"south":{"uv":[8,11,9,12],"texture":"#1"},
"west":{"uv":[8,11,9,12],"texture":"#1"}
}
},
{
"from":[14,10.4688,8.4375],
"to":[14.25,10.7938,8.6875],
"rotation":{"origin":[14.25,10.4688,8.4375],"axis":"z","angle":22.5},
"faces":{
"north":{"uv":[9,12,8,11],"texture":"#1"},
"south":{"uv":[9,12,8,11],"texture":"#1"},
"west":{"uv":[9,12,8,11],"texture":"#1"},
"east":{"uv":[9,12,8,11],"texture":"#1"}
}
},
{
"from":[13.5937,10.875,8.4375],
"to":[13.9187,11.125,8.6875],
"rotation":{"origin":[13.5938,11.125,8.0312],"axis":"z","angle":-22.5},
"faces":{
"down":{"uv":[8,11,9,12],"texture":"#1"},
"up":{"uv":[8,11,9,12],"texture":"#1"},
"north":{"uv":[8,11,9,12],"texture":"#1"},
"south":{"uv":[8,11,9,12],"texture":"#1"}
}
},
{
"from":[13.7175,10.8238,8.4375],
"to":[14.04385,11.0738,8.6875],
"rotation":{"origin":[13.7175,10.82375,8.4375],"axis":"z","angle":-45},
"faces":{
"down":{"uv":[9,12,8,11],"texture":"#1","rotation":90},
"up":{"uv":[8,11,9,12],"texture":"#1","rotation":270},
"north":{"uv":[9,12,8,11],"texture":"#1","rotation":270},
"south":{"uv":[9,12,8,11],"texture":"#1","rotation":90}
}
},
{
"from":[14,8.406199,8.4375],
"to":[14.25,10.4687,8.6875],
"faces":{
"north":{"uv":[8,11,9,12],"texture":"#1"},
"south":{"uv":[8,11,9,12],"texture":"#1"},
"west":{"uv":[8,11,9,12],"texture":"#1"},
"east":{"uv":[8,11,9,12],"texture":"#1"}
}
},
{
"from":[15.2994,7.8738,8.4375],
"to":[15.6294,8.1238,8.6875],
"rotation":{"origin":[15.29937,7.87375,8.4375],"axis":"z","angle":45},
"faces":{
"down":{"uv":[9,12,8,11],"texture":"#1","rotation":90},
"up":{"uv":[8,11,9,12],"texture":"#1","rotation":270},
"north":{"uv":[9,12,8,11],"texture":"#1","rotation":270},
"south":{"uv":[9,12,8,11],"texture":"#1","rotation":90}
}
},
{
"from":[15.4062,8.0813,8.4376],
"to":[15.6562,8.4063,8.6876],
"rotation":{"origin":[15.65625,8.40625,8.4375],"axis":"z","angle":-22.5},
"faces":{
"north":{"uv":[9,12,8,11],"texture":"#1","rotation":180},
"south":{"uv":[9,12,8,11],"texture":"#1","rotation":180},
"west":{"uv":[8,11,9,12],"texture":"#1"},
"east":{"uv":[8,11,9,12],"texture":"#1"}
}
},
{
"from":[15,7.75,8.4375],
"to":[15.325,8,8.6875],
"rotation":{"origin":[15,7.75,8.4375],"axis":"z","angle":22.5},
"faces":{
"down":{"uv":[8,11,9,12],"texture":"#1"},
"up":{"uv":[8,11,9,12],"texture":"#1"},
"north":{"uv":[8,11,9,12],"texture":"#1"},
"south":{"uv":[8,11,9,12],"texture":"#1"}
}
},
{
"from":[15.4062,10.2803,7.1202],
"to":[15.6562,10.6053,7.3702],
"rotation":{"origin":[15.6562,10.26875,7.125],"axis":"x","angle":22.5},
"faces":{
"north":{"uv":[8,11,9,12],"texture":"#1"},
"south":{"uv":[8,11,9,12],"texture":"#1"},
"west":{"uv":[9,12,8,11],"texture":"#1","rotation":180},
"east":{"uv":[9,12,8,11],"texture":"#1","rotation":180}
}
},
{
"from":[15.4062,10.4862,7.4812],
"to":[15.6562,10.81255,7.7312],
"rotation":{"origin":[15.40625,10.8125,7.48125],"axis":"x","angle":45},
"faces":{
"north":{"uv":[9,12,8,11],"texture":"#1","rotation":180},
"south":{"uv":[9,12,8,11],"texture":"#1","rotation":180},
"west":{"uv":[9,12,8,11],"texture":"#1","rotation":180},
"east":{"uv":[9,12,8,11],"texture":"#1","rotation":180}
}
},
{
"from":[15.4062,10.6875,7.4562],
"to":[15.6562,10.9375,7.781199],
"rotation":{"origin":[15.40625,10.9375,7.78125],"axis":"x","angle":-22.5},
"faces":{
"down":{"uv":[8,11,9,12],"texture":"#1","rotation":180},
"up":{"uv":[8,11,9,12],"texture":"#1","rotation":180},
"west":{"uv":[8,11,9,12],"texture":"#1","rotation":180},
"east":{"uv":[8,11,9,12],"texture":"#1","rotation":180}
}
},
{
"from":[15.4062,8.406199,8.4375],
"to":[15.6562,10.2812,8.6875],
"faces":{
"north":{"uv":[8,11,9,12],"texture":"#1"},
"south":{"uv":[8,11,9,12],"texture":"#1"},
"west":{"uv":[8,11,9,12],"texture":"#1"},
"east":{"uv":[8,11,9,12],"texture":"#1"}
}
},
{
"from":[14.3312,7.75,8.4375],
"to":[14.6562,8,8.6875],
"rotation":{"origin":[14.6562,7.74995,8.43745],"axis":"z","angle":-22.5},
"faces":{
"down":{"uv":[8,11,9,12],"texture":"#1","rotation":90},
"up":{"uv":[9,12,8,11],"texture":"#1","rotation":270},
"north":{"uv":[8,11,9,12],"texture":"#1","rotation":270},
"south":{"uv":[8,11,9,12],"texture":"#1","rotation":90}
}
},
{
"from":[14.125,8.105,8.4375],
"to":[14.45135,8.355,8.6875],
"rotation":{"origin":[14.125,8.105,8.4375],"axis":"z","angle":-45},
"faces":{
"down":{"uv":[9,12,8,11],"texture":"#1","rotation":90},
"up":{"uv":[8,11,9,12],"texture":"#1","rotation":270},
"north":{"uv":[9,12,8,11],"texture":"#1","rotation":270},
"south":{"uv":[9,12,8,11],"texture":"#1","rotation":90}
}
},
{
"from":[14,8.0812,8.4375],
"to":[14.25,8.4062,8.6875],
"rotation":{"origin":[14,8.4062,8.43745],"axis":"z","angle":22.5},
"faces":{
"north":{"uv":[9,12,8,11],"texture":"#1","rotation":90},
"south":{"uv":[9,12,8,11],"texture":"#1","rotation":270},
"west":{"uv":[9,12,8,11],"texture":"#1","rotation":270},
"east":{"uv":[8,11,9,12],"texture":"#1","rotation":90}
}
},
{
"from":[14.3312,7.75,7.125],
"to":[14.6562,8,7.375],
"rotation":{"origin":[14.6562,7.74995,7.12495],"axis":"z","angle":-22.5},
"faces":{
"down":{"uv":[8,11,9,12],"texture":"#1","rotation":90},
"up":{"uv":[9,12,8,11],"texture":"#1","rotation":270},
"north":{"uv":[8,11,9,12],"texture":"#1","rotation":270},
"south":{"uv":[8,11,9,12],"texture":"#1","rotation":90}
}
},
{
"from":[14.125,8.105,7.125],
"to":[14.45135,8.355,7.375],
"rotation":{"origin":[14.125,8.105,7.125],"axis":"z","angle":-45},
"faces":{
"down":{"uv":[9,12,8,11],"texture":"#1","rotation":90},
"up":{"uv":[8,11,9,12],"texture":"#1","rotation":270},
"north":{"uv":[9,12,8,11],"texture":"#1","rotation":270},
"south":{"uv":[9,12,8,11],"texture":"#1","rotation":90}
}
},
{
"from":[14,8.0812,7.125],
"to":[14.25,8.4062,7.375],
"rotation":{"origin":[14,8.4062,7.12495],"axis":"z","angle":22.5},
"faces":{
"north":{"uv":[9,12,8,11],"texture":"#1","rotation":90},
"south":{"uv":[9,12,8,11],"texture":"#1","rotation":270},
"west":{"uv":[9,12,8,11],"texture":"#1","rotation":270},
"east":{"uv":[8,11,9,12],"texture":"#1","rotation":90}
}
},
{
"from":[14.6562,7.75,7.125],
"to":[14.99995,8,7.375],
"faces":{
"down":{"uv":[8,11,9,12],"texture":"#1"},
"up":{"uv":[8,11,9,12],"texture":"#1"},
"north":{"uv":[8,11,9,12],"texture":"#1"},
"south":{"uv":[8,11,9,12],"texture":"#1"}
}
},
{
"from":[15,7.75,7.125],
"to":[15.325,8,7.375],
"rotation":{"origin":[15,7.75,7.125],"axis":"z","angle":22.5},
"faces":{
"down":{"uv":[8,11,9,12],"texture":"#1"},
"up":{"uv":[8,11,9,12],"texture":"#1"},
"north":{"uv":[8,11,9,12],"texture":"#1"},
"south":{"uv":[8,11,9,12],"texture":"#1"}
}
},
{
"from":[15.2994,7.8738,7.125],
"to":[15.6294,8.1238,7.375],
"rotation":{"origin":[15.29937,7.87375,7.125],"axis":"z","angle":45},
"faces":{
"down":{"uv":[9,12,8,11],"texture":"#1","rotation":90},
"up":{"uv":[8,11,9,12],"texture":"#1","rotation":270},
"north":{"uv":[9,12,8,11],"texture":"#1","rotation":270},
"south":{"uv":[9,12,8,11],"texture":"#1","rotation":90}
}
},
{
"from":[15.4062,8.0813,7.1251],
"to":[15.6562,8.4063,7.3751],
"rotation":{"origin":[15.65625,8.40625,7.125],"axis":"z","angle":-22.5},
"faces":{
"north":{"uv":[9,12,8,11],"texture":"#1","rotation":180},
"south":{"uv":[9,12,8,11],"texture":"#1","rotation":180},
"west":{"uv":[8,11,9,12],"texture":"#1"},
"east":{"uv":[8,11,9,12],"texture":"#1"}
}
},
{
"from":[15.4062,8.406199,7.125],
"to":[15.6562,10.2812,7.375],
"faces":{
"north":{"uv":[8,11,9,12],"texture":"#1"},
"south":{"uv":[8,11,9,12],"texture":"#1"},
"west":{"uv":[8,11,9,12],"texture":"#1"},
"east":{"uv":[8,11,9,12],"texture":"#1"}
}
},
{
"from":[15.4062,10.6875,7.7812],
"to":[15.6562,10.9375,8.0312],
"faces":{
"down":{"uv":[8,11,9,12],"texture":"#1"},
"up":{"uv":[8,11,9,12],"texture":"#1"},
"west":{"uv":[8,11,9,12],"texture":"#1"},
"east":{"uv":[8,11,9,12],"texture":"#1"}
}
},
{
"from":[15.4062,10.2813,8.4375],
"to":[15.6562,10.6063,8.6875],
"rotation":{"origin":[15.40625,10.28125,8.6875],"axis":"x","angle":-22.5},
"faces":{
"north":{"uv":[9,12,8,11],"texture":"#1","rotation":180},
"south":{"uv":[8,11,9,12],"texture":"#1","rotation":180},
"west":{"uv":[8,11,9,12],"texture":"#1","rotation":270},
"east":{"uv":[8,11,9,12],"texture":"#1","rotation":90}
}
},
{
"from":[15.4062,10.3325,8.236199],
"to":[15.6562,10.5825,8.563699],
"rotation":{"origin":[15.40625,10.5825,8.5625],"axis":"x","angle":45},
"faces":{
"down":{"uv":[9,12,8,11],"texture":"#1","rotation":180},
"up":{"uv":[8,11,9,12],"texture":"#1","rotation":180},
"west":{"uv":[9,12,8,11],"texture":"#1","rotation":270},
"east":{"uv":[9,12,8,11],"texture":"#1","rotation":90}
}
},
{
"from":[15.4063,10.6876,8.0313],
"to":[15.6563,10.9376,8.3563],
"rotation":{"origin":[15.40625,10.9375,8.03125],"axis":"x","angle":22.5},
"faces":{
"down":{"uv":[8,11,9,12],"texture":"#1"},
"up":{"uv":[9,12,8,11],"texture":"#1"},
"west":{"uv":[9,12,8,11],"texture":"#1","rotation":270},
"east":{"uv":[9,12,8,11],"texture":"#1","rotation":90}
}
},
{
"from":[2.3438,10.5938,8.4375],
"to":[2.5938,10.9688,8.6875],
"faces":{
"north":{"uv":[8,11,9,12],"texture":"#1"},
"south":{"uv":[8,11,9,12],"texture":"#1"},
"west":{"uv":[8,11,9,12],"texture":"#1"},
"east":{"uv":[8,11,9,12],"texture":"#1"}
}
},
{
"from":[2.3438,10.9688,7.125],
"to":[2.5938,11.32235,7.375],
"rotation":{"origin":[2.34375,10.96875,7.125],"axis":"z","angle":-45},
"faces":{
"north":{"uv":[8,11,9,12],"texture":"#1"},
"south":{"uv":[8,11,9,12],"texture":"#1"},
"west":{"uv":[8,11,9,12],"texture":"#1"},
"east":{"uv":[8,11,9,12],"texture":"#1"}
}
},
{
"from":[2.5938,10.9688,8.4375],
"to":[5.3438,11.2188,8.6875],
"faces":{
"down":{"uv":[8,11,9,12],"texture":"#1"},
"up":{"uv":[8,11,9,12],"texture":"#1"},
"north":{"uv":[8,11,9,12],"texture":"#1"},
"south":{"uv":[8,11,9,12],"texture":"#1"},
"east":{"uv":[8,11,9,12],"texture":"#1"}
}
},
{
"from":[3.0625,10.9375,7.0938],
"to":[3.8125,11.25,7.4063],
"faces":{
"down":{"uv":[8,11,9,12],"texture":"#1"},
"up":{"uv":[8,11,9,12],"texture":"#1"},
"north":{"uv":[8,11,9,12],"texture":"#1"},
"south":{"uv":[8,11,9,12],"texture":"#1"},
"west":{"uv":[8,11,9,12],"texture":"#1"},
"east":{"uv":[8,11,9,12],"texture":"#1"}
}
}
],
"display":{
"thirdperson_righthand":{
"rotation":[-180,90,-130],
"translation":[0,3,2],
"scale":[0.7,0.7,0.7]
},
"thirdperson_lefthand":{
"rotation":[-180,-90,130],
"translation":[0,3,2],
"scale":[0.7,0.7,0.7]
},
"firstperson_righthand":{
"rotation":[0,90,0],
"translation":[-2.5,3.5,-2],
"scale":[0.9,0.9,0.9]
},
"firstperson_lefthand":{
"rotation":[0,-90,0],
"translation":[-2.5,3.5,-2],
"scale":[0.9,0.9,0.9]
},
"gui":{
"rotation":[-15,-130,0],
"scale":[0.75,0.75,0.75]
},
"head":{
"rotation":[0,90,0],
"translation":[0,12,0],
"scale":[0.6,0.6,0.6]
},
"ground":{
"rotation":[90,0,0],
"scale":[0.6,0.6,0.6]
},
"fixed":{
"rotation":[0,180,0],
"translation":[0,0,-1]
}
}
}