{
"__comment":"Made by pale1, guncolony.com ©",
"textures":{
"0":"guns/normalguntexture",
"1":"guns/normalguntexture",
"2":"guns/ironcover",
"3":"guns/goldcover",
"4":"guns/candyapplered"
},
"elements":[
{
"from":[7.4853,8.255199,0.6344],
"to":[8.485299,9.630199,17.0094],
"faces":{
"down":{"uv":[6,9,7,10],"texture":"#0"},
"up":{"uv":[6,9,7,10],"texture":"#0"},
"north":{"uv":[6,9,7,10],"texture":"#0"},
"south":{"uv":[6,9,7,10],"texture":"#0"},
"west":{"uv":[6,9,7,10],"texture":"#0"},
"east":{"uv":[6,9,7,10],"texture":"#0"}
}
},
{
"from":[7.4853,13.6192,-2.4158],
"to":[8.4853,15.1192,-0.5408],
"rotation":{"origin":[7.98532,14.61924,5.58416],"axis":"x","angle":-45},
"faces":{
"down":{"uv":[6,9,7,10],"texture":"#0"},
"north":{"uv":[6,9,7,10],"texture":"#0"},
"west":{"uv":[6,9,7,10],"texture":"#0"},
"east":{"uv":[6,9,7,10],"texture":"#0"}
}
},
{
"from":[7.4853,9.3159,-0.4262],
"to":[8.4853,10.8159,1.4488],
"faces":{
"north":{"uv":[6,9,7,10],"texture":"#0"},
"west":{"uv":[6,9,7,10],"texture":"#0"},
"east":{"uv":[6,9,7,10],"texture":"#0"}
}
},
{
"from":[7,13.9372,-2.2485],
"to":[7.5,15.3122,-1.2485],
"rotation":{"origin":[7.99999,14.68723,5.75149],"axis":"x","angle":-45},
"faces":{
"down":{"uv":[11,11,12,12],"texture":"#0"},
"north":{"uv":[11,11,12,12],"texture":"#0"},
"west":{"uv":[11,11,12,12],"texture":"#0"},
"east":{"uv":[11,11,12,12],"texture":"#0"}
}
},
{
"from":[8.5,13.9372,-2.2485],
"to":[9,15.3122,-1.2485],
"rotation":{"origin":[9.50001,14.68718,5.75152],"axis":"x","angle":-45},
"faces":{
"north":{"uv":[11,11,12,12],"texture":"#0"},
"west":{"uv":[11,11,12,12],"texture":"#0"},
"east":{"uv":[11,11,12,12],"texture":"#0"}
}
},
{
"from":[7,8.5,0.625],
"to":[9,9.625,17],
"faces":{
"down":{"uv":[11,11,12,12],"texture":"#0"},
"north":{"uv":[11,11,12,12],"texture":"#0"},
"south":{"uv":[11,11,12,12],"texture":"#0"},
"west":{"uv":[11,11,12,12],"texture":"#0"},
"east":{"uv":[11,11,12,12],"texture":"#0"}
}
},
{
"from":[6.875,9.406199,-0.375],
"to":[8.75,10.24995,17],
"faces":{
"down":{"uv":[11,11,12,12],"texture":"#0"},
"up":{"uv":[11,11,12,12],"texture":"#0"},
"north":{"uv":[11,11,12,12],"texture":"#0"},
"south":{"uv":[11,11,12,12],"texture":"#0"},
"west":{"uv":[11,11,12,12],"texture":"#0"}
}
},
{
"from":[7.375,9.406199,-0.375],
"to":[9.125,10.24995,5.25],
"faces":{
"down":{"uv":[11,11,12,12],"texture":"#0"},
"up":{"uv":[11,11,12,12],"texture":"#0"},
"north":{"uv":[11,11,12,12],"texture":"#0"},
"south":{"uv":[11,11,12,12],"texture":"#0"},
"east":{"uv":[11,11,12,12],"texture":"#0"}
}
},
{
"from":[7.375,9.406199,8.25],
"to":[9.125,10.24995,17],
"faces":{
"down":{"uv":[11,11,12,12],"texture":"#0"},
"up":{"uv":[11,11,12,12],"texture":"#0"},
"north":{"uv":[11,11,12,12],"texture":"#0"},
"south":{"uv":[11,11,12,12],"texture":"#0"},
"east":{"uv":[11,11,12,12],"texture":"#0"}
}
},
{
"from":[7.375,9.406199,5.25],
"to":[9.125,9.624949,8.25],
"faces":{
"down":{"uv":[11,11,12,12],"texture":"#0"},
"up":{"uv":[11,11,12,12],"texture":"#0"},
"east":{"uv":[11,11,12,12],"texture":"#0"}
}
},
{
"from":[7.25,9.625,5.25],
"to":[8.8125,10.875,8.25],
"faces":{
"north":{"uv":[11,11,12,12],"texture":"#0"},
"south":{"uv":[11,11,12,12],"texture":"#0"},
"east":{"uv":[11,11,12,12],"texture":"#0"}
}
},
{
"from":[7.4758,11.4861,13.7812],
"to":[8.5383,12.1736,14.99995],
"faces":{
"up":{"uv":[6,6,7,7],"texture":"#0","rotation":90},
"north":{"uv":[6,6,7,7],"texture":"#0","rotation":90},
"south":{"uv":[6,6,7,7],"texture":"#0","rotation":90},
"west":{"uv":[6,6,7,7],"texture":"#0","rotation":90},
"east":{"uv":[6,6,7,7],"texture":"#0","rotation":90}
}
},
{
"from":[7.7101,11.5486,14.1562],
"to":[7.8976,12.4861,14.74995],
"faces":{
"up":{"uv":[6,6,7,7],"texture":"#0","rotation":90},
"north":{"uv":[6,6,7,7],"texture":"#0","rotation":90},
"south":{"uv":[6,6,7,7],"texture":"#0","rotation":90},
"west":{"uv":[6,6,7,7],"texture":"#0","rotation":90},
"east":{"uv":[6,6,7,7],"texture":"#0","rotation":90}
}
},
{
"from":[8.118,11.5486,14.1562],
"to":[8.3055,12.4861,14.74995],
"faces":{
"up":{"uv":[6,6,7,7],"texture":"#0","rotation":90},
"north":{"uv":[6,6,7,7],"texture":"#0","rotation":90},
"south":{"uv":[6,6,7,7],"texture":"#0","rotation":90},
"west":{"uv":[6,6,7,7],"texture":"#0","rotation":90},
"east":{"uv":[6,6,7,7],"texture":"#0","rotation":90}
}
},
{
"from":[6.3064,11.4092,14.1558],
"to":[6.4939,11.7217,14.74955],
"rotation":{"origin":[7.931355,10.40923,8.62454],"axis":"z","angle":-45},
"faces":{
"up":{"uv":[6,6,7,7],"texture":"#0","rotation":90},
"north":{"uv":[6,6,7,7],"texture":"#0","rotation":90},
"south":{"uv":[6,6,7,7],"texture":"#0","rotation":90},
"west":{"uv":[6,6,7,7],"texture":"#0","rotation":90},
"east":{"uv":[6,6,7,7],"texture":"#0","rotation":90}
}
},
{
"from":[7.4894,12.0779,14.1558],
"to":[7.8019,12.2654,14.74955],
"faces":{
"up":{"uv":[6,6,7,7],"texture":"#0","rotation":180},
"north":{"uv":[6,6,7,7],"texture":"#0","rotation":180},
"south":{"uv":[6,6,7,7],"texture":"#0","rotation":180},
"west":{"uv":[6,6,7,7],"texture":"#0","rotation":180},
"east":{"uv":[6,6,7,7],"texture":"#0","rotation":180}
}
},
{
"from":[8.213699,12.0779,14.1558],
"to":[8.526199,12.2654,14.74955],
"faces":{
"up":{"uv":[6,6,7,7],"texture":"#0","rotation":180},
"north":{"uv":[6,6,7,7],"texture":"#0","rotation":180},
"south":{"uv":[6,6,7,7],"texture":"#0","rotation":180},
"west":{"uv":[6,6,7,7],"texture":"#0","rotation":180},
"east":{"uv":[6,6,7,7],"texture":"#0","rotation":180}
}
},
{
"from":[9.5218,11.4092,14.1558],
"to":[9.7093,11.7217,14.74955],
"rotation":{"origin":[8.08427,10.40923,8.62454],"axis":"z","angle":45},
"faces":{
"up":{"uv":[6,6,7,7],"texture":"#0","rotation":90},
"north":{"uv":[6,6,7,7],"texture":"#0","rotation":90},
"south":{"uv":[6,6,7,7],"texture":"#0","rotation":90},
"west":{"uv":[6,6,7,7],"texture":"#0","rotation":90},
"east":{"uv":[6,6,7,7],"texture":"#0","rotation":90}
}
},
{
"from":[8.017799,11.6524,16.0879],
"to":[8.22405,12.0274,16.8379],
"rotation":{"origin":[7.74367,11.70267,16.07421],"axis":"z","angle":-45},
"faces":{
"up":{"uv":[12,11,13,12],"texture":"#1","rotation":270},
"north":{"uv":[12,11,13,12],"texture":"#1","rotation":270},
"south":{"uv":[12,11,13,12],"texture":"#1","rotation":270},
"west":{"uv":[12,11,13,12],"texture":"#1","rotation":270},
"east":{"uv":[12,11,13,12],"texture":"#1","rotation":270}
}
},
{
"from":[6.4455,10.8375,-0.4688],
"to":[7.9455,11.4625,15.74995],
"rotation":{"origin":[7.44553,9.587469,8.625],"axis":"z","angle":-22.5},
"faces":{
"north":{"uv":[12,11,13,12],"texture":"#1"},
"south":{"uv":[12,11,13,12],"texture":"#1"},
"west":{"uv":[12,11,13,12],"texture":"#1"}
}
},
{
"from":[8.0545,10.8375,-0.4688],
"to":[9.5545,11.4625,15.74995],
"rotation":{"origin":[8.55447,9.587469,8.625],"axis":"z","angle":22.5},
"faces":{
"north":{"uv":[12,11,13,12],"texture":"#1"},
"south":{"uv":[12,11,13,12],"texture":"#1"},
"east":{"uv":[12,11,13,12],"texture":"#1"}
}
},
{
"from":[7.9822,10.4404,-0.4688],
"to":[8.357199,11.5654,15.74995],
"rotation":{"origin":[6.73216,10.56537,8.625],"axis":"z","angle":22.5},
"faces":{
"up":{"uv":[12,11,13,12],"texture":"#1","rotation":90},
"north":{"uv":[12,11,13,12],"texture":"#1","rotation":90},
"south":{"uv":[12,11,13,12],"texture":"#1","rotation":90},
"west":{"uv":[12,11,13,12],"texture":"#1","rotation":90}
}
},
{
"from":[7.8508,10.9861,-0.4688],
"to":[8.1633,12.1111,15.74995],
"faces":{
"up":{"uv":[12,11,13,12],"texture":"#1","rotation":90},
"north":{"uv":[12,11,13,12],"texture":"#1","rotation":90},
"south":{"uv":[12,11,13,12],"texture":"#1","rotation":90},
"west":{"uv":[12,11,13,12],"texture":"#1","rotation":90},
"east":{"uv":[12,11,13,12],"texture":"#1","rotation":90}
}
},
{
"from":[7.7258,12.0736,-0.4688],
"to":[8.2883,12.1736,13.7812],
"faces":{
"up":{"uv":[11,15,12,16],"texture":"#1","rotation":90},
"north":{"uv":[11,15,12,16],"texture":"#1","rotation":90},
"west":{"uv":[11,15,12,16],"texture":"#1","rotation":90},
"east":{"uv":[11,15,12,16],"texture":"#1","rotation":90}
}
},
{
"from":[7.9133,11.9236,-0.0938],
"to":[8.1008,12.4861,0.49995],
"faces":{
"up":{"uv":[12,11,13,12],"texture":"#1","rotation":90},
"north":{"uv":[12,11,13,12],"texture":"#1","rotation":90},
"south":{"uv":[12,11,13,12],"texture":"#1","rotation":90},
"west":{"uv":[12,11,13,12],"texture":"#1","rotation":90},
"east":{"uv":[12,11,13,12],"texture":"#1","rotation":90}
}
},
{
"from":[7.9129,11.8284,0.3752],
"to":[8.1004,12.3909,1.59395],
"rotation":{"origin":[7.98668,12.12437,0.67739],"axis":"x","angle":22.5},
"faces":{
"up":{"uv":[12,11,13,12],"texture":"#1","rotation":90},
"north":{"uv":[12,11,13,12],"texture":"#1","rotation":90},
"west":{"uv":[12,11,13,12],"texture":"#1","rotation":90},
"east":{"uv":[12,11,13,12],"texture":"#1","rotation":90}
}
},
{
"from":[6.9758,9.7986,14.1562],
"to":[7.9133,9.9861,14.74995],
"rotation":{"origin":[6.60077,11.11113,8.625],"axis":"z","angle":22.5},
"faces":{
"north":{"uv":[12,11,13,12],"texture":"#1","rotation":180},
"south":{"uv":[12,11,13,12],"texture":"#1","rotation":180}
}
},
{
"from":[7.6428,10.4404,-0.4687],
"to":[8.017799,11.5654,15.75005],
"rotation":{"origin":[9.26781,10.56536,8.62501],"axis":"z","angle":-22.5},
"faces":{
"up":{"uv":[12,11,13,12],"texture":"#1","rotation":90},
"north":{"uv":[12,11,13,12],"texture":"#1","rotation":90},
"south":{"uv":[12,11,13,12],"texture":"#1","rotation":90},
"east":{"uv":[12,11,13,12],"texture":"#1","rotation":90}
}
},
{
"from":[6.0624,11.3614,-0.4688],
"to":[7.4374,11.7364,15.74995],
"rotation":{"origin":[7.0624,10.11144,8.625],"axis":"z","angle":-45},
"faces":{
"north":{"uv":[12,11,13,12],"texture":"#1"},
"south":{"uv":[12,11,13,12],"texture":"#1"},
"west":{"uv":[12,11,13,12],"texture":"#1"}
}
},
{
"from":[8.5626,11.3614,-0.4688],
"to":[9.9376,11.7364,15.74995],
"rotation":{"origin":[8.9376,10.11144,8.625],"axis":"z","angle":45},
"faces":{
"up":{"uv":[12,11,13,12],"texture":"#1"},
"north":{"uv":[12,11,13,12],"texture":"#1"},
"south":{"uv":[12,11,13,12],"texture":"#1"},
"east":{"uv":[12,11,13,12],"texture":"#1"}
}
},
{
"from":[7,10,-0.4688],
"to":[8.75,11.125,16.56245],
"faces":{
"down":{"uv":[12,11,13,12],"texture":"#1"},
"up":{"uv":[12,11,13,12],"texture":"#1"},
"north":{"uv":[12,11,13,12],"texture":"#1"},
"south":{"uv":[12,11,13,12],"texture":"#1"},
"west":{"uv":[12,11,13,12],"texture":"#1"},
"east":{"uv":[12,11,13,12],"texture":"#1"}
}
},
{
"from":[6.9375,10.5938,2.7812],
"to":[7,10.7188,3.18745],
"faces":{
"down":{"uv":[4,10,5,11],"texture":"#2"},
"up":{"uv":[4,10,5,11],"texture":"#2"},
"north":{"uv":[4,10,5,11],"texture":"#2"},
"south":{"uv":[4,10,5,11],"texture":"#2"},
"west":{"uv":[4,10,5,11],"texture":"#2"}
}
},
{
"from":[6.9375,10.5938,11.5312],
"to":[7,10.7188,11.93745],
"faces":{
"down":{"uv":[4,10,5,11],"texture":"#2"},
"up":{"uv":[4,10,5,11],"texture":"#2"},
"north":{"uv":[4,10,5,11],"texture":"#2"},
"south":{"uv":[4,10,5,11],"texture":"#2"},
"west":{"uv":[4,10,5,11],"texture":"#2"}
}
},
{
"from":[6.9375,10.3281,3.9219],
"to":[7,10.73435,4.1094],
"faces":{
"down":{"uv":[4,10,5,11],"texture":"#2"},
"north":{"uv":[4,10,5,11],"texture":"#2"},
"south":{"uv":[4,10,5,11],"texture":"#2"},
"west":{"uv":[4,10,5,11],"texture":"#2"}
}
},
{
"from":[6.9375,10.5499,3.7265],
"to":[7,10.95615,3.914],
"rotation":{"origin":[6.96875,10.87801,3.78897],"axis":"x","angle":-45},
"faces":{
"up":{"uv":[4,10,5,11],"texture":"#2"},
"north":{"uv":[4,10,5,11],"texture":"#2"},
"south":{"uv":[4,10,5,11],"texture":"#2"},
"west":{"uv":[4,10,5,11],"texture":"#2"},
"east":{"uv":[4,10,5,11],"texture":"#2"}
}
},
{
"from":[6.9375,10.5941,4.1356],
"to":[7,11.00035,4.3231],
"rotation":{"origin":[6.96875,10.9222,4.19809],"axis":"x","angle":45},
"faces":{
"up":{"uv":[4,10,5,11],"texture":"#2"},
"north":{"uv":[4,10,5,11],"texture":"#2"},
"south":{"uv":[4,10,5,11],"texture":"#2"},
"west":{"uv":[4,10,5,11],"texture":"#2"},
"east":{"uv":[4,10,5,11],"texture":"#2"}
}
},
{
"from":[6.9375,10.3281,4.4219],
"to":[7,10.98435,4.6094],
"faces":{
"down":{"uv":[4,10,5,11],"texture":"#2"},
"up":{"uv":[4,10,5,11],"texture":"#2"},
"north":{"uv":[4,10,5,11],"texture":"#2"},
"south":{"uv":[4,10,5,11],"texture":"#2"},
"west":{"uv":[4,10,5,11],"texture":"#2"}
}
},
{
"from":[6.9375,10.3281,4.6406],
"to":[7,10.48435,4.92185],
"faces":{
"down":{"uv":[4,10,5,11],"texture":"#2"},
"up":{"uv":[4,10,5,11],"texture":"#2"},
"north":{"uv":[4,10,5,11],"texture":"#2"},
"south":{"uv":[4,10,5,11],"texture":"#2"},
"west":{"uv":[4,10,5,11],"texture":"#2"}
}
},
{
"from":[6.9375,10.8281,4.6406],
"to":[7,10.98435,4.92185],
"faces":{
"down":{"uv":[4,10,5,11],"texture":"#2"},
"up":{"uv":[4,10,5,11],"texture":"#2"},
"north":{"uv":[4,10,5,11],"texture":"#2"},
"south":{"uv":[4,10,5,11],"texture":"#2"},
"west":{"uv":[4,10,5,11],"texture":"#2"}
}
},
{
"from":[6.9375,10.5781,4.6406],
"to":[7,10.73435,4.92185],
"faces":{
"down":{"uv":[4,10,5,11],"texture":"#2"},
"up":{"uv":[4,10,5,11],"texture":"#2"},
"north":{"uv":[4,10,5,11],"texture":"#2"},
"south":{"uv":[4,10,5,11],"texture":"#2"},
"west":{"uv":[4,10,5,11],"texture":"#2"}
}
},
{
"from":[6.9375,10.5781,5.2656],
"to":[7,10.73435,5.54685],
"faces":{
"down":{"uv":[4,10,5,11],"texture":"#2"},
"up":{"uv":[4,10,5,11],"texture":"#2"},
"north":{"uv":[4,10,5,11],"texture":"#2"},
"south":{"uv":[4,10,5,11],"texture":"#2"},
"west":{"uv":[4,10,5,11],"texture":"#2"}
}
},
{
"from":[6.9375,10.8281,5.2656],
"to":[7,10.98435,5.54685],
"faces":{
"down":{"uv":[4,10,5,11],"texture":"#2"},
"up":{"uv":[4,10,5,11],"texture":"#2"},
"north":{"uv":[4,10,5,11],"texture":"#2"},
"south":{"uv":[4,10,5,11],"texture":"#2"},
"west":{"uv":[4,10,5,11],"texture":"#2"}
}
},
{
"from":[6.9375,10.3281,5.2656],
"to":[7,10.48435,5.54685],
"faces":{
"down":{"uv":[4,10,5,11],"texture":"#2"},
"up":{"uv":[4,10,5,11],"texture":"#2"},
"north":{"uv":[4,10,5,11],"texture":"#2"},
"south":{"uv":[4,10,5,11],"texture":"#2"},
"west":{"uv":[4,10,5,11],"texture":"#2"}
}
},
{
"from":[6.9375,10.3281,5.0469],
"to":[7,10.98435,5.2344],
"faces":{
"down":{"uv":[4,10,5,11],"texture":"#2"},
"up":{"uv":[4,10,5,11],"texture":"#2"},
"north":{"uv":[4,10,5,11],"texture":"#2"},
"south":{"uv":[4,10,5,11],"texture":"#2"},
"west":{"uv":[4,10,5,11],"texture":"#2"}
}
},
{
"from":[6.9375,10.3281,5.7969],
"to":[7,10.98435,5.9844],
"faces":{
"down":{"uv":[4,10,5,11],"texture":"#2"},
"up":{"uv":[4,10,5,11],"texture":"#2"},
"north":{"uv":[4,10,5,11],"texture":"#2"},
"south":{"uv":[4,10,5,11],"texture":"#2"},
"west":{"uv":[4,10,5,11],"texture":"#2"}
}
},
{
"from":[6.9375,10.8281,5.6406],
"to":[7,10.98435,5.79685],
"faces":{
"down":{"uv":[4,10,5,11],"texture":"#2"},
"up":{"uv":[4,10,5,11],"texture":"#2"},
"north":{"uv":[4,10,5,11],"texture":"#2"},
"west":{"uv":[4,10,5,11],"texture":"#2"}
}
},
{
"from":[6.9375,10.8281,6.0156],
"to":[7,10.98435,6.1406],
"faces":{
"down":{"uv":[4,10,5,11],"texture":"#2"},
"up":{"uv":[4,10,5,11],"texture":"#2"},
"north":{"uv":[4,10,5,11],"texture":"#2"},
"south":{"uv":[4,10,5,11],"texture":"#2"},
"west":{"uv":[4,10,5,11],"texture":"#2"}
}
},
{
"from":[6.9375,10.3281,6.5781],
"to":[7,10.98435,6.7656],
"faces":{
"down":{"uv":[4,10,5,11],"texture":"#2"},
"up":{"uv":[4,10,5,11],"texture":"#2"},
"north":{"uv":[4,10,5,11],"texture":"#2"},
"south":{"uv":[4,10,5,11],"texture":"#2"},
"west":{"uv":[4,10,5,11],"texture":"#2"}
}
},
{
"from":[6.9375,10.8281,6.7969],
"to":[7,10.98435,7.07815],
"faces":{
"down":{"uv":[4,10,5,11],"texture":"#2"},
"up":{"uv":[4,10,5,11],"texture":"#2"},
"north":{"uv":[4,10,5,11],"texture":"#2"},
"south":{"uv":[4,10,5,11],"texture":"#2"},
"west":{"uv":[4,10,5,11],"texture":"#2"}
}
},
{
"from":[6.9375,10.3281,6.7969],
"to":[7,10.48435,7.07815],
"faces":{
"down":{"uv":[4,10,5,11],"texture":"#2"},
"up":{"uv":[4,10,5,11],"texture":"#2"},
"north":{"uv":[4,10,5,11],"texture":"#2"},
"south":{"uv":[4,10,5,11],"texture":"#2"},
"west":{"uv":[4,10,5,11],"texture":"#2"}
}
},
{
"from":[6.9375,10.3281,7.1719],
"to":[7,10.98435,7.3594],
"faces":{
"down":{"uv":[4,10,5,11],"texture":"#2"},
"up":{"uv":[4,10,5,11],"texture":"#2"},
"north":{"uv":[4,10,5,11],"texture":"#2"},
"south":{"uv":[4,10,5,11],"texture":"#2"},
"west":{"uv":[4,10,5,11],"texture":"#2"}
}
},
{
"from":[6.9375,10.3281,7.4844],
"to":[7,10.98435,7.6719],
"faces":{
"down":{"uv":[4,10,5,11],"texture":"#2"},
"north":{"uv":[4,10,5,11],"texture":"#2"},
"south":{"uv":[4,10,5,11],"texture":"#2"},
"west":{"uv":[4,10,5,11],"texture":"#2"}
}
},
{
"from":[6.9375,10.5469,7.3906],
"to":[7,10.70315,7.67185],
"faces":{
"down":{"uv":[4,10,5,11],"texture":"#2"},
"up":{"uv":[4,10,5,11],"texture":"#2"},
"north":{"uv":[4,10,5,11],"texture":"#2"},
"west":{"uv":[4,10,5,11],"texture":"#2"}
}
},
{
"from":[6.9375,10.8281,7.3906],
"to":[7,10.98435,7.67185],
"faces":{
"down":{"uv":[4,10,5,11],"texture":"#2"},
"up":{"uv":[4,10,5,11],"texture":"#2"},
"north":{"uv":[4,10,5,11],"texture":"#2"},
"west":{"uv":[4,10,5,11],"texture":"#2"}
}
},
{
"from":[6.9375,10.3281,8.0781],
"to":[7,10.98435,8.2656],
"faces":{
"down":{"uv":[4,10,5,11],"texture":"#2"},
"up":{"uv":[4,10,5,11],"texture":"#2"},
"north":{"uv":[4,10,5,11],"texture":"#2"},
"south":{"uv":[4,10,5,11],"texture":"#2"},
"west":{"uv":[4,10,5,11],"texture":"#2"}
}
},
{
"from":[6.9375,9.0741,8.616199],
"to":[7,9.5116,8.834949],
"rotation":{"origin":[6.96875,9.18346,6.61625],"axis":"x","angle":-45},
"faces":{
"north":{"uv":[4,10,5,11],"texture":"#2"},
"south":{"uv":[4,10,5,11],"texture":"#2"},
"west":{"uv":[4,10,5,11],"texture":"#2"},
"east":{"uv":[4,10,5,11],"texture":"#2"}
}
},
{
"from":[6.9375,10.3281,7.7656],
"to":[7,10.98435,7.9531],
"faces":{
"down":{"uv":[4,10,5,11],"texture":"#2"},
"up":{"uv":[4,10,5,11],"texture":"#2"},
"north":{"uv":[4,10,5,11],"texture":"#2"},
"south":{"uv":[4,10,5,11],"texture":"#2"},
"west":{"uv":[4,10,5,11],"texture":"#2"}
}
},
{
"from":[6.9375,9.0741,9.21],
"to":[7,9.5116,9.42875],
"rotation":{"origin":[6.96875,9.18346,7.21],"axis":"x","angle":-45},
"faces":{
"north":{"uv":[4,10,5,11],"texture":"#2"},
"south":{"uv":[4,10,5,11],"texture":"#2"},
"west":{"uv":[4,10,5,11],"texture":"#2"},
"east":{"uv":[4,10,5,11],"texture":"#2"}
}
},
{
"from":[6.9375,10.3281,8.6719],
"to":[7,10.98435,8.8594],
"faces":{
"down":{"uv":[4,10,5,11],"texture":"#2"},
"up":{"uv":[4,10,5,11],"texture":"#2"},
"north":{"uv":[4,10,5,11],"texture":"#2"},
"south":{"uv":[4,10,5,11],"texture":"#2"},
"west":{"uv":[4,10,5,11],"texture":"#2"}
}
},
{
"from":[6.9375,10.3281,8.3594],
"to":[7,10.98435,8.5469],
"faces":{
"down":{"uv":[4,10,5,11],"texture":"#2"},
"up":{"uv":[4,10,5,11],"texture":"#2"},
"north":{"uv":[4,10,5,11],"texture":"#2"},
"south":{"uv":[4,10,5,11],"texture":"#2"},
"west":{"uv":[4,10,5,11],"texture":"#2"}
}
},
{
"from":[6.9375,10.8281,9.1719],
"to":[7,10.98435,9.45315],
"faces":{
"down":{"uv":[4,10,5,11],"texture":"#2"},
"up":{"uv":[4,10,5,11],"texture":"#2"},
"north":{"uv":[4,10,5,11],"texture":"#2"},
"west":{"uv":[4,10,5,11],"texture":"#2"}
}
},
{
"from":[6.9375,10.3281,8.9531],
"to":[7,10.98435,9.1406],
"faces":{
"down":{"uv":[4,10,5,11],"texture":"#2"},
"up":{"uv":[4,10,5,11],"texture":"#2"},
"north":{"uv":[4,10,5,11],"texture":"#2"},
"south":{"uv":[4,10,5,11],"texture":"#2"},
"west":{"uv":[4,10,5,11],"texture":"#2"}
}
},
{
"from":[6.9375,10.3281,9.2656],
"to":[7,10.98435,9.4531],
"faces":{
"north":{"uv":[4,10,5,11],"texture":"#2"},
"south":{"uv":[4,10,5,11],"texture":"#2"},
"west":{"uv":[4,10,5,11],"texture":"#2"}
}
},
{
"from":[6.9375,10.3281,9.1719],
"to":[7,10.48435,9.45315],
"faces":{
"down":{"uv":[4,10,5,11],"texture":"#2"},
"up":{"uv":[4,10,5,11],"texture":"#2"},
"north":{"uv":[4,10,5,11],"texture":"#2"},
"west":{"uv":[4,10,5,11],"texture":"#2"}
}
},
{
"from":[6.9375,10.3281,9.8594],
"to":[7,10.98435,10.0469],
"faces":{
"down":{"uv":[4,10,5,11],"texture":"#2"},
"up":{"uv":[4,10,5,11],"texture":"#2"},
"north":{"uv":[4,10,5,11],"texture":"#2"},
"south":{"uv":[4,10,5,11],"texture":"#2"},
"west":{"uv":[4,10,5,11],"texture":"#2"}
}
},
{
"from":[6.9375,9.0741,10.3975],
"to":[7,9.5116,10.61625],
"rotation":{"origin":[6.96875,9.18346,8.3975],"axis":"x","angle":-45},
"faces":{
"north":{"uv":[4,10,5,11],"texture":"#2"},
"south":{"uv":[4,10,5,11],"texture":"#2"},
"west":{"uv":[4,10,5,11],"texture":"#2"},
"east":{"uv":[4,10,5,11],"texture":"#2"}
}
},
{
"from":[6.9375,10.3281,9.5469],
"to":[7,10.98435,9.7344],
"faces":{
"down":{"uv":[4,10,5,11],"texture":"#2"},
"up":{"uv":[4,10,5,11],"texture":"#2"},
"north":{"uv":[4,10,5,11],"texture":"#2"},
"south":{"uv":[4,10,5,11],"texture":"#2"},
"west":{"uv":[4,10,5,11],"texture":"#2"}
}
},
{
"from":[6.9375,10.5469,10.4844],
"to":[7,10.9844,10.6719],
"faces":{
"north":{"uv":[4,10,5,11],"texture":"#2"},
"south":{"uv":[4,10,5,11],"texture":"#2"},
"west":{"uv":[4,10,5,11],"texture":"#2"}
}
},
{
"from":[6.9375,10.8281,10.4844],
"to":[7,10.98435,10.7969],
"faces":{
"down":{"uv":[4,10,5,11],"texture":"#2"},
"up":{"uv":[4,10,5,11],"texture":"#2"},
"west":{"uv":[4,10,5,11],"texture":"#2"}
}
},
{
"from":[6.9375,10.5469,10.4844],
"to":[7,10.70315,10.7969],
"faces":{
"down":{"uv":[4,10,5,11],"texture":"#2"},
"up":{"uv":[4,10,5,11],"texture":"#2"},
"west":{"uv":[4,10,5,11],"texture":"#2"}
}
},
{
"from":[6.9375,10.3281,10.7969],
"to":[7,10.98435,10.9844],
"faces":{
"down":{"uv":[4,10,5,11],"texture":"#2"},
"up":{"uv":[4,10,5,11],"texture":"#2"},
"north":{"uv":[4,10,5,11],"texture":"#2"},
"south":{"uv":[4,10,5,11],"texture":"#2"},
"west":{"uv":[4,10,5,11],"texture":"#2"}
}
},
{
"from":[6.9375,10.3281,10.4844],
"to":[7,10.48435,10.7969],
"faces":{
"down":{"uv":[4,10,5,11],"texture":"#2"},
"up":{"uv":[4,10,5,11],"texture":"#2"},
"north":{"uv":[4,10,5,11],"texture":"#2"},
"west":{"uv":[4,10,5,11],"texture":"#2"}
}
},
{
"from":[7.5,10,-0.4688],
"to":[9,11.125,5.18745],
"faces":{
"down":{"uv":[12,11,13,12],"texture":"#1"},
"up":{"uv":[12,11,13,12],"texture":"#1"},
"north":{"uv":[12,11,13,12],"texture":"#1"},
"south":{"uv":[12,11,13,12],"texture":"#1"},
"east":{"uv":[12,11,13,12],"texture":"#1"}
}
},
{
"from":[7.5,10,8.281199],
"to":[9,11.125,16.56245],
"faces":{
"up":{"uv":[12,11,13,12],"texture":"#1"},
"north":{"uv":[12,11,13,12],"texture":"#1"},
"south":{"uv":[12,11,13,12],"texture":"#1"},
"east":{"uv":[12,11,13,12],"texture":"#1"}
}
},
{
"from":[7.25,10.875,5.1562],
"to":[9,11.125,8.2812],
"faces":{
"down":{"uv":[12,11,13,12],"texture":"#1"},
"up":{"uv":[12,11,13,12],"texture":"#1"},
"east":{"uv":[12,11,13,12],"texture":"#1"}
}
},
{
"from":[7.375,10,-0.0938],
"to":[8.625,11.125,16.93745],
"faces":{
"up":{"uv":[12,11,13,12],"texture":"#1"},
"south":{"uv":[12,11,13,12],"texture":"#1"},
"west":{"uv":[12,11,13,12],"texture":"#1"},
"east":{"uv":[12,11,13,12],"texture":"#1"}
}
},
{
"from":[7.4688,10.8458,15.5878],
"to":[8.0938,11.56455,16.3378],
"rotation":{"origin":[8.00995,11.6464,16.19909],"axis":"z","angle":-22.5},
"faces":{
"north":{"uv":[12,11,13,12],"texture":"#1","rotation":270},
"south":{"uv":[12,11,13,12],"texture":"#1","rotation":270},
"west":{"uv":[12,11,13,12],"texture":"#1","rotation":270}
}
},
{
"from":[7.6812,10.7833,16.0878],
"to":[8.0562,11.46455,16.8378],
"rotation":{"origin":[8.00597,11.51367,16.07409],"axis":"z","angle":-22.5},
"faces":{
"north":{"uv":[12,11,13,12],"texture":"#1","rotation":270},
"south":{"uv":[12,11,13,12],"texture":"#1","rotation":270},
"west":{"uv":[12,11,13,12],"texture":"#1","rotation":270}
}
},
{
"from":[7.9062,10.8458,15.5878],
"to":[8.5312,11.56455,16.3378],
"rotation":{"origin":[7.99005,11.6464,16.19909],"axis":"z","angle":22.5},
"faces":{
"north":{"uv":[12,11,13,12],"texture":"#1","rotation":270},
"south":{"uv":[12,11,13,12],"texture":"#1","rotation":270},
"east":{"uv":[12,11,13,12],"texture":"#1","rotation":270}
}
},
{
"from":[7.9437,10.7833,16.0878],
"to":[8.318701,11.46455,16.8378],
"rotation":{"origin":[7.99403,11.51367,16.07409],"axis":"z","angle":22.5},
"faces":{
"north":{"uv":[12,11,13,12],"texture":"#1","rotation":270},
"south":{"uv":[12,11,13,12],"texture":"#1","rotation":270},
"east":{"uv":[12,11,13,12],"texture":"#1","rotation":270}
}
},
{
"from":[7.7215,10.896,15.5879],
"to":[8.284,12.021,16.3379],
"faces":{
"up":{"uv":[12,11,13,12],"texture":"#1","rotation":270},
"north":{"uv":[12,11,13,12],"texture":"#1","rotation":270},
"south":{"uv":[12,11,13,12],"texture":"#1","rotation":270},
"west":{"uv":[12,11,13,12],"texture":"#1","rotation":270},
"east":{"uv":[12,11,13,12],"texture":"#1","rotation":270}
}
},
{
"from":[7.8329,11.0634,16.0879],
"to":[8.182899,11.7384,16.8379],
"faces":{
"up":{"uv":[12,11,13,12],"texture":"#1","rotation":270},
"south":{"uv":[12,11,13,12],"texture":"#1","rotation":270},
"west":{"uv":[12,11,13,12],"texture":"#1","rotation":270},
"east":{"uv":[12,11,13,12],"texture":"#1","rotation":270}
}
},
{
"from":[7.6266,11.8776,15.5879],
"to":[7.97035,12.5026,16.3379],
"rotation":{"origin":[8.42721,11.9614,16.19921],"axis":"z","angle":45},
"faces":{
"up":{"uv":[12,11,13,12],"texture":"#1","rotation":270},
"north":{"uv":[12,11,13,12],"texture":"#1","rotation":270},
"south":{"uv":[12,11,13,12],"texture":"#1","rotation":270},
"west":{"uv":[12,11,13,12],"texture":"#1","rotation":270},
"east":{"uv":[12,11,13,12],"texture":"#1","rotation":270}
}
},
{
"from":[7.776,11.6524,16.0879],
"to":[7.98225,12.0274,16.8379],
"rotation":{"origin":[8.25633,11.70267,16.07421],"axis":"z","angle":45},
"faces":{
"up":{"uv":[12,11,13,12],"texture":"#1","rotation":270},
"north":{"uv":[12,11,13,12],"texture":"#1","rotation":270},
"south":{"uv":[12,11,13,12],"texture":"#1","rotation":270},
"west":{"uv":[12,11,13,12],"texture":"#1","rotation":270},
"east":{"uv":[12,11,13,12],"texture":"#1","rotation":270}
}
},
{
"from":[8.0296,11.8776,15.5879],
"to":[8.37335,12.5026,16.3379],
"rotation":{"origin":[7.57279,11.9614,16.19921],"axis":"z","angle":-45},
"faces":{
"up":{"uv":[12,11,13,12],"texture":"#1","rotation":270},
"north":{"uv":[12,11,13,12],"texture":"#1","rotation":270},
"south":{"uv":[12,11,13,12],"texture":"#1","rotation":270},
"west":{"uv":[12,11,13,12],"texture":"#1","rotation":270},
"east":{"uv":[12,11,13,12],"texture":"#1","rotation":270}
}
},
{
"from":[7.4658,5.3,4.75],
"to":[8.5283,8.362499,5.15625],
"faces":{
"north":{"uv":[14,0,15,1],"texture":"#0"},
"south":{"uv":[14,0,15,1],"texture":"#0"},
"west":{"uv":[14,0,15,1],"texture":"#0"},
"east":{"uv":[14,0,15,1],"texture":"#0"}
}
},
{
"from":[7.4658,5.201,4.617],
"to":[8.5283,5.91975,5.367],
"faces":{
"down":{"uv":[14,0,15,1],"texture":"#0","rotation":90},
"up":{"uv":[14,0,15,1],"texture":"#0","rotation":90},
"north":{"uv":[14,0,15,1],"texture":"#0","rotation":90},
"south":{"uv":[14,0,15,1],"texture":"#0","rotation":90},
"west":{"uv":[14,0,15,1],"texture":"#0","rotation":90},
"east":{"uv":[14,0,15,1],"texture":"#0","rotation":90}
}
},
{
"from":[7.4658,5.9082,4.6599],
"to":[8.5283,6.50195,5.6599],
"rotation":{"origin":[7.5908,5.9081,4.6599],"axis":"x","angle":45},
"faces":{
"down":{"uv":[14,0,15,1],"texture":"#0","rotation":90},
"up":{"uv":[14,0,15,1],"texture":"#0","rotation":90},
"north":{"uv":[14,0,15,1],"texture":"#0","rotation":90},
"south":{"uv":[14,0,15,1],"texture":"#0","rotation":90},
"west":{"uv":[14,0,15,1],"texture":"#0","rotation":90},
"east":{"uv":[14,0,15,1],"texture":"#0","rotation":90}
}
},
{
"from":[7.4658,5.3,4.7812],
"to":[8.5283,5.675,8.0312],
"faces":{
"down":{"uv":[14,0,15,1],"texture":"#0","rotation":90},
"up":{"uv":[14,0,15,1],"texture":"#0","rotation":90},
"west":{"uv":[14,0,15,1],"texture":"#0","rotation":90},
"east":{"uv":[14,0,15,1],"texture":"#0","rotation":90}
}
},
{
"from":[7.4658,5.3,8.031199],
"to":[8.5283,5.675,9.0312],
"rotation":{"origin":[7.5908,5.3,8.0312],"axis":"x","angle":-22.5},
"faces":{
"down":{"uv":[14,0,15,1],"texture":"#0","rotation":90},
"up":{"uv":[14,0,15,1],"texture":"#0","rotation":90},
"south":{"uv":[14,0,15,1],"texture":"#0","rotation":90},
"west":{"uv":[14,0,15,1],"texture":"#0","rotation":90},
"east":{"uv":[14,0,15,1],"texture":"#0","rotation":90}
}
},
{
"from":[7.4688,5.5937,8.125],
"to":[8.5313,5.99995,8.34375],
"rotation":{"origin":[7.59375,5.59375,8.34375],"axis":"x","angle":45},
"faces":{
"down":{"uv":[14,0,15,1],"texture":"#0","rotation":90},
"north":{"uv":[14,0,15,1],"texture":"#0","rotation":90},
"south":{"uv":[14,0,15,1],"texture":"#0","rotation":90},
"west":{"uv":[14,0,15,1],"texture":"#0","rotation":90},
"east":{"uv":[14,0,15,1],"texture":"#0","rotation":90}
}
},
{
"from":[7.4688,5.8437,8.406199],
"to":[8.5313,6.62495,8.99995],
"rotation":{"origin":[7.59375,5.84375,8.625],"axis":"x","angle":22.5},
"faces":{
"down":{"uv":[14,0,15,1],"texture":"#0","rotation":90},
"north":{"uv":[14,0,15,1],"texture":"#0","rotation":90},
"west":{"uv":[14,0,15,1],"texture":"#0","rotation":90},
"east":{"uv":[14,0,15,1],"texture":"#0","rotation":90}
}
},
{
"from":[7.4688,6.1562,8.531199],
"to":[8.5313,6.87495,8.99995],
"faces":{
"north":{"uv":[14,0,15,1],"texture":"#0","rotation":90},
"west":{"uv":[14,0,15,1],"texture":"#0","rotation":90},
"east":{"uv":[14,0,15,1],"texture":"#0","rotation":90}
}
},
{
"from":[7.4658,5.4062,8.625],
"to":[8.4658,5.6562,9.03125],
"rotation":{"origin":[7.5908,5.406199,8.625],"axis":"x","angle":22.5},
"faces":{
"down":{"uv":[14,0,15,1],"texture":"#0","rotation":90},
"north":{"uv":[14,0,15,1],"texture":"#0","rotation":90},
"south":{"uv":[14,0,15,1],"texture":"#0","rotation":90},
"west":{"uv":[14,0,15,1],"texture":"#0","rotation":90},
"east":{"uv":[14,0,15,1],"texture":"#0","rotation":90}
}
},
{
"from":[7.4688,5.4062,8.281199],
"to":[8.5313,5.6562,8.9062],
"faces":{
"down":{"uv":[14,0,15,1],"texture":"#0","rotation":90},
"up":{"uv":[14,0,15,1],"texture":"#0","rotation":90},
"north":{"uv":[14,0,15,1],"texture":"#0","rotation":90},
"west":{"uv":[14,0,15,1],"texture":"#0","rotation":90},
"east":{"uv":[14,0,15,1],"texture":"#0","rotation":90}
}
},
{
"from":[7.4658,6.425,4.1562],
"to":[8.5283,9.362499,6.0312],
"rotation":{"origin":[-0.09669,8.20624,6.78125],"axis":"x","angle":45},
"faces":{
"down":{"uv":[14,0,15,1],"texture":"#0","rotation":90},
"south":{"uv":[14,0,15,1],"texture":"#0","rotation":90},
"west":{"uv":[14,0,15,1],"texture":"#0","rotation":90},
"east":{"uv":[14,0,15,1],"texture":"#0","rotation":90}
}
},
{
"from":[7.3964,10.1464,-1.1249],
"to":[7.5964,10.6464,6.2501],
"faces":{
"down":{"uv":[10,13,11,14],"texture":"#0","rotation":90},
"up":{"uv":[10,13,11,14],"texture":"#0","rotation":90},
"north":{"uv":[10,13,11,14],"texture":"#0","rotation":90},
"west":{"uv":[10,13,11,14],"texture":"#0","rotation":90},
"east":{"uv":[10,13,11,14],"texture":"#0","rotation":90}
}
},
{
"from":[3.5851,9.447599,-1.125],
"to":[4.0851,9.647599,6.25],
"rotation":{"origin":[4.28515,14.74767,7.00002],"axis":"z","angle":45},
"faces":{
"down":{"uv":[10,13,11,14],"texture":"#0"},
"up":{"uv":[10,13,11,14],"texture":"#0"},
"north":{"uv":[10,13,11,14],"texture":"#0"},
"south":{"uv":[10,13,11,14],"texture":"#0"},
"west":{"uv":[10,13,11,14],"texture":"#0"},
"east":{"uv":[10,13,11,14],"texture":"#0"}
}
},
{
"from":[9.753799,5.9866,-1.1249],
"to":[9.953799,6.4866,6.2501],
"rotation":{"origin":[3.65381,6.68661,7.00005],"axis":"z","angle":45},
"faces":{
"down":{"uv":[10,13,11,14],"texture":"#0","rotation":90},
"up":{"uv":[10,13,11,14],"texture":"#0","rotation":90},
"north":{"uv":[10,13,11,14],"texture":"#0","rotation":90},
"south":{"uv":[10,13,11,14],"texture":"#0","rotation":90},
"west":{"uv":[10,13,11,14],"texture":"#0","rotation":90},
"east":{"uv":[10,13,11,14],"texture":"#0","rotation":90}
}
},
{
"from":[7.75,10.8,-1.125],
"to":[8.25,11,6.25],
"faces":{
"down":{"uv":[10,13,11,14],"texture":"#0"},
"up":{"uv":[10,13,11,14],"texture":"#0"},
"north":{"uv":[10,13,11,14],"texture":"#0"},
"west":{"uv":[10,13,11,14],"texture":"#0"},
"east":{"uv":[10,13,11,14],"texture":"#0"}
}
},
{
"from":[8.4035,10.1464,-1.1249],
"to":[8.6035,10.6464,6.2501],
"faces":{
"down":{"uv":[10,13,11,14],"texture":"#0","rotation":90},
"north":{"uv":[10,13,11,14],"texture":"#0","rotation":90},
"west":{"uv":[10,13,11,14],"texture":"#0","rotation":90},
"east":{"uv":[10,13,11,14],"texture":"#0","rotation":90}
}
},
{
"from":[3.5902,8.4425,-1.1247],
"to":[4.0902,8.6425,6.2503],
"rotation":{"origin":[4.29014,14.74249,7.00027],"axis":"z","angle":45},
"faces":{
"down":{"uv":[10,13,11,14],"texture":"#0"},
"up":{"uv":[10,13,11,14],"texture":"#0"},
"north":{"uv":[10,13,11,14],"texture":"#0"},
"south":{"uv":[10,13,11,14],"texture":"#0"},
"west":{"uv":[10,13,11,14],"texture":"#0"},
"east":{"uv":[10,13,11,14],"texture":"#0"}
}
},
{
"from":[7.7499,9.7927,-1.1246],
"to":[8.2499,9.9927,6.2504],
"faces":{
"down":{"uv":[10,13,11,14],"texture":"#0"},
"up":{"uv":[10,13,11,14],"texture":"#0"},
"north":{"uv":[10,13,11,14],"texture":"#0"},
"west":{"uv":[10,13,11,14],"texture":"#0"},
"east":{"uv":[10,13,11,14],"texture":"#0"}
}
},
{
"from":[8.7486,5.9816,-1.1248],
"to":[8.9486,6.4816,6.2502],
"rotation":{"origin":[3.64867,6.68157,7.0002],"axis":"z","angle":45},
"faces":{
"down":{"uv":[10,13,11,14],"texture":"#0","rotation":90},
"up":{"uv":[10,13,11,14],"texture":"#0","rotation":90},
"north":{"uv":[10,13,11,14],"texture":"#0","rotation":90},
"south":{"uv":[10,13,11,14],"texture":"#0","rotation":90},
"west":{"uv":[10,13,11,14],"texture":"#0","rotation":90},
"east":{"uv":[10,13,11,14],"texture":"#0","rotation":90}
}
},
{
"from":[8.848599,5.9816,-0.9998],
"to":[9.948599,6.4816,6.2502],
"rotation":{"origin":[3.64867,6.68157,7.0002],"axis":"z","angle":45},
"faces":{
"down":{"uv":[7,11,8,12],"texture":"#0","rotation":90},
"up":{"uv":[7,11,8,12],"texture":"#0","rotation":90},
"north":{"uv":[7,11,8,12],"texture":"#0","rotation":90},
"south":{"uv":[7,11,8,12],"texture":"#0","rotation":90}
}
},
{
"from":[7.4964,10.1464,-0.9999],
"to":[8.5964,10.6464,6.2501],
"faces":{
"down":{"uv":[7,11,8,12],"texture":"#0"},
"up":{"uv":[7,11,8,12],"texture":"#0"},
"north":{"uv":[7,11,8,12],"texture":"#0"}
}
},
{
"from":[3.5851,8.5476,-1],
"to":[4.0851,9.5476,6.25],
"rotation":{"origin":[4.28515,14.74767,7.00002],"axis":"z","angle":45},
"faces":{
"north":{"uv":[7,11,8,12],"texture":"#0"},
"south":{"uv":[7,11,8,12],"texture":"#0"},
"west":{"uv":[7,11,8,12],"texture":"#0"},
"east":{"uv":[7,11,8,12],"texture":"#0"}
}
},
{
"from":[7.7499,9.8927,-0.9996],
"to":[8.2499,10.8927,6.2504],
"faces":{
"north":{"uv":[7,11,8,12],"texture":"#0"}
}
},
{
"from":[7.2353,7.6302,8.509399],
"to":[8.735299,9.630199,16.7594],
"faces":{
"down":{"uv":[5,9,6,10],"texture":"#0"},
"north":{"uv":[5,9,6,10],"texture":"#0"},
"west":{"uv":[5,9,6,10],"texture":"#0"},
"east":{"uv":[5,9,6,10],"texture":"#0"}
}
},
{
"from":[7.2353,0.7552,12.2594],
"to":[8.735299,9.0052,14.2594],
"rotation":{"origin":[8.00039,4.87257,13.00204],"axis":"x","angle":-22.5},
"faces":{
"south":{"uv":[5,9,6,10],"texture":"#0","rotation":180},
"west":{"uv":[5,9,6,10],"texture":"#0","rotation":180},
"east":{"uv":[5,9,6,10],"texture":"#0","rotation":180}
}
},
{
"from":[7.2285,0.5472,10.3863],
"to":[8.7285,9.4222,12.6363],
"rotation":{"origin":[7.99357,5.414529,9.62891],"axis":"x","angle":-45},
"faces":{
"down":{"uv":[5,9,6,10],"texture":"#0","rotation":180},
"north":{"uv":[5,9,6,10],"texture":"#0","rotation":180},
"south":{"uv":[5,9,6,10],"texture":"#0","rotation":180},
"west":{"uv":[5,9,6,10],"texture":"#0","rotation":180},
"east":{"uv":[5,9,6,10],"texture":"#0","rotation":180}
}
},
{
"from":[7.2314,0.6117,12.3768],
"to":[8.7314,2.7367,14.3768],
"rotation":{"origin":[7.99649,5.47903,11.36938],"axis":"x","angle":-22.5},
"faces":{
"down":{"uv":[5,9,6,10],"texture":"#0","rotation":180},
"up":{"uv":[5,9,6,10],"texture":"#0","rotation":180},
"south":{"uv":[5,9,6,10],"texture":"#0","rotation":180},
"west":{"uv":[5,9,6,10],"texture":"#0","rotation":180},
"east":{"uv":[5,9,6,10],"texture":"#0","rotation":180}
}
},
{
"from":[7.2353,0.0052,14.0094],
"to":[8.735299,2.1302,16.0094],
"faces":{
"down":{"uv":[5,9,6,10],"texture":"#0","rotation":180},
"up":{"uv":[5,9,6,10],"texture":"#0","rotation":180},
"south":{"uv":[5,9,6,10],"texture":"#0","rotation":180},
"west":{"uv":[5,9,6,10],"texture":"#0","rotation":180},
"east":{"uv":[5,9,6,10],"texture":"#0","rotation":180}
}
},
{
"from":[7.2387,0.0028,11.1335],
"to":[8.738701,6.0028,14.0085],
"faces":{
"down":{"uv":[5,9,6,10],"texture":"#0","rotation":180},
"north":{"uv":[5,9,6,10],"texture":"#0","rotation":180},
"west":{"uv":[5,9,6,10],"texture":"#0","rotation":180},
"east":{"uv":[5,9,6,10],"texture":"#0","rotation":180}
}
},
{
"from":[7.2387,1.3778,9.7585],
"to":[8.738701,3.5028,12.5085],
"rotation":{"origin":[8.00373,4.87018,11.00108],"axis":"x","angle":-22.5},
"faces":{
"up":{"uv":[5,9,6,10],"texture":"#0","rotation":180},
"north":{"uv":[5,9,6,10],"texture":"#0","rotation":180},
"west":{"uv":[5,9,6,10],"texture":"#0","rotation":180},
"east":{"uv":[5,9,6,10],"texture":"#0","rotation":180}
}
},
{
"from":[7.2367,3.1303,10.3794],
"to":[8.736699,6.2553,13.1294],
"faces":{
"down":{"uv":[5,9,6,10],"texture":"#0","rotation":180},
"north":{"uv":[5,9,6,10],"texture":"#0","rotation":180},
"west":{"uv":[5,9,6,10],"texture":"#0","rotation":180},
"east":{"uv":[5,9,6,10],"texture":"#0","rotation":180}
}
},
{
"from":[7.2367,4.5053,9.504399],
"to":[8.736699,8.255301,12.2544],
"rotation":{"origin":[8.00175,6.62266,11.62198],"axis":"x","angle":-22.5},
"faces":{
"north":{"uv":[5,9,6,10],"texture":"#0","rotation":180},
"west":{"uv":[5,9,6,10],"texture":"#0","rotation":180},
"east":{"uv":[5,9,6,10],"texture":"#0","rotation":180}
}
},
{
"from":[7.2367,6.0053,9.129399],
"to":[8.736699,7.3803,11.8794],
"rotation":{"origin":[8.00175,6.62266,11.62198],"axis":"x","angle":-45},
"faces":{
"north":{"uv":[5,9,6,10],"texture":"#0","rotation":180},
"west":{"uv":[5,9,6,10],"texture":"#0","rotation":180},
"east":{"uv":[5,9,6,10],"texture":"#0","rotation":180}
}
},
{
"from":[7.2367,4.3801,9.3643],
"to":[8.736699,7.1301,10.7393],
"rotation":{"origin":[8.00175,6.62266,11.62198],"axis":"x","angle":22.5},
"faces":{
"down":{"uv":[5,9,6,10],"texture":"#0","rotation":180},
"north":{"uv":[5,9,6,10],"texture":"#0","rotation":180},
"west":{"uv":[5,9,6,10],"texture":"#0","rotation":180},
"east":{"uv":[5,9,6,10],"texture":"#0","rotation":180}
}
},
{
"from":[7.2307,5.986,8.0259],
"to":[8.7307,9.611,9.4009],
"rotation":{"origin":[7.99574,8.35359,9.90861],"axis":"x","angle":-22.5},
"faces":{
"down":{"uv":[5,9,6,10],"texture":"#0","rotation":180},
"north":{"uv":[5,9,6,10],"texture":"#0","rotation":180},
"west":{"uv":[5,9,6,10],"texture":"#0","rotation":180},
"east":{"uv":[5,9,6,10],"texture":"#0","rotation":180}
}
},
{
"from":[7.1057,6.236,8.4009],
"to":[8.8557,9.611,9.4009],
"rotation":{"origin":[7.99574,8.35359,9.90861],"axis":"x","angle":-22.5},
"faces":{
"down":{"uv":[6,9,7,10],"texture":"#0","rotation":180},
"north":{"uv":[6,9,7,10],"texture":"#0","rotation":180},
"south":{"uv":[6,9,7,10],"texture":"#0","rotation":180},
"west":{"uv":[6,9,7,10],"texture":"#0","rotation":180},
"east":{"uv":[6,9,7,10],"texture":"#0","rotation":180}
}
},
{
"from":[7.1103,7.6302,8.759399],
"to":[8.860299,9.630199,16.7594],
"faces":{
"down":{"uv":[6,9,7,10],"texture":"#0"},
"north":{"uv":[6,9,7,10],"texture":"#0"},
"south":{"uv":[6,9,7,10],"texture":"#0"},
"west":{"uv":[6,9,7,10],"texture":"#0"},
"east":{"uv":[6,9,7,10],"texture":"#0"}
}
},
{
"from":[7.1103,0.7552,11.5094],
"to":[8.860299,9.0052,14.0094],
"faces":{
"down":{"uv":[6,9,7,10],"texture":"#0","rotation":180},
"north":{"uv":[6,9,7,10],"texture":"#0","rotation":180},
"south":{"uv":[6,9,7,10],"texture":"#0","rotation":180},
"west":{"uv":[6,9,7,10],"texture":"#0","rotation":180},
"east":{"uv":[6,9,7,10],"texture":"#0","rotation":180}
}
},
{
"from":[7.1094,0.8067,10.2762],
"to":[8.8594,9.3067,12.1512],
"rotation":{"origin":[7.99945,5.674069,9.51881],"axis":"x","angle":-45},
"faces":{
"down":{"uv":[6,9,7,10],"texture":"#0","rotation":180},
"north":{"uv":[6,9,7,10],"texture":"#0","rotation":180},
"south":{"uv":[6,9,7,10],"texture":"#0","rotation":180},
"west":{"uv":[6,9,7,10],"texture":"#0","rotation":180},
"east":{"uv":[6,9,7,10],"texture":"#0","rotation":180}
}
},
{
"from":[7.11,0.7524,12.3474],
"to":[8.86,2.8774,13.9724],
"rotation":{"origin":[8.00009,5.61974,11.34001],"axis":"x","angle":-22.5},
"faces":{
"down":{"uv":[6,9,7,10],"texture":"#0","rotation":180},
"up":{"uv":[6,9,7,10],"texture":"#0","rotation":180},
"south":{"uv":[6,9,7,10],"texture":"#0","rotation":180},
"west":{"uv":[6,9,7,10],"texture":"#0","rotation":180},
"east":{"uv":[6,9,7,10],"texture":"#0","rotation":180}
}
},
{
"from":[7.1103,0.0052,14.0094],
"to":[8.860299,2.1302,15.6344],
"faces":{
"down":{"uv":[6,9,7,10],"texture":"#0","rotation":180},
"up":{"uv":[6,9,7,10],"texture":"#0","rotation":180},
"south":{"uv":[6,9,7,10],"texture":"#0","rotation":180},
"west":{"uv":[6,9,7,10],"texture":"#0","rotation":180},
"east":{"uv":[6,9,7,10],"texture":"#0","rotation":180}
}
},
{
"from":[7.1137,0.0028,11.3835],
"to":[8.863701,6.0028,14.0085],
"faces":{
"down":{"uv":[6,9,7,10],"texture":"#0","rotation":180},
"up":{"uv":[6,9,7,10],"texture":"#0","rotation":180},
"north":{"uv":[6,9,7,10],"texture":"#0","rotation":180},
"south":{"uv":[6,9,7,10],"texture":"#0","rotation":180},
"west":{"uv":[6,9,7,10],"texture":"#0","rotation":180},
"east":{"uv":[6,9,7,10],"texture":"#0","rotation":180}
}
},
{
"from":[7.1137,1.3778,10.0085],
"to":[8.863701,3.5028,12.5085],
"rotation":{"origin":[8.00373,4.87018,11.00108],"axis":"x","angle":-22.5},
"faces":{
"up":{"uv":[6,9,7,10],"texture":"#0","rotation":180},
"north":{"uv":[6,9,7,10],"texture":"#0","rotation":180},
"west":{"uv":[6,9,7,10],"texture":"#0","rotation":180},
"east":{"uv":[6,9,7,10],"texture":"#0","rotation":180}
}
},
{
"from":[7.1135,3.2271,10.6075],
"to":[8.8635,6.3521,13.1075],
"faces":{
"down":{"uv":[6,9,7,10],"texture":"#0","rotation":180},
"up":{"uv":[6,9,7,10],"texture":"#0","rotation":180},
"north":{"uv":[6,9,7,10],"texture":"#0","rotation":180},
"south":{"uv":[6,9,7,10],"texture":"#0","rotation":180},
"west":{"uv":[6,9,7,10],"texture":"#0","rotation":180},
"east":{"uv":[6,9,7,10],"texture":"#0","rotation":180}
}
},
{
"from":[7.1117,4.5053,9.754399],
"to":[8.8617,8.255301,12.2544],
"rotation":{"origin":[8.00175,6.62266,11.62198],"axis":"x","angle":-22.5},
"faces":{
"down":{"uv":[6,9,7,10],"texture":"#0","rotation":180},
"up":{"uv":[6,9,7,10],"texture":"#0","rotation":180},
"north":{"uv":[6,9,7,10],"texture":"#0","rotation":180},
"south":{"uv":[6,9,7,10],"texture":"#0","rotation":180},
"west":{"uv":[6,9,7,10],"texture":"#0","rotation":180},
"east":{"uv":[6,9,7,10],"texture":"#0","rotation":180}
}
},
{
"from":[7.1117,6.0053,9.379399],
"to":[8.8617,7.3803,11.8794],
"rotation":{"origin":[8.00175,6.62266,11.62198],"axis":"x","angle":-45},
"faces":{
"north":{"uv":[6,9,7,10],"texture":"#0","rotation":180},
"west":{"uv":[6,9,7,10],"texture":"#0","rotation":180},
"east":{"uv":[6,9,7,10],"texture":"#0","rotation":180}
}
},
{
"from":[7.1117,4.6301,9.4893],
"to":[8.8617,7.1301,10.7393],
"rotation":{"origin":[8.00175,6.62266,11.62198],"axis":"x","angle":22.5},
"faces":{
"down":{"uv":[6,9,7,10],"texture":"#0","rotation":180},
"up":{"uv":[6,9,7,10],"texture":"#0","rotation":180},
"north":{"uv":[6,9,7,10],"texture":"#0","rotation":180},
"west":{"uv":[6,9,7,10],"texture":"#0","rotation":180},
"east":{"uv":[6,9,7,10],"texture":"#0","rotation":180}
}
},
{
"from":[6.9887,0.6278,11.7585],
"to":[8.988701,2.1278,15.3835],
"faces":{
"up":{"uv":[6,9,7,10],"texture":"#0","rotation":180},
"north":{"uv":[6,9,7,10],"texture":"#0","rotation":180},
"south":{"uv":[6,9,7,10],"texture":"#0","rotation":180},
"west":{"uv":[6,9,7,10],"texture":"#0","rotation":180},
"east":{"uv":[6,9,7,10],"texture":"#0","rotation":180}
}
},
{
"from":[6.9881,2.5886,11.2694],
"to":[8.9881,3.7136,13.5194],
"faces":{
"down":{"uv":[6,9,7,10],"texture":"#0","rotation":180},
"up":{"uv":[6,9,7,10],"texture":"#0","rotation":180},
"north":{"uv":[6,9,7,10],"texture":"#0","rotation":180},
"south":{"uv":[6,9,7,10],"texture":"#0","rotation":180},
"west":{"uv":[6,9,7,10],"texture":"#0","rotation":180},
"east":{"uv":[6,9,7,10],"texture":"#0","rotation":180}
}
},
{
"from":[6.9864,4.3095,12.0346],
"to":[8.986399,5.9345,13.7846],
"rotation":{"origin":[8.0015,5.926839,10.15222],"axis":"x","angle":22.5},
"faces":{
"down":{"uv":[6,9,7,10],"texture":"#0","rotation":180},
"up":{"uv":[6,9,7,10],"texture":"#0","rotation":180},
"north":{"uv":[6,9,7,10],"texture":"#0","rotation":180},
"south":{"uv":[6,9,7,10],"texture":"#0","rotation":180},
"west":{"uv":[6,9,7,10],"texture":"#0","rotation":180},
"east":{"uv":[6,9,7,10],"texture":"#0","rotation":180}
}
},
{
"from":[6.8614,4.0595,12.1596],
"to":[9.111399,4.6845,12.7846],
"faces":{
"down":{"uv":[11,11,12,12],"texture":"#0","rotation":180},
"up":{"uv":[11,11,12,12],"texture":"#0","rotation":180},
"north":{"uv":[11,11,12,12],"texture":"#0","rotation":180},
"south":{"uv":[11,11,12,12],"texture":"#0","rotation":180},
"west":{"uv":[11,11,12,12],"texture":"#0","rotation":180},
"east":{"uv":[11,11,12,12],"texture":"#0","rotation":180}
}
},
{
"from":[7.1103,8.005199,11.7594],
"to":[8.860299,12.8802,14.1344],
"rotation":{"origin":[7.98533,9.25523,8.63445],"axis":"x","angle":45},
"faces":{
"down":{"uv":[6,9,7,10],"texture":"#0","rotation":270},
"north":{"uv":[6,9,7,10],"texture":"#0","rotation":270},
"south":{"uv":[6,9,7,10],"texture":"#0","rotation":270},
"west":{"uv":[6,9,7,10],"texture":"#0","rotation":270},
"east":{"uv":[6,9,7,10],"texture":"#0","rotation":270}
}
},
{
"from":[6.9903,2.9577,11.8963],
"to":[8.990299,5.2077,13.5213],
"faces":{
"down":{"uv":[6,9,7,10],"texture":"#0"},
"up":{"uv":[6,9,7,10],"texture":"#0"},
"north":{"uv":[6,9,7,10],"texture":"#0"},
"south":{"uv":[6,9,7,10],"texture":"#0"},
"west":{"uv":[6,9,7,10],"texture":"#0"},
"east":{"uv":[6,9,7,10],"texture":"#0"}
}
},
{
"from":[6.9893,2.8127,11.1763],
"to":[8.9893,5.0627,12.8013],
"rotation":{"origin":[8.00432,6.945129,12.79361],"axis":"x","angle":-22.5},
"faces":{
"down":{"uv":[6,9,7,10],"texture":"#0"},
"up":{"uv":[6,9,7,10],"texture":"#0"},
"north":{"uv":[6,9,7,10],"texture":"#0"},
"south":{"uv":[6,9,7,10],"texture":"#0"},
"west":{"uv":[6,9,7,10],"texture":"#0"},
"east":{"uv":[6,9,7,10],"texture":"#0"}
}
},
{
"from":[6.9866,3.3794,9.8182],
"to":[8.986601,4.8794,11.4432],
"rotation":{"origin":[8.00171,7.511829,12.31052],"axis":"x","angle":-45},
"faces":{
"down":{"uv":[6,9,7,10],"texture":"#0"},
"up":{"uv":[6,9,7,10],"texture":"#0"},
"north":{"uv":[6,9,7,10],"texture":"#0"},
"south":{"uv":[6,9,7,10],"texture":"#0"},
"west":{"uv":[6,9,7,10],"texture":"#0"},
"east":{"uv":[6,9,7,10],"texture":"#0"}
}
},
{
"from":[6.9885,0.1279,10.4688],
"to":[8.988499,2.1279,14.0938],
"rotation":{"origin":[8.00354,4.37021,9.71136],"axis":"x","angle":-22.5},
"faces":{
"down":{"uv":[6,9,7,10],"texture":"#0","rotation":180},
"up":{"uv":[6,9,7,10],"texture":"#0","rotation":180},
"north":{"uv":[6,9,7,10],"texture":"#0","rotation":180},
"south":{"uv":[6,9,7,10],"texture":"#0","rotation":180},
"west":{"uv":[6,9,7,10],"texture":"#0","rotation":180},
"east":{"uv":[6,9,7,10],"texture":"#0","rotation":180}
}
},
{
"from":[6.9887,0.0028,11.7585],
"to":[8.988701,0.6277999,15.3835],
"faces":{
"down":{"uv":[6,9,7,10],"texture":"#0","rotation":180},
"north":{"uv":[6,9,7,10],"texture":"#0","rotation":180},
"south":{"uv":[6,9,7,10],"texture":"#0","rotation":180},
"west":{"uv":[6,9,7,10],"texture":"#0","rotation":180},
"east":{"uv":[6,9,7,10],"texture":"#0","rotation":180}
}
},
{
"from":[7.5938,7.8528,7.3448],
"to":[8.3438,8.6628,7.7948],
"rotation":{"origin":[7.14375,8.07782,7.49479],"axis":"x","angle":-22.5},
"faces":{
"down":{"uv":[11,11,10,12],"texture":"#1"},
"west":{"uv":[11,11,10,12],"texture":"#1"},
"east":{"uv":[11,11,10,12],"texture":"#1"}
}
},
{
"from":[7.5938,7.438,7.0676],
"to":[8.3438,8.397999,7.3676],
"rotation":{"origin":[7.14375,7.963019,7.21763],"axis":"x","angle":-22.5},
"faces":{
"down":{"uv":[11,11,10,12],"texture":"#1"},
"north":{"uv":[11,11,10,12],"texture":"#1"},
"south":{"uv":[11,11,10,12],"texture":"#1"},
"west":{"uv":[11,11,10,12],"texture":"#1"},
"east":{"uv":[11,11,10,12],"texture":"#1"}
}
},
{
"from":[7.5938,8.029799,7.1331],
"to":[8.3438,8.8398,7.5831],
"rotation":{"origin":[8.79375,8.43478,7.35806],"axis":"x","angle":45},
"faces":{
"west":{"uv":[11,11,10,12],"texture":"#1"},
"east":{"uv":[11,11,10,12],"texture":"#1"}
}
},
{
"from":[7.5938,6.5754,7.2571],
"to":[8.3438,7.5354,7.557099],
"faces":{
"north":{"uv":[11,11,10,12],"texture":"#1"},
"south":{"uv":[11,11,10,12],"texture":"#1"},
"west":{"uv":[11,11,10,12],"texture":"#1"},
"east":{"uv":[11,11,10,12],"texture":"#1"}
}
},
{
"from":[7.5938,7.1691,7.2571],
"to":[8.3438,7.53535,8.307099],
"faces":{
"down":{"uv":[11,11,10,12],"texture":"#1"},
"up":{"uv":[11,11,10,12],"texture":"#1"},
"west":{"uv":[11,11,10,12],"texture":"#1"},
"east":{"uv":[11,11,10,12],"texture":"#1"}
}
},
{
"from":[7.5938,6.3566,7.4134],
"to":[8.3438,6.72285,8.2134],
"rotation":{"origin":[7.97146,6.72868,7.77798],"axis":"x","angle":22.5},
"faces":{
"down":{"uv":[11,11,10,12],"texture":"#1"},
"up":{"uv":[11,11,10,12],"texture":"#1"},
"west":{"uv":[11,11,10,12],"texture":"#1"},
"east":{"uv":[11,11,10,12],"texture":"#1"}
}
},
{
"from":[7.5938,3.5408,6.9151],
"to":[8.3438,4.3758,7.215099],
"rotation":{"origin":[7.14375,4.615819,12.91508],"axis":"x","angle":22.5},
"faces":{
"down":{"uv":[11,11,10,12],"texture":"#1"},
"north":{"uv":[11,11,10,12],"texture":"#1"},
"south":{"uv":[11,11,10,12],"texture":"#1"},
"west":{"uv":[11,11,10,12],"texture":"#1"},
"east":{"uv":[11,11,10,12],"texture":"#1"}
}
},
{
"from":[7.5938,3.4823,7.1922],
"to":[8.3438,3.71105,7.6422],
"rotation":{"origin":[7.14375,4.501009,13.19224],"axis":"x","angle":22.5},
"faces":{
"down":{"uv":[11,11,10,12],"texture":"#1"},
"up":{"uv":[11,11,10,12],"texture":"#1"},
"south":{"uv":[11,11,10,12],"texture":"#1"},
"west":{"uv":[11,11,10,12],"texture":"#1"},
"east":{"uv":[11,11,10,12],"texture":"#1"}
}
},
{
"from":[7.5938,3.3601,7.6422],
"to":[8.3438,4.5951,8.2422],
"rotation":{"origin":[7.14375,4.45578,13.64224],"axis":"x","angle":22.5},
"faces":{
"down":{"uv":[11,11,10,12],"texture":"#1"},
"north":{"uv":[11,11,10,12],"texture":"#1"},
"south":{"uv":[11,11,10,12],"texture":"#1"},
"west":{"uv":[11,11,10,12],"texture":"#1"},
"east":{"uv":[11,11,10,12],"texture":"#1"}
}
},
{
"from":[7.5938,7.3276,7.7948],
"to":[8.3438,8.587601,8.5448],
"rotation":{"origin":[7.14375,8.15259,7.94479],"axis":"x","angle":-22.5},
"faces":{
"north":{"uv":[11,11,10,12],"texture":"#1"},
"west":{"uv":[11,11,10,12],"texture":"#1"},
"east":{"uv":[11,11,10,12],"texture":"#1"}
}
},
{
"from":[7.5938,6.5301,8.0071],
"to":[8.3438,7.6101,8.9071],
"faces":{
"north":{"uv":[11,11,10,12],"texture":"#1"},
"west":{"uv":[11,11,10,12],"texture":"#1"},
"east":{"uv":[11,11,10,12],"texture":"#1"}
}
},
{
"from":[7.2387,-0.3722,11.5085],
"to":[8.738701,0.002800018,15.5085],
"faces":{
"down":{"uv":[12,15,13,16],"texture":"#1","rotation":180},
"up":{"uv":[12,15,13,16],"texture":"#1","rotation":180},
"north":{"uv":[12,15,13,16],"texture":"#1","rotation":180},
"south":{"uv":[12,15,13,16],"texture":"#1","rotation":180},
"west":{"uv":[12,15,13,16],"texture":"#1","rotation":180},
"east":{"uv":[12,15,13,16],"texture":"#1","rotation":180}
}
},
{
"from":[7.2387,-0.3721,9.0085],
"to":[8.738701,-0.1221,12.2585],
"rotation":{"origin":[8.00373,4.87018,11.00108],"axis":"x","angle":-22.5},
"faces":{
"down":{"uv":[12,15,13,16],"texture":"#1","rotation":180},
"up":{"uv":[12,15,13,16],"texture":"#1","rotation":180},
"north":{"uv":[12,15,13,16],"texture":"#1","rotation":180},
"west":{"uv":[12,15,13,16],"texture":"#1","rotation":180},
"east":{"uv":[12,15,13,16],"texture":"#1","rotation":180}
}
},
{
"from":[7.9316,12.3438,0.5469],
"to":[8.081599,12.4688,1.2969],
"rotation":{"origin":[7.93165,12.4687,0.546875],"axis":"x","angle":22.5},
"faces":{
"up":{"uv":[7,8,8,9],"texture":"#3"}
}
},
{
"from":[7.75,12.3438,14.7266],
"to":[7.875,12.4688,14.75785],
"faces":{
"south":{"uv":[7,7,8,8],"texture":"#4"}
}
},
{
"from":[8.1367,12.3438,14.7266],
"to":[8.2617,12.4688,14.75785],
"faces":{
"south":{"uv":[7,7,8,8],"texture":"#4"}
}
}
],
"display":{
"thirdperson_righthand":{
"rotation":[40,0,0],
"translation":[0,2.25,2],
"scale":[0.4,0.4,0.4]
},
"thirdperson_lefthand":{
"rotation":[40,0,0],
"translation":[0,2.25,2],
"scale":[0.4,0.4,0.4]
},
"firstperson_righthand":{
"translation":[-2.5,3.5,-2],
"scale":[0.5,0.5,0.5]
},
"firstperson_lefthand":{
"translation":[-2.5,3.5,-2],
"scale":[0.5,0.5,0.5]
},
"gui":{
"rotation":[-15,130,0],
"scale":[0.5,0.5,0.5]
},
"head":{
"translation":[0,15,0],
"scale":[0.7,0.7,0.7]
},
"ground":{
"rotation":[0,0,90],
"scale":[0.5,0.5,0.5]
},
"fixed":{
"rotation":[0,90,0],
"translation":[0,0,-1],
"scale":[0.8,0.8,0.8]
}
}
}